vuelo_id,aerolinea,ciudad_origen,ciudad_destino,pais_origen,tipo_ruta,clase_servicio,mes,dia_semana,duracion_vuelo_min,distancia_km,retraso_salida_min,retraso_llegada_min,cancelado,causa_retraso,precio_boleto_usd,ocupacion_pct,num_pasajeros,satisfaccion_cliente,puntualidad_historica_pct
VL11178,Avianca,Ciudad Mx,Miami,México,Internacional,Económica,7,Viernes,186,2100,4,5,False,,211.71,77.7,140,2.5,73.2
VL12119,Avianca,Lima,Santiago,Perú,Internacional,Económica,1,Jueves,175,2400,0,9,False,,308.53,66.5,120,,71.6
VL12681,Aeroméxico,Bogotá,Quito,Colombia,Internacional,Ejecutiva,9,Miércoles,93,1000,29,17,False,Operacional,375.98,81.9,180,3.7,74.7
VL11611,LATAM,Cancún,Bogotá,México,Internacional,Económica,6,Sábado,287,3500,0,0,False,,338.35,77.7,140,4.2,77.5
VL10264,Volaris,Lima,Santiago,Perú,Internacional,Ejecutiva,6,Sábado,200,2400,0,6,False,,402.55,95.9,211,3.5,70.3
VL11065,LATAM,Buenos Aires,Lima,Argentina,Internacional,Económica,2,Sábado,232,3000,0,0,False,,224.18,58.7,106,3.7,76.2
VL11506,Volaris,Santiago,São Paulo,Chile,Internacional,Económica,2,Jueves,219,2700,0,6,False,,194.7,77.7,140,4.5,66.6
VL10674,Copa Airlines,Ciudad Mx,Bogotá,México,Internacional,Económica,8,Jueves,262,3200,0,0,False,,290.63,78.3,141,4.1,83.2
VL12052,LATAM,Ciudad Mx,Cancún,México,Doméstica,Primera,4,Sábado,133,1600,32,27,False,Aeropuerto,544.42,90.9,273,4.8,77.1
VL12744,LATAM,Cancún,Bogotá,México,Internacional,Económica,8,Sábado,284,3500,271,245,False,Aeropuerto,442.23,82.1,148,1.0,80.5
VL11408,Avianca,Santiago,São Paulo,Chile,Internacional,Económica,4,Viernes,225,2700,36,22,False,Operacional,387.49,86.1,155,3.8,71.0
VL12965,Sky Airline,Buenos Aires,Lima,Argentina,Internacional,Económica,9,Jueves,243,3000,0,4,False,,342.61,98.7,178,3.0,75.3
VL10158,Volaris,Santiago,Lima,Chile,Internacional,Económica,12,Sábado,188,2400,3,0,False,,205.7,93.9,169,4.9,68.0
VL10917,Avianca,Guadalajara,Ciudad Mx,México,Doméstica,Ejecutiva,4,Martes,61,550,19,13,False,Tripulación,168.67,67.8,149,4.5,72.8
VL11039,Aeroméxico,Bogotá,Miami,Colombia,Internacional,Económica,3,Lunes,286,3800,47,57,False,Mecánico,510.15,85.7,154,2.4,73.9
VL11960,Aeroméxico,Ciudad Mx,Cancún,México,Doméstica,Ejecutiva,11,Miércoles,135,1600,2,0,False,,447.45,88.7,195,4.4,75.6
VL10015,Avianca,Santiago,Lima,Chile,Internacional,Ejecutiva,3,Lunes,225,2400,0,4,False,,473.14,67.3,148,3.2,69.3
VL10950,LATAM,Santiago,São Paulo,Chile,Internacional,Ejecutiva,9,Viernes,221,2700,32,37,False,Tripulación,522.04,82.5,182,3.3,78.7
VL10196,Viva Air,Buenos Aires,Lima,Argentina,Internacional,Económica,3,Sábado,229,3000,0,9,False,,220.27,66.7,120,2.3,63.7
VL11546,LATAM,Bogotá,Quito,Colombia,Internacional,Ejecutiva,4,Domingo,94,1000,0,0,False,,147.03,68.0,150,3.7,79.6
VL11701,LATAM,Lima,Buenos Aires,Perú,Internacional,Ejecutiva,2,Jueves,241,3100,0,3,False,,562.05,88.6,195,4.0,77.5
VL12533,Volaris,Bogotá,Medellín,Colombia,Doméstica,Ejecutiva,2,Martes,46,580,0,2,False,,90.13,69.6,153,,70.2
VL12482,Aeroméxico,Guadalajara,Ciudad Mx,México,Doméstica,Ejecutiva,12,Viernes,55,550,33,38,False,Aeropuerto,142.49,87.2,192,4.1,74.3
VL12515,Volaris,Guadalajara,Ciudad Mx,México,Doméstica,Económica,1,Viernes,57,550,27,30,False,Operacional,94.28,85.7,154,2.4,68.4
VL10668,LATAM,Santiago,Lima,Chile,Internacional,Económica,4,Sábado,169,2400,0,1,False,,305.9,70.7,127,3.7,80.1
VL11723,Aeroméxico,Ciudad Mx,Cancún,México,Doméstica,Ejecutiva,8,Domingo,130,1600,51,64,False,Aeropuerto,395.89,79.8,176,3.3,76.3
VL12007,Sky Airline,Ciudad Mx,Miami,México,Internacional,Económica,2,Domingo,180,2100,0,0,False,,192.66,70.9,128,5.0,72.7
VL10576,LATAM,Ciudad Mx,Cancún,México,Doméstica,Ejecutiva,5,Sábado,151,1600,14,18,False,,354.95,92.4,203,2.4,78.4
VL11782,Aeroméxico,Lima,Buenos Aires,Perú,Internacional,Ejecutiva,11,Domingo,268,3100,25,21,False,Clima,,93.6,206,2.3,75.5
VL10532,Avianca,Cartagena,Bogotá,Colombia,Doméstica,Ejecutiva,8,Jueves,65,650,1,0,False,,174.34,83.8,184,,73.7
VL11270,Copa Airlines,Buenos Aires,Lima,Argentina,Internacional,Económica,11,Jueves,240,3000,0,0,False,,281.0,80.1,144,3.3,81.5
VL11382,Aeroméxico,Cartagena,Bogotá,Colombia,Doméstica,Primera,4,Miércoles,54,650,0,0,False,,156.71,91.5,274,3.8,75.0
VL10478,Aeroméxico,Cartagena,Bogotá,Colombia,Doméstica,Económica,5,Miércoles,50,650,0,0,False,,90.9,100.0,180,4.1,75.3
VL10219,Volaris,Bogotá,Quito,Colombia,Internacional,Económica,2,Martes,105,1000,52,44,False,Mecánico,34.69,69.1,124,4.3,68.5
VL11297,LATAM,Ciudad Mx,Cancún,México,Doméstica,Económica,11,Jueves,142,1600,0,0,False,,154.44,73.3,132,4.7,80.7
VL10132,Viva Air,Ciudad Mx,Cancún,México,Doméstica,Económica,3,Viernes,120,1600,29,23,False,Tripulación,160.4,99.2,179,3.9,61.5
VL11971,Sky Airline,Bogotá,Quito,Colombia,Internacional,Económica,2,Domingo,104,1000,0,5,False,,73.56,88.8,160,2.7,73.6
VL12260,LATAM,Ciudad Mx,Miami,México,Internacional,Económica,12,Miércoles,164,2100,4,7,False,,188.66,73.0,131,3.7,78.6
VL12364,Aeroméxico,Santiago,São Paulo,Chile,Internacional,Económica,7,Miércoles,208,2700,0,7,False,,240.07,58.8,106,3.9,74.2
VL12548,Avianca,Ciudad Mx,Bogotá,México,Internacional,Económica,1,Viernes,265,3200,0,3,False,,301.47,65.8,118,2.6,72.9
VL10272,Volaris,Lima,Santiago,,Internacional,Económica,7,Sábado,218,2400,0,5,False,,322.97,87.7,158,3.4,67.3
VL11354,Aeroméxico,Medellín,Ciudad Mx,,Internacional,Económica,12,Jueves,273,3400,0,7,False,,376.7,64.3,116,3.4,75.1
VL12540,LATAM,Cancún,Bogotá,México,Internacional,Económica,9,Sábado,254,3500,44,40,False,Tripulación,490.61,90.2,162,3.8,77.4
VL12279,Avianca,Bogotá,Medellín,Colombia,Doméstica,Económica,12,Sábado,49,580,0,0,False,,79.95,90.4,163,3.1,71.1
VL12690,Avianca,Medellín,Ciudad Mx,Colombia,Internacional,Económica,6,Miércoles,295,3400,24,29,False,Operacional,411.23,81.0,146,2.4,72.1
VL12271,LATAM,Ciudad Mx,Bogotá,México,Internacional,Económica,7,Lunes,276,3200,0,0,False,,344.95,68.0,122,3.4,80.5
VL10012,Avianca,Bogotá,Quito,Colombia,Internacional,Primera,2,Lunes,89,1000,0,6,False,,301.92,59.0,177,,72.3
VL11775,Volaris,Bogotá,Miami,Colombia,Internacional,Económica,6,Lunes,298,3800,552,479,True,Aeropuerto,269.76,69.9,126,2.7,68.9
VL11625,Copa Airlines,Buenos Aires,Lima,Argentina,Internacional,Económica,2,Sábado,234,3000,5,9,False,,195.06,89.5,161,2.4,84.7
VL11721,LATAM,Ciudad Mx,Cancún,México,Doméstica,Ejecutiva,7,Miércoles,125,1600,0,7,False,,316.43,55.6,122,2.1,80.8
VL12758,Aeroméxico,Buenos Aires,Lima,Argentina,Internacional,Económica,5,Domingo,229,3000,0,0,False,,413.3,68.7,124,4.4,74.9
VL10077,LATAM,Bogotá,Medellín,Colombia,Doméstica,Económica,7,Sábado,47,580,0,9,False,,30.0,100.0,180,3.3,80.7
VL12901,Aeroméxico,Ciudad Mx,Miami,México,Internacional,Ejecutiva,1,Domingo,171,2100,0,0,False,,490.42,78.8,173,5.0,74.2
VL12112,Copa Airlines,Santiago,Lima,Chile,Internacional,Primera,3,Lunes,209,2400,0,0,False,,1024.34,69.1,207,5.0,83.9
VL12041,Copa Airlines,Santiago,São Paulo,,Internacional,Económica,12,Sábado,238,2700,4,14,False,,203.52,93.2,168,4.7,82.6
VL10723,LATAM,Buenos Aires,Lima,Argentina,Internacional,Económica,4,Sábado,234,3000,0,9,False,,383.04,74.6,134,4.1,78.9
VL10314,LATAM,Bogotá,Quito,Colombia,Internacional,Económica,5,Viernes,92,1000,0,0,False,,71.68,64.3,116,3.9,79.9
VL12723,LATAM,Lima,Buenos Aires,Perú,Internacional,Económica,8,Viernes,235,3100,58,60,False,Operacional,264.64,71.9,129,,81.4
VL11549,Volaris,Cancún,Bogotá,México,Internacional,Económica,6,Martes,279,3500,0,6,False,,421.72,77.9,140,4.0,68.7
VL10932,Copa Airlines,Cartagena,Bogotá,Colombia,Doméstica,Económica,1,Martes,52,650,0,6,False,,60.66,92.8,167,3.2,82.3
VL10731,Viva Air,Bogotá,Quito,Colombia,Internacional,Económica,4,Sábado,105,1000,5,0,False,,,77.7,140,4.0,64.1
VL11692,Avianca,Ciudad Mx,Bogotá,México,Internacional,Económica,2,Domingo,286,3200,73,78,False,Aeropuerto,376.93,80.9,146,3.6,71.1
VL12842,LATAM,Guadalajara,Ciudad Mx,México,Doméstica,Económica,8,Domingo,61,550,0,2,False,,58.02,68.2,123,3.1,76.5
VL11054,Volaris,Cartagena,Bogotá,Colombia,Doméstica,Económica,3,Viernes,64,650,0,2,False,,47.75,79.3,143,1.5,70.2
VL12124,Sky Airline,Cartagena,Bogotá,Colombia,Doméstica,Económica,2,Lunes,62,650,0,0,False,,52.94,91.5,165,5.0,71.9
VL10947,Copa Airlines,Lima,Santiago,Perú,Internacional,Económica,10,Miércoles,203,2400,19,31,False,Mecánico,173.44,75.8,136,3.9,80.9
VL11166,Avianca,Bogotá,Quito,Colombia,Internacional,Ejecutiva,11,Jueves,105,1000,0,7,False,,202.51,83.6,184,4.6,69.6
VL11579,Copa Airlines,Medellín,Ciudad Mx,Colombia,Internacional,Económica,5,Sábado,255,3400,0,15,False,,409.2,87.8,158,3.2,83.5
VL12134,Viva Air,Buenos Aires,Lima,Argentina,Internacional,Económica,12,Viernes,248,3000,47,34,False,Tripulación,344.2,93.9,169,3.0,63.3
VL10163,Aeroméxico,Medellín,Ciudad Mx,Colombia,Internacional,Económica,3,Jueves,267,3400,0,0,False,,334.31,74.6,134,4.2,73.8
VL10050,LATAM,Cartagena,Bogotá,Colombia,Doméstica,Económica,11,Sábado,74,650,16,21,False,Clima,90.17,77.2,139,3.6,80.2
VL10951,Sky Airline,Cancún,Bogotá,México,Internacional,Económica,6,Sábado,278,3500,38,39,False,Mecánico,267.38,95.8,172,2.2,72.7
VL11406,Viva Air,Bogotá,Quito,Colombia,Internacional,Económica,4,Miércoles,92,1000,0,18,False,,89.37,80.3,145,4.0,62.6
VL10488,LATAM,Guadalajara,Ciudad Mx,México,Doméstica,Económica,3,Lunes,55,550,0,0,False,,76.39,87.6,158,3.6,78.8
VL11832,Copa Airlines,Santiago,São Paulo,Chile,Internacional,Económica,2,Jueves,209,2700,299,320,False,Clima,256.15,64.1,115,3.0,81.2
VL12498,Aeroméxico,Cartagena,Bogotá,Colombia,Doméstica,Económica,4,Miércoles,68,650,0,8,False,,46.03,86.4,156,3.0,74.8
VL12759,Avianca,Bogotá,Medellín,Colombia,Doméstica,Económica,3,Viernes,65,580,15,26,False,,40.41,76.3,137,3.5,75.3
VL10187,Avianca,Santiago,São Paulo,Chile,Internacional,Económica,6,Lunes,222,2700,0,0,False,,313.17,71.2,128,4.7,75.7
VL11796,LATAM,Buenos Aires,Lima,Argentina,Internacional,Ejecutiva,7,Jueves,253,3000,15,11,False,,748.47,94.7,208,4.2,76.6
VL10338,Copa Airlines,Lima,Buenos Aires,Perú,Internacional,Económica,9,Miércoles,223,3100,0,0,False,,167.08,93.0,167,4.2,82.7
VL12243,Sky Airline,Cartagena,Bogotá,Colombia,Doméstica,Económica,12,Jueves,62,650,0,0,False,,71.4,82.1,148,3.4,71.2
VL12481,Avianca,Lima,Santiago,Perú,Internacional,Económica,8,Jueves,172,2400,70,74,True,Aeropuerto,216.87,65.3,118,2.8,70.9
VL10134,LATAM,Guadalajara,Ciudad Mx,México,Doméstica,Económica,5,Sábado,44,550,0,4,False,,58.61,98.8,178,3.1,78.5
VL12776,Copa Airlines,Bogotá,Medellín,Colombia,Doméstica,Primera,2,Martes,77,580,0,0,False,,189.2,80.9,243,4.2,82.3
VL12311,Copa Airlines,Lima,Santiago,Perú,Internacional,Económica,9,Viernes,217,2400,0,0,False,,199.1,73.7,133,3.9,81.5
VL10405,Volaris,Lima,Santiago,Perú,Internacional,Ejecutiva,10,Jueves,188,2400,0,7,False,,760.99,70.7,156,3.6,69.6
VL11784,Aeroméxico,Cancún,Bogotá,México,Internacional,Primera,6,Sábado,285,3500,13,0,False,,1686.23,67.1,201,3.1,76.8
VL11428,LATAM,Cancún,Bogotá,México,Internacional,Económica,12,Lunes,275,3500,0,0,False,,339.81,71.6,129,4.8,79.4
VL10736,Copa Airlines,Ciudad Mx,Bogotá,México,Internacional,Primera,8,Sábado,248,3200,0,0,False,,1664.64,74.2,223,4.3,84.4
VL11907,LATAM,Ciudad Mx,Bogotá,México,Internacional,Ejecutiva,12,Jueves,273,3200,0,9,False,,881.24,89.8,198,3.1,79.5
VL10595,Copa Airlines,Lima,Buenos Aires,Perú,Internacional,Económica,1,Jueves,245,3100,0,0,False,,197.46,75.4,136,4.8,81.4
VL11381,LATAM,Ciudad Mx,Bogotá,México,Internacional,Económica,6,Sábado,235,3200,29,6,False,Tripulación,242.9,81.2,146,3.8,77.8
VL11259,Aeroméxico,Santiago,São Paulo,Chile,Internacional,Económica,10,Lunes,214,2700,6,12,False,,169.11,82.4,148,3.0,75.0
VL12530,Aeroméxico,Cancún,Bogotá,México,Internacional,Ejecutiva,7,Domingo,290,3500,0,0,False,,879.35,95.4,210,4.1,75.7
VL10799,Aeroméxico,Guadalajara,Ciudad Mx,México,Doméstica,Económica,11,Domingo,42,550,0,21,False,,72.96,69.9,126,3.3,74.3
VL12641,Volaris,Ciudad Mx,Cancún,México,Doméstica,Económica,5,Sábado,118,1600,12,23,False,,157.19,83.9,151,3.2,70.7
VL12051,Volaris,Lima,Buenos Aires,Perú,Internacional,Económica,10,Martes,255,3100,54,43,False,Clima,347.86,76.6,138,2.7,68.5
VL11391,Aeroméxico,Bogotá,Medellín,Colombia,Doméstica,Económica,11,Viernes,59,580,0,2,False,,67.33,84.2,152,2.6,72.9
VL11288,Avianca,Bogotá,Medellín,Colombia,Doméstica,Primera,11,Viernes,62,580,0,0,False,,294.18,92.7,278,5.0,74.0
VL11859,Sky Airline,Buenos Aires,Lima,Argentina,Internacional,Económica,1,Viernes,232,3000,0,4,False,,,80.3,145,2.7,74.4
VL10115,Sky Airline,Lima,Santiago,,Internacional,Económica,4,Viernes,196,2400,21,22,False,Tripulación,311.37,86.2,155,2.3,73.7
VL11573,Volaris,Lima,Santiago,Perú,Internacional,Ejecutiva,7,Jueves,161,2400,30,44,False,Aeropuerto,512.67,61.6,136,3.7,70.0
VL11181,Copa Airlines,Bogotá,Miami,Colombia,Internacional,Económica,10,Viernes,305,3800,0,11,False,,538.55,82.2,148,3.1,81.5
VL10231,Copa Airlines,Medellín,Ciudad Mx,Colombia,Internacional,Ejecutiva,3,Martes,282,3400,12,12,False,,563.44,45.9,101,2.6,81.0
VL12233,Aeroméxico,Bogotá,Quito,Colombia,Internacional,Económica,7,Viernes,71,1000,75,52,False,Operacional,88.04,78.8,142,2.5,75.9
VL10706,Volaris,Bogotá,Miami,Colombia,Internacional,Ejecutiva,3,Lunes,304,3800,0,0,False,,818.48,86.5,190,3.3,66.5
VL10541,Volaris,Santiago,São Paulo,Chile,Internacional,Ejecutiva,7,Jueves,212,2700,12,27,False,,533.13,74.1,163,5.0,68.4
VL10584,Aeroméxico,Cancún,Bogotá,México,Internacional,Económica,1,Domingo,302,3500,9,3,False,,363.35,68.2,123,4.3,76.3
VL10373,Copa Airlines,Cancún,Bogotá,México,Internacional,Ejecutiva,8,Domingo,280,3500,0,2,False,,638.08,74.6,164,3.4,79.0
VL10612,Avianca,Cancún,Bogotá,México,Internacional,Económica,7,Domingo,257,3500,7,10,False,,427.44,82.5,148,2.2,70.5
VL11462,Viva Air,Ciudad Mx,Cancún,México,Doméstica,Ejecutiva,4,Domingo,147,1600,35,33,False,Aeropuerto,459.48,76.8,169,3.6,66.5
VL10500,Avianca,Buenos Aires,Lima,Argentina,Internacional,Económica,7,Viernes,209,3000,0,0,False,,210.57,82.1,148,4.6,71.6
VL10345,Volaris,Santiago,São Paulo,Chile,Internacional,Económica,6,Domingo,215,2700,9,25,False,,370.78,74.4,134,2.6,69.1
VL12750,Avianca,Ciudad Mx,Bogotá,México,Internacional,Económica,1,Viernes,287,3200,8,0,False,,433.73,58.5,105,4.0,70.5
VL11670,Avianca,Ciudad Mx,Bogotá,México,Internacional,Ejecutiva,1,Domingo,244,3200,0,0,False,,524.21,100.0,220,4.6,71.1
VL10351,Aeroméxico,Bogotá,Quito,Colombia,Internacional,Económica,3,Jueves,89,1000,60,62,False,Clima,46.55,93.3,168,2.7,75.4
VL10523,LATAM,Bogotá,Quito,Colombia,Internacional,Económica,9,Sábado,101,1000,0,8,False,,71.77,70.2,126,2.4,80.2
VL12930,LATAM,Santiago,São Paulo,Chile,Internacional,Económica,9,Sábado,239,2700,1,0,False,,284.14,93.3,168,5.0,78.4
VL12692,Copa Airlines,Bogotá,Medellín,Colombia,Doméstica,Económica,2,Sábado,60,580,0,0,False,,39.84,75.9,137,3.0,81.8
VL12906,Aeroméxico,Cartagena,Bogotá,Colombia,Doméstica,Económica,2,Sábado,50,650,0,0,False,,99.94,82.4,148,5.0,75.5
VL10028,Copa Airlines,Santiago,São Paulo,Chile,Internacional,Económica,2,Domingo,206,2700,39,25,False,Clima,301.49,100.0,180,4.2,80.4
VL10316,Aeroméxico,Ciudad Mx,Bogotá,México,Internacional,Ejecutiva,11,Sábado,251,3200,23,23,False,Clima,831.76,55.1,121,4.5,76.2
VL11205,Aeroméxico,Ciudad Mx,Miami,México,Internacional,Económica,3,Martes,154,2100,16,16,False,Mecánico,154.2,85.3,154,3.0,75.0
VL11322,Copa Airlines,Lima,Santiago,Perú,Internacional,Económica,1,Domingo,211,2400,0,0,False,,,50.7,91,4.5,84.4
VL10182,Avianca,Guadalajara,Ciudad Mx,México,Doméstica,Económica,8,Lunes,54,550,0,12,False,,30.0,66.7,120,3.1,71.8
VL12969,Volaris,Medellín,Ciudad Mx,Colombia,Internacional,Económica,8,Sábado,279,3400,0,2,False,,328.78,66.2,119,3.2,70.2
VL12532,Copa Airlines,Bogotá,Miami,Colombia,Internacional,Económica,5,Domingo,327,3800,0,6,True,,366.46,87.2,157,2.9,83.3
VL12997,Volaris,Bogotá,Miami,Colombia,Internacional,Primera,6,Miércoles,283,3800,0,0,False,,2074.6,81.2,244,5.0,65.1
VL11197,Avianca,Cartagena,Bogotá,Colombia,Doméstica,Ejecutiva,6,Sábado,51,650,0,1,False,,165.17,72.3,159,3.6,73.1
VL12956,Avianca,Buenos Aires,Lima,Argentina,Internacional,Económica,1,Sábado,247,3000,29,19,False,Operacional,383.02,71.7,129,3.8,73.8
VL12145,Sky Airline,Bogotá,Quito,Colombia,Internacional,Económica,2,Sábado,103,1000,23,25,False,Mecánico,64.62,67.5,122,4.1,73.2
VL12911,Viva Air,Bogotá,Medellín,Colombia,Doméstica,Ejecutiva,3,Viernes,74,580,0,21,False,,153.16,66.2,146,4.6,66.5
VL12026,Avianca,Buenos Aires,Lima,Argentina,Internacional,Ejecutiva,11,Martes,240,3000,8,0,False,,550.75,89.3,196,3.8,74.5
VL10574,Sky Airline,Lima,Santiago,Perú,Internacional,Económica,5,Jueves,181,2400,1,2,False,,276.65,78.3,141,,73.3
VL12968,Viva Air,Guadalajara,Ciudad Mx,México,Doméstica,Económica,7,Miércoles,84,550,1,0,False,,40.3,78.9,142,4.1,64.5
VL10034,Avianca,Cartagena,Bogotá,Colombia,Doméstica,Económica,11,Jueves,60,650,0,0,False,,87.22,89.4,161,3.6,73.0
VL12259,Sky Airline,Lima,Buenos Aires,Perú,Internacional,Ejecutiva,11,Miércoles,246,3100,0,3,False,,776.4,85.8,189,3.5,73.3
VL12008,LATAM,Bogotá,Medellín,Colombia,Doméstica,Económica,11,Sábado,61,580,0,0,False,,55.23,93.7,169,4.1,80.1
VL11148,Volaris,Bogotá,Quito,Colombia,Internacional,Económica,4,Domingo,99,1000,35,31,False,Operacional,73.15,88.0,158,3.3,72.9
VL12180,Avianca,Bogotá,Miami,Colombia,Internacional,Económica,12,Sábado,298,3800,21,13,False,Clima,369.31,85.0,153,4.7,73.2
VL10313,LATAM,Cartagena,Bogotá,Colombia,Doméstica,Económica,5,Jueves,69,650,0,15,False,,59.82,86.4,156,,77.5
VL11232,Avianca,Santiago,Lima,Chile,Internacional,Económica,2,Domingo,193,2400,26,34,False,Tripulación,190.3,100.0,180,3.9,68.4
VL12105,LATAM,Bogotá,Miami,Colombia,Internacional,Económica,12,Lunes,272,3800,0,0,False,,484.05,98.2,177,5.0,76.8
VL10429,Copa Airlines,Ciudad Mx,Cancún,México,Doméstica,Económica,7,Sábado,131,1600,29,35,False,Operacional,153.64,71.2,128,1.5,82.2
VL11417,LATAM,Ciudad Mx,Cancún,México,Doméstica,Económica,6,Lunes,123,1600,0,0,False,,197.69,88.6,159,3.6,79.4
VL11364,Avianca,Buenos Aires,Lima,Argentina,Internacional,Económica,4,Lunes,239,3000,0,0,False,,,68.2,123,3.8,71.2
VL10954,Avianca,Ciudad Mx,Bogotá,México,Internacional,Ejecutiva,9,Martes,245,3200,0,3,True,,984.59,74.2,163,3.0,72.8
VL12167,LATAM,Ciudad Mx,Cancún,México,Doméstica,Económica,9,Martes,148,1600,0,5,False,,188.02,68.3,123,,77.3
VL11731,LATAM,Cancún,Bogotá,México,Internacional,Económica,6,Domingo,280,3500,5,12,False,,493.48,62.4,112,3.4,78.1
VL11867,LATAM,Ciudad Mx,Cancún,México,Doméstica,Económica,2,Sábado,116,1600,2,0,False,,167.69,100.0,180,,78.0
VL11008,Copa Airlines,Santiago,Lima,Chile,Internacional,Económica,11,Sábado,195,2400,81,67,False,Operacional,200.81,100.0,180,2.3,81.8
VL11778,Avianca,Santiago,Lima,Chile,Internacional,Ejecutiva,3,Sábado,194,2400,15,32,False,,368.93,66.3,146,3.8,72.7
VL11491,Copa Airlines,Ciudad Mx,Bogotá,México,Internacional,Económica,7,Lunes,247,3200,0,6,False,,455.31,85.1,153,2.6,82.9
VL10516,LATAM,Ciudad Mx,Bogotá,México,Internacional,Ejecutiva,12,Jueves,265,3200,1,17,False,,1277.47,90.5,199,3.9,79.4
VL10108,Copa Airlines,Santiago,Lima,Chile,Internacional,Económica,3,Martes,192,2400,20,19,False,Tripulación,,75.3,136,4.0,83.3
VL10887,Copa Airlines,Santiago,Lima,Chile,Internacional,Económica,8,Sábado,187,2400,3,0,False,,129.77,80.7,145,5.0,83.4
VL11240,Copa Airlines,Lima,Santiago,Perú,Internacional,Ejecutiva,5,Viernes,169,2400,11,7,False,,536.25,95.5,210,3.0,80.9
VL11580,Viva Air,Santiago,Lima,Chile,Internacional,Económica,12,Jueves,176,2400,0,0,False,,150.74,69.0,124,4.5,64.6
VL10898,Aeroméxico,Bogotá,Medellín,Colombia,Doméstica,Económica,6,Sábado,59,580,11,13,False,,58.73,71.7,129,3.7,77.1
VL11515,Aeroméxico,Bogotá,Medellín,Colombia,Doméstica,Ejecutiva,2,Viernes,54,580,0,4,False,,84.12,82.5,182,3.7,76.3
VL10967,LATAM,Bogotá,Miami,Colombia,Internacional,Económica,9,Lunes,317,3800,0,0,False,,342.51,100.0,180,4.3,80.0
VL11743,Viva Air,Bogotá,Medellín,Colombia,Doméstica,Económica,8,Viernes,67,580,22,19,False,Clima,98.81,84.5,152,3.0,66.0
VL12764,Sky Airline,Ciudad Mx,Cancún,México,Doméstica,Económica,11,Jueves,143,1600,4,0,False,,213.48,89.6,161,2.5,72.9
VL10356,Copa Airlines,Bogotá,Medellín,Colombia,Doméstica,Económica,8,Sábado,40,580,0,4,False,,56.16,100.0,180,4.0,81.9
VL10208,Aeroméxico,Bogotá,Medellín,Colombia,Doméstica,Económica,10,Sábado,50,580,0,0,False,,84.51,72.4,130,4.1,76.3
VL12040,Volaris,Bogotá,Quito,Colombia,Internacional,Primera,5,Viernes,88,1000,4,0,False,,342.93,76.5,230,4.7,70.5
VL11258,Avianca,Bogotá,Medellín,Colombia,Doméstica,Ejecutiva,4,Domingo,45,580,93,74,False,Operacional,215.08,90.7,200,2.1,72.9
VL11688,Aeroméxico,Santiago,São Paulo,Chile,Internacional,Económica,9,Sábado,233,2700,0,0,False,,317.03,84.6,152,4.7,74.9
VL12171,Aeroméxico,Bogotá,Medellín,Colombia,Doméstica,Ejecutiva,7,Sábado,66,580,0,4,False,,109.1,79.0,174,3.3,75.3
VL11139,Aeroméxico,Santiago,São Paulo,Chile,Internacional,Económica,4,Viernes,206,2700,44,55,False,Aeropuerto,180.0,77.6,140,2.2,71.3
VL11421,Viva Air,Medellín,Ciudad Mx,Colombia,Internacional,Económica,6,Jueves,247,3400,73,56,False,Clima,434.78,52.5,94,4.2,63.7
VL11834,Aeroméxico,Bogotá,Quito,Colombia,Internacional,Económica,9,Viernes,84,1000,0,4,True,,118.78,72.6,131,3.6,74.7
VL11900,LATAM,Santiago,São Paulo,Chile,Internacional,Económica,6,Viernes,238,2700,0,5,False,,203.71,69.9,126,,77.8
VL11524,Volaris,Medellín,Ciudad Mx,Colombia,Internacional,Económica,3,Jueves,257,3400,0,0,False,,436.65,49.2,89,2.7,72.5
VL12054,Aeroméxico,Bogotá,Quito,Colombia,Internacional,Ejecutiva,9,Domingo,91,1000,0,0,False,,314.81,84.8,187,3.1,76.8
VL11510,LATAM,Bogotá,Quito,Colombia,Internacional,Ejecutiva,4,Martes,92,1000,0,0,False,,256.35,76.8,169,5.0,79.0
VL12423,Aeroméxico,Lima,Buenos Aires,Perú,Internacional,Económica,11,Viernes,240,3100,0,0,False,,383.02,61.1,110,3.0,74.9
VL12599,Volaris,Ciudad Mx,Cancún,México,Doméstica,Económica,11,Sábado,124,1600,0,2,False,,98.06,92.3,166,4.3,71.2
VL11502,Avianca,Bogotá,Medellín,Colombia,Doméstica,Económica,3,Sábado,50,580,0,0,False,,30.0,91.4,165,5.0,71.2
VL10974,Avianca,Bogotá,Medellín,Colombia,Doméstica,Económica,10,Jueves,43,580,0,6,False,,87.37,81.7,147,3.2,73.6
VL12805,LATAM,Cartagena,Bogotá,Colombia,Doméstica,Ejecutiva,11,Lunes,63,650,8,12,False,,213.78,79.6,175,4.7,78.9
VL11562,Sky Airline,Ciudad Mx,Miami,México,Internacional,Económica,7,Lunes,169,2100,19,19,False,Operacional,282.1,86.9,156,2.4,73.7
VL12547,LATAM,Ciudad Mx,Bogotá,México,Internacional,Económica,6,Domingo,263,3200,1,0,False,,308.54,73.4,132,3.9,77.3
VL11653,Sky Airline,Ciudad Mx,Bogotá,México,Internacional,Ejecutiva,8,Viernes,240,3200,0,0,False,,551.9,84.7,186,5.0,77.2
VL12865,Aeroméxico,Santiago,São Paulo,Chile,Internacional,Económica,5,Martes,229,2700,0,0,False,,308.41,78.7,142,2.9,72.8
VL12590,Avianca,Bogotá,Quito,Colombia,Internacional,Ejecutiva,3,Viernes,85,1000,0,0,False,,144.64,72.6,160,4.0,75.1
VL10304,Avianca,Buenos Aires,Lima,Argentina,Internacional,Económica,9,Sábado,228,3000,0,0,False,,340.9,59.5,107,2.9,71.2
VL10376,Volaris,Bogotá,Quito,Colombia,Internacional,Ejecutiva,7,Sábado,87,1000,4,0,False,,312.39,77.6,171,5.0,68.4
VL12685,Volaris,Bogotá,Medellín,Colombia,Doméstica,Económica,7,Jueves,59,580,22,21,False,Operacional,72.58,95.9,173,2.6,69.6
VL12284,Aeroméxico,Ciudad Mx,Cancún,México,Doméstica,Económica,10,Domingo,120,1600,33,39,False,Tripulación,193.92,100.0,180,,72.8
VL11231,Aeroméxico,Santiago,Lima,Chile,Internacional,Económica,8,Miércoles,212,2400,33,34,False,Clima,263.61,78.2,141,3.8,75.8
VL11956,Avianca,Cancún,Bogotá,México,Internacional,Económica,6,Jueves,265,3500,5,0,False,,485.86,66.7,120,4.4,72.7
VL12597,Copa Airlines,Medellín,Ciudad Mx,Colombia,Internacional,Económica,8,Martes,270,3400,0,0,False,,498.72,73.1,132,3.9,82.5
VL10581,Sky Airline,Cartagena,Bogotá,Colombia,Doméstica,Primera,4,Viernes,62,650,18,21,False,Clima,180.23,95.8,287,3.7,72.9
VL10633,Avianca,Medellín,Ciudad Mx,Colombia,Internacional,Económica,7,Sábado,293,3400,0,0,False,,425.05,68.0,122,,72.4
VL10287,Volaris,Medellín,Ciudad Mx,Colombia,Internacional,Económica,6,Sábado,261,3400,0,0,False,,209.98,70.6,127,4.7,70.0
VL11441,Sky Airline,Bogotá,Medellín,Colombia,Doméstica,Económica,4,Sábado,51,580,0,7,False,,48.6,95.9,173,2.2,75.5
VL12411,Avianca,Ciudad Mx,Cancún,México,Doméstica,Primera,8,Jueves,159,1600,0,0,False,,743.47,96.4,289,4.1,72.6
VL10341,Aeroméxico,Lima,Buenos Aires,Perú,Internacional,Económica,10,Viernes,232,3100,0,0,False,,433.38,65.0,117,4.5,75.1
VL10401,LATAM,Lima,Santiago,Perú,Internacional,Ejecutiva,9,Miércoles,207,2400,28,18,False,Operacional,601.2,61.0,134,3.2,77.6
VL10033,LATAM,Guadalajara,Ciudad Mx,México,Doméstica,Económica,12,Sábado,63,550,19,11,False,Aeropuerto,53.04,93.8,169,3.4,77.5
VL10502,Viva Air,Bogotá,Miami,Colombia,Internacional,Económica,4,Viernes,323,3800,24,31,False,Operacional,401.21,63.5,114,2.8,64.1
VL12909,LATAM,Bogotá,Miami,Colombia,Internacional,Primera,1,Lunes,299,3800,0,0,False,,2233.96,94.1,282,4.8,78.7
VL11286,Sky Airline,Bogotá,Medellín,Colombia,Doméstica,Económica,12,Jueves,63,580,0,0,False,,49.85,81.4,147,3.9,73.2
VL10171,Avianca,Bogotá,Medellín,Colombia,Doméstica,Económica,1,Domingo,70,580,7,12,False,,79.0,87.0,157,3.2,71.9
VL10786,Aeroméxico,Santiago,São Paulo,Chile,Internacional,Ejecutiva,5,Lunes,193,2700,0,10,False,,522.9,74.0,163,3.0,73.8
VL12613,Avianca,Buenos Aires,Lima,Argentina,Internacional,Económica,2,Domingo,233,3000,30,22,False,Aeropuerto,379.35,89.4,161,3.3,72.0
VL11310,Avianca,Bogotá,Medellín,Colombia,Doméstica,Primera,4,Domingo,52,580,15,21,False,,185.6,63.0,189,4.4,71.2
VL12522,Copa Airlines,Bogotá,Miami,Colombia,Internacional,Económica,9,Martes,334,3800,30,23,False,Operacional,532.59,86.8,156,2.8,83.2
VL11194,Copa Airlines,Bogotá,Medellín,Colombia,Doméstica,Ejecutiva,2,Martes,47,580,22,9,True,Operacional,234.55,93.4,205,4.6,81.5
VL10700,Copa Airlines,Medellín,Ciudad Mx,Colombia,Internacional,Económica,2,Sábado,278,3400,48,40,False,Clima,258.51,97.2,175,,82.9
VL10349,Avianca,Cancún,Bogotá,México,Internacional,Económica,1,Domingo,274,3500,0,0,False,,395.01,59.7,107,4.6,71.6
VL10564,Aeroméxico,Ciudad Mx,Bogotá,México,Internacional,Económica,8,Jueves,260,3200,0,0,False,,402.6,67.8,122,3.8,74.4
VL10959,LATAM,Buenos Aires,Lima,Argentina,Internacional,Primera,10,Miércoles,212,3000,0,9,False,,1412.49,80.8,242,3.3,77.9
VL11166,Avianca,Bogotá,Quito,Colombia,Internacional,Ejecutiva,11,Jueves,105,1000,0,7,False,,202.51,83.6,184,4.6,69.6
VL12619,LATAM,Bogotá,Miami,Colombia,Internacional,Económica,11,Martes,310,3800,0,2,False,,231.95,68.6,123,3.8,80.0
VL10840,Aeroméxico,Bogotá,Medellín,Colombia,Doméstica,Ejecutiva,6,Domingo,68,580,24,26,False,Tripulación,154.32,72.5,160,2.8,73.8
VL10111,Avianca,Ciudad Mx,Cancún,México,Doméstica,Económica,9,Viernes,142,1600,0,0,False,,123.92,93.1,168,5.0,70.3
VL11283,LATAM,Bogotá,Medellín,Colombia,Doméstica,Económica,7,Sábado,52,580,0,12,False,,54.53,83.5,150,1.8,78.9
VL10498,LATAM,Cartagena,Bogotá,Colombia,Doméstica,Económica,6,Domingo,54,650,38,61,False,Clima,46.61,84.4,152,1.9,79.1
VL11689,Viva Air,Ciudad Mx,Miami,México,Internacional,Ejecutiva,1,Miércoles,161,2100,81,72,False,Clima,473.15,59.5,131,,66.8
VL10274,Sky Airline,Medellín,Ciudad Mx,Colombia,Internacional,Económica,8,Sábado,259,3400,0,12,False,,281.64,67.7,122,3.0,75.6
VL10756,LATAM,Cancún,Bogotá,México,Internacional,Ejecutiva,2,Miércoles,296,3500,0,0,False,,1107.47,76.4,168,5.0,77.1
VL11376,Avianca,Lima,Buenos Aires,Perú,Internacional,Económica,8,Martes,242,3100,0,0,False,,244.72,77.7,140,3.8,72.7
VL11599,Avianca,Lima,Santiago,Perú,Internacional,Económica,11,Viernes,187,2400,0,3,False,,261.3,81.2,146,3.8,73.2
VL10598,Avianca,Santiago,Lima,Chile,Internacional,Ejecutiva,1,Miércoles,179,2400,12,17,False,,668.41,74.7,164,2.4,71.3
VL11800,LATAM,Cartagena,Bogotá,Colombia,Doméstica,Económica,1,Jueves,62,650,0,4,False,,68.46,81.3,146,3.0,78.9
VL10572,Sky Airline,Ciudad Mx,Bogotá,México,Internacional,Económica,11,Lunes,252,3200,2,5,False,,260.02,67.9,122,,72.7
VL12622,Volaris,Lima,Buenos Aires,,Internacional,Económica,2,Lunes,257,3100,0,0,False,,327.44,85.6,154,3.5,68.9
VL10833,Avianca,Ciudad Mx,Cancún,México,Doméstica,Ejecutiva,8,Domingo,144,1600,79,82,False,Tripulación,273.33,83.6,184,3.8,71.4
VL11384,Sky Airline,Cancún,Bogotá,México,Internacional,Económica,12,Domingo,280,3500,39,30,False,Operacional,405.46,92.7,167,3.9,71.5
VL11871,LATAM,Santiago,Lima,Chile,Internacional,Económica,7,Viernes,198,2400,0,6,False,,256.34,57.4,103,3.4,78.8
VL11341,LATAM,Lima,Buenos Aires,Perú,Internacional,Económica,1,Viernes,238,3100,0,18,False,,,74.6,134,4.1,76.8
VL11847,LATAM,Santiago,Lima,Chile,Internacional,Económica,6,Domingo,211,2400,0,0,False,,165.87,95.1,171,,78.9
VL11392,Copa Airlines,Ciudad Mx,Cancún,México,Doméstica,Ejecutiva,12,Viernes,133,1600,0,0,False,,353.49,77.8,171,3.0,81.2
VL12586,Aeroméxico,Bogotá,Medellín,Colombia,Doméstica,Ejecutiva,5,Jueves,73,580,44,45,False,Aeropuerto,194.67,80.9,178,4.1,76.3
VL12771,Volaris,Bogotá,Miami,Colombia,Internacional,Económica,1,Lunes,298,3800,0,15,False,,412.57,69.5,125,3.3,69.6
VL10521,Aeroméxico,Ciudad Mx,Bogotá,México,Internacional,Económica,7,Viernes,243,3200,44,38,False,Tripulación,408.35,84.3,152,3.8,75.6
VL11451,Aeroméxico,Santiago,São Paulo,Chile,Internacional,Económica,8,Domingo,235,2700,0,4,False,,352.32,62.9,113,3.5,74.9
VL10101,Volaris,Cancún,Bogotá,México,Internacional,Ejecutiva,8,Sábado,275,3500,0,0,False,,732.99,57.2,126,4.3,67.7
VL11422,Copa Airlines,Bogotá,Medellín,Colombia,Doméstica,Económica,12,Viernes,67,580,0,0,False,,50.25,76.5,138,3.9,81.2
VL12818,Viva Air,Bogotá,Medellín,Colombia,Doméstica,Económica,6,Sábado,55,580,0,2,False,,30.0,91.3,164,3.9,64.2
VL11394,Viva Air,Bogotá,Miami,Colombia,Internacional,Económica,11,Lunes,286,3800,0,2,False,,196.26,95.7,172,2.8,65.5
VL11050,Viva Air,Lima,Santiago,Perú,Internacional,Ejecutiva,4,Sábado,197,2400,1,4,False,,521.78,96.3,212,4.0,64.3
VL12239,Avianca,Santiago,Lima,Chile,Internacional,Económica,9,Miércoles,168,2400,0,13,False,,300.7,89.6,161,2.3,72.5
VL10378,LATAM,Bogotá,Quito,,Internacional,Primera,9,Domingo,103,1000,16,10,False,Clima,297.3,75.2,226,2.9,76.4
VL10141,Viva Air,Santiago,Lima,Chile,Internacional,Económica,3,Martes,217,2400,8,5,True,,266.13,82.6,149,2.8,67.5
VL11954,Aeroméxico,Cartagena,Bogotá,Colombia,Doméstica,Ejecutiva,6,Domingo,66,650,0,3,False,,180.28,88.3,194,3.9,75.0
VL12580,LATAM,Ciudad Mx,Cancún,México,Doméstica,Económica,1,Lunes,145,1600,0,2,False,,190.94,83.4,150,3.5,83.0
VL11912,Aeroméxico,Cartagena,Bogotá,Colombia,Doméstica,Económica,10,Martes,63,650,0,3,False,,60.22,84.4,152,3.0,72.9
VL10330,Copa Airlines,Ciudad Mx,Bogotá,México,Internacional,Económica,4,Sábado,258,3200,0,0,False,,237.45,76.9,138,2.2,81.6
VL12609,Aeroméxico,Bogotá,Medellín,Colombia,Doméstica,Ejecutiva,12,Jueves,74,580,13,8,False,,176.24,76.5,168,1.8,76.1
VL11594,Aeroméxico,Buenos Aires,Lima,Argentina,Internacional,Económica,3,Domingo,249,3000,0,0,False,,199.08,88.3,159,3.9,72.3
VL10160,Aeroméxico,Ciudad Mx,Bogotá,México,Internacional,Económica,1,Domingo,243,3200,0,0,False,,362.12,78.8,142,4.7,74.8
VL12982,Viva Air,Buenos Aires,Lima,Argentina,Internacional,Económica,10,Viernes,249,3000,0,2,False,,326.16,82.9,149,2.8,64.4
VL11712,Avianca,Ciudad Mx,Miami,México,Internacional,Económica,7,Domingo,174,2100,0,7,False,,244.13,74.6,134,2.5,72.7
VL10747,Aeroméxico,Medellín,Ciudad Mx,Colombia,Internacional,Económica,2,Miércoles,286,3400,1,11,False,,398.09,73.1,132,3.0,75.5
VL12660,LATAM,Lima,Buenos Aires,Perú,Internacional,Económica,3,Domingo,231,3100,692,632,True,Clima,240.95,69.0,124,1.3,79.1
VL11754,Sky Airline,Cartagena,Bogotá,Colombia,Doméstica,Económica,2,Martes,74,650,0,1,False,,,93.8,169,5.0,73.8
VL11695,Sky Airline,Bogotá,Medellín,Colombia,Doméstica,Económica,7,Sábado,63,580,0,13,False,,75.83,69.5,125,4.2,71.6
VL11978,LATAM,Lima,Santiago,Perú,Internacional,Ejecutiva,9,Jueves,196,2400,7,5,False,,654.74,79.7,175,,80.0
VL10451,Copa Airlines,Santiago,São Paulo,Chile,Internacional,Primera,11,Viernes,219,2700,0,0,False,,973.76,98.0,294,,83.9
VL12127,Avianca,Ciudad Mx,Cancún,México,Doméstica,Ejecutiva,11,Jueves,120,1600,0,0,True,,490.01,84.8,187,4.8,70.9
VL12639,LATAM,Buenos Aires,Lima,Argentina,Internacional,Económica,8,Jueves,245,3000,2,0,False,,207.26,58.3,105,3.3,79.1
VL10712,Copa Airlines,Lima,Buenos Aires,Perú,Internacional,Económica,3,Miércoles,275,3100,12,25,False,,401.07,77.1,139,3.4,83.9
VL10819,Aeroméxico,Bogotá,Miami,Colombia,Internacional,Económica,7,Jueves,290,3800,0,4,False,,304.57,77.8,140,4.2,72.6
VL12624,LATAM,Ciudad Mx,Bogotá,México,Internacional,Económica,1,Lunes,252,3200,2,0,False,,385.6,73.2,132,3.2,80.1
VL10494,Copa Airlines,Lima,Buenos Aires,Perú,Internacional,Primera,9,Viernes,228,3100,0,2,False,,1055.87,65.6,197,4.5,83.8
VL10068,Avianca,Bogotá,Medellín,Colombia,Doméstica,Económica,10,Lunes,47,580,0,0,False,,59.95,74.8,135,4.8,72.1
VL10088,Copa Airlines,Lima,Santiago,Perú,Internacional,Económica,5,Martes,195,2400,80,91,False,Operacional,331.63,95.0,171,1.1,79.7
VL12090,LATAM,Ciudad Mx,Miami,México,Internacional,Ejecutiva,9,Domingo,165,2100,27,11,False,Aeropuerto,581.08,80.5,177,3.5,78.3
VL10622,LATAM,Ciudad Mx,Bogotá,México,Internacional,Económica,11,Jueves,238,3200,0,0,False,,278.73,81.9,147,3.5,77.8
VL12837,Aeroméxico,Bogotá,Medellín,Colombia,Doméstica,Económica,9,Sábado,50,580,0,0,False,,71.12,88.3,159,4.0,75.3
VL12398,Avianca,Cancún,Bogotá,México,Internacional,Ejecutiva,1,Miércoles,255,3500,32,38,False,Tripulación,1087.49,89.4,197,4.8,70.9
VL11241,Avianca,Ciudad Mx,Miami,México,Internacional,Ejecutiva,4,Martes,175,2100,0,3,False,,309.74,100.0,220,5.0,73.4
VL11187,Aeroméxico,Bogotá,Medellín,Colombia,Doméstica,Económica,5,Domingo,52,580,0,18,False,,78.14,99.1,178,3.7,74.6
VL10063,Copa Airlines,Ciudad Mx,Bogotá,México,Internacional,Económica,11,Jueves,234,3200,0,9,False,,228.23,81.8,147,3.4,81.3
VL10962,LATAM,Santiago,Lima,Chile,Internacional,Primera,4,Viernes,226,2400,0,0,False,,991.72,91.7,275,3.8,79.8
VL12273,Volaris,Cancún,Bogotá,México,Internacional,Económica,11,Lunes,285,3500,1,3,False,,281.03,69.0,124,2.9,68.9
VL11548,Copa Airlines,Bogotá,Medellín,Colombia,Doméstica,Ejecutiva,11,Miércoles,55,580,0,0,False,,167.76,74.2,163,3.8,81.0
VL10704,Viva Air,Bogotá,Medellín,Colombia,Doméstica,Económica,1,Jueves,57,580,0,11,False,,41.8,86.9,156,2.6,64.6
VL10067,Viva Air,Bogotá,Quito,Colombia,Internacional,Económica,9,Viernes,98,1000,0,0,False,,160.97,68.9,124,4.6,65.7
VL12363,Copa Airlines,Medellín,Ciudad Mx,Colombia,Internacional,Económica,3,Jueves,270,3400,0,0,False,,237.47,68.2,123,2.8,83.6
VL11951,LATAM,Santiago,Lima,Chile,Internacional,Económica,9,Sábado,181,2400,0,11,False,,262.55,92.5,166,2.4,76.9
VL10112,Volaris,Guadalajara,Ciudad Mx,México,Doméstica,Ejecutiva,3,Viernes,40,550,0,11,False,,142.77,69.4,153,3.5,66.8
VL10993,LATAM,Santiago,São Paulo,Chile,Internacional,Económica,3,Sábado,218,2700,13,20,False,,348.91,74.6,134,3.4,80.5
VL10703,Sky Airline,Ciudad Mx,Cancún,México,Doméstica,Económica,4,Sábado,138,1600,0,0,False,,219.06,95.6,172,4.2,73.3
VL11415,Aeroméxico,Guadalajara,Ciudad Mx,México,Doméstica,Económica,11,Sábado,71,550,0,0,True,,64.64,80.6,145,4.6,75.7
VL10282,Sky Airline,Ciudad Mx,Bogotá,México,Internacional,Ejecutiva,7,Sábado,267,3200,7,18,False,,664.84,66.9,147,3.8,73.6
VL11113,LATAM,Medellín,Ciudad Mx,Colombia,Internacional,Económica,5,Viernes,275,3400,0,0,False,,384.43,68.8,124,4.3,76.9
VL10440,Avianca,Bogotá,Medellín,Colombia,Doméstica,Económica,6,Martes,72,580,0,11,False,,80.88,83.3,150,2.6,72.9
VL11434,LATAM,Ciudad Mx,Cancún,México,Doméstica,Económica,9,Domingo,141,1600,0,22,False,,135.01,70.0,126,,77.6
VL10119,LATAM,Medellín,Ciudad Mx,Colombia,Internacional,Económica,9,Domingo,263,3400,0,8,False,,,57.8,104,,79.2
VL11617,Sky Airline,Cancún,Bogotá,México,Internacional,Ejecutiva,8,Domingo,271,3500,0,18,False,,586.25,71.6,158,4.7,74.0
VL10824,LATAM,Medellín,Ciudad Mx,Colombia,Internacional,Económica,12,Viernes,262,3400,0,3,False,,291.55,68.5,123,4.1,79.3
VL11913,LATAM,Ciudad Mx,Bogotá,México,Internacional,Económica,3,Domingo,240,3200,26,13,True,Clima,403.37,71.7,129,3.2,82.2
VL11952,Aeroméxico,Santiago,São Paulo,Chile,Internacional,Económica,8,Martes,216,2700,0,0,False,,320.98,73.2,132,3.7,74.3
VL11212,Aeroméxico,Ciudad Mx,Cancún,México,Doméstica,Económica,3,Lunes,115,1600,0,0,False,,208.44,96.3,173,4.2,74.5
VL11386,Viva Air,Ciudad Mx,Miami,México,Internacional,Económica,10,Martes,163,2100,12,6,False,,131.25,91.8,165,,65.4
VL10957,Aeroméxico,Bogotá,Medellín,Colombia,Doméstica,Económica,3,Sábado,52,580,0,7,False,,83.91,76.8,138,3.9,74.7
VL11375,Aeroméxico,Lima,Santiago,Perú,Internacional,Económica,9,Viernes,170,2400,0,0,False,,161.12,69.7,125,4.0,77.8
VL11920,Viva Air,Buenos Aires,Lima,Argentina,Internacional,Económica,6,Sábado,272,3000,65,58,False,Operacional,418.22,81.8,147,2.9,63.2
VL11257,Aeroméxico,Medellín,Ciudad Mx,Colombia,Internacional,Económica,6,Viernes,261,3400,0,3,False,,271.67,87.2,157,1.4,75.0
VL10768,LATAM,Bogotá,Miami,Colombia,Internacional,Ejecutiva,12,Domingo,287,3800,0,0,False,,1240.94,77.8,171,5.0,76.7
VL12869,Copa Airlines,Ciudad Mx,Bogotá,México,Internacional,Económica,11,Viernes,259,3200,10,9,False,,264.35,87.7,158,4.1,80.8
VL10570,Avianca,Medellín,Ciudad Mx,Colombia,Internacional,Económica,9,Jueves,261,3400,0,0,False,,212.88,98.3,177,5.0,71.4
VL12800,Avianca,Ciudad Mx,Miami,México,Internacional,Ejecutiva,5,Martes,157,2100,22,13,False,Mecánico,574.68,64.5,142,3.8,74.1
VL10839,Copa Airlines,Cancún,Bogotá,México,Internacional,Primera,10,Sábado,269,3500,5,7,False,,1833.29,66.2,199,3.9,80.2
VL11309,Volaris,Bogotá,Quito,Colombia,Internacional,Económica,8,Miércoles,91,1000,0,0,False,,80.62,89.1,160,5.0,67.3
VL11429,Volaris,Lima,Santiago,Perú,Internacional,Económica,9,Sábado,205,2400,0,4,False,,,73.7,133,2.6,69.4
VL12490,LATAM,Bogotá,Miami,Colombia,Internacional,Ejecutiva,12,Domingo,303,3800,0,0,False,,1034.69,100.0,220,5.0,78.7
VL12173,LATAM,Bogotá,Quito,Colombia,Internacional,Económica,2,Sábado,82,1000,0,0,False,,125.56,73.1,132,4.1,80.9
VL12555,Volaris,Cartagena,Bogotá,Colombia,Doméstica,Económica,1,Viernes,70,650,104,97,False,Aeropuerto,67.48,90.1,162,4.0,66.9
VL10143,Aeroméxico,Bogotá,Miami,Colombia,Internacional,Ejecutiva,10,Viernes,305,3800,0,0,False,,693.54,73.1,161,5.0,76.6
VL10797,LATAM,Santiago,São Paulo,Chile,Internacional,Económica,6,Viernes,217,2700,0,9,False,,192.99,65.5,118,3.8,78.7
VL12208,Sky Airline,Bogotá,Miami,Colombia,Internacional,Económica,12,Lunes,300,3800,0,0,False,,511.83,79.0,142,3.5,74.7
VL11636,Avianca,Ciudad Mx,Bogotá,México,Internacional,Económica,12,Jueves,242,3200,0,4,False,,367.05,100.0,180,4.1,71.3
VL11343,Volaris,Buenos Aires,Lima,Argentina,Internacional,Económica,10,Sábado,237,3000,23,35,False,Clima,372.23,85.0,153,2.7,67.9
VL11080,Copa Airlines,Ciudad Mx,Miami,México,Internacional,Económica,12,Viernes,163,2100,34,50,False,Mecánico,208.56,100.0,180,3.7,81.9
VL11856,LATAM,Ciudad Mx,Miami,México,Internacional,Económica,8,Sábado,173,2100,4,5,False,,275.83,100.0,180,3.6,79.2
VL11249,Viva Air,Santiago,São Paulo,Chile,Internacional,Ejecutiva,4,Lunes,217,2700,0,3,False,,793.57,69.3,152,2.8,66.3
VL12314,Aeroméxico,Cartagena,Bogotá,Colombia,Doméstica,Económica,2,Domingo,68,650,0,0,False,,54.32,75.6,136,3.7,77.0
VL12937,LATAM,Santiago,São Paulo,Chile,Internacional,Ejecutiva,4,Jueves,207,2700,0,0,False,,824.73,71.5,157,4.7,79.0
VL12792,Viva Air,Santiago,São Paulo,Chile,Internacional,Económica,12,Domingo,202,2700,17,13,False,Clima,313.49,81.5,147,3.3,64.0
VL12803,Volaris,Cartagena,Bogotá,Colombia,Doméstica,Primera,11,Domingo,61,650,0,0,False,,5722.595912476033,60.1,180,5.0,68.4
VL12065,LATAM,Ciudad Mx,Miami,México,Internacional,Económica,5,Lunes,168,2100,0,3,False,,3748.596261660685,57.5,104,3.6,77.3
VL10885,Viva Air,Ciudad Mx,Cancún,México,Doméstica,Ejecutiva,8,Sábado,142,1600,0,0,False,,298.01,66.7,147,4.1,65.6
VL10849,LATAM,Santiago,São Paulo,,Internacional,Económica,6,Viernes,223,2700,0,5,False,,301.56,91.3,164,3.6,78.7
VL12186,Copa Airlines,Lima,Santiago,Perú,Internacional,Económica,7,Lunes,213,2400,0,0,False,,271.87,77.8,140,5.0,81.9
VL10040,LATAM,Ciudad Mx,Cancún,México,Doméstica,Económica,6,Martes,140,1600,7,17,False,,257.13,94.8,171,4.9,78.9
VL10218,Volaris,Cancún,Bogotá,México,Internacional,Económica,1,Domingo,287,3500,0,0,False,,230.5,100.0,180,4.5,72.5
VL10667,LATAM,Ciudad Mx,Cancún,México,Doméstica,Ejecutiva,5,Martes,126,1600,0,0,False,,392.38,74.6,164,3.8,77.9
VL10109,Copa Airlines,Bogotá,Medellín,Colombia,Doméstica,Primera,7,Sábado,56,580,1,0,False,,208.93,71.2,214,5.0,82.9
VL11405,Copa Airlines,Lima,Buenos Aires,Perú,Internacional,Económica,8,Martes,242,3100,19,37,False,Tripulación,269.96,87.6,158,3.7,82.2
VL10162,Avianca,Cancún,Bogotá,México,Internacional,Económica,2,Sábado,254,3500,33,35,False,Clima,381.48,71.3,128,3.7,71.0
VL11070,Avianca,Bogotá,Miami,Colombia,Internacional,Económica,12,Domingo,301,3800,1,0,False,,436.11,64.5,116,5.0,71.2
VL11924,LATAM,Ciudad Mx,Miami,,Internacional,Primera,10,Sábado,188,2100,0,6,False,,924.01,76.7,230,3.5,78.8
VL11068,Copa Airlines,Ciudad Mx,Bogotá,México,Internacional,Económica,11,Viernes,230,3200,0,9,False,,266.11,69.9,126,2.7,84.4
VL10922,Volaris,Lima,Santiago,Perú,Internacional,Económica,3,Viernes,187,2400,6,10,True,,193.96,81.0,146,1.0,69.5
VL11556,Copa Airlines,Santiago,São Paulo,Chile,Internacional,Económica,1,Lunes,231,2700,0,0,False,,317.59,78.6,141,3.5,85.1
VL10614,Avianca,Lima,Santiago,Perú,Internacional,Económica,8,Domingo,210,2400,0,0,False,,,100.0,180,4.0,71.4
VL10806,Aeroméxico,Guadalajara,Ciudad Mx,México,Doméstica,Ejecutiva,7,Sábado,51,550,20,15,False,Clima,205.1,91.5,201,4.8,75.0
VL11404,Viva Air,Cancún,Bogotá,México,Internacional,Económica,3,Domingo,293,3500,0,0,False,,478.37,94.7,170,3.4,64.9
VL12946,Avianca,Medellín,Ciudad Mx,Colombia,Internacional,Ejecutiva,11,Miércoles,261,3400,33,37,False,Aeropuerto,1356.8,80.9,178,3.2,74.8
VL12196,Volaris,Lima,Buenos Aires,Perú,Internacional,Económica,3,Sábado,240,3100,0,0,False,,180.49,81.1,146,4.1,66.0
VL11992,Avianca,Santiago,São Paulo,Chile,Internacional,Económica,8,Domingo,210,2700,0,4,True,,242.72,88.9,160,3.5,72.7
VL10886,Sky Airline,Cancún,Bogotá,México,Internacional,Económica,3,Domingo,255,3500,0,0,False,,354.98,84.5,152,4.1,70.4
VL11447,Volaris,Bogotá,Quito,,Internacional,Económica,1,Sábado,112,1000,48,50,False,Aeropuerto,,69.8,126,2.5,69.1
VL11056,Volaris,Ciudad Mx,Miami,México,Internacional,Ejecutiva,9,Jueves,179,2100,0,0,False,,639.39,81.7,180,3.9,66.0
VL12247,Sky Airline,Bogotá,Quito,Colombia,Internacional,Económica,5,Jueves,85,1000,1,0,False,,143.82,91.3,164,3.8,74.6
VL11729,LATAM,Santiago,São Paulo,Chile,Internacional,Económica,6,Viernes,204,2700,0,0,False,,349.19,92.8,167,4.5,77.2
VL10681,LATAM,Santiago,Lima,Chile,Internacional,Económica,10,Lunes,194,2400,0,4,False,,207.34,76.4,138,3.3,76.4
VL10996,Avianca,Guadalajara,Ciudad Mx,México,Doméstica,Económica,9,Domingo,62,550,0,4,False,,47.22,79.8,144,2.7,72.9
VL10298,Avianca,Cancún,Bogotá,México,Internacional,Ejecutiva,7,Domingo,288,3500,0,0,False,,915.6,86.8,191,4.1,69.7
VL12381,Aeroméxico,Lima,Santiago,Perú,Internacional,Económica,4,Sábado,193,2400,0,0,False,,262.32,90.1,162,,76.6
VL11874,Avianca,Buenos Aires,Lima,Argentina,Internacional,Económica,6,Domingo,244,3000,9,4,False,,290.12,92.9,167,3.9,70.5
VL10995,Aeroméxico,Bogotá,Medellín,Colombia,Doméstica,Económica,3,Domingo,71,580,0,9,False,,62.59,83.8,151,3.7,75.2
VL11646,Copa Airlines,Ciudad Mx,Cancún,México,Doméstica,Económica,4,Domingo,141,1600,0,11,False,,120.74,89.0,160,3.8,85.3
VL11639,Volaris,Guadalajara,Ciudad Mx,México,Doméstica,Económica,2,Miércoles,64,550,18,18,False,Aeropuerto,55.85,81.9,147,3.5,68.7
VL12845,Avianca,Ciudad Mx,Bogotá,México,Internacional,Ejecutiva,8,Lunes,241,3200,0,6,False,,1216.29,83.2,183,3.6,73.5
VL11104,Avianca,Cartagena,Bogotá,Colombia,Doméstica,Económica,7,Sábado,77,650,0,0,False,,30.0,86.0,155,5.0,70.9
VL11275,Copa Airlines,Ciudad Mx,Cancún,México,Doméstica,Ejecutiva,3,Viernes,144,1600,31,26,False,Aeropuerto,294.14,67.9,149,1.4,80.5
VL10637,LATAM,Santiago,Lima,Chile,Internacional,Económica,3,Lunes,199,2400,673,565,True,Clima,247.7,94.8,171,2.9,78.0
VL12216,Aeroméxico,Bogotá,Quito,Colombia,Internacional,Económica,12,Jueves,80,1000,0,0,False,,64.13,95.2,171,4.8,75.4
VL12485,Viva Air,Cartagena,Bogotá,Colombia,Doméstica,Ejecutiva,1,Jueves,72,650,0,0,False,,117.45,92.6,204,3.7,64.8
VL11274,Copa Airlines,Lima,Buenos Aires,Perú,Internacional,Económica,1,Domingo,237,3100,0,0,False,,217.61,76.7,138,5.0,80.8
VL12831,Aeroméxico,Cancún,Bogotá,México,Internacional,Económica,1,Sábado,260,3500,0,0,False,,434.0,100.0,180,3.3,77.7
VL11948,Volaris,Bogotá,Miami,Colombia,Internacional,Ejecutiva,5,Martes,273,3800,0,7,False,,,99.8,220,3.2,67.4
VL10217,LATAM,Ciudad Mx,Miami,México,Internacional,Económica,10,Domingo,172,2100,0,5,False,,243.13,63.2,114,3.8,77.3
VL12230,Copa Airlines,Ciudad Mx,Miami,México,Internacional,Económica,6,Sábado,177,2100,34,32,False,Operacional,140.74,86.9,156,3.3,82.1
VL12132,LATAM,Santiago,São Paulo,Chile,Internacional,Primera,3,Miércoles,219,2700,0,11,False,,763.87,75.9,228,3.0,80.1
VL10921,Aeroméxico,Medellín,Ciudad Mx,Colombia,Internacional,Económica,11,Domingo,253,3400,9,6,True,,346.59,83.4,150,,74.3
VL12071,Volaris,Medellín,Ciudad Mx,,Internacional,Económica,6,Domingo,265,3400,0,0,False,,225.44,68.9,124,3.6,69.6
VL12013,Copa Airlines,Ciudad Mx,Cancún,México,Doméstica,Económica,9,Miércoles,142,1600,0,0,False,,164.98,86.1,155,4.5,83.1
VL12571,LATAM,Guadalajara,Ciudad Mx,México,Doméstica,Económica,6,Jueves,46,550,27,24,False,Operacional,92.98,88.0,158,3.3,79.2
VL11328,LATAM,Cancún,Bogotá,México,Internacional,Económica,1,Viernes,271,3500,0,0,False,,410.54,76.2,137,,80.2
VL10142,Copa Airlines,Medellín,Ciudad Mx,Colombia,Internacional,Económica,5,Domingo,244,3400,0,0,False,,443.36,80.5,145,5.0,83.4
VL10638,Avianca,Bogotá,Miami,Colombia,Internacional,Económica,12,Jueves,288,3800,0,0,False,,387.17,100.0,180,4.8,73.6
VL10567,Copa Airlines,Lima,Buenos Aires,Perú,Internacional,Económica,8,Domingo,251,3100,0,8,False,,243.06,74.8,135,3.5,81.1
VL11413,Copa Airlines,Bogotá,Medellín,Colombia,Doméstica,Ejecutiva,12,Miércoles,60,580,0,0,False,,76.21,84.0,185,5.0,81.5
VL10893,Aeroméxico,Ciudad Mx,Bogotá,México,Internacional,Económica,2,Sábado,246,3200,0,8,False,,370.16,86.5,156,,78.7
VL12053,LATAM,Guadalajara,Ciudad Mx,México,Doméstica,Económica,2,Sábado,50,550,0,0,False,,30.0,76.9,138,4.2,77.5
VL11160,Aeroméxico,Bogotá,Quito,Colombia,Internacional,Ejecutiva,7,Viernes,99,1000,0,0,False,,210.56,72.1,159,4.0,74.5
VL12973,Sky Airline,Buenos Aires,Lima,Argentina,Internacional,Económica,12,Viernes,232,3000,0,7,False,,341.15,84.0,151,4.1,73.7
VL10269,Copa Airlines,Bogotá,Miami,Colombia,Internacional,Económica,6,Miércoles,271,3800,717,750,False,Operacional,249.53,86.9,156,3.1,83.0
VL10854,Copa Airlines,Santiago,Lima,Chile,Internacional,Económica,3,Domingo,195,2400,0,1,False,,188.98,81.9,147,4.1,83.1
VL11106,Viva Air,Ciudad Mx,Bogotá,México,Internacional,Económica,9,Miércoles,252,3200,0,0,False,,435.57,82.8,149,2.6,65.7
VL11120,Avianca,Lima,Santiago,Perú,Internacional,Ejecutiva,6,Lunes,213,2400,0,3,False,,347.08,75.9,167,3.2,73.2
VL11037,Volaris,Buenos Aires,Lima,Argentina,Internacional,Económica,12,Miércoles,226,3000,0,0,False,,337.42,76.3,137,3.7,68.1
VL12219,LATAM,Ciudad Mx,Cancún,México,Doméstica,Ejecutiva,6,Jueves,148,1600,9,5,False,,3920.1522346302636,82.4,181,3.2,78.1
VL10804,Avianca,Lima,Buenos Aires,Perú,Internacional,Económica,7,Viernes,234,3100,68,73,True,Aeropuerto,438.79,75.8,136,1.9,72.4
VL10022,Copa Airlines,Bogotá,Miami,Colombia,Internacional,Ejecutiva,1,Viernes,322,3800,21,32,False,Clima,1036.44,72.5,160,4.1,82.6
VL11365,Copa Airlines,Ciudad Mx,Cancún,México,Doméstica,Económica,10,Jueves,120,1600,0,0,False,,125.7,86.2,155,4.1,82.3
VL11804,Volaris,Ciudad Mx,Bogotá,México,Internacional,Económica,3,Domingo,264,3200,7,22,False,,268.85,72.3,130,3.0,69.1
VL12936,Copa Airlines,Ciudad Mx,Miami,México,Internacional,Económica,10,Sábado,174,2100,0,21,False,,171.43,74.6,134,,84.2
VL10233,LATAM,Medellín,Ciudad Mx,Colombia,Internacional,Económica,9,Jueves,254,3400,65,56,False,Operacional,309.75,90.3,163,4.1,80.9
VL12316,Avianca,Bogotá,Miami,Colombia,Internacional,Ejecutiva,1,Viernes,328,3800,0,12,False,,669.99,69.6,153,4.0,73.3
VL11523,Copa Airlines,Ciudad Mx,Cancún,México,Doméstica,Ejecutiva,6,Jueves,143,1600,15,13,False,,308.01,86.0,189,4.0,82.8
VL12377,Avianca,Ciudad Mx,Miami,México,Internacional,Económica,6,Jueves,177,2100,0,19,False,,192.95,69.7,125,3.8,72.6
VL10623,Sky Airline,Lima,Buenos Aires,Perú,Internacional,Económica,2,Sábado,245,3100,0,4,False,,417.3,60.5,109,3.3,75.9
VL10511,LATAM,Ciudad Mx,Bogotá,México,Internacional,Ejecutiva,6,Viernes,277,3200,19,18,False,Mecánico,650.77,90.0,198,2.4,77.4
VL10761,Volaris,Bogotá,Miami,,Internacional,Económica,4,Martes,290,3800,0,7,False,,430.94,65.6,118,2.9,66.0
VL10232,Avianca,Santiago,São Paulo,Chile,Internacional,Económica,5,Domingo,217,2700,0,8,True,,308.88,77.3,139,4.7,70.9
VL12179,Sky Airline,Medellín,Ciudad Mx,Colombia,Internacional,Económica,12,Lunes,265,3400,0,7,False,,322.13,81.1,146,2.2,75.8
VL12976,LATAM,Bogotá,Quito,Colombia,Internacional,Económica,4,Jueves,94,1000,0,4,False,,155.16,91.3,164,3.2,79.1
VL12443,Viva Air,Bogotá,Quito,Colombia,Internacional,Económica,11,Jueves,92,1000,0,6,False,,72.37,92.1,166,3.1,63.2
VL12471,Avianca,Cartagena,Bogotá,Colombia,Doméstica,Económica,11,Martes,65,650,18,18,False,Operacional,135.52,67.5,122,3.3,73.4
VL10052,Avianca,Guadalajara,Ciudad Mx,México,Doméstica,Económica,12,Lunes,55,550,0,5,False,,69.13,70.2,126,4.5,71.5
VL12974,Avianca,Ciudad Mx,Bogotá,México,Internacional,Económica,6,Martes,253,3200,0,10,False,,249.57,80.8,145,3.7,69.7
VL12814,LATAM,Santiago,São Paulo,Chile,Internacional,Económica,7,Miércoles,230,2700,0,9,False,,335.03,80.2,144,4.0,78.0
VL11961,LATAM,Ciudad Mx,Bogotá,México,Internacional,Económica,4,Viernes,249,3200,0,8,False,,315.68,74.2,134,4.4,78.1
VL12301,LATAM,Santiago,São Paulo,Chile,Internacional,Económica,7,Martes,204,2700,14,16,False,,228.43,61.3,110,3.8,78.7
VL10963,Copa Airlines,Ciudad Mx,Bogotá,México,Internacional,Económica,11,Viernes,244,3200,41,31,False,Operacional,319.47,84.8,153,3.5,81.5
VL12204,Viva Air,Buenos Aires,Lima,Argentina,Internacional,Económica,9,Domingo,267,3000,1,0,False,,338.75,78.1,141,4.5,63.5
VL11628,Copa Airlines,Ciudad Mx,Cancún,México,Doméstica,Ejecutiva,3,Martes,159,1600,0,0,False,,202.19,100.0,220,2.9,79.2
VL11420,LATAM,Bogotá,Miami,Colombia,Internacional,Económica,5,Martes,316,3800,0,1,False,,482.89,72.8,131,,78.4
VL11769,Avianca,Ciudad Mx,Bogotá,México,Internacional,Económica,6,Viernes,259,3200,6,5,False,,278.24,75.1,135,3.8,73.5
VL12358,Sky Airline,Medellín,Ciudad Mx,Colombia,Internacional,Económica,4,Sábado,290,3400,29,22,False,Operacional,337.19,76.1,137,1.0,74.9
VL12302,Volaris,Medellín,Ciudad Mx,Colombia,Internacional,Económica,5,Viernes,280,3400,9,6,False,,385.28,78.0,140,3.8,65.7
VL10368,LATAM,Santiago,Lima,Chile,Internacional,Económica,12,Sábado,173,2400,0,11,False,,209.87,87.9,158,4.0,74.1
VL10945,LATAM,Bogotá,Medellín,Colombia,Doméstica,Ejecutiva,3,Miércoles,62,580,0,2,False,,146.61,97.1,214,4.5,80.4
VL10539,LATAM,Ciudad Mx,Cancún,México,Doméstica,Económica,9,Viernes,127,1600,31,43,False,Operacional,202.55,100.0,180,4.0,78.2
VL12168,LATAM,Cancún,Bogotá,México,Internacional,Económica,6,Viernes,261,3500,39,56,False,Mecánico,331.55,100.0,180,4.0,80.5
VL12060,Viva Air,Bogotá,Medellín,Colombia,Doméstica,Económica,1,Sábado,55,580,0,0,False,,44.39,79.8,144,4.6,63.3
VL10590,Viva Air,Ciudad Mx,Cancún,México,Doméstica,Económica,12,Viernes,138,1600,0,2,False,,126.91,76.1,137,2.5,64.7
VL12877,Copa Airlines,Santiago,Lima,Chile,Internacional,Económica,12,Jueves,180,2400,30,34,False,Tripulación,,95.6,172,2.0,85.8
VL12890,Volaris,Bogotá,Miami,Colombia,Internacional,Económica,8,Sábado,287,3800,0,3,False,,432.27,97.0,175,3.8,70.8
VL10350,LATAM,Medellín,Ciudad Mx,Colombia,Internacional,Económica,8,Lunes,326,3400,0,1,False,,251.71,73.7,133,3.3,80.4
VL12834,Volaris,Ciudad Mx,Bogotá,México,Internacional,Primera,11,Viernes,246,3200,0,3,False,,1552.54,90.4,271,3.6,67.1
VL12643,Avianca,Cancún,Bogotá,México,Internacional,Económica,7,Sábado,299,3500,106,100,False,Aeropuerto,391.13,86.1,155,1.9,75.3
VL12978,Aeroméxico,Buenos Aires,Lima,Argentina,Internacional,Económica,3,Jueves,237,3000,0,6,False,,224.68,86.4,156,3.7,76.8
VL10267,Aeroméxico,Buenos Aires,Lima,,Internacional,Económica,9,Miércoles,230,3000,25,21,False,Clima,353.98,68.6,123,2.8,77.3
VL12495,Avianca,Medellín,Ciudad Mx,Colombia,Internacional,Primera,7,Viernes,265,3400,0,0,False,,1551.89,95.9,288,,71.1
VL11766,Sky Airline,Buenos Aires,Lima,Argentina,Internacional,Económica,5,Viernes,246,3000,47,49,False,Clima,338.79,81.7,147,3.2,73.8
VL10434,Copa Airlines,Bogotá,Medellín,Colombia,Doméstica,Ejecutiva,7,Miércoles,51,580,17,18,False,Operacional,165.29,90.9,200,,81.1
VL11029,Avianca,Bogotá,Quito,Colombia,Internacional,Económica,7,Sábado,94,1000,4,0,False,,71.84,67.2,121,3.2,72.5
VL11742,LATAM,Ciudad Mx,Miami,México,Internacional,Ejecutiva,8,Martes,169,2100,4,9,False,,285.4,55.3,122,3.1,79.2
VL10174,LATAM,Cancún,Bogotá,México,Internacional,Económica,4,Miércoles,283,3500,0,2,True,,487.5,80.2,144,4.1,75.8
VL10001,Volaris,Guadalajara,Ciudad Mx,México,Doméstica,Económica,4,Viernes,65,550,9,12,False,,57.08,88.3,159,2.3,70.1
VL10584,Aeroméxico,Cancún,Bogotá,México,Internacional,Económica,1,Domingo,302,3500,9,3,False,,363.35,68.2,123,4.3,76.3
VL11042,Aeroméxico,Bogotá,Miami,Colombia,Internacional,Económica,10,Martes,314,3800,11,15,False,,450.69,81.7,147,3.4,72.4
VL10709,Viva Air,Cancún,Bogotá,México,Internacional,Ejecutiva,11,Viernes,295,3500,1,0,False,,942.45,67.3,148,3.1,64.9
VL12325,Aeroméxico,Cartagena,Bogotá,Colombia,Doméstica,Ejecutiva,3,Miércoles,94,650,0,0,False,,88.21,60.1,132,5.0,75.2
VL10788,LATAM,Lima,Buenos Aires,Perú,Internacional,Ejecutiva,11,Viernes,226,3100,23,35,False,Mecánico,955.44,87.9,193,2.4,78.7
VL12608,Aeroméxico,Buenos Aires,Lima,Argentina,Internacional,Económica,4,Lunes,240,3000,6,16,False,,206.83,83.7,151,4.1,76.3
VL11547,Copa Airlines,Medellín,Ciudad Mx,Colombia,Internacional,Económica,2,Domingo,250,3400,0,0,False,,304.38,88.2,159,3.8,84.0
VL11781,LATAM,Lima,Santiago,,Internacional,Económica,11,Viernes,205,2400,0,0,False,,2705.676710138483,37.3,67,5.0,79.7
VL11213,Avianca,Ciudad Mx,Miami,México,Internacional,Económica,10,Viernes,154,2100,18,19,False,Clima,168.63,77.9,140,3.1,73.8
VL11651,Volaris,Bogotá,Miami,Colombia,Internacional,Económica,2,Sábado,306,3800,2,4,False,,364.78,51.3,92,2.0,69.9
VL12353,Aeroméxico,Lima,Santiago,Perú,Internacional,Económica,7,Viernes,181,2400,25,20,False,Mecánico,181.64,84.6,152,2.7,73.7
VL12089,LATAM,Ciudad Mx,Bogotá,México,Internacional,Ejecutiva,3,Viernes,278,3200,19,5,False,Aeropuerto,731.61,71.1,156,3.9,77.4
VL12646,LATAM,Cartagena,Bogotá,Colombia,Doméstica,Económica,2,Jueves,44,650,0,4,False,,50.73,88.4,159,3.2,78.8
VL10992,Volaris,Bogotá,Miami,Colombia,Internacional,Económica,2,Viernes,286,3800,6,9,False,,370.22,100.0,180,2.9,69.1
VL11141,LATAM,Ciudad Mx,Bogotá,México,Internacional,Económica,5,Jueves,240,3200,16,21,False,Aeropuerto,255.41,79.0,142,3.2,81.1
VL12857,LATAM,Bogotá,Medellín,Colombia,Doméstica,Económica,4,Jueves,67,580,0,0,False,,65.33,100.0,180,4.7,79.5
VL12177,LATAM,Cancún,Bogotá,México,Internacional,Ejecutiva,12,Domingo,298,3500,0,0,True,,608.75,79.6,175,2.7,79.9
VL11607,LATAM,Bogotá,Quito,Colombia,Internacional,Económica,9,Domingo,95,1000,15,14,False,,139.38,80.0,144,4.1,78.2
VL12484,Copa Airlines,Lima,Buenos Aires,Perú,Internacional,Ejecutiva,10,Martes,269,3100,0,11,False,,423.16,86.4,190,4.4,81.5
VL12333,Avianca,Buenos Aires,Lima,Argentina,Internacional,Económica,6,Sábado,226,3000,36,35,False,Tripulación,166.64,94.9,171,3.4,73.6
VL12889,Aeroméxico,Bogotá,Quito,Colombia,Internacional,Económica,3,Jueves,87,1000,462,409,False,Tripulación,118.93,74.9,135,2.0,76.7
VL11923,Sky Airline,Ciudad Mx,Bogotá,México,Internacional,Económica,9,Lunes,258,3200,0,17,False,,179.61,75.7,136,2.8,72.7
VL11861,Volaris,Cancún,Bogotá,México,Internacional,Económica,2,Miércoles,260,3500,0,6,False,,367.14,75.7,136,3.2,66.3
VL10914,Viva Air,Medellín,Ciudad Mx,Colombia,Internacional,Económica,1,Jueves,243,3400,9,6,False,,426.41,82.7,149,4.3,66.1
VL10538,Copa Airlines,Lima,Buenos Aires,Perú,Internacional,Económica,12,Lunes,268,3100,0,0,False,,409.63,84.7,152,4.2,81.5
VL10415,Aeroméxico,Lima,Buenos Aires,Perú,Internacional,Económica,2,Lunes,256,3100,0,4,False,,388.84,89.2,161,4.0,75.4
VL10918,Copa Airlines,Ciudad Mx,Miami,,Internacional,Económica,6,Lunes,178,2100,15,12,False,,253.88,71.4,129,2.7,82.9
VL10803,Viva Air,Santiago,São Paulo,Chile,Internacional,Económica,12,Sábado,217,2700,0,0,False,,160.59,84.9,153,4.7,65.3
VL10261,Aeroméxico,Cartagena,Bogotá,Colombia,Doméstica,Ejecutiva,3,Viernes,57,650,22,33,False,Operacional,172.17,87.1,192,4.3,74.6
VL12801,LATAM,Guadalajara,Ciudad Mx,México,Doméstica,Económica,4,Jueves,64,550,0,0,False,,49.26,79.6,143,5.0,76.5
VL10433,Aeroméxico,Ciudad Mx,Cancún,México,Doméstica,Económica,8,Miércoles,142,1600,0,17,False,,167.97,98.3,177,2.2,74.6
VL11162,Aeroméxico,Bogotá,Miami,Colombia,Internacional,Económica,2,Viernes,296,3800,7,7,False,,,70.6,127,2.9,77.6
VL12415,Avianca,Cartagena,Bogotá,Colombia,Doméstica,Económica,1,Miércoles,59,650,15,11,False,,69.41,85.4,154,4.2,72.2
VL10813,Copa Airlines,Guadalajara,Ciudad Mx,México,Doméstica,Ejecutiva,4,Sábado,55,550,0,0,False,,,82.4,181,4.8,82.7
VL11129,LATAM,Santiago,Lima,Chile,Internacional,Primera,6,Sábado,192,2400,0,1,False,,946.32,73.0,219,3.2,78.6
VL12575,LATAM,Cancún,Bogotá,México,Internacional,Económica,4,Martes,260,3500,0,16,False,,372.48,75.7,136,3.2,78.3
VL12711,Viva Air,Medellín,Ciudad Mx,Colombia,Internacional,Económica,6,Lunes,258,3400,1,0,False,,411.57,84.0,151,4.7,65.8
VL11195,LATAM,Lima,Santiago,Perú,Internacional,Económica,12,Domingo,193,2400,12,12,False,,131.94,80.1,144,3.2,76.9
VL12195,Volaris,Lima,Buenos Aires,Perú,Internacional,Económica,5,Miércoles,251,3100,0,0,False,,210.0,79.6,143,3.0,68.6
VL11629,Aeroméxico,Lima,Buenos Aires,Perú,Internacional,Ejecutiva,8,Viernes,222,3100,0,6,False,,476.68,66.3,146,,78.1
VL10583,Sky Airline,Bogotá,Miami,Colombia,Internacional,Económica,6,Martes,285,3800,16,25,False,Clima,475.28,85.6,154,4.2,72.9
VL12549,LATAM,Bogotá,Medellín,Colombia,Doméstica,Económica,5,Domingo,72,580,26,22,False,Clima,69.31,77.3,139,2.3,77.4
VL12839,Copa Airlines,Ciudad Mx,Bogotá,México,Internacional,Económica,11,Martes,264,3200,46,37,False,Aeropuerto,369.51,75.9,137,3.3,80.5
VL12330,Avianca,Santiago,Lima,Chile,Internacional,Ejecutiva,12,Sábado,199,2400,18,14,False,Tripulación,320.63,89.5,197,3.5,69.8
VL12618,Aeroméxico,Bogotá,Quito,Colombia,Internacional,Económica,1,Domingo,80,1000,0,0,False,,105.99,81.7,147,3.7,77.3
VL10019,Volaris,Bogotá,Miami,Colombia,Internacional,Económica,10,Sábado,259,3800,49,62,False,Clima,289.8,76.5,138,1.3,66.5
VL12493,Avianca,Ciudad Mx,Bogotá,México,Internacional,Ejecutiva,11,Sábado,297,3200,0,0,False,,417.14,91.7,202,5.0,72.3
VL12296,Aeroméxico,Santiago,Lima,Chile,Internacional,Económica,4,Jueves,215,2400,0,10,False,,222.37,72.9,131,3.9,75.5
VL11430,Copa Airlines,Lima,Buenos Aires,Perú,Internacional,Económica,9,Martes,233,3100,59,64,False,Clima,359.12,66.0,119,2.7,85.2
VL12034,LATAM,Santiago,São Paulo,Chile,Internacional,Ejecutiva,2,Sábado,226,2700,0,2,False,,484.91,76.2,168,1.0,76.7
VL10086,Aeroméxico,Buenos Aires,Lima,Argentina,Internacional,Ejecutiva,10,Jueves,277,3000,15,20,False,,752.07,100.0,220,4.8,74.4
VL10762,Aeroméxico,Santiago,Lima,Chile,Internacional,Económica,2,Domingo,197,2400,3,7,False,,193.37,91.6,165,3.8,73.9
VL11827,LATAM,Cartagena,Bogotá,Colombia,Doméstica,Económica,12,Domingo,56,650,0,0,False,,3054.867967141038,97.4,175,3.9,77.9
VL10102,Sky Airline,Bogotá,Miami,Colombia,Internacional,Económica,6,Miércoles,293,3800,0,0,False,,413.59,100.0,180,4.6,74.6
VL11436,Avianca,Bogotá,Miami,Colombia,Internacional,Económica,5,Miércoles,297,3800,0,0,False,,388.94,74.2,134,3.4,73.1
VL10069,Copa Airlines,Cartagena,Bogotá,Colombia,Doméstica,Económica,5,Martes,49,650,15,32,False,,42.14,77.2,139,4.2,82.6
VL11539,LATAM,Medellín,Ciudad Mx,Colombia,Internacional,Económica,6,Viernes,246,3400,0,9,False,,245.79,91.5,165,2.0,78.0
VL10414,Volaris,Cancún,Bogotá,México,Internacional,Económica,2,Jueves,257,3500,347,387,True,Aeropuerto,435.77,82.2,148,2.0,68.3
VL10832,Volaris,Ciudad Mx,Cancún,México,Doméstica,Económica,7,Martes,117,1600,0,0,True,,195.13,72.3,130,3.1,69.6
VL10435,Avianca,Buenos Aires,Lima,Argentina,Internacional,Económica,3,Miércoles,227,3000,0,4,False,,166.74,77.3,139,2.8,72.2
VL12855,Volaris,Medellín,Ciudad Mx,Colombia,Internacional,Económica,6,Martes,267,3400,0,12,False,,443.12,71.5,129,4.7,68.1
VL10928,Copa Airlines,Cancún,Bogotá,México,Internacional,Económica,10,Sábado,290,3500,40,53,False,Operacional,282.05,70.8,127,,83.2
VL10908,Aeroméxico,Santiago,Lima,Chile,Internacional,Ejecutiva,4,Martes,180,2400,0,0,False,,693.16,80.7,178,5.0,73.3
VL11885,Sky Airline,Lima,Buenos Aires,Perú,Internacional,Ejecutiva,12,Sábado,269,3100,8,7,False,,946.76,68.3,150,1.5,72.4
VL11263,Avianca,Lima,Buenos Aires,Perú,Internacional,Económica,6,Domingo,225,3100,0,2,False,,216.22,83.1,150,3.3,73.1
VL11888,LATAM,Buenos Aires,Lima,Argentina,Internacional,Económica,6,Sábado,227,3000,7,12,False,,211.29,66.2,119,4.1,78.8
VL11873,Avianca,Bogotá,Quito,Colombia,Internacional,Ejecutiva,1,Miércoles,97,1000,0,0,False,,230.1,69.7,153,4.4,71.6
VL12183,Viva Air,Bogotá,Miami,Colombia,Internacional,Primera,2,Viernes,322,3800,0,0,False,,1953.46,60.6,182,,63.6
VL12627,Avianca,Buenos Aires,Lima,Argentina,Internacional,Ejecutiva,7,Viernes,231,3000,39,36,False,Clima,802.59,57.1,126,4.0,73.9
VL12815,LATAM,Ciudad Mx,Miami,México,Internacional,Económica,8,Viernes,178,2100,12,4,False,,272.79,79.3,143,2.9,77.1
VL11277,Avianca,Cartagena,Bogotá,Colombia,Doméstica,Económica,4,Sábado,66,650,64,69,False,Clima,85.04,85.8,154,2.4,72.5
VL10862,Avianca,Medellín,Ciudad Mx,Colombia,Internacional,Primera,9,Domingo,288,3400,14,11,False,,1589.7,74.8,224,4.2,71.5
VL11127,Viva Air,Ciudad Mx,Bogotá,México,Internacional,Económica,8,Domingo,243,3200,0,0,False,,334.9,77.1,139,3.1,65.5
VL11623,Copa Airlines,Cartagena,Bogotá,,Doméstica,Económica,2,Domingo,59,650,7,6,False,,52.64,79.4,143,3.5,85.1
VL12570,Viva Air,Ciudad Mx,Bogotá,México,Internacional,Económica,11,Miércoles,265,3200,0,0,False,,304.61,70.9,128,3.3,64.5
VL11077,Avianca,Cancún,Bogotá,México,Internacional,Económica,11,Jueves,274,3500,0,0,False,,304.77,76.0,137,3.7,74.2
VL12317,Viva Air,Ciudad Mx,Bogotá,México,Internacional,Ejecutiva,9,Jueves,230,3200,0,0,False,,1167.25,67.0,147,3.8,63.3
VL12987,Viva Air,Medellín,Ciudad Mx,Colombia,Internacional,Primera,6,Martes,273,3400,19,17,False,Clima,1544.94,69.4,208,3.0,61.6
VL11711,Aeroméxico,Bogotá,Medellín,Colombia,Doméstica,Económica,8,Miércoles,40,580,0,4,False,,68.88,69.9,126,3.7,75.2
VL10857,Aeroméxico,Lima,Buenos Aires,Perú,Internacional,Económica,10,Viernes,256,3100,0,0,False,,232.07,68.7,124,4.0,75.5
VL10670,Avianca,Ciudad Mx,Cancún,México,Doméstica,Económica,10,Jueves,121,1600,16,11,False,Operacional,141.92,58.4,105,2.0,72.0
VL10821,Avianca,Bogotá,Medellín,Colombia,Doméstica,Económica,5,Sábado,56,580,0,11,False,,61.13,78.0,140,1.7,69.2
VL11482,Aeroméxico,Medellín,Ciudad Mx,Colombia,Internacional,Económica,2,Sábado,284,3400,0,3,False,,303.59,70.2,126,,76.2
VL12545,LATAM,Medellín,Ciudad Mx,Colombia,Internacional,Económica,2,Jueves,320,3400,0,16,False,,403.55,73.3,132,4.9,80.6
VL10030,LATAM,Santiago,São Paulo,Chile,Internacional,Económica,8,Jueves,203,2700,0,0,False,,323.63,52.5,94,2.2,77.6
VL11684,Volaris,Ciudad Mx,Cancún,México,Doméstica,Económica,7,Jueves,140,1600,0,0,False,,167.07,80.5,145,4.0,67.5
VL12682,Sky Airline,Bogotá,Medellín,Colombia,Doméstica,Económica,4,Viernes,66,580,0,2,False,,65.5,77.5,140,1.9,74.3
VL12853,Sky Airline,Guadalajara,Ciudad Mx,México,Doméstica,Económica,1,Sábado,48,550,0,0,False,,30.0,69.4,125,4.4,74.0
VL11652,Aeroméxico,Santiago,Lima,Chile,Internacional,Económica,9,Domingo,188,2400,18,10,False,Clima,271.21,87.2,157,3.1,74.0
VL10207,Volaris,Cancún,Bogotá,México,Internacional,Económica,9,Sábado,267,3500,0,5,False,,412.56,73.9,133,3.4,70.6
VL10748,Aeroméxico,Guadalajara,Ciudad Mx,México,Doméstica,Primera,3,Lunes,71,550,0,0,False,,119.23,80.7,242,4.2,75.9
VL11904,Viva Air,Ciudad Mx,Miami,México,Internacional,Económica,11,Viernes,169,2100,47,52,False,Mecánico,185.64,84.3,152,2.0,66.7
VL12357,Viva Air,Bogotá,Medellín,Colombia,Doméstica,Económica,8,Domingo,77,580,0,11,False,,,84.2,152,4.2,67.1
VL12652,LATAM,Ciudad Mx,Bogotá,México,Internacional,Económica,11,Lunes,245,3200,9,18,False,,276.37,82.7,149,2.4,78.2
VL10360,Volaris,Ciudad Mx,Bogotá,México,Internacional,Económica,12,Viernes,266,3200,16,17,False,Clima,262.11,78.7,142,3.2,66.7
VL10763,Avianca,Ciudad Mx,Miami,México,Internacional,Económica,9,Domingo,177,2100,0,9,False,,202.7,61.3,110,4.1,70.1
VL11331,LATAM,Buenos Aires,Lima,Argentina,Internacional,Ejecutiva,1,Viernes,268,3000,0,6,False,,592.1,54.6,120,2.7,77.4
VL12705,Avianca,Bogotá,Quito,,Internacional,Económica,12,Viernes,100,1000,0,0,False,,,56.0,101,3.4,76.0
VL12938,Avianca,Guadalajara,Ciudad Mx,México,Doméstica,Económica,3,Lunes,51,550,0,13,False,,98.9,100.0,180,3.3,74.2
VL12564,Viva Air,Ciudad Mx,Bogotá,México,Internacional,Económica,9,Sábado,246,3200,0,0,False,,400.69,89.8,162,3.4,64.2
VL10767,Aeroméxico,Lima,Santiago,Perú,Internacional,Económica,12,Sábado,190,2400,11,7,False,,211.19,83.1,150,4.2,74.3
VL11740,Volaris,Bogotá,Quito,Colombia,Internacional,Económica,9,Martes,85,1000,0,0,False,,56.32,69.7,125,4.2,70.0
VL10562,LATAM,Ciudad Mx,Cancún,México,Doméstica,Económica,4,Sábado,135,1600,0,0,False,,95.2,81.8,147,4.5,77.3
VL11884,LATAM,Ciudad Mx,Cancún,México,Doméstica,Económica,6,Viernes,142,1600,0,0,False,,140.34,83.9,151,4.9,80.3
VL10544,Sky Airline,Santiago,São Paulo,Chile,Internacional,Económica,3,Miércoles,233,2700,75,92,False,Tripulación,322.13,76.2,137,1.7,74.3
VL12136,Copa Airlines,Bogotá,Medellín,Colombia,Doméstica,Económica,2,Miércoles,61,580,7,10,False,,73.38,77.8,140,3.3,79.9
VL11040,Sky Airline,Medellín,Ciudad Mx,Colombia,Internacional,Ejecutiva,6,Domingo,295,3400,2,0,False,,924.43,63.0,139,4.0,73.4
VL10725,Viva Air,Bogotá,Quito,Colombia,Internacional,Económica,9,Domingo,87,1000,0,6,False,,100.84,74.3,134,1.9,65.6
VL12433,LATAM,Bogotá,Miami,Colombia,Internacional,Ejecutiva,4,Jueves,282,3800,0,0,False,,1196.11,75.2,165,4.3,77.1
VL12496,Aeroméxico,Santiago,São Paulo,Chile,Internacional,Primera,1,Lunes,228,2700,0,0,False,,1538.56,90.9,273,4.6,75.4
VL12832,Volaris,Ciudad Mx,Cancún,México,Doméstica,Ejecutiva,3,Sábado,133,1600,0,1,False,,338.92,82.1,181,3.1,69.9
VL10221,LATAM,Santiago,São Paulo,Chile,Internacional,Económica,9,Viernes,221,2700,59,79,False,Aeropuerto,272.59,64.4,116,3.2,78.3
VL10329,Copa Airlines,Santiago,Lima,Chile,Internacional,Económica,3,Sábado,242,2400,0,0,False,,158.42,88.5,159,3.6,82.5
VL12722,Volaris,Ciudad Mx,Miami,México,Internacional,Económica,5,Viernes,203,2100,0,12,False,,203.84,56.1,101,2.5,68.3
VL12283,Sky Airline,Bogotá,Medellín,Colombia,Doméstica,Económica,6,Lunes,58,580,61,56,False,Operacional,60.46,91.7,165,2.4,75.6
VL10930,Viva Air,Ciudad Mx,Cancún,México,Doméstica,Económica,8,Sábado,128,1600,78,96,False,Clima,131.51,84.7,152,3.5,63.7
VL12241,Aeroméxico,Bogotá,Medellín,Colombia,Doméstica,Económica,9,Domingo,59,580,11,7,False,,63.51,91.9,165,3.4,71.5
VL10432,Volaris,Santiago,São Paulo,Chile,Internacional,Ejecutiva,11,Sábado,216,2700,68,90,False,Clima,627.68,72.3,159,,68.3
VL11374,Aeroméxico,Santiago,Lima,Chile,Internacional,Económica,5,Domingo,197,2400,0,0,False,,335.34,80.1,144,2.7,72.5
VL12683,LATAM,Ciudad Mx,Bogotá,México,Internacional,Económica,9,Miércoles,246,3200,26,25,False,Aeropuerto,325.29,67.6,122,3.1,77.3
VL11831,Volaris,Santiago,São Paulo,Chile,Internacional,Económica,10,Martes,235,2700,12,14,False,,360.85,98.8,178,4.3,67.6
VL12748,Viva Air,Bogotá,Quito,Colombia,Internacional,Económica,12,Miércoles,86,1000,0,0,False,,50.21,86.2,155,4.1,62.7
VL12326,LATAM,Bogotá,Quito,Colombia,Internacional,Económica,2,Jueves,94,1000,0,0,True,,105.98,73.0,131,3.7,78.8
VL10124,Volaris,Santiago,Lima,Chile,Internacional,Ejecutiva,7,Jueves,194,2400,31,31,False,Aeropuerto,585.87,77.0,169,4.3,69.6
VL10912,LATAM,Cancún,Bogotá,México,Internacional,Económica,8,Lunes,258,3500,32,37,False,Operacional,316.82,48.9,88,2.9,79.7
VL12592,LATAM,Santiago,São Paulo,Chile,Internacional,Económica,1,Miércoles,215,2700,0,0,False,,181.08,78.8,142,3.6,79.2
VL10573,Viva Air,Cancún,Bogotá,México,Internacional,Ejecutiva,5,Lunes,262,3500,0,0,False,,1119.89,73.0,161,5.0,66.3
VL10495,LATAM,Ciudad Mx,Bogotá,México,Internacional,Económica,8,Jueves,270,3200,33,24,False,Tripulación,322.43,82.3,148,3.8,76.9
VL12739,Aeroméxico,Bogotá,Medellín,Colombia,Doméstica,Económica,10,Miércoles,63,580,0,7,False,,61.25,68.7,124,3.7,72.4
VL12130,Aeroméxico,Ciudad Mx,Cancún,México,Doméstica,Ejecutiva,10,Sábado,126,1600,11,0,False,,360.23,89.1,196,3.5,75.9
VL11995,Sky Airline,Cancún,Bogotá,México,Internacional,Económica,7,Jueves,280,3500,0,0,False,,301.82,80.5,145,3.8,74.9
VL11693,Aeroméxico,Ciudad Mx,Cancún,México,Doméstica,Económica,2,Martes,148,1600,485,410,False,Aeropuerto,216.64,55.2,99,1.8,75.4
VL12560,Avianca,Ciudad Mx,Miami,México,Internacional,Económica,8,Jueves,154,2100,19,16,False,Aeropuerto,283.97,82.9,149,,69.8
VL10999,LATAM,Lima,Buenos Aires,Perú,Internacional,Económica,2,Martes,260,3100,63,68,False,Mecánico,412.07,75.0,135,1.6,76.4
VL12821,Aeroméxico,Santiago,Lima,Chile,Internacional,Primera,6,Sábado,198,2400,0,10,False,,1148.31,71.2,214,3.3,76.1
VL12658,Viva Air,Santiago,Lima,Chile,Internacional,Económica,1,Jueves,179,2400,0,0,False,,317.17,85.5,154,3.8,67.2
VL12139,Viva Air,Lima,Santiago,Perú,Internacional,Económica,11,Domingo,184,2400,0,0,False,,206.56,71.9,129,3.7,63.5
VL12645,Avianca,Ciudad Mx,Bogotá,México,Internacional,Económica,4,Lunes,265,3200,3,0,False,,349.7,68.6,123,3.3,72.5
VL12833,Aeroméxico,Bogotá,Miami,Colombia,Internacional,Económica,7,Domingo,297,3800,0,0,False,,532.95,93.2,168,4.0,78.1
VL11170,LATAM,Santiago,São Paulo,Chile,Internacional,Económica,6,Viernes,224,2700,0,0,False,,189.67,87.7,158,3.6,80.7
VL12266,Avianca,Santiago,São Paulo,Chile,Internacional,Económica,4,Sábado,218,2700,33,47,False,Operacional,183.85,74.5,134,4.6,72.0
VL11169,LATAM,Bogotá,Miami,Colombia,Internacional,Económica,6,Jueves,278,3800,8,16,False,,345.46,79.1,142,4.9,78.6
VL10972,Avianca,Buenos Aires,Lima,Argentina,Internacional,Económica,9,Domingo,256,3000,45,52,False,Clima,286.11,57.6,104,1.9,73.6
VL11353,Viva Air,Buenos Aires,Lima,Argentina,Internacional,Económica,7,Sábado,237,3000,0,6,False,,273.54,66.2,119,4.1,65.7
VL10776,Volaris,Santiago,Lima,Chile,Internacional,Ejecutiva,7,Viernes,190,2400,17,26,False,Aeropuerto,768.65,76.1,167,4.9,69.5
VL12942,LATAM,Bogotá,Miami,Colombia,Internacional,Ejecutiva,5,Miércoles,309,3800,15,4,False,,747.74,68.1,150,,77.1
VL11007,Aeroméxico,Bogotá,Quito,Colombia,Internacional,Económica,6,Viernes,84,1000,0,0,False,,63.23,95.2,171,5.0,74.9
VL12297,Copa Airlines,Bogotá,Medellín,Colombia,Doméstica,Económica,9,Martes,55,580,0,0,False,,39.82,99.4,179,4.6,81.8
VL12189,Avianca,Cancún,Bogotá,México,Internacional,Económica,4,Viernes,251,3500,10,0,False,,455.74,72.6,131,3.8,72.8
VL10976,Avianca,Santiago,São Paulo,Chile,Internacional,Ejecutiva,4,Viernes,204,2700,0,0,False,,808.49,96.3,212,4.0,72.0
VL10900,Aeroméxico,Santiago,Lima,Chile,Internacional,Económica,8,Lunes,178,2400,0,0,False,,259.64,81.1,146,4.3,76.0
VL10994,Aeroméxico,Ciudad Mx,Bogotá,México,Internacional,Ejecutiva,12,Martes,249,3200,48,55,False,Tripulación,966.56,75.0,165,4.4,73.0
VL12018,Aeroméxico,Bogotá,Medellín,Colombia,Doméstica,Económica,3,Jueves,49,580,0,7,False,,65.14,65.5,118,3.8,76.9
VL12185,Viva Air,Guadalajara,Ciudad Mx,México,Doméstica,Económica,6,Domingo,60,550,0,0,False,,30.66,74.6,134,5.0,64.5
VL10798,LATAM,Buenos Aires,Lima,Argentina,Internacional,Económica,3,Jueves,233,3000,18,16,False,Clima,281.84,85.0,153,3.8,78.9
VL11411,LATAM,Ciudad Mx,Cancún,México,Doméstica,Económica,9,Sábado,150,1600,16,22,False,Clima,164.04,85.6,154,3.0,78.6
VL12556,LATAM,Medellín,Ciudad Mx,Colombia,Internacional,Económica,11,Domingo,270,3400,26,17,False,Operacional,262.64,74.0,133,3.4,79.2
VL11300,LATAM,Bogotá,Medellín,Colombia,Doméstica,Económica,7,Domingo,63,580,35,25,False,Aeropuerto,32.02,88.2,159,3.9,77.5
VL11793,Avianca,Cancún,Bogotá,México,Internacional,Económica,3,Martes,259,3500,0,0,False,,220.97,89.0,160,4.8,69.7
VL11416,Aeroméxico,Bogotá,Medellín,Colombia,Doméstica,Económica,12,Sábado,54,580,27,20,False,Operacional,89.91,75.7,136,2.5,75.0
VL10083,Copa Airlines,Bogotá,Medellín,Colombia,Doméstica,Económica,11,Sábado,71,580,41,39,False,Clima,36.09,88.1,159,3.1,81.1
VL10942,LATAM,Cancún,Bogotá,México,Internacional,Económica,9,Lunes,293,3500,7,0,False,,389.17,76.4,138,3.8,77.9
VL11990,Viva Air,Ciudad Mx,Miami,México,Internacional,Económica,3,Sábado,165,2100,6,9,False,,172.31,59.6,107,3.7,64.1
VL12666,Copa Airlines,Ciudad Mx,Cancún,México,Doméstica,Económica,2,Viernes,132,1600,0,13,False,,92.43,81.0,146,1.8,82.5
VL11380,LATAM,Ciudad Mx,Cancún,México,Doméstica,Económica,8,Sábado,121,1600,0,0,False,,217.25,75.8,136,4.5,78.5
VL11963,Volaris,Ciudad Mx,Bogotá,México,Internacional,Económica,12,Jueves,250,3200,6,1,False,,233.43,89.9,162,3.3,67.8
VL10074,Copa Airlines,Buenos Aires,Lima,Argentina,Internacional,Económica,10,Jueves,197,3000,0,0,False,,289.1,50.4,91,4.0,82.5
VL12702,Aeroméxico,Ciudad Mx,Cancún,México,Doméstica,Económica,11,Lunes,132,1600,0,0,False,,2553.719311669175,86.9,156,2.4,74.0
VL11147,Aeroméxico,Cancún,Bogotá,México,Internacional,Económica,1,Viernes,271,3500,0,0,False,,301.58,81.4,147,4.8,76.1
VL11790,LATAM,Ciudad Mx,Cancún,México,Doméstica,Económica,2,Sábado,108,1600,0,7,False,,134.79,100.0,180,2.7,77.1
VL10730,LATAM,Ciudad Mx,Cancún,México,Doméstica,Económica,6,Martes,133,1600,0,0,False,,221.2,88.7,160,3.2,77.0
VL10038,LATAM,Cancún,Bogotá,México,Internacional,Económica,2,Sábado,286,3500,0,0,False,,269.71,78.5,141,3.2,78.6
VL11828,Avianca,Ciudad Mx,Miami,México,Internacional,Económica,5,Domingo,169,2100,0,9,False,,147.7,84.9,153,2.1,71.8
VL10680,Volaris,Bogotá,Quito,Colombia,Internacional,Económica,12,Viernes,89,1000,2,0,False,,61.77,75.5,136,4.5,68.6
VL10929,LATAM,Santiago,Lima,Chile,Internacional,Económica,1,Domingo,192,2400,0,6,False,,307.7,74.6,134,3.0,77.4
VL10852,Copa Airlines,Santiago,Lima,Chile,Internacional,Ejecutiva,1,Lunes,185,2400,11,32,False,,661.42,68.9,152,3.5,80.8
VL10548,Avianca,Medellín,Ciudad Mx,Colombia,Internacional,Económica,2,Viernes,268,3400,6,12,False,,356.91,82.3,148,4.2,67.9
VL10032,Volaris,Bogotá,Medellín,Colombia,Doméstica,Ejecutiva,5,Jueves,63,580,0,0,False,,120.51,68.9,152,4.7,70.0
VL12142,Copa Airlines,Buenos Aires,Lima,Argentina,Internacional,Económica,5,Martes,249,3000,0,9,False,,239.68,72.9,131,3.0,83.7
VL11177,Volaris,Ciudad Mx,Cancún,México,Doméstica,Ejecutiva,7,Jueves,138,1600,0,0,False,,338.0,84.0,185,3.9,69.5
VL12893,LATAM,Cancún,Bogotá,México,Internacional,Económica,4,Viernes,298,3500,21,7,False,Tripulación,356.71,67.7,122,4.1,78.3
VL11780,LATAM,Bogotá,Medellín,Colombia,Doméstica,Económica,6,Domingo,48,580,92,90,False,Tripulación,58.26,86.1,155,2.2,76.2
VL10203,Sky Airline,Lima,Santiago,Perú,Internacional,Económica,8,Viernes,170,2400,30,33,False,Operacional,4166.1991157641105,78.4,141,2.7,74.9
VL11215,Volaris,Santiago,Lima,Chile,Internacional,Económica,1,Sábado,167,2400,4,0,False,,289.17,80.3,145,3.4,68.1
VL11858,Sky Airline,Bogotá,Quito,Colombia,Internacional,Económica,1,Sábado,101,1000,0,0,False,,60.87,74.1,133,3.9,72.9
VL10113,LATAM,Bogotá,Quito,Colombia,Internacional,Económica,7,Jueves,95,1000,0,2,False,,64.08,86.7,156,1.9,76.8
VL12334,Viva Air,Ciudad Mx,Cancún,México,Doméstica,Ejecutiva,9,Martes,141,1600,1,0,False,,414.98,77.7,171,4.8,65.5
VL12084,LATAM,Medellín,Ciudad Mx,Colombia,Internacional,Económica,7,Sábado,258,3400,12,14,False,,,83.7,151,1.9,75.6
VL10873,Volaris,Ciudad Mx,Bogotá,México,Internacional,Económica,10,Martes,262,3200,0,0,False,,373.25,75.7,136,2.6,68.7
VL11660,Aeroméxico,Santiago,São Paulo,Chile,Internacional,Económica,6,Viernes,204,2700,75,85,False,Mecánico,331.12,96.6,174,2.2,73.9
VL12323,Viva Air,Bogotá,Miami,Colombia,Internacional,Económica,1,Lunes,288,3800,432,378,True,Tripulación,446.6,81.9,147,3.0,68.0
VL12959,Volaris,Bogotá,Quito,Colombia,Internacional,Ejecutiva,3,Domingo,79,1000,67,61,False,Aeropuerto,388.87,79.5,175,2.5,68.0
VL11725,LATAM,Bogotá,Medellín,Colombia,Doméstica,Económica,4,Jueves,66,580,0,4,False,,30.5,84.9,153,2.4,78.3
VL11949,Sky Airline,Lima,Buenos Aires,Perú,Internacional,Económica,10,Domingo,257,3100,7,8,False,,321.54,97.3,175,4.0,71.6
VL10175,LATAM,Ciudad Mx,Cancún,México,Doméstica,Económica,7,Martes,135,1600,0,7,False,,144.83,80.0,144,3.7,79.5
VL10412,LATAM,Guadalajara,Ciudad Mx,México,Doméstica,Ejecutiva,1,Sábado,55,550,0,0,False,,126.56,77.2,170,4.7,78.6
VL12164,LATAM,Lima,Buenos Aires,Perú,Internacional,Económica,10,Miércoles,251,3100,15,14,False,,281.43,66.5,120,3.0,80.0
VL12644,Copa Airlines,Bogotá,Medellín,Colombia,Doméstica,Económica,1,Miércoles,61,580,0,0,False,,,66.4,120,4.8,81.7
VL12473,Copa Airlines,Buenos Aires,Lima,Argentina,Internacional,Económica,2,Jueves,235,3000,13,5,False,,280.71,80.0,144,,83.9
VL10023,Avianca,Ciudad Mx,Bogotá,México,Internacional,Económica,11,Miércoles,270,3200,0,6,False,,328.24,60.2,108,3.5,71.8
VL11853,Avianca,Bogotá,Quito,Colombia,Internacional,Económica,11,Sábado,88,1000,0,0,False,,128.69,74.7,134,5.0,70.8
VL11191,Sky Airline,Santiago,São Paulo,Chile,Internacional,Económica,3,Miércoles,217,2700,2,0,False,,247.32,86.8,156,5.0,72.8
VL10697,Copa Airlines,Santiago,São Paulo,Chile,Internacional,Económica,6,Sábado,218,2700,34,18,False,Operacional,227.64,73.7,133,,83.8
VL10983,Avianca,Bogotá,Medellín,Colombia,Doméstica,Ejecutiva,8,Domingo,57,580,23,15,False,Clima,142.13,68.5,151,3.1,72.3
VL12335,Viva Air,Ciudad Mx,Bogotá,México,Internacional,Económica,11,Viernes,279,3200,0,8,False,,241.84,65.0,117,2.6,64.0
VL10026,Viva Air,Santiago,Lima,Chile,Internacional,Ejecutiva,11,Viernes,200,2400,0,7,False,,547.98,80.0,176,4.8,63.4
VL10420,Volaris,Ciudad Mx,Miami,México,Internacional,Primera,10,Domingo,155,2100,0,0,False,,829.94,80.8,242,5.0,67.7
VL10602,LATAM,Ciudad Mx,Cancún,,Doméstica,Económica,8,Martes,136,1600,4,0,False,,153.45,94.9,171,4.1,77.8
VL10515,Viva Air,Bogotá,Medellín,Colombia,Doméstica,Económica,3,Martes,62,580,9,14,False,,69.17,79.3,143,2.1,67.5
VL12085,Aeroméxico,Medellín,Ciudad Mx,Colombia,Internacional,Económica,6,Jueves,264,3400,0,0,False,,,55.5,100,,74.0
VL12675,LATAM,Bogotá,Miami,Colombia,Internacional,Económica,1,Martes,317,3800,0,0,False,,491.4,94.9,171,4.4,78.4
VL12746,Copa Airlines,Santiago,São Paulo,Chile,Internacional,Económica,3,Lunes,215,2700,0,12,False,,302.41,81.0,146,1.2,84.2
VL11889,Copa Airlines,Cartagena,Bogotá,Colombia,Doméstica,Económica,2,Lunes,83,650,37,41,False,Tripulación,73.83,71.3,128,4.4,83.3
VL11290,Aeroméxico,Ciudad Mx,Bogotá,México,Internacional,Ejecutiva,12,Viernes,260,3200,0,10,False,,1032.81,83.8,184,2.5,78.0
VL11792,LATAM,Medellín,Ciudad Mx,Colombia,Internacional,Económica,3,Sábado,247,3400,10,11,False,,325.77,75.3,136,3.3,77.1
VL10794,LATAM,Bogotá,Medellín,Colombia,Doméstica,Económica,7,Viernes,72,580,0,2,False,,90.0,93.2,168,4.0,77.1
VL12429,Volaris,Lima,Santiago,Perú,Internacional,Económica,12,Viernes,181,2400,0,0,False,,288.54,76.3,137,2.6,68.8
VL11891,LATAM,Ciudad Mx,Bogotá,México,Internacional,Económica,4,Lunes,249,3200,40,40,False,Mecánico,215.5,74.9,135,,80.5
VL12835,Copa Airlines,Guadalajara,Ciudad Mx,México,Doméstica,Económica,10,Lunes,64,550,4,0,False,,59.95,81.0,146,4.9,80.6
VL10757,Avianca,Medellín,Ciudad Mx,Colombia,Internacional,Económica,2,Domingo,268,3400,51,62,False,Operacional,370.61,80.1,144,1.7,69.7
VL10582,Avianca,Medellín,Ciudad Mx,Colombia,Internacional,Ejecutiva,3,Martes,278,3400,20,9,False,Operacional,547.93,91.0,200,3.0,72.6
VL11843,LATAM,Santiago,São Paulo,Chile,Internacional,Económica,12,Miércoles,220,2700,0,5,False,,253.76,66.2,119,3.6,78.2
VL10943,Avianca,Bogotá,Quito,Colombia,Internacional,Económica,4,Sábado,78,1000,0,0,False,,83.09,83.0,149,4.8,72.4
VL10778,Copa Airlines,Buenos Aires,Lima,Argentina,Internacional,Primera,6,Jueves,222,3000,0,0,False,,1356.99,78.9,237,3.9,82.3
VL12676,Aeroméxico,Ciudad Mx,Bogotá,México,Internacional,Económica,5,Miércoles,275,3200,0,2,False,,289.02,88.0,158,3.8,76.9
VL12379,Avianca,Ciudad Mx,Miami,México,Internacional,Económica,8,Martes,172,2100,0,0,False,,199.93,96.3,173,2.8,71.9
VL11593,Avianca,Ciudad Mx,Cancún,México,Doméstica,Ejecutiva,10,Miércoles,114,1600,0,0,False,,239.55,79.1,174,5.0,72.2
VL10910,LATAM,Santiago,São Paulo,Chile,Internacional,Económica,10,Miércoles,228,2700,11,0,False,,361.52,76.2,137,4.7,79.6
VL11618,Avianca,Santiago,São Paulo,Chile,Internacional,Primera,9,Martes,208,2700,0,5,False,,,72.9,219,3.9,71.3
VL12819,Aeroméxico,Ciudad Mx,Bogotá,México,Internacional,Económica,12,Miércoles,248,3200,0,0,False,,318.72,75.1,135,4.1,74.4
VL11777,Avianca,Lima,Buenos Aires,Perú,Internacional,Ejecutiva,1,Sábado,262,3100,74,82,False,Clima,530.23,70.5,155,3.8,70.1
VL10728,LATAM,Santiago,Lima,Chile,Internacional,Primera,9,Martes,204,2400,24,16,False,Tripulación,975.07,65.5,196,3.9,79.3
VL11235,Avianca,Ciudad Mx,Bogotá,México,Internacional,Económica,1,Viernes,269,3200,0,0,False,,221.11,85.2,153,3.7,71.5
VL10853,Viva Air,Lima,Santiago,Perú,Internacional,Ejecutiva,3,Viernes,196,2400,0,2,False,,542.49,74.8,165,3.6,65.7
VL10501,Volaris,Medellín,Ciudad Mx,Colombia,Internacional,Económica,8,Sábado,273,3400,0,0,False,,435.44,67.7,122,4.3,68.3
VL10259,Sky Airline,Ciudad Mx,Cancún,México,Doméstica,Económica,1,Martes,128,1600,0,0,False,,124.4,66.7,120,4.1,75.2
VL12088,Aeroméxico,Bogotá,Quito,Colombia,Internacional,Económica,12,Jueves,85,1000,0,0,False,,61.99,80.0,144,4.8,76.0
VL12887,Sky Airline,Ciudad Mx,Bogotá,México,Internacional,Económica,7,Miércoles,252,3200,0,1,False,,258.24,75.8,136,2.7,74.9
VL12262,Aeroméxico,Lima,Santiago,Perú,Internacional,Ejecutiva,7,Viernes,206,2400,3,8,False,,466.22,100.0,220,3.9,76.2
VL10195,Aeroméxico,Ciudad Mx,Bogotá,,Internacional,Económica,2,Lunes,245,3200,0,0,False,,362.31,100.0,180,4.4,73.1
VL12958,Volaris,Bogotá,Miami,Colombia,Internacional,Económica,10,Viernes,324,3800,0,0,False,,330.71,100.0,180,5.0,67.3
VL11058,Sky Airline,Lima,Buenos Aires,Perú,Internacional,Ejecutiva,10,Viernes,267,3100,4,11,False,,536.31,100.0,220,2.8,75.2
VL11823,Avianca,Ciudad Mx,Miami,México,Internacional,Ejecutiva,3,Martes,173,2100,0,0,False,,698.18,58.5,129,4.9,71.3
VL10342,Copa Airlines,Ciudad Mx,Cancún,México,Doméstica,Económica,10,Domingo,124,1600,0,4,False,,172.8,71.2,128,4.0,82.0
VL11930,Aeroméxico,Santiago,São Paulo,Chile,Internacional,Ejecutiva,3,Domingo,194,2700,0,8,False,,566.35,79.4,175,2.9,74.1
VL10258,Avianca,Santiago,São Paulo,Chile,Internacional,Ejecutiva,2,Sábado,220,2700,0,0,False,,660.99,82.7,182,5.0,71.5
VL11911,Aeroméxico,Lima,Santiago,Perú,Internacional,Económica,8,Sábado,212,2400,0,4,False,,168.91,95.4,172,2.8,75.3
VL11414,Aeroméxico,Medellín,Ciudad Mx,Colombia,Internacional,Económica,2,Domingo,266,3400,29,21,False,Aeropuerto,,87.3,157,3.3,75.5
VL12062,Aeroméxico,Bogotá,Quito,Colombia,Internacional,Primera,2,Domingo,79,1000,0,1,False,,601.63,97.9,294,4.6,73.7
VL11295,Avianca,Santiago,Lima,Chile,Internacional,Primera,6,Domingo,197,2400,14,6,False,,922.13,88.1,264,3.1,70.3
VL12730,Volaris,Ciudad Mx,Miami,México,Internacional,Económica,7,Sábado,166,2100,0,0,False,,204.44,69.8,126,5.0,68.9
VL11535,Copa Airlines,Ciudad Mx,Cancún,México,Doméstica,Económica,9,Jueves,130,1600,0,2,False,,90.4,100.0,180,2.3,82.3
VL11882,Volaris,Cancún,Bogotá,México,Internacional,Económica,2,Jueves,289,3500,2,0,False,,403.11,58.9,106,3.6,70.4
VL11298,Aeroméxico,Cancún,Bogotá,México,Internacional,Económica,11,Lunes,260,3500,1,0,False,,290.43,77.6,140,4.5,74.4
VL11745,LATAM,Lima,Buenos Aires,Perú,Internacional,Económica,3,Viernes,258,3100,52,46,False,Clima,301.55,65.7,118,3.8,77.9
VL11095,Aeroméxico,Ciudad Mx,Cancún,México,Doméstica,Económica,1,Jueves,137,1600,0,13,False,,202.6,71.5,129,2.8,75.6
VL10472,Copa Airlines,Bogotá,Medellín,Colombia,Doméstica,Económica,12,Domingo,63,580,0,0,False,,59.44,100.0,180,5.0,82.7
VL11814,Volaris,Bogotá,Medellín,Colombia,Doméstica,Económica,9,Sábado,52,580,0,4,False,,76.15,76.1,137,3.2,69.3
VL10309,Aeroméxico,Bogotá,Miami,Colombia,Internacional,Ejecutiva,1,Jueves,313,3800,0,5,False,,730.29,74.1,163,3.0,75.1
VL10524,LATAM,Bogotá,Quito,Colombia,Internacional,Económica,8,Lunes,83,1000,0,0,False,,96.22,72.0,130,4.9,79.5
VL11325,Viva Air,Bogotá,Miami,Colombia,Internacional,Económica,12,Miércoles,271,3800,63,73,False,Operacional,383.36,54.1,97,3.2,66.9
VL12633,LATAM,Ciudad Mx,Cancún,México,Doméstica,Económica,1,Domingo,156,1600,25,22,False,Clima,200.94,74.0,133,3.1,77.1
VL12209,LATAM,Guadalajara,Ciudad Mx,México,Doméstica,Económica,9,Jueves,66,550,0,0,False,,65.91,69.0,124,4.4,80.0
VL12595,Aeroméxico,Ciudad Mx,Miami,México,Internacional,Económica,4,Sábado,198,2100,0,5,False,,254.67,74.0,133,1.9,75.6
VL10865,Avianca,Santiago,São Paulo,Chile,Internacional,Económica,8,Lunes,229,2700,0,13,True,,281.1,61.8,111,3.0,72.7
VL10396,Volaris,Lima,Santiago,Perú,Internacional,Económica,6,Lunes,199,2400,2,4,False,,173.68,84.4,152,4.8,66.5
VL10965,Volaris,Ciudad Mx,Bogotá,México,Internacional,Económica,5,Viernes,252,3200,288,238,False,Aeropuerto,370.32,64.6,116,3.6,69.5
VL10625,Avianca,Ciudad Mx,Bogotá,México,Internacional,Económica,4,Miércoles,249,3200,12,15,False,,199.11,96.8,174,4.7,74.2
VL12292,LATAM,Santiago,Lima,Chile,Internacional,Económica,12,Viernes,195,2400,0,0,False,,222.59,59.9,108,4.4,77.1
VL11675,Sky Airline,Bogotá,Miami,Colombia,Internacional,Económica,10,Sábado,298,3800,0,0,False,,285.95,66.1,119,4.1,74.5
VL12879,Aeroméxico,Santiago,Lima,Chile,Internacional,Económica,6,Domingo,207,2400,0,9,False,,327.51,98.6,177,2.6,75.1
VL12563,Avianca,Bogotá,Medellín,Colombia,Doméstica,Ejecutiva,6,Jueves,64,580,0,0,False,,92.77,74.8,165,2.1,72.4
VL12101,Aeroméxico,Medellín,Ciudad Mx,Colombia,Internacional,Primera,4,Domingo,280,3400,0,5,False,,1024.01,79.0,237,2.7,76.3
VL12030,Avianca,Santiago,Lima,Chile,Internacional,Económica,9,Miércoles,191,2400,0,0,False,,265.79,80.3,145,4.5,72.3
VL10894,Volaris,Cancún,Bogotá,México,Internacional,Económica,10,Sábado,310,3500,0,5,False,,291.28,73.3,132,4.8,69.7
VL10457,Copa Airlines,Lima,Buenos Aires,Perú,Internacional,Económica,3,Domingo,230,3100,0,0,False,,325.12,67.0,121,,82.9
VL10872,LATAM,Cancún,Bogotá,México,Internacional,Económica,3,Miércoles,274,3500,4,12,False,,293.34,78.1,141,3.7,79.7
VL11146,LATAM,Ciudad Mx,Miami,México,Internacional,Ejecutiva,8,Sábado,171,2100,19,17,False,Tripulación,428.66,55.5,122,3.1,78.9
VL11046,Avianca,Santiago,Lima,Chile,Internacional,Ejecutiva,9,Miércoles,181,2400,38,40,False,Aeropuerto,441.72,52.8,116,3.4,71.0
VL12432,Copa Airlines,Cartagena,Bogotá,Colombia,Doméstica,Económica,1,Domingo,72,650,0,4,False,,109.38,66.9,120,2.7,82.8
VL11916,Avianca,Lima,Santiago,Perú,Internacional,Económica,10,Lunes,193,2400,0,13,False,,273.26,76.0,137,2.9,74.6
VL10192,Viva Air,Lima,Santiago,Perú,Internacional,Ejecutiva,3,Domingo,220,2400,4,8,False,,755.51,79.6,175,3.4,64.0
VL12544,Copa Airlines,Bogotá,Medellín,Colombia,Doméstica,Económica,10,Jueves,53,580,28,32,False,Clima,50.85,97.9,176,3.5,80.1
VL12187,Avianca,Ciudad Mx,Miami,México,Internacional,Ejecutiva,11,Sábado,169,2100,18,27,False,Clima,482.43,84.3,185,3.9,72.7
VL10362,Copa Airlines,Lima,Buenos Aires,Perú,Internacional,Económica,3,Jueves,227,3100,0,2,False,,333.76,84.0,151,2.1,82.4
VL11253,Aeroméxico,Ciudad Mx,Cancún,México,Doméstica,Ejecutiva,10,Jueves,129,1600,64,61,False,Aeropuerto,234.78,86.1,189,2.6,75.5
VL10430,Copa Airlines,Ciudad Mx,Cancún,México,Doméstica,Ejecutiva,8,Sábado,152,1600,29,41,False,Aeropuerto,418.23,88.6,195,3.2,82.2
VL10897,Sky Airline,Lima,Santiago,Perú,Internacional,Económica,7,Sábado,204,2400,0,0,False,,340.6,54.4,98,,73.4
VL10441,Aeroméxico,Cartagena,Bogotá,Colombia,Doméstica,Económica,12,Lunes,49,650,16,24,False,Operacional,95.34,98.6,177,3.2,75.3
VL10081,Sky Airline,Cancún,Bogotá,México,Internacional,Primera,4,Jueves,305,3500,11,0,False,,1413.24,93.6,281,4.2,73.2
VL12668,LATAM,Buenos Aires,Lima,Argentina,Internacional,Económica,7,Sábado,241,3000,17,4,False,Mecánico,265.91,74.2,134,4.2,78.1
VL12222,LATAM,Ciudad Mx,Cancún,México,Doméstica,Económica,8,Sábado,138,1600,15,11,False,,213.53,72.2,130,5.0,79.2
VL11425,Avianca,Cartagena,Bogotá,Colombia,Doméstica,Económica,6,Domingo,72,650,0,4,False,,63.48,87.2,157,,73.4
VL10027,Copa Airlines,Medellín,Ciudad Mx,Colombia,Internacional,Económica,10,Lunes,248,3400,0,0,False,,318.69,67.8,122,4.7,78.7
VL10684,Copa Airlines,Guadalajara,Ciudad Mx,México,Doméstica,Económica,1,Viernes,66,550,0,4,False,,104.42,100.0,180,3.3,81.7
VL10961,Avianca,Santiago,São Paulo,Chile,Internacional,Económica,4,Viernes,202,2700,18,9,False,Clima,341.71,68.7,124,,69.5
VL10754,Avianca,Ciudad Mx,Cancún,México,Doméstica,Económica,8,Martes,138,1600,0,0,False,,151.44,72.0,130,3.1,70.3
VL10531,Volaris,Cartagena,Bogotá,Colombia,Doméstica,Ejecutiva,2,Domingo,65,650,61,68,False,Operacional,170.21,84.1,185,2.4,70.2
VL11045,Aeroméxico,Santiago,São Paulo,Chile,Internacional,Económica,9,Viernes,212,2700,0,8,False,,154.27,90.8,163,3.6,77.9
VL10359,Copa Airlines,Santiago,São Paulo,Chile,Internacional,Económica,9,Sábado,207,2700,18,8,False,Tripulación,200.63,49.2,89,3.1,81.4
VL12730,Volaris,Ciudad Mx,Miami,México,Internacional,Económica,7,Sábado,166,2100,0,0,False,,204.44,69.8,126,5.0,68.9
VL10692,Volaris,Medellín,Ciudad Mx,Colombia,Internacional,Económica,8,Jueves,269,3400,6,7,False,,375.91,81.2,146,2.7,70.6
VL12383,LATAM,Lima,Buenos Aires,Perú,Internacional,Ejecutiva,2,Sábado,229,3100,0,5,False,,880.9,78.9,174,4.2,80.0
VL12172,LATAM,Ciudad Mx,Cancún,México,Doméstica,Económica,5,Domingo,129,1600,0,0,False,,238.71,91.5,165,4.6,79.3
VL10386,Avianca,Bogotá,Miami,Colombia,Internacional,Económica,3,Domingo,288,3800,18,28,False,Operacional,390.33,84.4,152,3.8,73.5
VL10352,Sky Airline,Cancún,Bogotá,México,Internacional,Económica,1,Domingo,251,3500,18,18,False,Clima,466.09,68.2,123,4.2,74.7
VL10519,LATAM,Ciudad Mx,Cancún,México,Doméstica,Económica,7,Jueves,126,1600,0,7,False,,209.96,95.4,172,5.0,77.6
VL12577,Viva Air,Santiago,São Paulo,Chile,Internacional,Económica,11,Domingo,207,2700,0,0,False,,215.34,80.2,144,3.8,67.4
VL11608,Viva Air,Santiago,Lima,Chile,Internacional,Económica,10,Sábado,205,2400,162,137,False,Operacional,224.4,82.4,148,2.6,64.4
VL12063,Avianca,Lima,Buenos Aires,Perú,Internacional,Económica,6,Sábado,251,3100,0,0,False,,323.9,80.5,145,5.0,73.9
VL12585,LATAM,Cancún,Bogotá,México,Internacional,Económica,5,Sábado,280,3500,6,8,False,,303.97,94.7,170,2.7,79.8
VL10333,LATAM,Ciudad Mx,Cancún,México,Doméstica,Económica,10,Sábado,147,1600,0,0,False,,227.57,97.5,176,2.4,78.7
VL11013,LATAM,Bogotá,Medellín,Colombia,Doméstica,Económica,5,Miércoles,56,580,0,0,False,,84.14,83.5,150,3.0,79.0
VL11600,LATAM,Santiago,Lima,Chile,Internacional,Económica,4,Martes,219,2400,0,15,False,,333.6,83.6,150,4.5,80.4
VL10592,Aeroméxico,Santiago,Lima,Chile,Internacional,Económica,2,Sábado,187,2400,0,11,False,,298.97,67.4,121,3.5,75.6
VL12225,LATAM,Lima,Buenos Aires,Perú,Internacional,Económica,6,Jueves,252,3100,0,1,False,,167.37,64.0,115,3.6,80.1
VL11174,Sky Airline,Cancún,Bogotá,México,Internacional,Económica,6,Martes,275,3500,0,6,False,,,43.3,78,2.1,70.7
VL12475,Aeroméxico,Lima,Santiago,Perú,Internacional,Económica,12,Martes,208,2400,12,13,False,,287.89,96.5,174,2.8,77.2
VL12206,Volaris,Bogotá,Miami,Colombia,Internacional,Económica,12,Sábado,324,3800,0,0,False,,437.46,72.5,130,4.9,69.5
VL11679,Copa Airlines,Buenos Aires,Lima,Argentina,Internacional,Económica,10,Miércoles,231,3000,0,6,False,,438.73,81.0,146,5.0,80.9
VL10431,Viva Air,Ciudad Mx,Miami,México,Internacional,Primera,9,Martes,165,2100,14,27,False,,1301.72,76.0,228,4.5,65.6
VL11750,Avianca,Medellín,Ciudad Mx,Colombia,Internacional,Económica,10,Jueves,285,3400,12,17,False,,446.56,64.7,116,1.0,74.5
VL12996,Aeroméxico,Ciudad Mx,Cancún,México,Doméstica,Económica,1,Domingo,139,1600,8,6,False,,161.57,83.2,150,,76.7
VL10777,Aeroméxico,Buenos Aires,Lima,Argentina,Internacional,Económica,11,Domingo,253,3000,0,14,False,,226.41,58.6,105,3.0,77.5
VL11654,Avianca,Bogotá,Medellín,Colombia,Doméstica,Ejecutiva,8,Jueves,55,580,14,11,True,,122.17,95.9,211,3.5,71.4
VL11472,LATAM,Lima,Santiago,Perú,Internacional,Ejecutiva,12,Sábado,208,2400,13,10,False,,822.77,80.3,177,4.4,78.2
VL12151,LATAM,Ciudad Mx,Cancún,México,Doméstica,Ejecutiva,9,Viernes,162,1600,0,4,False,,343.26,75.0,165,2.4,81.4
VL12507,Avianca,Lima,Buenos Aires,Perú,Internacional,Económica,9,Martes,233,3100,0,6,False,,333.65,75.8,136,,72.6
VL12635,LATAM,Cancún,Bogotá,México,Internacional,Ejecutiva,8,Jueves,312,3500,0,12,False,,496.23,66.0,145,3.8,79.8
VL12957,Avianca,Lima,Santiago,Perú,Internacional,Ejecutiva,11,Domingo,213,2400,0,0,False,,559.37,75.3,166,4.0,70.5
VL12742,Sky Airline,Santiago,Lima,Chile,Internacional,Económica,9,Miércoles,190,2400,11,14,False,,304.9,58.8,106,4.7,72.3
VL11437,Volaris,Buenos Aires,Lima,Argentina,Internacional,Económica,2,Viernes,248,3000,5,1,False,,344.11,79.7,143,3.6,71.7
VL10600,LATAM,Ciudad Mx,Cancún,México,Doméstica,Económica,4,Lunes,146,1600,0,0,False,,116.74,71.5,129,5.0,79.4
VL10640,Avianca,Bogotá,Medellín,Colombia,Doméstica,Ejecutiva,12,Viernes,41,580,0,3,False,,98.05,77.4,170,3.4,73.5
VL10789,Viva Air,Guadalajara,Ciudad Mx,México,Doméstica,Económica,7,Lunes,65,550,0,11,False,,30.0,77.0,139,2.4,64.6
VL12754,Sky Airline,Guadalajara,Ciudad Mx,México,Doméstica,Primera,7,Jueves,60,550,4,5,False,,249.72,100.0,300,3.9,73.5
VL11699,Viva Air,Medellín,Ciudad Mx,Colombia,Internacional,Económica,10,Jueves,265,3400,0,0,False,,492.77,76.0,137,4.1,64.5
VL10981,Volaris,Ciudad Mx,Miami,México,Internacional,Económica,2,Viernes,176,2100,3,6,False,,230.33,53.9,97,3.9,68.7
VL11291,LATAM,Ciudad Mx,Cancún,México,Doméstica,Económica,1,Lunes,134,1600,0,0,False,,115.1,76.3,137,3.6,76.8
VL10202,LATAM,Ciudad Mx,Cancún,México,Doméstica,Ejecutiva,8,Viernes,136,1600,55,58,False,Operacional,379.66,92.2,203,4.5,79.9
VL12763,LATAM,Lima,Buenos Aires,Perú,Internacional,Ejecutiva,7,Miércoles,256,3100,0,10,False,,548.44,78.3,172,3.0,80.8
VL11544,Aeroméxico,Cartagena,Bogotá,Colombia,Doméstica,Económica,11,Domingo,76,650,90,71,False,Operacional,46.87,81.8,147,2.0,75.2
VL11346,Volaris,Ciudad Mx,Bogotá,México,Internacional,Económica,8,Viernes,260,3200,39,34,False,Aeropuerto,224.96,68.1,123,2.7,68.3
VL10277,Aeroméxico,Cancún,Bogotá,México,Internacional,Económica,11,Viernes,277,3500,0,5,False,,400.65,68.6,123,2.6,74.3
VL11596,Volaris,Bogotá,Miami,Colombia,Internacional,Económica,12,Viernes,304,3800,0,0,False,,307.68,86.8,156,4.9,68.7
VL11071,Copa Airlines,Santiago,Lima,Chile,Internacional,Económica,6,Sábado,218,2400,6,8,False,,252.64,97.7,176,3.1,82.5
VL10093,Sky Airline,Santiago,São Paulo,Chile,Internacional,Económica,3,Sábado,232,2700,0,4,False,,,78.3,141,3.7,72.7
VL12529,Avianca,Cartagena,Bogotá,Colombia,Doméstica,Económica,3,Sábado,56,650,0,0,False,,56.86,77.0,139,4.7,72.8
VL11676,LATAM,Bogotá,Medellín,Colombia,Doméstica,Ejecutiva,4,Domingo,66,580,1,0,False,,163.29,90.4,199,4.9,79.0
VL11002,Volaris,Lima,Santiago,Perú,Internacional,Ejecutiva,7,Martes,211,2400,18,26,False,Clima,911.44,79.4,175,4.5,68.0
VL12932,Avianca,Bogotá,Medellín,Colombia,Doméstica,Económica,8,Lunes,63,580,0,14,False,,86.96,100.0,180,2.0,71.5
VL12470,Copa Airlines,Santiago,Lima,Chile,Internacional,Económica,6,Lunes,187,2400,47,38,False,Mecánico,253.58,92.9,167,3.1,83.3
VL10211,Copa Airlines,Buenos Aires,Lima,Argentina,Internacional,Económica,1,Domingo,243,3000,0,0,False,,419.62,69.6,125,5.0,80.6
VL11248,Copa Airlines,Guadalajara,Ciudad Mx,México,Doméstica,Económica,1,Domingo,40,550,0,0,False,,61.92,100.0,180,5.0,81.1
VL10339,Copa Airlines,Ciudad Mx,Cancún,México,Doméstica,Económica,10,Jueves,136,1600,0,6,False,,175.99,70.6,127,4.3,80.8
VL11825,LATAM,Medellín,Ciudad Mx,Colombia,Internacional,Ejecutiva,2,Viernes,260,3400,0,3,False,,794.03,77.1,170,4.0,78.9
VL12838,Copa Airlines,Ciudad Mx,Miami,México,Internacional,Ejecutiva,12,Lunes,181,2100,0,7,False,,360.23,93.1,205,3.3,81.7
VL12456,Avianca,Lima,Buenos Aires,Perú,Internacional,Económica,8,Jueves,263,3100,0,2,False,,376.63,94.4,170,2.3,73.5
VL11672,Volaris,Lima,Santiago,Perú,Internacional,Ejecutiva,3,Martes,193,2400,0,8,False,,640.81,81.5,179,3.6,69.5
VL11805,Aeroméxico,Ciudad Mx,Miami,México,Internacional,Económica,4,Lunes,168,2100,44,43,False,Tripulación,217.86,86.8,156,3.4,75.9
VL11049,LATAM,Bogotá,Medellín,Colombia,Doméstica,Económica,9,Domingo,75,580,0,0,False,,65.69,92.1,166,5.0,77.8
VL12894,Aeroméxico,Ciudad Mx,Cancún,México,Doméstica,Económica,9,Miércoles,139,1600,0,2,False,,157.63,77.6,140,4.2,73.4
VL12109,Viva Air,Cartagena,Bogotá,Colombia,Doméstica,Ejecutiva,7,Sábado,56,650,0,0,False,,219.62,59.1,130,,64.7
VL10009,LATAM,Buenos Aires,Lima,Argentina,Internacional,Económica,9,Viernes,232,3000,22,13,False,Clima,395.17,93.8,169,2.2,78.7
VL10791,LATAM,Santiago,São Paulo,Chile,Internacional,Económica,2,Viernes,231,2700,0,3,False,,286.41,79.4,143,3.2,78.0
VL12841,LATAM,Ciudad Mx,Miami,México,Internacional,Ejecutiva,5,Viernes,172,2100,0,0,False,,417.05,89.2,196,5.0,78.8
VL10960,Aeroméxico,Bogotá,Medellín,Colombia,Doméstica,Económica,11,Viernes,58,580,0,0,False,,63.96,86.8,156,5.0,77.1
VL10173,LATAM,Santiago,Lima,Chile,Internacional,Ejecutiva,6,Lunes,206,2400,50,55,False,Operacional,599.95,80.1,176,3.4,78.4
VL11025,Volaris,Lima,Buenos Aires,Perú,Internacional,Económica,5,Martes,255,3100,89,82,False,Aeropuerto,269.18,67.4,121,,69.5
VL11919,Avianca,Ciudad Mx,Bogotá,México,Internacional,Económica,12,Miércoles,255,3200,0,10,False,,312.8,78.9,142,2.7,68.4
VL12949,Volaris,Guadalajara,Ciudad Mx,México,Doméstica,Económica,4,Sábado,53,550,0,0,False,,91.06,94.8,171,3.9,67.2
VL11555,Aeroméxico,Santiago,Lima,Chile,Internacional,Económica,7,Viernes,175,2400,0,0,False,,267.01,78.7,142,4.0,73.5
VL12017,Avianca,Lima,Santiago,Perú,Internacional,Económica,8,Domingo,174,2400,0,7,False,,,79.5,143,4.9,73.7
VL10792,Copa Airlines,Medellín,Ciudad Mx,Colombia,Internacional,Económica,5,Lunes,280,3400,11,4,False,,275.85,61.5,111,2.4,82.3
VL12021,Aeroméxico,Santiago,São Paulo,Chile,Internacional,Ejecutiva,1,Lunes,232,2700,0,1,True,,642.67,81.8,180,2.7,74.7
VL12802,Avianca,Guadalajara,Ciudad Mx,México,Doméstica,Económica,1,Jueves,59,550,17,12,False,Aeropuerto,85.35,75.9,137,4.1,69.7
VL11519,LATAM,Guadalajara,Ciudad Mx,México,Doméstica,Económica,10,Sábado,54,550,0,1,False,,30.0,100.0,180,2.5,77.6
VL12272,Avianca,Medellín,Ciudad Mx,Colombia,Internacional,Económica,9,Viernes,254,3400,48,70,False,Tripulación,408.28,52.1,94,3.0,73.8
VL12075,Aeroméxico,Lima,Santiago,Perú,Internacional,Económica,11,Viernes,194,2400,0,0,False,,293.02,90.8,163,3.5,72.8
VL12290,Avianca,Santiago,São Paulo,Chile,Internacional,Primera,4,Viernes,207,2700,0,4,False,,1142.27,72.0,216,4.1,73.0
VL11957,Copa Airlines,Lima,Buenos Aires,Perú,Internacional,Ejecutiva,4,Sábado,218,3100,42,43,False,Clima,,67.3,148,4.1,83.3
VL10407,Viva Air,Bogotá,Medellín,Colombia,Doméstica,Económica,7,Viernes,58,580,0,11,False,,30.0,78.2,141,2.9,66.7
VL12046,Aeroméxico,Bogotá,Medellín,Colombia,Doméstica,Económica,8,Lunes,59,580,9,15,False,,,76.7,138,1.6,75.0
VL10331,Volaris,Ciudad Mx,Miami,México,Internacional,Económica,1,Sábado,171,2100,8,16,False,,125.93,79.9,144,,69.4
VL11326,LATAM,Santiago,Lima,Chile,Internacional,Económica,11,Jueves,211,2400,0,6,False,,124.29,75.8,136,2.3,79.9
VL12453,Aeroméxico,Ciudad Mx,Bogotá,México,Internacional,Económica,8,Jueves,286,3200,0,11,False,,229.34,80.2,144,3.1,74.3
VL10167,LATAM,Santiago,Lima,Chile,Internacional,Primera,1,Martes,185,2400,0,0,False,,1306.19,71.8,215,4.9,75.6
VL11487,Avianca,Buenos Aires,Lima,Argentina,Internacional,Primera,11,Domingo,249,3000,0,0,False,,,72.0,216,4.3,72.9
VL10780,Avianca,Buenos Aires,Lima,Argentina,Internacional,Económica,10,Jueves,206,3000,15,22,False,,251.6,97.5,176,3.6,70.0
VL11983,Sky Airline,Lima,Buenos Aires,Perú,Internacional,Económica,4,Jueves,247,3100,117,116,False,Clima,221.38,93.8,169,2.9,73.2
VL11708,Volaris,Cancún,Bogotá,México,Internacional,Económica,7,Sábado,283,3500,56,64,False,Clima,275.1,100.0,180,3.1,66.5
VL10189,Volaris,Santiago,Lima,Chile,Internacional,Económica,6,Sábado,189,2400,51,44,False,Operacional,222.83,92.1,166,2.3,66.7
VL10575,Avianca,Guadalajara,Ciudad Mx,México,Doméstica,Económica,3,Miércoles,62,550,0,17,False,,51.45,90.5,163,1.9,74.8
VL10319,Volaris,Santiago,Lima,Chile,Internacional,Económica,1,Sábado,171,2400,0,2,False,,157.37,59.9,108,2.5,68.9
VL10385,Sky Airline,Bogotá,Quito,Colombia,Internacional,Económica,1,Domingo,89,1000,20,17,False,Aeropuerto,177.24,94.4,170,3.0,73.7
VL12704,Sky Airline,Ciudad Mx,Miami,México,Internacional,Económica,10,Martes,191,2100,15,22,False,,141.22,69.7,125,2.7,72.6
VL10662,LATAM,Santiago,São Paulo,Chile,Internacional,Económica,11,Miércoles,237,2700,1,0,False,,225.86,70.4,127,4.1,78.0
VL12735,Copa Airlines,Ciudad Mx,Miami,México,Internacional,Primera,9,Sábado,171,2100,596,711,True,Tripulación,888.32,81.3,244,2.8,82.0
VL11810,LATAM,Cancún,Bogotá,México,Internacional,Económica,10,Viernes,282,3500,0,0,False,,475.82,99.5,179,4.2,79.2
VL12716,LATAM,Cancún,Bogotá,México,Internacional,Económica,3,Lunes,267,3500,0,0,False,,421.51,78.7,142,4.3,80.5
VL11566,Avianca,Cancún,Bogotá,México,Internacional,Ejecutiva,1,Domingo,281,3500,10,20,False,,1020.51,88.4,194,4.0,71.1
VL11203,Viva Air,Bogotá,Miami,,Internacional,Económica,7,Miércoles,289,3800,0,11,False,,286.7,85.3,154,3.6,66.2
VL11601,Volaris,Bogotá,Miami,Colombia,Internacional,Económica,5,Martes,291,3800,0,0,False,,357.65,65.9,119,3.3,71.5
VL11841,Viva Air,Lima,Buenos Aires,Perú,Internacional,Económica,3,Viernes,235,3100,0,2,False,,401.08,73.2,132,3.4,65.6
VL10880,Aeroméxico,Santiago,Lima,Chile,Internacional,Ejecutiva,6,Jueves,219,2400,89,74,False,Aeropuerto,404.76,90.0,198,2.3,74.7
VL12557,Volaris,Bogotá,Miami,Colombia,Internacional,Económica,11,Sábado,305,3800,40,56,False,Operacional,363.08,86.4,156,2.5,67.5
VL10332,LATAM,Bogotá,Medellín,Colombia,Doméstica,Económica,7,Jueves,49,580,0,0,False,,30.0,69.7,125,3.8,78.0
VL11302,Volaris,Bogotá,Medellín,Colombia,Doméstica,Económica,6,Martes,58,580,9,17,False,,30.0,87.4,157,4.8,68.3
VL12372,Aeroméxico,Buenos Aires,Lima,Argentina,Internacional,Económica,11,Sábado,233,3000,0,9,False,,183.23,76.9,138,3.1,74.6
VL11869,Volaris,Buenos Aires,Lima,Argentina,Internacional,Económica,5,Jueves,256,3000,0,0,False,,383.7,82.0,148,4.2,69.7
VL11565,Sky Airline,Lima,Buenos Aires,Perú,Internacional,Ejecutiva,7,Sábado,245,3100,39,37,False,Operacional,520.28,92.0,202,3.7,74.3
VL12408,Avianca,Cartagena,Bogotá,Colombia,Doméstica,Económica,3,Viernes,49,650,5,0,False,,43.49,100.0,180,4.3,73.8
VL11427,LATAM,Guadalajara,Ciudad Mx,México,Doméstica,Económica,9,Sábado,53,550,0,0,False,,69.17,83.5,150,5.0,80.6
VL12149,LATAM,Bogotá,Quito,,Internacional,Económica,6,Domingo,89,1000,0,0,False,,50.19,71.9,129,2.7,77.8
VL12066,Aeroméxico,Santiago,Lima,Chile,Internacional,Económica,1,Lunes,175,2400,0,0,False,,236.79,79.3,143,,74.7
VL10520,Avianca,Santiago,São Paulo,Chile,Internacional,Económica,2,Miércoles,203,2700,0,11,False,,335.02,100.0,180,3.6,75.8
VL11030,Copa Airlines,Bogotá,Medellín,Colombia,Doméstica,Económica,6,Lunes,50,580,0,10,False,,41.0,65.7,118,3.5,82.8
VL11454,Sky Airline,Bogotá,Medellín,Colombia,Doméstica,Ejecutiva,7,Sábado,54,580,0,15,False,,208.25,74.9,165,3.3,73.3
VL12825,Avianca,Bogotá,Quito,Colombia,Internacional,Económica,10,Miércoles,74,1000,0,7,False,,99.5,93.9,169,2.3,72.9
VL11078,Volaris,Santiago,Lima,Chile,Internacional,Económica,3,Lunes,200,2400,0,0,False,,192.25,83.0,149,4.7,69.6
VL10136,Volaris,Medellín,Ciudad Mx,Colombia,Internacional,Económica,10,Sábado,274,3400,15,10,False,,262.83,74.2,134,3.5,69.3
VL11765,Viva Air,Bogotá,Miami,Colombia,Internacional,Económica,7,Viernes,329,3800,0,0,False,,411.78,65.6,118,2.8,60.9
VL10751,Sky Airline,Guadalajara,Ciudad Mx,México,Doméstica,Económica,5,Lunes,68,550,0,3,False,,71.05,68.7,124,3.3,73.7
VL10771,Sky Airline,Bogotá,Quito,Colombia,Internacional,Ejecutiva,7,Miércoles,87,1000,0,8,False,,,95.1,209,3.7,73.9
VL12885,Aeroméxico,Guadalajara,Ciudad Mx,México,Doméstica,Económica,6,Lunes,62,550,17,20,False,Aeropuerto,64.09,73.7,133,2.7,74.7
VL12782,Copa Airlines,Cartagena,Bogotá,Colombia,Doméstica,Económica,8,Sábado,55,650,0,0,False,,84.79,78.0,140,3.1,83.0
VL10307,LATAM,Bogotá,Miami,Colombia,Internacional,Económica,1,Sábado,336,3800,0,7,False,,391.16,49.1,88,3.1,81.4
VL11460,Aeroméxico,Ciudad Mx,Bogotá,México,Internacional,Económica,5,Viernes,240,3200,16,11,False,Operacional,288.02,70.4,127,3.4,74.2
VL10416,Avianca,Bogotá,Miami,Colombia,Internacional,Económica,1,Viernes,292,3800,0,0,False,,277.03,89.9,162,3.6,71.3
VL10998,Aeroméxico,Guadalajara,Ciudad Mx,México,Doméstica,Económica,4,Jueves,59,550,0,0,False,,42.04,99.6,179,4.5,75.5
VL10016,Volaris,Bogotá,Miami,Colombia,Internacional,Económica,11,Lunes,300,3800,0,3,False,,522.68,69.9,126,4.2,69.7
VL12528,Aeroméxico,Bogotá,Medellín,Colombia,Doméstica,Económica,2,Viernes,61,580,6,4,False,,45.55,76.4,138,3.7,72.8
VL10092,Avianca,Ciudad Mx,Miami,México,Internacional,Económica,9,Viernes,180,2100,0,7,False,,287.2,76.2,137,3.3,73.7
VL10107,LATAM,Ciudad Mx,Miami,México,Internacional,Económica,6,Sábado,168,2100,0,0,False,,205.48,62.9,113,5.0,81.7
VL12487,Copa Airlines,Lima,Santiago,Perú,Internacional,Económica,8,Jueves,187,2400,0,4,False,,257.6,84.5,152,5.0,84.5
VL12201,Viva Air,Ciudad Mx,Cancún,México,Doméstica,Económica,2,Jueves,118,1600,51,44,False,Clima,200.96,70.5,127,1.5,66.5
VL10657,Aeroméxico,Ciudad Mx,Bogotá,México,Internacional,Económica,5,Martes,255,3200,0,0,False,,416.87,66.5,120,4.8,75.3
VL11172,Aeroméxico,Cancún,Bogotá,México,Internacional,Económica,2,Viernes,281,3500,20,16,False,Aeropuerto,452.03,85.1,153,2.3,76.4
VL11895,LATAM,Buenos Aires,Lima,Argentina,Internacional,Ejecutiva,3,Martes,209,3000,21,14,False,Mecánico,680.99,82.7,182,3.1,77.3
VL11936,Sky Airline,Bogotá,Miami,Colombia,Internacional,Económica,8,Domingo,314,3800,0,0,False,,344.8,80.4,145,2.4,72.6
VL11789,Avianca,Medellín,Ciudad Mx,Colombia,Internacional,Económica,4,Jueves,245,3400,0,2,False,,232.71,79.6,143,2.9,72.3
VL11114,Copa Airlines,Santiago,São Paulo,Chile,Internacional,Económica,3,Lunes,259,2700,8,0,False,,,70.9,128,4.7,81.9
VL10671,LATAM,Lima,Santiago,Perú,Internacional,Ejecutiva,9,Sábado,196,2400,0,2,False,,755.35,87.4,192,3.2,78.8
VL11987,Copa Airlines,Medellín,Ciudad Mx,Colombia,Internacional,Económica,3,Lunes,259,3400,0,2,False,,397.24,71.5,129,3.7,84.3
VL12460,Volaris,Cartagena,Bogotá,Colombia,Doméstica,Primera,6,Miércoles,62,650,0,15,False,,5831.2872052996845,86.1,258,4.5,71.4
VL11893,Avianca,Santiago,Lima,Chile,Internacional,Económica,8,Jueves,184,2400,0,4,False,,285.05,78.3,141,3.5,70.7
VL12442,LATAM,Ciudad Mx,Miami,México,Internacional,Económica,1,Martes,187,2100,12,6,False,,175.04,76.2,137,4.6,79.9
VL12836,Sky Airline,Cartagena,Bogotá,Colombia,Doméstica,Económica,2,Viernes,58,650,0,10,False,,47.91,82.7,149,,74.6
VL10571,Aeroméxico,Ciudad Mx,Miami,,Internacional,Económica,8,Lunes,188,2100,0,4,False,,223.99,57.6,104,3.5,75.3
VL12347,Avianca,Ciudad Mx,Bogotá,México,Internacional,Económica,6,Martes,232,3200,94,104,False,Operacional,308.25,72.8,131,,70.8
VL11355,Copa Airlines,Lima,Santiago,Perú,Internacional,Ejecutiva,6,Lunes,191,2400,21,12,False,Clima,849.78,98.1,216,2.5,81.5
VL12581,Avianca,Lima,Santiago,Perú,Internacional,Ejecutiva,5,Miércoles,186,2400,0,10,False,,730.06,78.6,173,3.3,72.8
VL10721,Sky Airline,Santiago,Lima,Chile,Internacional,Económica,4,Jueves,204,2400,0,6,False,,293.43,53.8,97,3.2,74.5
VL10090,Aeroméxico,Ciudad Mx,Cancún,México,Doméstica,Económica,2,Jueves,146,1600,0,0,False,,214.92,82.6,149,4.1,75.4
VL10180,LATAM,Bogotá,Miami,Colombia,Internacional,Económica,10,Jueves,302,3800,0,2,False,,528.38,62.5,112,1.6,76.3
VL12612,Volaris,Santiago,Lima,Chile,Internacional,Primera,11,Martes,180,2400,0,0,False,,1051.0,83.7,251,3.7,69.8
VL12962,Aeroméxico,Bogotá,Miami,Colombia,Internacional,Económica,8,Miércoles,292,3800,50,50,False,Aeropuerto,254.68,48.9,88,4.2,74.6
VL12384,Copa Airlines,Bogotá,Miami,Colombia,Internacional,Económica,2,Miércoles,331,3800,0,11,False,,356.21,77.2,139,5.0,81.3
VL11665,Copa Airlines,Bogotá,Quito,Colombia,Internacional,Económica,6,Martes,100,1000,0,0,False,,143.03,100.0,180,5.0,83.6
VL12591,Aeroméxico,Bogotá,Quito,Colombia,Internacional,Económica,3,Domingo,83,1000,2,19,False,,130.4,78.0,140,4.3,75.4
VL11105,Copa Airlines,Ciudad Mx,Cancún,México,Doméstica,Económica,2,Martes,126,1600,0,4,False,,141.28,79.2,143,5.0,84.3
VL12992,Aeroméxico,Santiago,São Paulo,Chile,Internacional,Económica,2,Domingo,208,2700,0,0,False,,345.31,85.3,154,5.0,73.2
VL12113,Copa Airlines,Lima,Santiago,Perú,Internacional,Económica,1,Jueves,199,2400,25,25,False,Aeropuerto,277.76,78.3,141,3.2,81.9
VL12628,Aeroméxico,Medellín,Ciudad Mx,Colombia,Internacional,Económica,1,Jueves,305,3400,0,4,False,,416.58,93.0,167,2.9,74.4
VL12210,Viva Air,Ciudad Mx,Miami,México,Internacional,Económica,7,Martes,206,2100,0,1,False,,251.55,70.8,127,4.4,64.9
VL10558,LATAM,Ciudad Mx,Miami,México,Internacional,Ejecutiva,11,Sábado,169,2100,17,17,False,Aeropuerto,542.71,84.6,186,2.8,76.5
VL10464,LATAM,Cartagena,Bogotá,Colombia,Doméstica,Ejecutiva,3,Sábado,66,650,0,0,False,,197.5,79.9,176,,77.1
VL10554,LATAM,Lima,Santiago,Perú,Internacional,Ejecutiva,10,Viernes,210,2400,0,11,False,,438.53,83.9,185,5.0,79.4
VL11991,Aeroméxico,Ciudad Mx,Cancún,México,Doméstica,Económica,2,Viernes,154,1600,2,9,False,,172.18,63.3,114,1.9,75.2
VL10741,Volaris,Bogotá,Miami,Colombia,Internacional,Económica,2,Lunes,285,3800,0,8,False,,471.57,75.2,135,2.9,68.1
VL11224,Copa Airlines,Lima,Buenos Aires,Perú,Internacional,Ejecutiva,8,Lunes,222,3100,49,58,False,Mecánico,942.27,91.9,202,3.2,83.4
VL11168,Avianca,Bogotá,Medellín,Colombia,Doméstica,Económica,6,Viernes,52,580,0,0,False,,61.43,96.3,173,5.0,70.7
VL12939,Avianca,Bogotá,Medellín,Colombia,Doméstica,Económica,6,Viernes,43,580,9,5,False,,31.16,95.2,171,,72.4
VL11155,LATAM,Ciudad Mx,Miami,México,Internacional,Ejecutiva,8,Jueves,173,2100,0,0,False,,632.83,74.4,164,4.4,80.4
VL10830,Avianca,Santiago,Lima,Chile,Internacional,Ejecutiva,8,Jueves,180,2400,3,10,False,,724.88,68.4,150,3.5,73.6
VL12390,LATAM,Ciudad Mx,Bogotá,México,Internacional,Económica,11,Lunes,270,3200,0,0,False,,,76.7,138,3.1,77.7
VL10644,Volaris,Ciudad Mx,Cancún,México,Doméstica,Económica,11,Jueves,132,1600,16,0,False,Aeropuerto,127.49,79.7,143,5.0,67.8
VL12860,Aeroméxico,Lima,Santiago,Perú,Internacional,Económica,9,Domingo,195,2400,0,0,False,,325.92,60.8,109,4.3,73.2
VL12617,Avianca,Bogotá,Miami,Colombia,Internacional,Económica,6,Lunes,286,3800,7,7,False,,472.16,62.6,113,2.0,73.2
VL10990,LATAM,Ciudad Mx,Miami,México,Internacional,Primera,1,Jueves,183,2100,0,0,False,,916.25,74.3,223,5.0,75.0
VL12047,Aeroméxico,Buenos Aires,Lima,Argentina,Internacional,Económica,6,Jueves,249,3000,0,0,False,,297.65,70.8,127,3.0,74.5
VL11787,Sky Airline,Santiago,São Paulo,Chile,Internacional,Ejecutiva,1,Lunes,220,2700,0,0,False,,802.46,74.7,164,4.0,71.9
VL10200,Aeroméxico,Cancún,Bogotá,México,Internacional,Económica,3,Domingo,274,3500,0,0,False,,417.28,58.4,105,5.0,72.8
VL11368,LATAM,Ciudad Mx,Cancún,México,Doméstica,Económica,7,Viernes,123,1600,2,1,False,,152.63,73.8,133,3.9,79.0
VL10686,Viva Air,Santiago,São Paulo,Chile,Internacional,Económica,10,Miércoles,221,2700,0,1,False,,183.66,71.6,129,3.3,62.8
VL11490,Avianca,Santiago,Lima,Chile,Internacional,Económica,6,Miércoles,199,2400,5,0,False,,151.44,50.4,91,3.4,71.3
VL12232,Copa Airlines,Lima,Santiago,Perú,Internacional,Ejecutiva,9,Lunes,187,2400,1,0,False,,308.33,75.0,165,5.0,83.2
VL11631,Avianca,Ciudad Mx,Bogotá,México,Internacional,Económica,7,Sábado,251,3200,0,0,False,,409.36,62.2,112,3.9,72.6
VL12001,Aeroméxico,Santiago,Lima,,Internacional,Económica,10,Martes,207,2400,0,3,False,,306.97,98.7,178,4.0,75.2
VL12479,Avianca,Ciudad Mx,Miami,México,Internacional,Primera,2,Sábado,161,2100,0,3,False,,839.37,76.1,228,2.6,73.0
VL12424,Aeroméxico,Bogotá,Miami,Colombia,Internacional,Económica,8,Sábado,294,3800,4,18,False,,450.31,73.5,132,3.3,77.2
VL11137,Avianca,Medellín,Ciudad Mx,Colombia,Internacional,Económica,5,Viernes,262,3400,1,0,False,,175.39,87.3,157,5.0,69.5
VL10295,LATAM,Medellín,Ciudad Mx,Colombia,Internacional,Ejecutiva,1,Domingo,282,3400,37,39,False,Operacional,876.8,69.2,152,3.3,77.4
VL12291,LATAM,Bogotá,Miami,Colombia,Internacional,Económica,3,Miércoles,305,3800,0,2,True,,429.08,78.1,141,,76.7
VL11586,Avianca,Buenos Aires,Lima,Argentina,Internacional,Económica,5,Lunes,219,3000,0,0,False,,174.99,69.5,125,4.0,71.5
VL11962,Avianca,Bogotá,Quito,Colombia,Internacional,Económica,5,Viernes,82,1000,19,20,False,Aeropuerto,121.39,84.7,152,3.1,72.8
VL10266,Aeroméxico,Buenos Aires,Lima,Argentina,Internacional,Primera,4,Miércoles,216,3000,0,0,False,,1472.16,66.4,199,,74.6
VL10049,Avianca,Santiago,Lima,Chile,Internacional,Ejecutiva,6,Viernes,204,2400,0,5,False,,631.55,71.6,158,2.6,72.7
VL10719,Avianca,Buenos Aires,Lima,Argentina,Internacional,Económica,3,Sábado,237,3000,59,52,False,Clima,283.33,61.8,111,4.8,73.3
VL12068,Viva Air,Ciudad Mx,Cancún,México,Doméstica,Económica,2,Viernes,174,1600,0,0,False,,90.69,71.0,128,4.2,65.0
VL11942,Sky Airline,Ciudad Mx,Miami,México,Internacional,Ejecutiva,8,Miércoles,187,2100,0,13,False,,620.43,76.6,169,3.7,76.5
VL12817,Copa Airlines,Bogotá,Medellín,Colombia,Doméstica,Económica,10,Martes,52,580,0,13,False,,67.73,97.8,176,2.9,83.6
VL12294,Volaris,Bogotá,Medellín,Colombia,Doméstica,Ejecutiva,12,Lunes,60,580,5,0,False,,148.84,76.6,169,5.0,68.9
VL10525,LATAM,Lima,Buenos Aires,Perú,Internacional,Primera,5,Jueves,256,3100,0,0,False,,1295.83,75.5,226,4.2,80.5
VL10669,Aeroméxico,Bogotá,Miami,Colombia,Internacional,Económica,5,Sábado,308,3800,0,9,False,,477.59,88.0,158,3.2,73.1
VL11243,Aeroméxico,Bogotá,Quito,Colombia,Internacional,Económica,6,Miércoles,77,1000,85,85,False,Clima,122.23,70.3,127,2.6,74.5
VL10438,Viva Air,Buenos Aires,Lima,Argentina,Internacional,Económica,4,Lunes,244,3000,22,27,False,Operacional,330.48,68.3,123,2.2,64.0
VL11537,Copa Airlines,Cancún,Bogotá,México,Internacional,Económica,3,Lunes,278,3500,5,7,False,,382.42,72.3,130,2.0,80.4
VL11497,LATAM,Lima,Buenos Aires,Perú,Internacional,Ejecutiva,12,Viernes,285,3100,43,40,False,Clima,830.77,61.0,134,4.7,78.7
VL12159,Avianca,Ciudad Mx,Miami,México,Internacional,Ejecutiva,2,Sábado,163,2100,0,0,False,,414.76,77.8,171,,73.0
VL12948,Copa Airlines,Ciudad Mx,Bogotá,México,Internacional,Económica,2,Viernes,249,3200,0,0,False,,396.97,78.5,141,3.8,80.6
VL11440,Sky Airline,Cartagena,Bogotá,Colombia,Doméstica,Económica,11,Sábado,73,650,0,6,False,,73.85,73.5,132,2.9,73.1
VL10530,Avianca,Bogotá,Quito,Colombia,Internacional,Económica,11,Lunes,69,1000,6,13,False,,118.96,62.4,112,3.6,69.9
VL10568,Volaris,Lima,Santiago,Perú,Internacional,Económica,1,Viernes,202,2400,0,0,False,,271.83,74.2,134,4.2,67.6
VL10982,Avianca,Ciudad Mx,Cancún,México,Doméstica,Ejecutiva,2,Miércoles,141,1600,6,0,False,,263.83,93.9,207,3.4,74.1
VL10053,Avianca,Lima,Santiago,Perú,Internacional,Económica,3,Miércoles,206,2400,53,61,False,Aeropuerto,325.62,83.0,149,1.8,73.7
VL12285,Copa Airlines,Bogotá,Miami,Colombia,Internacional,Ejecutiva,9,Martes,294,3800,0,0,False,,1125.55,87.5,192,4.4,84.4
VL12521,Aeroméxico,Ciudad Mx,Cancún,México,Doméstica,Económica,12,Lunes,156,1600,0,3,False,,173.83,73.0,131,3.0,76.4
VL12320,Avianca,Guadalajara,Ciudad Mx,México,Doméstica,Económica,4,Viernes,46,550,9,10,False,,106.47,53.4,96,3.4,70.2
VL11110,Aeroméxico,Bogotá,Quito,Colombia,Internacional,Ejecutiva,3,Miércoles,87,1000,0,3,False,,,73.1,161,4.4,75.5
VL12872,Copa Airlines,Lima,Santiago,Perú,Internacional,Económica,2,Miércoles,187,2400,0,0,False,,144.39,100.0,180,3.5,82.7
VL10800,Avianca,Buenos Aires,Lima,Argentina,Internacional,Económica,5,Sábado,222,3000,10,5,False,,336.67,75.0,135,4.7,70.2
VL12799,LATAM,Santiago,Lima,Chile,Internacional,Económica,11,Jueves,209,2400,28,21,False,Operacional,299.22,94.6,170,3.3,80.1
VL12129,Sky Airline,Lima,Buenos Aires,Perú,Internacional,Económica,5,Domingo,239,3100,0,0,False,,464.79,78.1,141,3.7,74.8
VL10946,Copa Airlines,Ciudad Mx,Cancún,México,Doméstica,Económica,4,Miércoles,129,1600,0,0,False,,203.99,86.2,155,3.7,83.2
VL11529,LATAM,Medellín,Ciudad Mx,Colombia,Internacional,Económica,9,Lunes,287,3400,4,12,False,,457.81,70.3,127,3.7,77.0
VL12332,LATAM,Santiago,São Paulo,Chile,Internacional,Ejecutiva,1,Domingo,210,2700,0,21,False,,503.49,71.3,157,3.2,78.5
VL11526,Volaris,Bogotá,Miami,Colombia,Internacional,Económica,9,Viernes,271,3800,12,2,False,,384.46,62.0,112,4.6,68.8
VL11934,Aeroméxico,Cancún,Bogotá,México,Internacional,Económica,2,Jueves,266,3500,39,21,False,Tripulación,453.36,71.5,129,3.5,75.1
VL12665,Volaris,Bogotá,Miami,Colombia,Internacional,Económica,6,Jueves,306,3800,43,27,False,Operacional,467.23,87.4,157,3.6,69.3
VL12037,Viva Air,Ciudad Mx,Cancún,México,Doméstica,Ejecutiva,2,Miércoles,145,1600,0,8,False,,419.02,100.0,220,4.3,67.5
VL12881,Copa Airlines,Bogotá,Quito,Colombia,Internacional,Económica,7,Martes,103,1000,264,284,True,Operacional,79.22,93.1,168,2.4,84.0
VL12990,LATAM,Ciudad Mx,Cancún,México,Doméstica,Económica,3,Lunes,150,1600,0,11,True,,202.59,65.2,117,3.5,77.1
VL12192,Volaris,Cancún,Bogotá,México,Internacional,Económica,8,Martes,268,3500,62,59,True,Tripulación,256.15,82.2,148,1.6,68.5
VL10168,Volaris,Bogotá,Medellín,Colombia,Doméstica,Económica,3,Miércoles,58,580,4,9,False,,30.0,63.5,114,2.7,67.8
VL12738,LATAM,Cartagena,Bogotá,Colombia,Doméstica,Económica,1,Sábado,49,650,0,0,False,,62.63,70.7,127,3.5,79.8
VL12944,Viva Air,Ciudad Mx,Miami,México,Internacional,Económica,12,Domingo,161,2100,16,13,False,Operacional,152.57,87.9,158,3.6,64.1
VL12160,Copa Airlines,Cancún,Bogotá,México,Internacional,Primera,6,Miércoles,264,3500,0,0,False,,1734.39,86.0,258,5.0,81.9
VL11824,Aeroméxico,Cancún,Bogotá,México,Internacional,Económica,6,Sábado,302,3500,0,2,False,,267.9,77.4,139,4.3,75.7
VL12466,Volaris,Ciudad Mx,Bogotá,México,Internacional,Económica,11,Martes,255,3200,5,2,False,,450.98,88.9,160,3.5,67.5
VL10290,LATAM,Bogotá,Medellín,Colombia,Doméstica,Económica,10,Viernes,69,580,0,2,False,,65.79,94.4,170,4.0,77.0
VL10940,Volaris,Bogotá,Miami,Colombia,Internacional,Ejecutiva,6,Domingo,304,3800,0,0,False,,1026.33,53.7,118,4.4,69.8
VL11818,Sky Airline,Cancún,Bogotá,México,Internacional,Ejecutiva,2,Martes,269,3500,84,96,False,Operacional,894.42,68.6,151,3.4,73.5
VL10085,Copa Airlines,Bogotá,Miami,Colombia,Internacional,Económica,6,Martes,298,3800,0,0,False,,337.48,86.3,155,4.6,83.4
VL11252,Avianca,Ciudad Mx,Cancún,México,Doméstica,Económica,12,Lunes,146,1600,0,0,False,,231.7,87.4,157,4.5,72.4
VL11910,Sky Airline,Bogotá,Miami,Colombia,Internacional,Ejecutiva,9,Lunes,318,3800,0,7,False,,1456.19,51.8,114,2.8,71.6
VL11767,LATAM,Lima,Buenos Aires,Perú,Internacional,Económica,12,Jueves,248,3100,0,0,False,,341.08,77.7,140,4.6,81.3
VL10311,Copa Airlines,Bogotá,Medellín,Colombia,Doméstica,Económica,4,Jueves,55,580,334,290,False,Aeropuerto,97.08,88.4,159,2.0,81.5
VL11929,Sky Airline,Bogotá,Medellín,Colombia,Doméstica,Económica,8,Domingo,65,580,0,1,False,,86.6,69.1,124,2.4,76.3
VL12594,Avianca,Ciudad Mx,Cancún,México,Doméstica,Ejecutiva,6,Domingo,152,1600,0,9,False,,403.76,84.1,185,3.7,72.1
VL10020,Avianca,Santiago,São Paulo,Chile,Internacional,Económica,2,Miércoles,213,2700,0,1,False,,346.4,70.1,126,2.7,70.4
VL12194,LATAM,Ciudad Mx,Cancún,México,Doméstica,Económica,3,Martes,130,1600,0,1,False,,168.57,84.8,153,2.6,80.2
VL10738,Volaris,Lima,Buenos Aires,Perú,Internacional,Económica,7,Miércoles,252,3100,42,37,False,Aeropuerto,146.93,80.7,145,,69.1
VL10245,LATAM,Guadalajara,Ciudad Mx,México,Doméstica,Económica,7,Domingo,69,550,30,34,False,Operacional,88.89,91.3,164,3.2,79.6
VL12576,Copa Airlines,Cartagena,Bogotá,Colombia,Doméstica,Económica,2,Viernes,75,650,69,74,False,Aeropuerto,64.19,71.9,129,3.6,82.3
VL11367,Aeroméxico,Guadalajara,Ciudad Mx,México,Doméstica,Económica,5,Jueves,54,550,0,1,False,,30.0,72.1,130,3.7,75.0
VL11576,Aeroméxico,Bogotá,Medellín,Colombia,Doméstica,Económica,9,Domingo,71,580,0,14,False,,72.26,78.5,141,2.8,76.9
VL10991,LATAM,Buenos Aires,Lima,Argentina,Internacional,Económica,4,Miércoles,239,3000,0,0,False,,333.89,79.8,144,3.9,81.1
VL10796,Aeroméxico,Guadalajara,Ciudad Mx,México,Doméstica,Primera,1,Domingo,49,550,0,17,False,,179.56,68.6,206,5.0,72.3
VL10002,Avianca,Buenos Aires,Lima,Argentina,Internacional,Ejecutiva,7,Sábado,256,3000,0,3,False,,911.39,71.8,158,3.6,74.9
VL12200,Avianca,Cartagena,Bogotá,Colombia,Doméstica,Económica,2,Martes,86,650,0,0,False,,109.26,60.4,109,2.9,74.9
VL10152,Copa Airlines,Ciudad Mx,Cancún,México,Doméstica,Económica,10,Martes,146,1600,24,17,False,Clima,152.58,74.6,134,2.8,81.1
VL12596,Avianca,Bogotá,Miami,Colombia,Internacional,Económica,11,Viernes,315,3800,0,0,False,,505.59,67.0,121,2.4,71.7
VL12386,Aeroméxico,Ciudad Mx,Bogotá,México,Internacional,Primera,4,Lunes,224,3200,0,17,True,,1568.35,68.8,206,2.4,74.3
VL10749,Sky Airline,Cancún,Bogotá,México,Internacional,Económica,10,Domingo,282,3500,0,2,False,,221.39,68.9,124,2.2,71.6
VL10047,Avianca,Medellín,Ciudad Mx,Colombia,Internacional,Económica,5,Viernes,261,3400,3,4,False,,,78.5,141,4.0,72.3
VL12382,Avianca,Guadalajara,Ciudad Mx,México,Doméstica,Económica,2,Viernes,41,550,0,0,False,,61.55,89.8,162,4.5,71.8
VL11190,Volaris,Bogotá,Medellín,Colombia,Doméstica,Económica,1,Viernes,41,580,0,22,False,,48.81,58.2,105,3.7,67.2
VL12178,Aeroméxico,Buenos Aires,Lima,Argentina,Internacional,Económica,7,Viernes,278,3000,36,25,False,Aeropuerto,352.89,68.9,124,3.0,76.8
VL11820,Avianca,Santiago,Lima,Chile,Internacional,Económica,11,Viernes,208,2400,0,9,False,,238.23,82.9,149,2.4,70.1
VL11606,Sky Airline,Bogotá,Medellín,Colombia,Doméstica,Económica,8,Viernes,71,580,37,50,False,Mecánico,42.94,98.7,178,3.3,74.2
VL10672,Volaris,Bogotá,Medellín,Colombia,Doméstica,Económica,4,Jueves,40,580,0,0,False,,39.78,88.3,159,5.0,70.8
VL10487,LATAM,Bogotá,Miami,Colombia,Internacional,Económica,5,Martes,324,3800,0,17,False,,290.24,71.9,129,3.7,79.7
VL10829,Avianca,Lima,Buenos Aires,Perú,Internacional,Económica,9,Sábado,221,3100,77,80,False,Tripulación,270.8,82.3,148,2.3,72.0
VL12636,Copa Airlines,Cartagena,Bogotá,Colombia,Doméstica,Ejecutiva,10,Viernes,59,650,60,66,False,Tripulación,142.93,81.0,178,3.3,81.9
VL10299,Volaris,Bogotá,Medellín,Colombia,Doméstica,Económica,4,Lunes,80,580,0,20,False,,56.67,78.7,142,,70.7
VL12265,Aeroméxico,Cancún,Bogotá,México,Internacional,Económica,2,Domingo,281,3500,0,2,False,,463.77,88.2,159,2.4,75.1
VL12611,Copa Airlines,Bogotá,Medellín,Colombia,Doméstica,Ejecutiva,12,Miércoles,51,580,0,19,False,,134.78,100.0,220,2.7,81.4
VL12413,LATAM,Bogotá,Medellín,Colombia,Doméstica,Económica,9,Lunes,78,580,0,9,False,,45.27,66.5,120,2.8,77.4
VL11698,LATAM,Cartagena,Bogotá,Colombia,Doméstica,Económica,5,Sábado,59,650,0,2,False,,61.72,71.4,129,3.5,75.8
VL10939,Aeroméxico,Santiago,São Paulo,Chile,Internacional,Económica,12,Sábado,217,2700,492,433,True,Operacional,237.9,62.7,113,3.2,76.7
VL11471,Viva Air,Buenos Aires,Lima,Argentina,Internacional,Económica,6,Domingo,212,3000,12,16,False,,391.17,72.7,131,2.9,65.3
VL12697,Aeroméxico,Bogotá,Miami,Colombia,Internacional,Económica,6,Domingo,285,3800,27,47,False,Tripulación,226.69,78.6,141,2.4,74.4
VL11470,Sky Airline,Santiago,São Paulo,Chile,Internacional,Ejecutiva,9,Viernes,172,2700,0,0,False,,530.66,59.0,130,4.9,75.1
VL12514,LATAM,Cancún,Bogotá,México,Internacional,Económica,3,Sábado,281,3500,32,42,False,Tripulación,456.4,69.1,124,3.3,78.9
VL12995,Copa Airlines,Lima,Santiago,Perú,Internacional,Económica,10,Lunes,184,2400,16,5,False,Operacional,174.49,75.5,136,,84.6
VL12834,Volaris,Ciudad Mx,Bogotá,México,Internacional,Primera,11,Viernes,246,3200,0,3,False,,1552.54,90.4,271,3.6,67.1
VL11838,LATAM,Guadalajara,Ciudad Mx,México,Doméstica,Económica,1,Sábado,66,550,15,8,False,,88.37,73.8,133,3.1,81.0
VL10606,Volaris,Santiago,Lima,Chile,Internacional,Económica,11,Sábado,187,2400,0,0,False,,326.8,93.8,169,4.7,67.5
VL11431,Aeroméxico,Medellín,Ciudad Mx,Colombia,Internacional,Económica,6,Lunes,255,3400,0,12,False,,259.42,77.4,139,5.0,73.8
VL11027,LATAM,Bogotá,Quito,Colombia,Internacional,Primera,10,Domingo,98,1000,14,3,False,,196.24,69.5,208,,78.9
VL10861,Copa Airlines,Lima,Buenos Aires,Perú,Internacional,Ejecutiva,6,Viernes,245,3100,0,0,False,,1065.19,92.7,204,,83.9
VL11301,Viva Air,Guadalajara,Ciudad Mx,México,Doméstica,Económica,2,Sábado,54,550,23,15,False,Tripulación,62.01,93.3,168,,66.7
VL11642,Sky Airline,Medellín,Ciudad Mx,Colombia,Internacional,Económica,6,Viernes,276,3400,0,9,False,,193.83,69.5,125,3.2,76.3
VL12500,Aeroméxico,Bogotá,Quito,Colombia,Internacional,Económica,10,Miércoles,80,1000,0,0,False,,69.28,94.5,170,3.9,74.0
VL12158,Aeroméxico,Lima,Buenos Aires,Perú,Internacional,Económica,8,Sábado,262,3100,0,0,False,,272.16,80.7,145,4.8,75.0
VL10389,Copa Airlines,Bogotá,Quito,Colombia,Internacional,Económica,3,Viernes,75,1000,0,14,False,,118.27,67.2,121,3.2,80.3
VL12574,Copa Airlines,Santiago,Lima,Chile,Internacional,Ejecutiva,11,Sábado,179,2400,2,0,False,,795.85,69.6,153,4.7,81.4
VL12649,Copa Airlines,Lima,Buenos Aires,Perú,Internacional,Económica,12,Sábado,242,3100,0,0,False,,287.04,85.8,154,3.4,83.1
VL11218,Copa Airlines,Cancún,Bogotá,México,Internacional,Ejecutiva,5,Viernes,287,3500,0,2,False,,604.28,100.0,220,3.3,84.2
VL10722,Viva Air,Bogotá,Medellín,Colombia,Doméstica,Ejecutiva,12,Sábado,66,580,49,50,False,Aeropuerto,99.15,76.6,169,3.3,64.5
VL11902,LATAM,Ciudad Mx,Miami,México,Internacional,Económica,3,Sábado,163,2100,0,7,False,,196.52,79.7,143,3.7,75.6
VL12010,LATAM,Bogotá,Medellín,Colombia,Doméstica,Ejecutiva,6,Viernes,53,580,0,0,False,,160.0,100.0,220,4.0,79.1
VL10707,Avianca,Bogotá,Quito,Colombia,Internacional,Económica,11,Jueves,100,1000,11,29,False,,108.99,100.0,180,2.8,71.6
VL10810,Copa Airlines,Cartagena,Bogotá,Colombia,Doméstica,Ejecutiva,9,Lunes,61,650,27,15,False,Operacional,102.19,86.5,190,4.0,82.3
VL12626,Aeroméxico,Bogotá,Medellín,Colombia,Doméstica,Económica,10,Sábado,66,580,0,4,False,,87.89,84.0,151,3.1,74.9
VL11541,Aeroméxico,Ciudad Mx,Cancún,México,Doméstica,Económica,5,Viernes,158,1600,0,7,False,,135.98,50.9,92,2.5,74.2
VL10146,Sky Airline,Santiago,São Paulo,Chile,Internacional,Económica,2,Jueves,240,2700,0,0,False,,282.23,76.1,137,3.2,76.2
VL11700,Avianca,Cartagena,Bogotá,Colombia,Doméstica,Primera,8,Martes,60,650,0,0,False,,,78.7,236,4.8,74.1
VL12090,LATAM,Ciudad Mx,Miami,México,Internacional,Ejecutiva,9,Domingo,165,2100,27,11,False,Aeropuerto,581.08,80.5,177,3.5,78.3
VL12094,LATAM,Bogotá,Miami,Colombia,Internacional,Económica,8,Viernes,281,3800,0,13,False,,327.93,71.7,129,2.9,80.6
VL10850,Aeroméxico,Bogotá,Medellín,Colombia,Doméstica,Económica,7,Viernes,63,580,0,1,False,,67.7,80.8,145,2.3,77.3
VL12161,LATAM,Cancún,Bogotá,México,Internacional,Económica,9,Miércoles,267,3500,0,4,False,,503.13,63.3,114,2.5,81.1
VL11035,Viva Air,Buenos Aires,Lima,Argentina,Internacional,Ejecutiva,6,Jueves,262,3000,0,0,False,,1024.89,96.3,212,2.7,66.1
VL11479,Aeroméxico,Lima,Buenos Aires,,Internacional,Económica,4,Jueves,283,3100,0,9,False,,381.21,77.7,140,3.2,74.9
VL10465,Copa Airlines,Ciudad Mx,Bogotá,México,Internacional,Económica,12,Domingo,275,3200,0,5,False,,454.81,72.5,130,2.0,83.1
VL12306,Aeroméxico,Bogotá,Medellín,Colombia,Doméstica,Económica,5,Domingo,53,580,2,3,False,,42.91,96.9,174,3.1,73.9
VL12873,Volaris,Lima,Buenos Aires,Perú,Internacional,Económica,10,Viernes,250,3100,0,0,False,,290.48,83.7,151,4.9,69.2
VL12653,Avianca,Bogotá,Medellín,Colombia,Doméstica,Económica,2,Martes,45,580,0,0,False,,,73.8,133,3.6,71.4
VL12953,Copa Airlines,Lima,Buenos Aires,Perú,Internacional,Económica,10,Sábado,239,3100,0,0,False,,331.9,48.8,88,4.3,78.1
VL11918,Volaris,Ciudad Mx,Bogotá,México,Internacional,Económica,4,Viernes,248,3200,0,0,False,,291.34,95.3,172,4.3,68.4
VL11176,Copa Airlines,Ciudad Mx,Miami,México,Internacional,Primera,5,Sábado,194,2100,43,52,False,Clima,1096.08,80.5,242,4.5,81.8
VL11657,Aeroméxico,Bogotá,Miami,Colombia,Internacional,Económica,2,Viernes,288,3800,0,0,False,,325.15,88.7,160,,79.0
VL12393,Copa Airlines,Ciudad Mx,Cancún,México,Doméstica,Económica,6,Viernes,128,1600,0,0,False,,162.09,77.0,139,3.4,82.7
VL11799,Copa Airlines,Bogotá,Medellín,Colombia,Doméstica,Económica,6,Lunes,58,580,20,1,False,Operacional,44.98,90.4,163,2.0,81.7
VL10317,LATAM,Ciudad Mx,Cancún,México,Doméstica,Económica,8,Jueves,136,1600,0,7,True,,151.08,79.1,142,2.9,77.3
VL10323,Copa Airlines,Bogotá,Miami,Colombia,Internacional,Económica,8,Jueves,271,3800,0,22,True,,470.78,83.6,150,4.6,81.5
VL12298,Aeroméxico,Ciudad Mx,Cancún,México,Doméstica,Económica,12,Sábado,139,1600,0,0,False,,96.32,87.1,157,3.9,75.5
VL10755,LATAM,Ciudad Mx,Miami,México,Internacional,Económica,4,Miércoles,168,2100,12,0,False,,245.32,69.3,125,3.8,77.5
VL11927,Avianca,Lima,Buenos Aires,Perú,Internacional,Ejecutiva,4,Jueves,232,3100,0,0,False,,867.94,71.9,158,3.5,73.8
VL11550,Viva Air,Guadalajara,Ciudad Mx,México,Doméstica,Primera,11,Jueves,68,550,0,0,False,,172.24,70.8,212,5.0,65.3
VL11347,Aeroméxico,Ciudad Mx,Bogotá,México,Internacional,Económica,3,Domingo,248,3200,0,2,False,,227.49,64.7,116,2.4,74.1
VL11504,Aeroméxico,Ciudad Mx,Bogotá,México,Internacional,Económica,4,Sábado,235,3200,0,9,False,,288.67,85.3,154,3.7,75.4
VL11807,Viva Air,Santiago,Lima,Chile,Internacional,Ejecutiva,11,Jueves,181,2400,0,0,False,,761.87,61.9,136,5.0,66.9
VL12420,LATAM,Ciudad Mx,Cancún,México,Doméstica,Económica,2,Sábado,115,1600,0,0,False,,168.88,75.5,136,4.0,78.8
VL11829,Aeroméxico,Bogotá,Miami,Colombia,Internacional,Económica,8,Viernes,288,3800,0,16,False,,,79.6,143,3.8,73.8
VL12220,Avianca,Buenos Aires,Lima,Argentina,Internacional,Ejecutiva,2,Lunes,244,3000,0,0,False,,1182.28,71.4,157,4.7,71.0
VL12336,Avianca,Lima,Buenos Aires,Perú,Internacional,Primera,7,Miércoles,253,3100,52,40,False,Operacional,1865.08,75.5,226,3.4,70.7
VL11741,LATAM,Buenos Aires,Lima,Argentina,Internacional,Económica,6,Sábado,229,3000,0,1,False,,204.94,90.0,162,4.5,75.7
VL11894,Avianca,Santiago,São Paulo,Chile,Internacional,Económica,3,Viernes,211,2700,0,2,False,,293.46,88.8,160,4.5,71.3
VL10654,LATAM,Lima,Buenos Aires,Perú,Internacional,Económica,6,Viernes,246,3100,48,35,False,Tripulación,382.55,90.1,162,2.1,78.1
VL10971,Aeroméxico,Guadalajara,Ciudad Mx,México,Doméstica,Económica,9,Domingo,44,550,11,2,False,,103.47,76.4,138,3.6,75.3
VL10271,LATAM,Bogotá,Quito,Colombia,Internacional,Ejecutiva,6,Viernes,78,1000,0,0,False,,190.23,74.5,164,4.1,75.9
VL11542,LATAM,Santiago,São Paulo,Chile,Internacional,Económica,10,Sábado,209,2700,0,0,False,,275.71,81.7,147,3.1,81.1
VL12589,Copa Airlines,Buenos Aires,Lima,Argentina,Internacional,Económica,9,Sábado,244,3000,0,0,False,,203.56,55.2,99,4.1,84.0
VL10255,LATAM,Santiago,São Paulo,Chile,Internacional,Económica,2,Miércoles,193,2700,0,7,False,,167.35,80.9,146,3.2,79.4
VL10230,Aeroméxico,Ciudad Mx,Miami,México,Internacional,Económica,1,Viernes,159,2100,0,0,True,,256.7,83.8,151,3.8,74.5
VL11626,Avianca,Santiago,Lima,Chile,Internacional,Ejecutiva,2,Sábado,191,2400,0,0,False,,479.15,76.4,168,4.4,70.6
VL11419,LATAM,Guadalajara,Ciudad Mx,México,Doméstica,Económica,11,Viernes,53,550,0,17,False,,48.57,92.4,166,3.5,79.1
VL12305,Aeroméxico,Ciudad Mx,Bogotá,México,Internacional,Económica,11,Lunes,251,3200,0,2,False,,247.48,91.4,165,2.8,77.3
VL10586,Aeroméxico,Bogotá,Medellín,Colombia,Doméstica,Económica,7,Martes,70,580,67,50,False,Mecánico,43.88,77.2,139,3.6,76.4
VL10953,LATAM,Guadalajara,Ciudad Mx,México,Doméstica,Económica,5,Miércoles,64,550,0,0,False,,,84.2,152,3.6,75.1
VL11126,Copa Airlines,Bogotá,Medellín,Colombia,Doméstica,Económica,8,Viernes,84,580,0,0,False,,89.34,71.3,128,4.3,80.8
VL12600,Avianca,Cancún,Bogotá,México,Internacional,Económica,2,Jueves,274,3500,47,53,False,Clima,196.22,69.9,126,3.4,71.0
VL10094,LATAM,Ciudad Mx,Miami,México,Internacional,Económica,3,Viernes,201,2100,0,0,False,,254.32,77.9,140,,78.3
VL11443,Avianca,Lima,Buenos Aires,Perú,Internacional,Económica,6,Domingo,247,3100,0,0,False,,213.79,80.3,145,2.5,72.4
VL12329,Aeroméxico,Bogotá,Medellín,Colombia,Doméstica,Económica,1,Lunes,74,580,0,5,False,,85.45,95.3,172,3.7,77.6
VL12891,Copa Airlines,Buenos Aires,Lima,Argentina,Internacional,Ejecutiva,11,Lunes,231,3000,0,0,False,,504.23,72.5,160,3.0,82.0
VL10926,Copa Airlines,Bogotá,Miami,Colombia,Internacional,Económica,9,Jueves,303,3800,0,1,False,,461.3,72.2,130,3.6,82.5
VL10436,Avianca,Bogotá,Medellín,Colombia,Doméstica,Económica,2,Sábado,68,580,24,35,False,Aeropuerto,64.74,100.0,180,2.8,73.0
VL11736,Aeroméxico,Lima,Buenos Aires,Perú,Internacional,Ejecutiva,8,Sábado,257,3100,0,0,False,,599.53,86.3,190,,74.4
VL12701,Avianca,Cartagena,Bogotá,Colombia,Doméstica,Ejecutiva,5,Viernes,61,650,0,0,False,,151.19,83.4,183,4.7,74.3
VL10820,Avianca,Bogotá,Quito,Colombia,Internacional,Económica,11,Viernes,78,1000,17,18,False,Tripulación,78.23,75.8,136,3.3,71.9
VL10281,LATAM,Bogotá,Miami,Colombia,Internacional,Económica,7,Domingo,286,3800,0,0,False,,308.11,80.8,145,3.4,79.5
VL12991,Aeroméxico,Bogotá,Quito,Colombia,Internacional,Económica,11,Martes,70,1000,0,13,False,,102.61,81.8,147,,75.8
VL11287,Aeroméxico,Ciudad Mx,Bogotá,México,Internacional,Económica,1,Lunes,262,3200,1,5,False,,,90.1,162,4.5,74.0
VL11294,Avianca,Bogotá,Quito,Colombia,Internacional,Económica,6,Viernes,90,1000,59,56,False,Aeropuerto,116.1,83.2,150,3.8,72.9
VL11014,Copa Airlines,Buenos Aires,Lima,Argentina,Internacional,Económica,2,Viernes,219,3000,0,0,False,,388.18,72.1,130,5.0,82.5
VL10766,Copa Airlines,Ciudad Mx,Miami,México,Internacional,Primera,5,Viernes,178,2100,1,0,False,,1008.63,92.5,278,3.6,82.9
VL10603,Avianca,Bogotá,Medellín,Colombia,Doméstica,Ejecutiva,1,Lunes,57,580,10,11,False,,120.02,63.4,139,2.5,71.8
VL11026,Avianca,Lima,Santiago,Perú,Internacional,Económica,5,Domingo,209,2400,0,0,False,,293.9,66.0,119,5.0,71.4
VL12280,Viva Air,Santiago,Lima,Chile,Internacional,Económica,4,Miércoles,197,2400,64,62,False,Aeropuerto,200.77,55.6,100,2.0,63.4
VL10409,LATAM,Bogotá,Medellín,Colombia,Doméstica,Primera,4,Viernes,40,580,0,4,False,,321.82,83.1,249,3.2,77.7
VL11296,LATAM,Ciudad Mx,Cancún,México,Doméstica,Económica,7,Domingo,130,1600,0,2,False,,,80.9,146,3.8,75.7
VL12125,Copa Airlines,Cancún,Bogotá,México,Internacional,Económica,9,Sábado,290,3500,0,1,False,,321.9,89.7,161,2.8,82.8
VL12848,Avianca,Santiago,São Paulo,Chile,Internacional,Económica,9,Miércoles,213,2700,0,0,False,,177.59,92.2,166,4.0,72.5
VL11357,Copa Airlines,Lima,Buenos Aires,Perú,Internacional,Primera,11,Jueves,245,3100,0,0,False,,1424.75,89.0,267,3.8,82.6
VL11193,Volaris,Cancún,Bogotá,México,Internacional,Económica,3,Domingo,259,3500,0,0,False,,463.69,85.4,154,4.2,68.3
VL11605,Sky Airline,Medellín,Ciudad Mx,Colombia,Internacional,Económica,4,Martes,279,3400,0,0,False,,323.19,68.7,124,4.8,75.4
VL12940,Aeroméxico,Santiago,Lima,Chile,Internacional,Económica,11,Lunes,168,2400,4,0,False,,210.64,65.9,119,5.0,77.4
VL11207,Aeroméxico,Lima,Buenos Aires,Perú,Internacional,Económica,1,Martes,258,3100,17,18,False,Tripulación,272.02,42.2,76,3.8,75.5
VL11135,LATAM,Bogotá,Medellín,Colombia,Doméstica,Ejecutiva,3,Lunes,66,580,12,13,False,,187.39,79.6,175,4.4,75.5
VL10421,Copa Airlines,Ciudad Mx,Miami,México,Internacional,Económica,10,Viernes,184,2100,0,0,False,,168.74,78.4,141,2.0,83.4
VL11551,LATAM,Santiago,São Paulo,Chile,Internacional,Económica,12,Jueves,219,2700,0,0,False,,378.31,78.9,142,4.3,80.1
VL10851,LATAM,Ciudad Mx,Miami,México,Internacional,Ejecutiva,5,Domingo,154,2100,24,28,False,Aeropuerto,588.13,72.9,160,3.8,76.6
VL11645,Volaris,Ciudad Mx,Miami,México,Internacional,Económica,12,Lunes,149,2100,0,0,False,,245.98,84.2,152,3.8,67.7
VL11074,Copa Airlines,Cartagena,Bogotá,Colombia,Doméstica,Económica,10,Domingo,75,650,6,14,False,,85.51,96.0,173,3.1,86.0
VL10883,Avianca,Ciudad Mx,Cancún,,Doméstica,Económica,5,Domingo,150,1600,0,5,False,,180.03,61.9,111,3.4,74.4
VL12986,Aeroméxico,Bogotá,Medellín,Colombia,Doméstica,Económica,12,Miércoles,62,580,0,0,False,,59.08,77.0,139,4.7,72.7
VL10979,Aeroméxico,Santiago,São Paulo,Chile,Internacional,Económica,5,Viernes,211,2700,50,60,False,Clima,352.95,81.8,147,3.3,75.4
VL11533,Avianca,Bogotá,Miami,Colombia,Internacional,Económica,12,Lunes,334,3800,57,76,False,Clima,436.33,94.9,171,2.6,75.2
VL10618,Volaris,Bogotá,Quito,Colombia,Internacional,Económica,1,Sábado,91,1000,0,4,False,,108.23,57.0,103,4.3,70.1
VL10732,Aeroméxico,Cancún,Bogotá,México,Internacional,Ejecutiva,1,Jueves,282,3500,0,7,False,,961.74,72.0,158,5.0,73.8
VL10215,LATAM,Santiago,Lima,Chile,Internacional,Ejecutiva,11,Miércoles,207,2400,0,0,False,,,80.2,176,4.3,78.8
VL10838,Viva Air,Santiago,São Paulo,Chile,Internacional,Económica,4,Sábado,220,2700,50,38,False,Tripulación,266.01,85.9,155,,67.5
VL11872,LATAM,Medellín,Ciudad Mx,Colombia,Internacional,Primera,6,Viernes,264,3400,0,1,True,,907.87,89.2,268,2.9,76.1
VL11994,LATAM,Ciudad Mx,Miami,México,Internacional,Económica,8,Domingo,190,2100,1,4,False,,290.82,78.5,141,3.7,77.5
VL11317,LATAM,Buenos Aires,Lima,Argentina,Internacional,Económica,11,Martes,236,3000,0,13,False,,365.37,73.6,132,2.3,77.7
VL11774,Avianca,Ciudad Mx,Miami,México,Internacional,Económica,5,Martes,156,2100,3,6,False,,256.21,88.2,159,3.9,71.2
VL12721,Aeroméxico,Ciudad Mx,Miami,México,Internacional,Ejecutiva,12,Domingo,159,2100,0,1,False,,565.74,56.4,124,4.4,73.4
VL12251,Viva Air,Guadalajara,Ciudad Mx,México,Doméstica,Primera,7,Sábado,61,550,52,38,False,Clima,131.72,77.5,232,5.0,69.1
VL11860,Copa Airlines,Ciudad Mx,Miami,México,Internacional,Económica,4,Domingo,184,2100,0,3,False,,244.71,62.2,112,4.4,81.2
VL12749,Copa Airlines,Cancún,Bogotá,México,Internacional,Económica,3,Lunes,272,3500,3,0,False,,247.51,72.9,131,4.0,81.9
VL10503,LATAM,Bogotá,Quito,Colombia,Internacional,Económica,3,Domingo,106,1000,0,9,False,,137.0,92.2,166,3.0,77.4
VL11816,Sky Airline,Bogotá,Miami,Colombia,Internacional,Económica,10,Domingo,303,3800,0,5,False,,315.07,100.0,180,3.9,73.0
VL11584,Copa Airlines,Cartagena,Bogotá,Colombia,Doméstica,Económica,6,Viernes,58,650,0,0,False,,69.03,93.4,168,4.7,81.5
VL12042,LATAM,Medellín,Ciudad Mx,Colombia,Internacional,Económica,2,Domingo,266,3400,54,67,False,Aeropuerto,437.85,72.6,131,,79.8
VL12552,Viva Air,Bogotá,Quito,Colombia,Internacional,Económica,11,Sábado,95,1000,37,43,False,Clima,69.44,68.7,124,2.8,61.9
VL12427,Avianca,Cartagena,Bogotá,Colombia,Doméstica,Primera,2,Sábado,72,650,0,0,False,,292.57,87.5,262,4.1,73.9
VL11201,LATAM,Bogotá,Medellín,Colombia,Doméstica,Económica,6,Martes,67,580,10,3,False,,76.01,59.9,108,2.5,78.5
VL12213,Volaris,Cartagena,Bogotá,,Doméstica,Económica,1,Lunes,60,650,7,12,False,,86.55,96.4,174,3.1,70.2
VL12356,LATAM,Lima,Santiago,Perú,Internacional,Económica,7,Lunes,179,2400,38,51,False,Operacional,300.36,92.5,166,3.1,78.4
VL12070,Aeroméxico,Ciudad Mx,Miami,México,Internacional,Económica,10,Miércoles,182,2100,122,126,False,Tripulación,252.44,54.4,98,1.0,75.0
VL12270,LATAM,Ciudad Mx,Cancún,México,Doméstica,Económica,5,Martes,144,1600,15,16,False,,78.36,50.7,91,2.0,78.3
VL11060,Avianca,Lima,Santiago,Perú,Internacional,Primera,1,Miércoles,198,2400,0,0,False,,1368.36,66.2,199,5.0,71.4
VL11713,Volaris,Lima,Buenos Aires,Perú,Internacional,Económica,1,Sábado,275,3100,0,17,False,,332.64,93.1,168,2.2,70.7
VL11702,Copa Airlines,Bogotá,Miami,Colombia,Internacional,Económica,2,Martes,300,3800,0,0,False,,423.04,55.6,100,4.5,84.0
VL12859,Copa Airlines,Ciudad Mx,Cancún,México,Doméstica,Económica,3,Sábado,134,1600,38,44,False,Tripulación,194.94,85.1,153,2.3,86.4
VL12511,Viva Air,Lima,Santiago,Perú,Internacional,Económica,7,Viernes,193,2400,0,3,False,,218.51,77.9,140,2.7,67.8
VL10474,Sky Airline,Medellín,Ciudad Mx,Colombia,Internacional,Económica,11,Domingo,283,3400,3,11,False,,432.78,64.5,116,2.7,72.4
VL12509,Aeroméxico,Lima,Santiago,Perú,Internacional,Económica,8,Miércoles,196,2400,0,0,False,,146.48,60.1,108,2.9,76.7
VL11052,Volaris,Guadalajara,Ciudad Mx,México,Doméstica,Ejecutiva,10,Domingo,71,550,0,0,False,,154.49,100.0,220,4.7,69.0
VL10569,Sky Airline,Ciudad Mx,Bogotá,México,Internacional,Económica,9,Sábado,261,3200,0,4,False,,387.04,73.3,132,3.5,73.9
VL10105,Aeroméxico,Santiago,Lima,Chile,Internacional,Económica,6,Miércoles,210,2400,0,0,False,,270.12,73.9,133,3.7,75.1
VL10153,Aeroméxico,Medellín,Ciudad Mx,Colombia,Internacional,Económica,1,Viernes,277,3400,0,4,False,,441.61,68.8,124,3.7,75.6
VL11399,LATAM,Buenos Aires,Lima,Argentina,Internacional,Económica,5,Viernes,227,3000,6,13,False,,256.83,59.4,107,4.0,78.6
VL11643,LATAM,Cancún,Bogotá,México,Internacional,Económica,1,Domingo,281,3500,4,12,False,,474.5,71.7,129,2.4,78.1
VL10253,LATAM,Bogotá,Miami,Colombia,Internacional,Económica,2,Miércoles,299,3800,0,7,False,,416.76,92.1,166,,78.3
VL11908,Volaris,Bogotá,Miami,Colombia,Internacional,Económica,2,Domingo,305,3800,27,18,False,Aeropuerto,519.31,61.1,110,4.6,68.9
VL10454,Viva Air,Ciudad Mx,Cancún,México,Doméstica,Ejecutiva,5,Domingo,130,1600,5,2,False,,389.54,84.7,186,3.6,65.5
VL12309,Sky Airline,Ciudad Mx,Bogotá,México,Internacional,Económica,2,Lunes,268,3200,0,0,False,,373.31,66.1,119,4.9,71.4
VL12078,Aeroméxico,Cartagena,Bogotá,Colombia,Doméstica,Económica,10,Martes,75,650,61,60,False,Clima,30.0,93.8,169,4.4,76.4
VL12499,Copa Airlines,Ciudad Mx,Bogotá,México,Internacional,Económica,10,Domingo,263,3200,0,0,False,,407.48,83.9,151,5.0,81.4
VL12321,Avianca,Buenos Aires,Lima,Argentina,Internacional,Económica,5,Viernes,210,3000,0,0,False,,355.47,69.0,124,4.7,73.0
VL10257,LATAM,Buenos Aires,Lima,Argentina,Internacional,Económica,6,Martes,239,3000,0,15,False,,334.55,79.3,143,3.4,79.1
VL12538,Aeroméxico,Ciudad Mx,Miami,México,Internacional,Económica,8,Viernes,200,2100,0,0,False,,146.37,75.5,136,4.2,74.6
VL11238,Copa Airlines,Cartagena,Bogotá,Colombia,Doméstica,Económica,4,Sábado,75,650,25,32,False,Mecánico,104.09,77.9,140,3.1,82.0
VL12462,LATAM,Cancún,Bogotá,México,Internacional,Económica,8,Viernes,286,3500,1,9,False,,298.45,86.7,156,4.0,79.1
VL10247,Aeroméxico,Cartagena,Bogotá,Colombia,Doméstica,Ejecutiva,11,Jueves,79,650,0,3,False,,152.69,90.9,200,3.6,75.6
VL11587,LATAM,Ciudad Mx,Bogotá,México,Internacional,Ejecutiva,10,Domingo,250,3200,0,0,False,,1017.6,64.3,141,4.2,77.8
VL11803,LATAM,Bogotá,Miami,Colombia,Internacional,Económica,7,Domingo,304,3800,0,0,False,,468.7,100.0,180,4.1,76.9
VL10279,Volaris,Ciudad Mx,Miami,México,Internacional,Económica,3,Lunes,177,2100,0,6,False,,192.52,78.3,141,2.7,68.7
VL11469,Sky Airline,Ciudad Mx,Miami,México,Internacional,Económica,1,Viernes,169,2100,0,6,False,,251.57,71.0,128,3.7,73.0
VL12128,Avianca,Lima,Santiago,Perú,Internacional,Ejecutiva,11,Jueves,202,2400,0,10,False,,843.11,97.8,215,4.5,73.8
VL10390,Avianca,Cartagena,Bogotá,Colombia,Doméstica,Económica,1,Domingo,61,650,0,0,False,,98.36,72.7,131,3.8,72.8
VL11338,Avianca,Bogotá,Medellín,Colombia,Doméstica,Económica,12,Jueves,66,580,0,0,False,,72.96,77.6,140,5.0,76.1
VL10392,Sky Airline,Ciudad Mx,Bogotá,México,Internacional,Ejecutiva,7,Miércoles,260,3200,0,0,False,,533.8,76.2,168,3.5,74.8
VL11813,Aeroméxico,Bogotá,Medellín,Colombia,Doméstica,Económica,9,Sábado,61,580,0,2,False,,94.85,81.4,147,2.1,76.1
VL10006,Sky Airline,Bogotá,Medellín,Colombia,Doméstica,Económica,10,Miércoles,40,580,0,0,False,,121.86,100.0,180,3.0,73.9
VL12076,Copa Airlines,Santiago,Lima,Chile,Internacional,Económica,4,Jueves,198,2400,0,0,False,,351.46,85.3,154,4.4,81.5
VL12714,Copa Airlines,Bogotá,Medellín,Colombia,Doméstica,Ejecutiva,4,Martes,75,580,0,0,False,,164.6,90.3,199,,81.3
VL12803,Volaris,Cartagena,Bogotá,Colombia,Doméstica,Primera,11,Domingo,61,650,0,0,False,,5722.595912476033,60.1,180,5.0,68.4
VL10660,Aeroméxico,Ciudad Mx,Bogotá,México,Internacional,Económica,7,Viernes,262,3200,0,0,False,,232.46,100.0,180,3.7,75.5
VL12155,Avianca,Santiago,Lima,Chile,Internacional,Económica,6,Miércoles,199,2400,11,13,False,,268.04,63.4,114,2.6,72.1
VL11236,LATAM,Lima,Santiago,Perú,Internacional,Económica,5,Sábado,195,2400,0,6,False,,312.29,68.9,124,4.4,80.2
VL12918,Avianca,Lima,Buenos Aires,Perú,Internacional,Económica,9,Miércoles,254,3100,0,0,False,,204.18,77.6,140,5.0,73.4
VL11977,LATAM,Lima,Buenos Aires,Perú,Internacional,Ejecutiva,10,Sábado,276,3100,1,3,False,,855.43,78.5,173,2.7,75.5
VL12267,Aeroméxico,Buenos Aires,Lima,Argentina,Internacional,Económica,3,Martes,226,3000,0,3,False,,232.52,80.4,145,2.3,76.0
VL10935,Aeroméxico,Bogotá,Miami,Colombia,Internacional,Económica,7,Lunes,308,3800,0,4,False,,317.04,82.4,148,2.3,75.7
VL10273,Aeroméxico,Guadalajara,Ciudad Mx,México,Doméstica,Económica,8,Jueves,53,550,10,11,False,,79.78,78.3,141,3.2,74.1
VL12762,Viva Air,Cancún,Bogotá,México,Internacional,Económica,5,Viernes,253,3500,7,0,False,,435.62,71.0,128,4.0,65.5
VL12970,Volaris,Ciudad Mx,Bogotá,México,Internacional,Económica,1,Lunes,257,3200,0,6,False,,423.93,79.2,143,4.2,65.2
VL10116,Volaris,Bogotá,Quito,Colombia,Internacional,Económica,8,Viernes,97,1000,32,42,False,Clima,90.9,75.1,135,3.5,71.2
VL12459,Viva Air,Ciudad Mx,Bogotá,México,Internacional,Económica,3,Domingo,268,3200,0,11,False,,248.76,94.7,170,,65.8
VL12414,LATAM,Medellín,Ciudad Mx,Colombia,Internacional,Económica,6,Jueves,260,3400,0,5,False,,320.81,68.2,123,4.2,80.6
VL12691,LATAM,Santiago,São Paulo,Chile,Internacional,Económica,2,Viernes,254,2700,83,83,False,Clima,307.03,77.5,140,3.3,77.2
VL10827,Aeroméxico,Ciudad Mx,Bogotá,México,Internacional,Económica,5,Viernes,252,3200,2,0,False,,255.62,66.6,120,5.0,75.7
VL12365,Viva Air,Bogotá,Medellín,Colombia,Doméstica,Ejecutiva,11,Sábado,69,580,0,0,False,,76.52,81.3,179,,65.9
VL11981,Avianca,Bogotá,Quito,Colombia,Internacional,Económica,10,Viernes,68,1000,6,5,False,,71.79,56.5,102,2.9,72.6
VL11055,LATAM,Ciudad Mx,Bogotá,México,Internacional,Económica,3,Viernes,273,3200,2,4,False,,368.43,84.7,152,3.1,80.6
VL12126,Aeroméxico,Cancún,Bogotá,México,Internacional,Económica,5,Sábado,266,3500,0,0,False,,252.63,82.3,148,4.8,75.1
VL11087,Copa Airlines,Ciudad Mx,Cancún,México,Doméstica,Económica,12,Jueves,139,1600,17,9,False,Operacional,138.73,89.4,161,3.8,81.1
VL10980,Sky Airline,Bogotá,Miami,Colombia,Internacional,Económica,8,Jueves,296,3800,0,3,False,,400.52,91.8,165,3.5,74.9
VL11970,Aeroméxico,Bogotá,Medellín,Colombia,Doméstica,Primera,3,Jueves,56,580,23,26,False,Clima,282.31,70.5,212,4.1,75.2
VL11909,Aeroméxico,Ciudad Mx,Cancún,México,Doméstica,Económica,8,Miércoles,134,1600,0,6,False,,178.24,100.0,180,4.0,74.7
VL12226,Copa Airlines,Bogotá,Miami,Colombia,Internacional,Económica,3,Sábado,301,3800,0,6,False,,327.69,79.1,142,3.6,83.2
VL10292,Avianca,Bogotá,Quito,Colombia,Internacional,Primera,1,Viernes,84,1000,0,14,False,,466.98,86.5,260,4.3,72.5
VL10720,Avianca,Guadalajara,Ciudad Mx,México,Doméstica,Ejecutiva,7,Sábado,54,550,0,11,False,,168.13,86.9,191,3.7,72.2
VL10468,Sky Airline,Santiago,Lima,Chile,Internacional,Ejecutiva,8,Viernes,210,2400,0,0,False,,,76.8,169,5.0,74.6
VL10044,Volaris,Santiago,Lima,Chile,Internacional,Económica,8,Jueves,182,2400,0,0,False,,186.25,88.1,159,4.4,68.7
VL12550,Avianca,Ciudad Mx,Bogotá,México,Internacional,Ejecutiva,5,Martes,268,3200,0,0,False,,811.14,64.5,142,5.0,74.1
VL12392,Sky Airline,Lima,Buenos Aires,Perú,Internacional,Primera,7,Sábado,251,3100,40,56,False,Operacional,,86.0,258,5.0,74.6
VL10126,Copa Airlines,Bogotá,Quito,Colombia,Internacional,Económica,7,Jueves,86,1000,0,3,False,,102.07,87.4,157,1.3,85.6
VL10909,Avianca,Ciudad Mx,Bogotá,México,Internacional,Económica,4,Lunes,270,3200,0,6,False,,352.18,95.3,172,2.3,72.6
VL11272,LATAM,Ciudad Mx,Miami,México,Internacional,Económica,12,Domingo,178,2100,26,30,False,Tripulación,244.59,83.8,151,4.9,77.5
VL12826,Copa Airlines,Buenos Aires,Lima,Argentina,Internacional,Económica,1,Miércoles,250,3000,2,12,False,,254.64,90.9,164,3.9,83.3
VL12391,Aeroméxico,Ciudad Mx,Cancún,México,Doméstica,Económica,11,Martes,140,1600,0,6,False,,172.23,84.6,152,3.6,72.8
VL11999,Copa Airlines,Bogotá,Miami,Colombia,Internacional,Económica,1,Viernes,292,3800,17,14,False,Aeropuerto,310.17,100.0,180,3.8,83.6
VL12804,Avianca,Medellín,Ciudad Mx,Colombia,Internacional,Económica,10,Domingo,256,3400,0,9,False,,299.04,82.2,148,3.8,72.0
VL12033,Copa Airlines,Cartagena,Bogotá,Colombia,Doméstica,Económica,7,Sábado,54,650,28,19,False,Clima,30.69,82.9,149,2.5,84.5
VL12741,Aeroméxico,Santiago,Lima,Chile,Internacional,Económica,11,Jueves,191,2400,21,26,False,Operacional,311.84,87.8,158,2.4,76.4
VL11802,Sky Airline,Ciudad Mx,Bogotá,México,Internacional,Primera,10,Lunes,252,3200,0,7,False,,1150.11,68.6,206,1.8,73.3
VL10198,LATAM,Lima,Santiago,Perú,Internacional,Económica,11,Sábado,202,2400,47,61,False,Tripulación,161.08,61.3,110,1.5,78.0
VL11192,Aeroméxico,Ciudad Mx,Bogotá,México,Internacional,Económica,11,Lunes,229,3200,10,13,False,,349.22,83.0,149,2.3,71.7
VL12777,LATAM,Ciudad Mx,Cancún,México,Doméstica,Económica,4,Viernes,140,1600,21,15,False,Mecánico,137.69,89.7,161,3.6,79.6
VL12772,Avianca,Bogotá,Quito,Colombia,Internacional,Económica,4,Miércoles,87,1000,0,25,False,,74.38,59.6,107,2.0,71.2
VL10774,Copa Airlines,Ciudad Mx,Miami,México,Internacional,Económica,2,Sábado,165,2100,0,0,False,,266.45,74.1,133,4.2,81.7
VL11944,Volaris,Ciudad Mx,Miami,,Internacional,Económica,7,Miércoles,160,2100,0,2,False,,268.67,76.2,137,4.3,67.8
VL10137,Volaris,Buenos Aires,Lima,Argentina,Internacional,Ejecutiva,5,Miércoles,269,3000,4,0,False,,838.15,92.5,204,4.0,71.2
VL11345,Avianca,Lima,Buenos Aires,Perú,Internacional,Económica,2,Jueves,255,3100,0,0,False,,322.07,79.7,143,3.3,76.3
VL11674,Aeroméxico,Ciudad Mx,Miami,México,Internacional,Económica,1,Lunes,174,2100,0,0,False,,119.84,75.4,136,3.6,75.2
VL11622,LATAM,Santiago,São Paulo,Chile,Internacional,Económica,12,Viernes,202,2700,0,7,False,,231.23,88.8,160,3.7,79.0
VL10693,Avianca,Santiago,Lima,Chile,Internacional,Ejecutiva,2,Domingo,189,2400,0,2,False,,568.26,71.9,158,3.8,71.2
VL10042,LATAM,Bogotá,Medellín,Colombia,Doméstica,Económica,2,Domingo,66,580,0,2,False,,49.58,81.6,147,2.0,80.6
VL12268,Sky Airline,Santiago,Lima,Chile,Internacional,Económica,11,Domingo,180,2400,623,541,False,Operacional,184.06,84.3,152,1.9,74.5
VL11161,LATAM,Ciudad Mx,Cancún,México,Doméstica,Económica,1,Viernes,122,1600,0,13,False,,99.71,90.5,163,4.7,77.5
VL11094,Avianca,Santiago,Lima,Chile,Internacional,Económica,2,Sábado,184,2400,0,0,False,,311.63,67.4,121,5.0,72.2
VL12174,Aeroméxico,Santiago,Lima,Chile,Internacional,Económica,10,Domingo,199,2400,0,13,False,,275.79,73.6,132,3.7,72.9
VL11250,Avianca,Ciudad Mx,Miami,México,Internacional,Ejecutiva,12,Sábado,177,2100,55,50,False,Aeropuerto,272.54,67.2,148,4.0,74.3
VL10248,Sky Airline,Cartagena,Bogotá,Colombia,Doméstica,Ejecutiva,8,Martes,67,650,0,2,False,,117.95,81.5,179,3.2,74.7
VL11423,Volaris,Ciudad Mx,Cancún,México,Doméstica,Económica,10,Miércoles,126,1600,0,6,False,,137.89,81.3,146,4.2,70.6
VL11131,LATAM,Medellín,Ciudad Mx,Colombia,Internacional,Económica,1,Miércoles,282,3400,22,30,False,Operacional,262.84,71.9,129,3.6,79.1
VL10419,LATAM,Ciudad Mx,Miami,México,Internacional,Económica,6,Viernes,176,2100,0,13,False,,176.15,92.9,167,3.6,80.5
VL11179,Avianca,Medellín,Ciudad Mx,Colombia,Internacional,Económica,5,Sábado,259,3400,5,2,False,,394.32,79.1,142,3.3,72.8
VL12315,Aeroméxico,Ciudad Mx,Cancún,México,Doméstica,Económica,3,Sábado,144,1600,0,11,False,,267.55,86.8,156,3.6,76.0
VL10078,LATAM,Ciudad Mx,Bogotá,México,Internacional,Económica,11,Sábado,255,3200,0,0,False,,394.98,78.3,141,4.5,77.6
VL10958,LATAM,Ciudad Mx,Cancún,México,Doméstica,Económica,8,Sábado,160,1600,84,93,False,Clima,147.08,86.3,155,1.1,79.6
VL11734,Aeroméxico,Ciudad Mx,Cancún,México,Doméstica,Económica,10,Jueves,146,1600,10,12,False,,152.77,94.3,170,3.8,74.2
VL12144,Aeroméxico,Lima,Buenos Aires,Perú,Internacional,Primera,12,Lunes,269,3100,0,0,False,,,65.6,197,4.2,75.5
VL11848,Volaris,Lima,Santiago,Perú,Internacional,Económica,5,Domingo,218,2400,0,2,False,,322.22,86.7,156,3.8,70.4
VL11658,LATAM,Ciudad Mx,Bogotá,México,Internacional,Económica,2,Jueves,283,3200,0,5,False,,441.15,79.2,143,3.1,78.9
VL11835,LATAM,Cancún,Bogotá,México,Internacional,Económica,12,Domingo,317,3500,0,7,False,,427.77,81.6,147,3.6,78.6
VL11235,Avianca,Ciudad Mx,Bogotá,México,Internacional,Económica,1,Viernes,269,3200,0,0,False,,221.11,85.2,153,3.7,71.5
VL11986,Volaris,Buenos Aires,Lima,Argentina,Internacional,Ejecutiva,6,Lunes,246,3000,12,12,False,,880.99,75.6,166,2.5,70.2
VL11883,LATAM,Ciudad Mx,Miami,México,Internacional,Ejecutiva,6,Viernes,162,2100,30,37,False,Operacional,356.85,63.5,140,2.9,79.3
VL12252,Copa Airlines,Cancún,Bogotá,México,Internacional,Económica,9,Domingo,298,3500,0,0,False,,311.96,93.4,168,,83.2
VL11010,LATAM,Santiago,Lima,Chile,Internacional,Económica,10,Domingo,196,2400,0,12,False,,264.44,68.5,123,3.5,76.8
VL10936,Aeroméxico,Bogotá,Medellín,Colombia,Doméstica,Económica,8,Viernes,55,580,0,1,False,,65.44,84.9,153,2.0,76.4
VL11906,Viva Air,Cartagena,Bogotá,Colombia,Doméstica,Económica,12,Viernes,63,650,12,4,False,,72.66,82.2,148,4.3,67.1
VL10428,Sky Airline,Ciudad Mx,Bogotá,México,Internacional,Económica,1,Jueves,289,3200,29,26,False,Aeropuerto,415.06,93.9,169,5.0,75.0
VL12236,Copa Airlines,Lima,Santiago,Perú,Internacional,Económica,9,Viernes,199,2400,66,71,False,Tripulación,229.5,47.4,85,2.2,82.6
VL12141,LATAM,Medellín,Ciudad Mx,Colombia,Internacional,Económica,2,Domingo,295,3400,1,8,False,,250.55,80.1,144,3.6,79.5
VL11312,LATAM,Medellín,Ciudad Mx,Colombia,Internacional,Económica,5,Domingo,260,3400,23,25,False,Mecánico,235.79,91.5,165,3.8,80.2
VL12488,Copa Airlines,Santiago,São Paulo,Chile,Internacional,Económica,4,Sábado,216,2700,7,4,False,,235.75,89.3,161,2.7,83.3
VL10025,Avianca,Ciudad Mx,Miami,México,Internacional,Económica,7,Jueves,170,2100,0,1,False,,231.08,52.5,94,3.0,70.2
VL12175,Volaris,Bogotá,Quito,Colombia,Internacional,Económica,10,Viernes,95,1000,25,28,False,Clima,83.57,95.4,172,1.2,70.8
VL11089,LATAM,Santiago,Lima,Chile,Internacional,Económica,9,Martes,209,2400,0,1,False,,292.3,61.3,110,2.3,80.0
VL10091,Viva Air,Buenos Aires,Lima,Argentina,Internacional,Ejecutiva,3,Lunes,247,3000,0,0,False,,578.83,100.0,220,3.3,64.8
VL12767,LATAM,Santiago,Lima,Chile,Internacional,Económica,5,Lunes,189,2400,0,0,False,,340.75,90.4,163,2.5,77.9
VL12510,LATAM,Bogotá,Medellín,Colombia,Doméstica,Económica,5,Lunes,62,580,0,20,False,,90.32,87.2,157,2.8,77.6
VL11402,Avianca,Bogotá,Medellín,Colombia,Doméstica,Económica,12,Martes,73,580,0,0,False,,58.9,84.3,152,4.6,71.1
VL11589,Volaris,Buenos Aires,Lima,Argentina,Internacional,Económica,11,Martes,271,3000,7,3,False,,278.83,82.2,148,4.1,69.3
VL11123,Sky Airline,Bogotá,Quito,Colombia,Internacional,Ejecutiva,1,Sábado,104,1000,0,0,False,,221.17,62.1,137,4.4,72.8
VL12096,Sky Airline,Santiago,São Paulo,Chile,Internacional,Económica,9,Sábado,184,2700,0,3,False,,320.09,74.5,134,,72.8
VL11870,Avianca,Bogotá,Quito,Colombia,Internacional,Ejecutiva,11,Lunes,99,1000,0,6,False,,299.2,53.3,117,3.5,72.2
VL10597,Aeroméxico,Ciudad Mx,Cancún,México,Doméstica,Económica,1,Jueves,123,1600,0,1,False,,154.99,99.7,179,3.5,75.9
VL12348,Aeroméxico,Santiago,São Paulo,Chile,Internacional,Económica,5,Martes,216,2700,0,0,False,,228.99,78.8,142,4.1,72.1
VL12614,Aeroméxico,Bogotá,Miami,Colombia,Internacional,Económica,2,Lunes,279,3800,0,7,False,,258.51,65.7,118,2.1,76.3
VL12693,Copa Airlines,Lima,Buenos Aires,Perú,Internacional,Económica,2,Domingo,255,3100,89,87,False,Clima,395.2,90.1,162,1.1,83.3
VL12249,Aeroméxico,Ciudad Mx,Cancún,México,Doméstica,Ejecutiva,2,Domingo,131,1600,0,0,False,,414.1,80.0,176,4.6,73.9
VL10587,Volaris,Ciudad Mx,Cancún,México,Doméstica,Económica,2,Jueves,138,1600,0,0,False,,133.51,69.7,125,5.0,70.0
VL12615,Sky Airline,Ciudad Mx,Cancún,México,Doméstica,Primera,2,Sábado,131,1600,22,7,False,Aeropuerto,675.19,66.0,198,3.1,75.6
VL10418,Avianca,Cancún,Bogotá,México,Internacional,Ejecutiva,6,Viernes,296,3500,0,0,False,,1287.04,73.4,161,3.8,72.7
VL12215,Copa Airlines,Bogotá,Miami,Colombia,Internacional,Económica,9,Miércoles,327,3800,0,9,False,,351.04,73.3,132,3.9,85.7
VL12255,Aeroméxico,Santiago,São Paulo,Chile,Internacional,Ejecutiva,4,Domingo,179,2700,0,5,False,,833.08,74.7,164,3.7,77.7
VL11727,Sky Airline,Cartagena,Bogotá,Colombia,Doméstica,Económica,5,Jueves,67,650,9,11,False,,43.44,76.1,137,4.2,72.7
VL11327,Viva Air,Ciudad Mx,Miami,México,Internacional,Ejecutiva,5,Miércoles,191,2100,0,0,False,,430.95,75.4,166,4.7,63.8
VL11342,Volaris,Lima,Santiago,Perú,Internacional,Económica,10,Martes,206,2400,22,8,False,Aeropuerto,155.22,78.7,142,3.6,69.5
VL11677,Viva Air,Ciudad Mx,Bogotá,México,Internacional,Primera,9,Viernes,235,3200,0,1,False,,1526.65,73.5,220,5.0,67.2
VL11534,Aeroméxico,Ciudad Mx,Bogotá,México,Internacional,Ejecutiva,5,Viernes,246,3200,0,0,False,,866.95,96.4,212,4.6,74.4
VL10605,LATAM,Lima,Buenos Aires,Perú,Internacional,Económica,3,Sábado,252,3100,0,12,False,,283.76,93.0,167,3.8,77.1
VL11316,Volaris,Medellín,Ciudad Mx,Colombia,Internacional,Económica,7,Viernes,269,3400,5,2,False,,427.55,75.8,136,2.8,67.9
VL11254,LATAM,Cancún,Bogotá,México,Internacional,Económica,6,Domingo,270,3500,0,5,False,,393.83,79.2,143,2.8,81.4
VL10239,Aeroméxico,Ciudad Mx,Cancún,México,Doméstica,Ejecutiva,6,Sábado,138,1600,0,22,False,,441.04,82.9,182,4.6,74.6
VL10156,Viva Air,Cancún,Bogotá,México,Internacional,Ejecutiva,5,Domingo,305,3500,0,0,False,,893.67,78.0,172,4.5,67.2
VL11898,LATAM,Ciudad Mx,Bogotá,México,Internacional,Económica,9,Martes,266,3200,0,7,False,,401.02,79.0,142,2.7,78.2
VL11532,Avianca,Buenos Aires,Lima,Argentina,Internacional,Económica,4,Domingo,204,3000,0,0,False,,292.49,78.4,141,5.0,72.5
VL11180,Aeroméxico,Cartagena,Bogotá,Colombia,Doméstica,Económica,8,Sábado,87,650,8,7,False,,70.12,96.5,174,5.0,73.8
VL11683,Avianca,Bogotá,Quito,Colombia,Internacional,Económica,7,Sábado,88,1000,30,40,False,Aeropuerto,61.31,77.7,140,3.5,70.6
VL11323,Aeroméxico,Santiago,Lima,Chile,Internacional,Económica,10,Lunes,212,2400,0,3,True,,313.84,77.7,140,3.4,72.2
VL10481,Aeroméxico,Buenos Aires,Lima,Argentina,Internacional,Económica,8,Miércoles,272,3000,0,0,False,,314.82,76.7,138,4.2,74.3
VL10645,LATAM,Lima,Santiago,Perú,Internacional,Económica,2,Sábado,190,2400,0,0,False,,202.48,92.8,167,4.6,77.6
VL11976,LATAM,Santiago,Lima,Chile,Internacional,Ejecutiva,9,Domingo,191,2400,0,0,False,,367.6,87.0,191,5.0,78.5
VL10596,Avianca,Cancún,Bogotá,México,Internacional,Económica,12,Viernes,259,3500,4,2,False,,284.84,93.3,168,2.9,71.4
VL10812,Avianca,Ciudad Mx,Cancún,México,Doméstica,Económica,11,Miércoles,157,1600,16,30,False,Tripulación,178.55,96.4,174,4.6,70.5
VL10308,Avianca,Ciudad Mx,Miami,México,Internacional,Económica,6,Martes,176,2100,0,6,False,,118.82,97.4,175,2.9,74.5
VL11006,Avianca,Buenos Aires,Lima,Argentina,Internacional,Económica,4,Lunes,240,3000,1,3,False,,236.93,97.2,175,2.3,74.0
VL12448,Aeroméxico,Bogotá,Medellín,Colombia,Doméstica,Económica,7,Lunes,69,580,36,35,False,Clima,49.14,83.3,150,2.4,76.4
VL12720,LATAM,Lima,Santiago,Perú,Internacional,Económica,4,Martes,193,2400,29,28,False,Operacional,212.31,75.9,137,2.7,78.1
VL12426,Viva Air,Ciudad Mx,Cancún,México,Doméstica,Económica,11,Lunes,138,1600,1,5,False,,198.23,79.4,143,3.8,65.9
VL12795,Volaris,Santiago,São Paulo,Chile,Internacional,Económica,8,Domingo,219,2700,0,5,False,,210.12,88.5,159,,70.1
VL11764,Aeroméxico,Ciudad Mx,Cancún,México,Doméstica,Económica,3,Sábado,136,1600,0,5,False,,189.74,70.2,126,2.6,75.3
VL12150,Avianca,Bogotá,Miami,Colombia,Internacional,Económica,8,Lunes,310,3800,26,24,False,Aeropuerto,358.96,73.4,132,3.2,73.2
VL10442,LATAM,Ciudad Mx,Bogotá,México,Internacional,Ejecutiva,7,Miércoles,288,3200,79,71,False,Aeropuerto,775.47,85.3,188,2.2,81.8
VL11993,Copa Airlines,Ciudad Mx,Cancún,México,Doméstica,Económica,6,Viernes,124,1600,0,0,False,,140.65,84.5,152,5.0,82.1
VL12003,Avianca,Santiago,Lima,Chile,Internacional,Ejecutiva,9,Miércoles,190,2400,0,10,False,,601.18,64.1,141,3.7,72.7
VL12829,Aeroméxico,Bogotá,Medellín,Colombia,Doméstica,Económica,4,Lunes,60,580,2,15,False,,85.14,80.8,145,2.4,76.5
VL12828,Avianca,Lima,Buenos Aires,Perú,Internacional,Económica,9,Martes,257,3100,0,0,False,,297.78,68.5,123,3.9,72.5
VL11237,Volaris,Lima,Buenos Aires,Perú,Internacional,Ejecutiva,3,Miércoles,253,3100,0,3,False,,957.4,66.4,146,3.3,72.0
VL11225,Volaris,Cancún,Bogotá,México,Internacional,Primera,6,Viernes,287,3500,23,32,False,Aeropuerto,1492.26,95.0,285,3.6,68.7
VL12469,Avianca,Medellín,Ciudad Mx,Colombia,Internacional,Económica,11,Domingo,259,3400,33,42,False,Tripulación,409.76,69.0,124,2.8,71.6
VL12695,Avianca,Medellín,Ciudad Mx,Colombia,Internacional,Económica,5,Miércoles,275,3400,0,7,False,,307.88,96.9,174,,70.4
VL10336,Sky Airline,Bogotá,Quito,Colombia,Internacional,Económica,3,Viernes,120,1000,0,8,False,,97.05,62.1,112,4.8,74.5
VL11746,LATAM,Bogotá,Medellín,Colombia,Doméstica,Económica,10,Domingo,49,580,11,23,False,,43.13,93.8,169,3.7,78.5
VL12035,Avianca,Ciudad Mx,Bogotá,México,Internacional,Económica,8,Domingo,235,3200,0,10,False,,,70.8,127,2.7,71.2
VL12718,LATAM,Bogotá,Quito,Colombia,Internacional,Ejecutiva,4,Miércoles,101,1000,0,0,False,,193.21,86.3,190,3.7,79.9
VL11493,Volaris,Bogotá,Medellín,Colombia,Doméstica,Económica,2,Martes,41,580,27,42,True,Operacional,77.23,89.8,162,2.2,70.7
VL10673,LATAM,Medellín,Ciudad Mx,Colombia,Internacional,Económica,12,Martes,262,3400,0,0,False,,318.77,71.6,129,4.3,78.8
VL12006,Volaris,Lima,Buenos Aires,Perú,Internacional,Ejecutiva,5,Viernes,237,3100,0,9,False,,463.42,99.3,218,4.1,69.3
VL12923,Copa Airlines,Santiago,Lima,Chile,Internacional,Ejecutiva,9,Domingo,217,2400,0,0,False,,818.01,65.9,145,5.0,82.6
VL11202,LATAM,Bogotá,Medellín,Colombia,Doméstica,Económica,5,Miércoles,57,580,0,10,False,,51.94,70.1,126,3.2,79.7
VL10891,Aeroméxico,Bogotá,Quito,Colombia,Internacional,Ejecutiva,10,Lunes,73,1000,17,11,False,Operacional,190.86,65.5,144,4.4,76.1
VL11088,Sky Airline,Cartagena,Bogotá,Colombia,Doméstica,Económica,9,Sábado,58,650,0,0,False,,82.94,79.4,143,3.2,74.5
VL12176,Sky Airline,Bogotá,Miami,Colombia,Internacional,Económica,5,Viernes,255,3800,11,7,False,,282.27,72.3,130,1.8,70.9
VL10619,LATAM,Ciudad Mx,Miami,México,Internacional,Ejecutiva,3,Martes,186,2100,0,14,False,,327.47,93.9,207,4.1,77.9
VL11613,LATAM,Bogotá,Miami,Colombia,Internacional,Económica,12,Jueves,309,3800,49,47,False,Aeropuerto,314.16,100.0,180,3.2,79.4
VL11914,LATAM,Lima,Buenos Aires,Perú,Internacional,Económica,7,Domingo,209,3100,83,69,False,Tripulación,294.25,60.3,109,1.0,77.0
VL11214,Copa Airlines,Buenos Aires,Lima,Argentina,Internacional,Económica,9,Domingo,240,3000,50,46,False,Clima,246.09,88.8,160,2.1,83.8
VL11216,LATAM,Bogotá,Medellín,Colombia,Doméstica,Económica,8,Viernes,65,580,0,0,False,,77.31,78.8,142,3.6,76.7
VL10017,Aeroméxico,Medellín,Ciudad Mx,Colombia,Internacional,Económica,1,Sábado,290,3400,448,493,True,Tripulación,360.97,85.0,153,1.0,75.1
VL12029,LATAM,Cancún,Bogotá,México,Internacional,Ejecutiva,1,Lunes,326,3500,0,7,False,,856.02,74.5,164,3.1,77.4
VL12039,Viva Air,Santiago,Lima,Chile,Internacional,Primera,10,Sábado,221,2400,17,16,False,Mecánico,845.74,62.8,188,3.7,63.1
VL11619,Sky Airline,Buenos Aires,Lima,Argentina,Internacional,Económica,1,Martes,258,3000,0,3,False,,228.12,95.9,173,3.0,76.6
VL11498,Avianca,Ciudad Mx,Bogotá,México,Internacional,Económica,3,Miércoles,272,3200,0,0,False,,408.76,75.8,136,3.2,72.0
VL12672,Copa Airlines,Buenos Aires,Lima,Argentina,Internacional,Económica,9,Miércoles,247,3000,0,0,False,,215.34,73.7,133,4.4,84.5
VL12745,Copa Airlines,Ciudad Mx,Miami,México,Internacional,Económica,9,Martes,167,2100,0,0,False,,197.04,78.9,142,4.4,81.4
VL11964,Aeroméxico,Santiago,São Paulo,Chile,Internacional,Económica,5,Domingo,198,2700,0,0,False,,353.4,67.5,122,,74.7
VL12933,Viva Air,Medellín,Ciudad Mx,Colombia,Internacional,Económica,4,Martes,241,3400,0,0,False,,387.01,90.8,163,2.7,62.8
VL11221,Copa Airlines,Ciudad Mx,Cancún,México,Doméstica,Económica,6,Sábado,131,1600,10,21,False,,152.04,70.1,126,4.4,81.2
VL10624,Avianca,Santiago,São Paulo,,Internacional,Ejecutiva,2,Jueves,215,2700,0,0,False,,718.31,65.1,143,4.1,69.9
VL11728,Volaris,Bogotá,Quito,Colombia,Internacional,Ejecutiva,1,Martes,112,1000,23,31,False,Tripulación,249.42,89.3,196,1.5,69.3
VL10846,Viva Air,Bogotá,Medellín,Colombia,Doméstica,Económica,11,Domingo,62,580,13,5,False,,60.33,100.0,180,2.5,65.9
VL12793,Sky Airline,Santiago,Lima,Chile,Internacional,Económica,11,Martes,188,2400,9,6,False,,219.95,79.4,143,4.5,73.8
VL11739,Copa Airlines,Ciudad Mx,Bogotá,México,Internacional,Económica,4,Martes,283,3200,0,7,False,,186.09,82.1,148,,82.4
VL10172,LATAM,Medellín,Ciudad Mx,Colombia,Internacional,Económica,4,Lunes,273,3400,11,25,False,,282.47,61.7,111,3.3,78.3
VL11850,Viva Air,Bogotá,Miami,Colombia,Internacional,Económica,10,Viernes,300,3800,0,4,False,,333.65,74.1,133,4.5,64.9
VL12737,Avianca,Medellín,Ciudad Mx,Colombia,Internacional,Económica,1,Viernes,313,3400,8,5,False,,406.0,83.7,151,3.4,69.0
VL12343,LATAM,Ciudad Mx,Bogotá,México,Internacional,Económica,10,Domingo,260,3200,16,13,False,Mecánico,298.87,89.1,160,2.8,79.8
VL12080,LATAM,Bogotá,Medellín,Colombia,Doméstica,Económica,5,Domingo,67,580,0,0,False,,90.34,75.6,136,3.4,78.7
VL12276,LATAM,Ciudad Mx,Miami,México,Internacional,Económica,3,Miércoles,179,2100,0,11,False,,144.72,63.8,115,3.0,79.4
VL11730,LATAM,Bogotá,Miami,Colombia,Internacional,Económica,10,Jueves,307,3800,0,0,False,,472.69,58.5,105,3.9,78.0
VL12876,Sky Airline,Medellín,Ciudad Mx,Colombia,Internacional,Económica,5,Sábado,245,3400,0,0,False,,293.64,61.7,111,4.8,76.3
VL11543,Avianca,Santiago,Lima,Chile,Internacional,Primera,2,Sábado,209,2400,6,18,False,,1163.58,49.6,149,3.9,74.1
VL11710,Aeroméxico,Ciudad Mx,Cancún,México,Doméstica,Económica,11,Viernes,148,1600,9,9,False,,149.45,70.9,128,3.8,74.2
VL11449,Volaris,Cancún,Bogotá,México,Internacional,Económica,7,Domingo,275,3500,254,258,False,Tripulación,289.64,69.3,125,,66.6
VL11267,LATAM,Lima,Buenos Aires,Perú,Internacional,Económica,12,Jueves,246,3100,1,0,False,,380.65,74.3,134,5.0,79.3
VL12674,Viva Air,Lima,Santiago,Perú,Internacional,Económica,11,Lunes,173,2400,0,9,False,,174.22,83.1,150,2.9,64.7
VL11747,LATAM,Santiago,Lima,Chile,Internacional,Ejecutiva,1,Domingo,206,2400,31,40,False,Clima,749.77,64.8,143,3.6,74.8
VL10458,Copa Airlines,Bogotá,Medellín,Colombia,Doméstica,Económica,8,Sábado,68,580,0,5,False,,90.27,76.5,138,4.1,80.9
VL11167,LATAM,Medellín,Ciudad Mx,Colombia,Internacional,Económica,3,Jueves,277,3400,0,0,False,,290.76,93.6,168,3.1,77.2
VL12884,Aeroméxico,Bogotá,Medellín,Colombia,Doméstica,Ejecutiva,2,Sábado,51,580,0,7,False,,220.26,94.4,208,4.0,76.3
VL12331,Avianca,Bogotá,Medellín,Colombia,Doméstica,Económica,2,Martes,70,580,0,0,False,,56.89,75.0,135,3.4,73.0
VL12541,Copa Airlines,Ciudad Mx,Miami,México,Internacional,Económica,1,Martes,166,2100,0,12,False,,153.15,91.7,165,4.0,82.5
VL12437,Sky Airline,Bogotá,Miami,Colombia,Internacional,Económica,12,Domingo,304,3800,15,17,False,,429.02,52.6,95,2.4,74.4
VL11704,Aeroméxico,Lima,Buenos Aires,Perú,Internacional,Económica,1,Lunes,220,3100,6,25,False,,325.79,76.8,138,3.3,74.8
VL10463,Copa Airlines,Santiago,São Paulo,Chile,Internacional,Económica,3,Viernes,232,2700,0,0,False,,174.22,67.3,121,3.5,80.1
VL11899,Sky Airline,Ciudad Mx,Miami,México,Internacional,Ejecutiva,4,Miércoles,192,2100,0,0,False,,736.7,77.3,170,,74.3
VL12503,Aeroméxico,Cartagena,Bogotá,Colombia,Doméstica,Primera,12,Jueves,72,650,68,89,False,Aeropuerto,204.85,69.0,207,4.7,74.6
VL10382,LATAM,Cancún,Bogotá,México,Internacional,Económica,6,Viernes,268,3500,8,22,False,,232.1,89.8,162,2.5,76.1
VL11939,Volaris,Bogotá,Medellín,Colombia,Doméstica,Económica,10,Lunes,63,580,0,0,False,,62.45,97.6,176,3.6,68.4
VL10715,Avianca,Guadalajara,Ciudad Mx,México,Doméstica,Económica,6,Viernes,63,550,0,0,False,,30.0,94.1,169,3.3,72.0
VL11540,LATAM,Buenos Aires,Lima,Argentina,Internacional,Económica,4,Lunes,240,3000,0,20,False,,355.27,90.8,163,4.6,78.9
VL12562,Avianca,Bogotá,Medellín,Colombia,Doméstica,Económica,7,Domingo,68,580,0,0,False,,45.77,77.4,139,3.8,72.7
VL12975,Viva Air,Bogotá,Medellín,Colombia,Doméstica,Económica,3,Domingo,61,580,0,0,False,,56.41,86.6,156,5.0,64.1
VL12734,Copa Airlines,Guadalajara,Ciudad Mx,México,Doméstica,Económica,12,Jueves,66,550,0,0,False,,58.29,84.0,151,,81.3
VL10010,Aeroméxico,Bogotá,Medellín,Colombia,Doméstica,Ejecutiva,9,Miércoles,69,580,0,1,False,,147.37,96.0,211,4.2,75.0
VL10014,Copa Airlines,Santiago,Lima,Chile,Internacional,Económica,5,Miércoles,168,2400,28,33,False,Clima,267.17,82.3,148,2.5,82.9
VL10191,Sky Airline,Lima,Santiago,Perú,Internacional,Económica,1,Lunes,189,2400,61,65,False,Aeropuerto,199.03,87.4,157,2.9,73.0
VL10048,Avianca,Medellín,Ciudad Mx,Colombia,Internacional,Ejecutiva,11,Domingo,247,3400,0,4,False,,619.81,95.9,211,2.2,75.3
VL10424,Sky Airline,Bogotá,Medellín,Colombia,Doméstica,Económica,4,Domingo,54,580,0,0,False,,98.42,85.4,154,3.9,73.8
VL11072,Copa Airlines,Bogotá,Medellín,Colombia,Doméstica,Económica,7,Viernes,43,580,24,26,False,Operacional,109.36,88.0,158,,81.8
VL12844,Sky Airline,Santiago,São Paulo,Chile,Internacional,Económica,10,Domingo,190,2700,0,3,False,,231.61,90.7,163,4.0,74.6
VL11389,LATAM,Lima,Buenos Aires,Perú,Internacional,Económica,10,Domingo,258,3100,45,50,False,Aeropuerto,407.45,67.3,121,4.6,78.7
VL12943,Sky Airline,Buenos Aires,Lima,Argentina,Internacional,Ejecutiva,2,Domingo,231,3000,0,0,False,,846.66,81.9,180,5.0,74.1
VL10379,Copa Airlines,Bogotá,Miami,Colombia,Internacional,Ejecutiva,9,Miércoles,314,3800,17,10,False,Clima,3603.4157261257487,65.9,145,2.1,82.9
VL11640,Viva Air,Medellín,Ciudad Mx,Colombia,Internacional,Económica,12,Viernes,241,3400,0,3,False,,284.5,90.0,162,,65.5
VL10580,Aeroméxico,Lima,Buenos Aires,Perú,Internacional,Ejecutiva,10,Miércoles,238,3100,0,0,False,,555.47,58.0,128,,74.5
VL11350,Volaris,Lima,Santiago,Perú,Internacional,Económica,1,Viernes,182,2400,0,7,False,,212.56,87.5,158,2.5,66.8
VL10151,Avianca,Santiago,Lima,Chile,Internacional,Económica,11,Viernes,211,2400,15,8,False,,194.86,93.8,169,3.2,74.0
VL11459,Aeroméxico,Cancún,Bogotá,México,Internacional,Económica,8,Viernes,271,3500,4,14,False,,295.96,63.4,114,3.4,76.8
VL11578,Viva Air,Santiago,São Paulo,Chile,Internacional,Ejecutiva,8,Martes,199,2700,3,9,False,,599.15,62.7,138,5.0,65.6
VL11439,Avianca,Cancún,Bogotá,México,Internacional,Económica,8,Jueves,326,3500,0,0,False,,472.09,76.4,138,3.5,72.9
VL10039,Aeroméxico,Lima,Buenos Aires,Perú,Internacional,Ejecutiva,11,Martes,266,3100,0,0,False,,4132.922930009621,70.9,156,5.0,73.5
VL11975,Aeroméxico,Guadalajara,Ciudad Mx,México,Doméstica,Económica,2,Jueves,72,550,0,5,False,,65.16,82.8,149,3.0,71.3
VL10383,Avianca,Lima,Santiago,Perú,Internacional,Económica,1,Jueves,223,2400,0,0,False,,281.7,67.5,122,2.8,76.5
VL11933,Aeroméxico,Santiago,São Paulo,Chile,Internacional,Económica,2,Sábado,201,2700,0,8,False,,161.58,94.5,170,3.5,74.1
VL10522,Avianca,Cartagena,Bogotá,Colombia,Doméstica,Ejecutiva,3,Domingo,59,650,0,0,True,,5104.392317489888,93.8,206,4.2,72.2
VL10937,LATAM,Guadalajara,Ciudad Mx,México,Doméstica,Ejecutiva,9,Sábado,64,550,17,27,False,Clima,199.2,82.7,182,4.1,78.0
VL10413,Avianca,Santiago,São Paulo,,Internacional,Económica,10,Lunes,215,2700,7,15,False,,357.62,63.0,113,2.7,74.6
VL12786,Avianca,Cartagena,Bogotá,Colombia,Doméstica,Económica,7,Domingo,45,650,3,16,False,,53.58,86.6,156,2.2,70.6
VL12404,Avianca,Cancún,Bogotá,México,Internacional,Económica,3,Sábado,265,3500,8,0,False,,434.53,76.2,137,5.0,74.2
VL12405,Sky Airline,Santiago,São Paulo,Chile,Internacional,Económica,4,Viernes,208,2700,7,4,False,,249.31,72.8,131,4.9,73.5
VL10122,LATAM,Bogotá,Miami,Colombia,Internacional,Económica,10,Sábado,298,3800,24,17,False,Tripulación,214.23,58.6,105,3.6,79.0
VL11538,LATAM,Santiago,Lima,Chile,Internacional,Económica,7,Viernes,198,2400,19,22,False,Operacional,310.23,77.6,140,4.4,80.2
VL11955,Volaris,Guadalajara,Ciudad Mx,México,Doméstica,Económica,1,Domingo,65,550,0,3,False,,57.05,86.3,155,3.4,70.6
VL10916,Volaris,Bogotá,Miami,Colombia,Internacional,Económica,1,Martes,328,3800,86,86,False,Tripulación,320.48,88.9,160,3.5,69.4
VL10826,Aeroméxico,Ciudad Mx,Bogotá,México,Internacional,Económica,10,Viernes,233,3200,51,37,True,Aeropuerto,429.18,82.2,148,3.9,73.3
VL10526,Viva Air,Ciudad Mx,Bogotá,México,Internacional,Económica,7,Domingo,254,3200,0,0,False,,329.52,73.2,132,3.9,67.3
VL12224,Avianca,Bogotá,Medellín,Colombia,Doméstica,Económica,2,Jueves,60,580,0,4,False,,58.74,92.8,167,4.1,73.0
VL10896,LATAM,Bogotá,Miami,Colombia,Internacional,Ejecutiva,9,Sábado,339,3800,24,13,False,Tripulación,1253.8,84.6,186,4.2,80.1
VL12440,Aeroméxico,Santiago,São Paulo,Chile,Internacional,Económica,7,Miércoles,217,2700,15,17,False,,351.96,73.9,133,3.7,72.4
VL11136,Volaris,Bogotá,Quito,Colombia,Internacional,Ejecutiva,7,Lunes,92,1000,0,6,False,,287.2,72.8,160,5.0,71.9
VL12360,Copa Airlines,Bogotá,Medellín,Colombia,Doméstica,Ejecutiva,11,Sábado,64,580,23,29,False,Operacional,166.22,74.4,164,3.9,82.6
VL12888,Volaris,Bogotá,Quito,Colombia,Internacional,Económica,2,Viernes,92,1000,3,6,False,,130.44,77.0,139,2.3,68.3
VL10278,Avianca,Buenos Aires,Lima,Argentina,Internacional,Ejecutiva,12,Lunes,260,3000,0,0,False,,974.39,79.6,175,5.0,73.3
VL12568,Sky Airline,Bogotá,Quito,Colombia,Internacional,Económica,9,Lunes,102,1000,659,612,False,Aeropuerto,80.65,100.0,180,,74.5
VL10882,Viva Air,Bogotá,Medellín,Colombia,Doméstica,Económica,3,Jueves,69,580,0,0,False,,49.88,70.6,127,5.0,65.4
VL10737,Volaris,Bogotá,Quito,Colombia,Internacional,Económica,2,Lunes,102,1000,17,16,False,Tripulación,124.1,100.0,180,2.4,70.9
VL10878,Aeroméxico,Bogotá,Medellín,Colombia,Doméstica,Ejecutiva,12,Sábado,75,580,1,8,False,,163.83,79.1,174,,74.2
VL12188,Viva Air,Ciudad Mx,Miami,México,Internacional,Económica,8,Miércoles,179,2100,26,30,False,Aeropuerto,258.53,100.0,180,1.7,64.2
VL12308,Sky Airline,Ciudad Mx,Cancún,México,Doméstica,Económica,7,Sábado,145,1600,0,0,False,,122.56,84.6,152,4.6,71.1
VL11982,Copa Airlines,Lima,Buenos Aires,,Internacional,Económica,10,Domingo,276,3100,12,10,False,,278.32,76.4,138,2.7,80.3
VL10504,Sky Airline,Cancún,Bogotá,México,Internacional,Económica,7,Jueves,275,3500,0,0,False,,240.34,88.1,159,4.5,73.4
VL12502,Avianca,Santiago,São Paulo,Chile,Internacional,Económica,11,Sábado,229,2700,0,0,False,,331.59,97.0,175,3.3,73.4
VL11656,Sky Airline,Santiago,São Paulo,Chile,Internacional,Económica,4,Jueves,226,2700,0,5,False,,318.69,67.1,121,2.9,73.3
VL12197,LATAM,Lima,Santiago,Perú,Internacional,Económica,5,Miércoles,187,2400,0,0,False,,298.82,87.5,158,5.0,76.3
VL12820,Sky Airline,Guadalajara,Ciudad Mx,México,Doméstica,Económica,1,Domingo,47,550,0,13,False,,74.52,81.0,146,1.8,72.3
VL11153,Avianca,Cancún,Bogotá,México,Internacional,Ejecutiva,12,Lunes,292,3500,0,12,False,,860.47,98.5,217,4.0,73.2
VL11691,Avianca,Medellín,Ciudad Mx,Colombia,Internacional,Ejecutiva,4,Lunes,271,3400,0,0,False,,1033.41,74.8,165,4.9,70.1
VL10547,Aeroméxico,Cancún,Bogotá,México,Internacional,Económica,10,Lunes,305,3500,0,0,False,,191.15,61.9,111,3.5,75.6
VL10708,Avianca,Santiago,Lima,Chile,Internacional,Económica,5,Jueves,181,2400,8,5,False,,237.24,69.7,125,3.3,71.8
VL10003,Copa Airlines,Santiago,São Paulo,Chile,Internacional,Económica,3,Jueves,188,2700,0,0,False,,349.1,73.5,132,4.5,83.2
VL11703,Copa Airlines,Medellín,Ciudad Mx,Colombia,Internacional,Económica,5,Domingo,282,3400,0,3,False,,248.85,77.4,139,3.2,82.4
VL11143,Sky Airline,Santiago,São Paulo,Chile,Internacional,Económica,10,Jueves,209,2700,17,26,False,Clima,180.83,77.2,139,2.8,75.5
VL10388,LATAM,Ciudad Mx,Miami,México,Internacional,Económica,9,Jueves,177,2100,29,22,False,Clima,153.21,70.5,127,3.2,79.5
VL10560,Avianca,Buenos Aires,Lima,Argentina,Internacional,Económica,4,Sábado,208,3000,0,12,False,,,60.4,109,5.0,73.0
VL10358,Volaris,Guadalajara,Ciudad Mx,México,Doméstica,Primera,9,Domingo,53,550,0,7,False,,339.86,62.2,187,2.6,68.2
VL10835,Avianca,Ciudad Mx,Bogotá,México,Internacional,Económica,9,Lunes,259,3200,0,3,False,,311.53,94.7,170,2.6,73.2
VL11098,Avianca,Ciudad Mx,Miami,México,Internacional,Económica,2,Miércoles,167,2100,0,2,False,,214.65,71.0,128,3.7,72.9
VL11206,Copa Airlines,Cancún,Bogotá,México,Internacional,Económica,6,Sábado,294,3500,0,0,False,,,54.0,97,4.5,80.9
VL12807,Viva Air,Ciudad Mx,Cancún,México,Doméstica,Ejecutiva,6,Lunes,156,1600,0,6,False,,246.11,79.9,176,5.0,64.1
VL11066,LATAM,Santiago,Lima,Chile,Internacional,Económica,3,Sábado,195,2400,0,0,False,,231.48,78.3,141,3.1,78.2
VL12966,Sky Airline,Buenos Aires,Lima,Argentina,Internacional,Económica,7,Domingo,213,3000,7,0,False,,360.62,56.2,101,5.0,72.3
VL11366,LATAM,Buenos Aires,Lima,Argentina,Internacional,Económica,5,Sábado,223,3000,57,37,False,Operacional,456.29,91.3,164,4.2,80.2
VL11604,Volaris,Bogotá,Medellín,Colombia,Doméstica,Económica,10,Jueves,81,580,0,0,False,,51.5,63.7,115,2.2,69.9
VL10611,LATAM,Ciudad Mx,Miami,México,Internacional,Ejecutiva,9,Miércoles,163,2100,23,18,False,Clima,422.94,80.8,178,3.1,77.4
VL11171,Viva Air,Cartagena,Bogotá,Colombia,Doméstica,Ejecutiva,11,Martes,59,650,32,23,False,Clima,134.92,76.9,169,3.5,64.3
VL10476,Viva Air,Bogotá,Medellín,Colombia,Doméstica,Económica,9,Domingo,56,580,6,0,False,,72.35,59.5,107,3.4,63.6
VL12263,LATAM,Lima,Buenos Aires,Perú,Internacional,Económica,12,Jueves,244,3100,0,0,False,,5621.541712075803,81.8,147,3.0,78.0
VL11140,Avianca,Bogotá,Quito,Colombia,Internacional,Primera,1,Lunes,67,1000,27,26,True,Operacional,678.47,92.3,277,2.0,71.1
VL11021,Avianca,Bogotá,Miami,Colombia,Internacional,Ejecutiva,3,Lunes,324,3800,65,64,False,Mecánico,,62.1,137,1.8,73.2
VL10427,Copa Airlines,Lima,Santiago,Perú,Internacional,Ejecutiva,8,Domingo,221,2400,0,0,False,,646.83,63.6,140,4.7,82.7
VL12349,Copa Airlines,Bogotá,Medellín,Colombia,Doméstica,Económica,10,Domingo,68,580,42,52,False,Clima,67.54,88.1,159,3.0,83.2
VL10391,Sky Airline,Ciudad Mx,Bogotá,México,Internacional,Económica,1,Domingo,253,3200,15,15,False,,345.4,96.9,174,2.9,76.2
VL11717,Viva Air,Buenos Aires,Lima,Argentina,Internacional,Ejecutiva,4,Martes,254,3000,84,89,False,Aeropuerto,500.83,74.2,163,3.0,69.0
VL12543,Volaris,Santiago,São Paulo,Chile,Internacional,Económica,1,Viernes,225,2700,3,2,False,,218.38,83.4,150,2.1,66.1
VL10895,Volaris,Santiago,Lima,Chile,Internacional,Ejecutiva,2,Lunes,214,2400,0,11,False,,744.38,65.8,145,1.5,67.0
VL12934,Avianca,Buenos Aires,Lima,Argentina,Internacional,Económica,12,Jueves,243,3000,5,13,False,,394.84,95.8,172,2.8,69.8
VL10229,Avianca,Cancún,Bogotá,México,Internacional,Económica,5,Sábado,307,3500,0,0,False,,427.66,56.6,102,3.8,73.0
VL12875,Avianca,Lima,Buenos Aires,Perú,Internacional,Económica,5,Domingo,245,3100,0,0,False,,376.79,66.5,120,3.4,71.8
VL11845,Avianca,Santiago,Lima,Chile,Internacional,Económica,7,Domingo,209,2400,0,11,False,,147.94,85.4,154,3.7,68.9
VL10062,Copa Airlines,Bogotá,Quito,Colombia,Internacional,Económica,3,Sábado,115,1000,0,8,False,,77.8,69.8,126,2.7,83.0
VL10713,Copa Airlines,Ciudad Mx,Bogotá,México,Internacional,Ejecutiva,6,Martes,255,3200,9,14,False,,848.53,91.6,202,4.0,83.7
VL10752,Avianca,Cancún,Bogotá,México,Internacional,Económica,2,Viernes,278,3500,0,0,False,,,80.5,145,4.3,73.2
VL11222,Sky Airline,Lima,Buenos Aires,Perú,Internacional,Económica,7,Domingo,251,3100,0,2,False,,212.53,79.9,144,,72.5
VL11821,Avianca,Ciudad Mx,Cancún,México,Doméstica,Económica,4,Lunes,148,1600,6,10,False,,210.77,86.0,155,2.7,72.4
VL10808,LATAM,Lima,Buenos Aires,Perú,Internacional,Económica,4,Domingo,265,3100,0,0,False,,410.58,87.4,157,4.6,78.4
VL10057,LATAM,Santiago,Lima,Chile,Internacional,Económica,2,Martes,202,2400,0,0,False,,269.84,57.9,104,3.4,79.6
VL11407,LATAM,Bogotá,Quito,Colombia,Internacional,Primera,11,Viernes,98,1000,0,0,False,,418.25,80.0,240,5.0,78.4
VL11188,Copa Airlines,Bogotá,Miami,Colombia,Internacional,Económica,5,Martes,287,3800,0,5,False,,416.96,74.7,134,2.8,82.8
VL11081,Avianca,Bogotá,Medellín,Colombia,Doméstica,Ejecutiva,10,Viernes,66,580,0,0,False,,,91.8,202,4.5,73.9
VL11446,LATAM,Buenos Aires,Lima,Argentina,Internacional,Económica,12,Jueves,233,3000,0,2,False,,222.24,86.9,156,1.9,78.5
VL10716,Avianca,Bogotá,Quito,Colombia,Internacional,Económica,10,Martes,78,1000,0,10,False,,4224.365436827273,69.4,125,3.4,71.2
VL11299,Copa Airlines,Buenos Aires,Lima,Argentina,Internacional,Económica,1,Domingo,252,3000,0,7,False,,232.42,68.9,124,,83.9
VL10986,LATAM,Buenos Aires,Lima,Argentina,Internacional,Económica,9,Miércoles,259,3000,0,0,False,,144.3,89.1,160,4.2,75.8
VL12794,Aeroméxico,Lima,Buenos Aires,Perú,Internacional,Económica,6,Viernes,271,3100,13,1,False,,417.5,82.1,148,4.6,77.5
VL10140,Avianca,Cartagena,Bogotá,,Doméstica,Económica,6,Jueves,59,650,20,42,False,Clima,45.39,84.0,151,4.0,73.7
VL12756,Copa Airlines,Lima,Buenos Aires,Perú,Internacional,Económica,10,Sábado,243,3100,17,21,False,Operacional,348.73,76.1,137,3.7,81.0
VL12917,Copa Airlines,Bogotá,Quito,Colombia,Internacional,Ejecutiva,1,Domingo,88,1000,0,0,False,,233.49,90.8,200,4.2,81.0
VL11111,Aeroméxico,Santiago,Lima,Chile,Internacional,Ejecutiva,2,Lunes,189,2400,0,0,True,,651.43,70.5,155,3.2,73.9
VL10377,LATAM,Bogotá,Medellín,Colombia,Doméstica,Ejecutiva,4,Jueves,68,580,0,4,False,,159.92,64.7,142,4.7,81.5
VL10718,Aeroméxico,Ciudad Mx,Cancún,México,Doméstica,Económica,1,Martes,132,1600,0,3,False,,200.62,77.9,140,2.7,75.2
VL12755,Avianca,Bogotá,Miami,Colombia,Internacional,Ejecutiva,5,Viernes,282,3800,0,5,False,,1256.15,75.0,165,1.2,74.4
VL11246,Avianca,Ciudad Mx,Cancún,México,Doméstica,Económica,6,Martes,125,1600,29,25,False,Aeropuerto,146.67,74.9,135,2.9,71.2
VL10499,Volaris,Cartagena,Bogotá,Colombia,Doméstica,Ejecutiva,8,Martes,49,650,0,6,False,,141.97,75.6,166,,67.6
VL10018,LATAM,Lima,Buenos Aires,Perú,Internacional,Económica,6,Lunes,249,3100,2,2,False,,356.85,47.9,86,4.4,79.2
VL11840,Viva Air,Ciudad Mx,Bogotá,México,Internacional,Económica,8,Domingo,264,3200,0,0,False,,347.25,70.0,126,3.0,67.8
VL11279,Avianca,Medellín,Ciudad Mx,Colombia,Internacional,Económica,8,Jueves,311,3400,0,0,False,,220.19,65.2,117,5.0,74.5
VL10144,Avianca,Bogotá,Miami,Colombia,Internacional,Ejecutiva,7,Sábado,298,3800,17,22,False,Clima,1201.6,88.3,194,4.0,72.0
VL11383,Aeroméxico,Santiago,Lima,Chile,Internacional,Económica,9,Domingo,196,2400,1,0,False,,307.74,96.0,173,3.7,75.0
VL12620,LATAM,Ciudad Mx,Miami,México,Internacional,Primera,2,Viernes,171,2100,0,18,False,,969.62,80.3,241,2.9,77.3
VL11034,LATAM,Bogotá,Medellín,Colombia,Doméstica,Económica,11,Sábado,49,580,51,55,False,Mecánico,47.94,81.2,146,4.7,80.2
VL12850,LATAM,Cancún,Bogotá,México,Internacional,Ejecutiva,8,Miércoles,277,3500,0,0,False,,754.78,67.2,148,3.8,76.3
VL10366,Avianca,Cartagena,Bogotá,,Doméstica,Económica,9,Viernes,63,650,0,0,False,,55.75,100.0,180,4.2,70.9
VL12244,Volaris,Bogotá,Quito,Colombia,Internacional,Económica,6,Martes,100,1000,0,15,False,,65.01,80.0,144,3.0,68.1
VL12954,LATAM,Guadalajara,Ciudad Mx,México,Doméstica,Económica,10,Sábado,48,550,17,32,False,Mecánico,55.22,84.7,152,2.9,78.4
VL11521,Aeroméxico,Guadalajara,Ciudad Mx,México,Doméstica,Económica,10,Sábado,56,550,0,9,False,,113.31,80.0,144,3.5,73.1
VL12886,Aeroméxico,Medellín,Ciudad Mx,Colombia,Internacional,Ejecutiva,9,Miércoles,256,3400,3,2,False,,973.03,90.7,200,2.6,75.5
VL10177,Sky Airline,Ciudad Mx,Bogotá,México,Internacional,Económica,6,Sábado,252,3200,8,6,False,,325.71,80.9,146,,75.2
VL11223,Volaris,Guadalajara,Ciudad Mx,México,Doméstica,Económica,11,Miércoles,62,550,0,5,False,,30.0,80.1,144,3.5,70.3
VL12707,LATAM,Santiago,Lima,Chile,Internacional,Económica,3,Domingo,188,2400,34,26,False,Mecánico,213.24,71.9,129,2.9,77.3
VL12774,LATAM,Medellín,Ciudad Mx,Colombia,Internacional,Primera,8,Domingo,267,3400,0,0,False,,1804.85,87.6,263,5.0,80.3
VL10237,Viva Air,Bogotá,Medellín,Colombia,Doméstica,Económica,1,Lunes,42,580,91,99,False,Operacional,99.05,88.5,159,1.7,67.9
VL11620,Sky Airline,Lima,Buenos Aires,Perú,Internacional,Ejecutiva,8,Jueves,238,3100,0,0,False,,665.34,69.1,152,4.7,74.6
VL12960,Aeroméxico,Santiago,Lima,Chile,Internacional,Económica,8,Domingo,219,2400,0,2,False,,235.92,86.6,156,,74.1
VL10285,LATAM,Bogotá,Medellín,Colombia,Doméstica,Económica,4,Sábado,40,580,32,36,False,Operacional,30.0,62.7,113,3.4,77.2
VL12584,Aeroméxico,Santiago,São Paulo,Chile,Internacional,Económica,4,Viernes,220,2700,0,11,False,,355.07,61.3,110,4.0,76.3
VL12421,Avianca,Bogotá,Medellín,Colombia,Doméstica,Económica,3,Miércoles,54,580,0,0,False,,94.37,90.9,164,5.0,71.8
VL12524,Aeroméxico,Bogotá,Quito,Colombia,Internacional,Económica,10,Viernes,91,1000,0,0,False,,104.04,77.1,139,,74.9
VL11967,Volaris,Ciudad Mx,Bogotá,México,Internacional,Económica,1,Viernes,260,3200,0,7,False,,272.85,77.3,139,3.8,71.2
VL12712,Aeroméxico,Ciudad Mx,Bogotá,México,Internacional,Económica,10,Sábado,253,3200,0,1,False,,245.89,84.8,153,3.6,76.4
VL11145,Copa Airlines,Lima,Santiago,Perú,Internacional,Económica,2,Sábado,185,2400,0,2,False,,317.74,67.0,121,3.8,84.9
VL10769,LATAM,Bogotá,Quito,Colombia,Internacional,Económica,11,Martes,99,1000,0,0,False,,92.94,86.8,156,,80.1
VL12324,LATAM,Bogotá,Quito,Colombia,Internacional,Económica,3,Domingo,76,1000,0,3,False,,80.28,83.0,149,2.2,77.0
VL10305,Avianca,Cartagena,Bogotá,Colombia,Doméstica,Económica,10,Martes,57,650,6,19,False,,47.09,83.1,150,2.9,73.2
VL10545,LATAM,Ciudad Mx,Bogotá,México,Internacional,Económica,6,Lunes,232,3200,0,0,False,,322.49,76.9,138,4.7,78.2
VL12238,LATAM,Bogotá,Medellín,Colombia,Doméstica,Económica,7,Jueves,63,580,9,6,False,,30.0,67.5,122,3.7,81.2
VL12218,Avianca,Lima,Santiago,Perú,Internacional,Económica,2,Jueves,167,2400,0,8,False,,224.6,56.6,102,3.6,73.0
VL12687,Sky Airline,Ciudad Mx,Bogotá,México,Internacional,Económica,2,Sábado,239,3200,0,12,False,,243.52,78.3,141,2.7,72.6
VL11001,Volaris,Medellín,Ciudad Mx,Colombia,Internacional,Económica,3,Miércoles,291,3400,294,273,False,Tripulación,439.33,100.0,180,2.7,67.6
VL11453,Volaris,Santiago,São Paulo,Chile,Internacional,Económica,10,Domingo,196,2700,0,7,False,,306.36,59.4,107,3.9,66.5
VL11925,Avianca,Bogotá,Medellín,Colombia,Doméstica,Económica,4,Martes,63,580,0,0,False,,65.46,89.5,161,4.5,76.4
VL12766,Avianca,Medellín,Ciudad Mx,Colombia,Internacional,Ejecutiva,9,Miércoles,283,3400,420,383,False,Operacional,432.3,71.2,157,2.3,70.8
VL11495,Copa Airlines,Cancún,Bogotá,México,Internacional,Económica,9,Martes,307,3500,0,9,False,,237.36,95.3,172,4.3,82.4
VL10889,Aeroméxico,Santiago,Lima,Chile,Internacional,Económica,8,Miércoles,190,2400,0,0,False,,339.75,78.3,141,4.6,76.4
VL12446,Avianca,Santiago,Lima,Chile,Internacional,Económica,6,Domingo,218,2400,43,46,False,Clima,299.93,57.7,104,3.6,75.0
VL12410,Copa Airlines,Buenos Aires,Lima,Argentina,Internacional,Económica,1,Lunes,229,3000,0,1,False,,302.84,79.1,142,3.6,84.5
VL11480,LATAM,Bogotá,Quito,Colombia,Internacional,Económica,3,Miércoles,101,1000,0,12,False,,133.08,93.8,169,3.3,79.1
VL12896,Sky Airline,Medellín,Ciudad Mx,Colombia,Internacional,Económica,11,Lunes,250,3400,12,23,False,,306.51,85.7,154,5.0,73.4
VL11513,Copa Airlines,Bogotá,Medellín,Colombia,Doméstica,Económica,9,Jueves,53,580,22,27,False,Aeropuerto,64.4,95.7,172,3.0,83.2
VL12604,LATAM,Bogotá,Medellín,Colombia,Doméstica,Económica,7,Jueves,67,580,63,70,False,Tripulación,65.69,85.0,153,3.4,79.8
VL11500,Copa Airlines,Medellín,Ciudad Mx,Colombia,Internacional,Económica,11,Lunes,282,3400,16,24,False,Operacional,429.25,86.6,156,3.9,81.8
VL12281,Aeroméxico,Ciudad Mx,Bogotá,México,Internacional,Primera,3,Miércoles,270,3200,10,4,False,,1375.02,91.5,274,4.5,75.5
VL11324,Volaris,Cartagena,Bogotá,Colombia,Doméstica,Económica,12,Martes,40,650,0,0,False,,115.56,100.0,180,3.6,67.7
VL10630,Volaris,Buenos Aires,Lima,Argentina,Internacional,Económica,5,Martes,232,3000,1,0,False,,292.12,80.6,145,3.9,68.7
VL11234,LATAM,Cancún,Bogotá,México,Internacional,Económica,4,Sábado,287,3500,77,85,False,Mecánico,246.83,85.4,154,2.8,80.0
VL10320,Aeroméxico,Medellín,Ciudad Mx,Colombia,Internacional,Económica,5,Martes,276,3400,20,24,False,Aeropuerto,459.07,73.8,133,3.1,74.2
VL11751,Aeroméxico,Santiago,Lima,Chile,Internacional,Económica,2,Viernes,188,2400,0,0,False,,293.53,90.2,162,5.0,77.9
VL12731,Avianca,Lima,Buenos Aires,Perú,Internacional,Ejecutiva,4,Martes,258,3100,26,32,True,Tripulación,621.65,72.0,158,3.7,71.6
VL11686,LATAM,Guadalajara,Ciudad Mx,México,Doméstica,Ejecutiva,3,Jueves,56,550,8,18,False,,161.33,66.5,146,3.9,78.2
VL12518,LATAM,Buenos Aires,Lima,Argentina,Internacional,Económica,6,Sábado,263,3000,0,0,False,,262.54,76.7,138,4.0,79.6
VL12516,Volaris,Bogotá,Medellín,Colombia,Doméstica,Primera,2,Jueves,63,580,10,16,False,,3392.136946971589,94.2,283,2.9,69.3
VL11773,Volaris,Cartagena,Bogotá,Colombia,Doméstica,Económica,10,Martes,75,650,33,33,False,Clima,67.98,64.7,116,2.9,69.2
VL12505,LATAM,Ciudad Mx,Cancún,México,Doméstica,Ejecutiva,10,Domingo,124,1600,0,0,False,,559.94,89.1,196,4.7,76.8
VL11012,Copa Airlines,Guadalajara,Ciudad Mx,México,Doméstica,Económica,1,Domingo,41,550,0,5,False,,32.7,75.7,136,2.9,83.5
VL11876,Copa Airlines,Santiago,São Paulo,Chile,Internacional,Económica,7,Jueves,217,2700,0,0,False,,263.11,76.9,138,3.8,83.1
VL11103,LATAM,Guadalajara,Ciudad Mx,México,Doméstica,Económica,7,Miércoles,67,550,0,2,False,,56.64,96.4,174,2.1,77.1
VL10566,Aeroméxico,Ciudad Mx,Bogotá,México,Internacional,Económica,2,Viernes,272,3200,41,39,False,Clima,228.32,74.3,134,4.7,74.7
VL11465,Avianca,Bogotá,Medellín,Colombia,Doméstica,Económica,7,Jueves,45,580,0,7,False,,52.33,89.2,161,2.9,73.0
VL12154,Copa Airlines,Ciudad Mx,Cancún,México,Doméstica,Ejecutiva,5,Sábado,120,1600,44,53,False,Clima,570.17,81.8,180,2.4,80.6
VL12905,Copa Airlines,Bogotá,Medellín,Colombia,Doméstica,Económica,8,Sábado,47,580,5,14,False,,51.76,80.4,145,3.2,83.4
VL12081,LATAM,Bogotá,Medellín,Colombia,Doméstica,Económica,2,Miércoles,43,580,5,0,False,,30.0,100.0,180,5.0,76.4
VL12719,LATAM,Bogotá,Medellín,Colombia,Doméstica,Económica,9,Miércoles,57,580,3,5,False,,60.03,64.2,116,1.7,76.6
VL12677,LATAM,Bogotá,Medellín,Colombia,Doméstica,Económica,11,Viernes,42,580,25,34,False,Operacional,59.04,86.9,156,,78.7
VL10568,Volaris,Lima,Santiago,Perú,Internacional,Económica,1,Viernes,202,2400,0,0,False,,271.83,74.2,134,4.2,67.6
VL11569,Sky Airline,Lima,Buenos Aires,Perú,Internacional,Económica,4,Viernes,232,3100,0,0,False,,350.62,86.4,156,4.3,71.6
VL11759,Viva Air,Medellín,Ciudad Mx,Colombia,Internacional,Económica,9,Sábado,254,3400,0,0,False,,332.1,72.5,130,4.6,63.8
VL10825,LATAM,Guadalajara,Ciudad Mx,México,Doméstica,Ejecutiva,6,Sábado,48,550,0,0,False,,127.38,83.6,184,,78.7
VL11159,Aeroméxico,Bogotá,Medellín,Colombia,Doméstica,Económica,1,Sábado,69,580,0,0,False,,84.47,97.8,176,3.7,75.8
VL12703,Avianca,Bogotá,Medellín,Colombia,Doméstica,Económica,6,Jueves,65,580,0,0,False,,63.03,73.8,133,3.8,73.0
VL11351,Copa Airlines,Santiago,São Paulo,Chile,Internacional,Económica,10,Sábado,228,2700,0,0,False,,370.19,76.4,138,4.5,82.7
VL10222,LATAM,Bogotá,Medellín,Colombia,Doméstica,Económica,5,Viernes,78,580,7,16,False,,58.57,83.3,150,2.3,77.7
VL10651,Avianca,Medellín,Ciudad Mx,Colombia,Internacional,Ejecutiva,9,Martes,242,3400,0,2,False,,672.91,71.2,157,3.7,73.1
VL11142,LATAM,Cancún,Bogotá,México,Internacional,Ejecutiva,4,Domingo,273,3500,0,0,False,,1042.87,76.1,167,3.8,80.2
VL11196,LATAM,Cartagena,Bogotá,Colombia,Doméstica,Económica,2,Sábado,67,650,96,116,False,Operacional,30.0,79.5,143,1.4,79.7
VL10425,Copa Airlines,Medellín,Ciudad Mx,Colombia,Internacional,Económica,11,Sábado,251,3400,0,0,False,,242.24,71.1,128,4.4,82.7
VL12931,Avianca,Cancún,Bogotá,México,Internacional,Económica,10,Viernes,281,3500,0,12,False,,257.58,71.6,129,4.4,70.0
VL12537,Sky Airline,Ciudad Mx,Cancún,México,Doméstica,Ejecutiva,8,Viernes,133,1600,0,0,False,,328.82,89.5,197,,76.0
VL12813,Avianca,Ciudad Mx,Cancún,México,Doméstica,Económica,12,Martes,135,1600,0,6,False,,103.51,89.1,160,3.8,73.6
VL10899,Sky Airline,Bogotá,Medellín,Colombia,Doméstica,Económica,7,Lunes,50,580,25,45,False,Aeropuerto,64.8,53.3,96,3.5,76.3
VL10249,Copa Airlines,Bogotá,Quito,Colombia,Internacional,Económica,9,Miércoles,85,1000,0,0,False,,79.91,92.7,167,4.1,80.7
VL12152,Sky Airline,Buenos Aires,Lima,Argentina,Internacional,Económica,8,Jueves,253,3000,66,84,False,Tripulación,371.24,88.3,159,,74.6
VL10733,Aeroméxico,Medellín,Ciudad Mx,Colombia,Internacional,Económica,9,Sábado,284,3400,0,0,False,,431.88,64.3,116,4.1,75.6
VL12752,LATAM,Santiago,Lima,Chile,Internacional,Económica,7,Sábado,192,2400,8,0,False,,119.69,87.6,158,,79.5
VL10461,LATAM,Cancún,Bogotá,México,Internacional,Económica,11,Lunes,247,3500,0,3,False,,436.61,78.3,141,3.3,78.7
VL12710,LATAM,Ciudad Mx,Miami,México,Internacional,Ejecutiva,9,Domingo,174,2100,26,14,False,Aeropuerto,310.81,78.8,173,2.8,78.0
VL12945,Avianca,Ciudad Mx,Cancún,México,Doméstica,Ejecutiva,3,Sábado,139,1600,13,10,False,,403.74,99.5,219,3.6,72.1
VL12664,Copa Airlines,Santiago,São Paulo,Chile,Internacional,Económica,8,Sábado,194,2700,29,27,False,Clima,293.07,79.4,143,3.7,85.2
VL10072,Avianca,Bogotá,Medellín,Colombia,Doméstica,Económica,3,Jueves,47,580,26,34,False,Mecánico,87.94,82.7,149,2.2,73.5
VL10183,Avianca,Lima,Santiago,Perú,Internacional,Primera,11,Sábado,195,2400,0,0,False,,984.82,75.2,226,,70.8
VL11998,Volaris,Bogotá,Medellín,Colombia,Doméstica,Ejecutiva,10,Miércoles,63,580,0,3,False,,229.29,85.5,188,5.0,68.3
VL12361,Avianca,Lima,Buenos Aires,Perú,Internacional,Económica,12,Jueves,237,3100,0,1,False,,232.48,67.3,121,3.2,72.5
VL10888,Copa Airlines,Ciudad Mx,Cancún,México,Doméstica,Económica,11,Martes,135,1600,76,78,False,Mecánico,132.08,80.2,144,,81.2
VL10711,Volaris,Santiago,São Paulo,Chile,Internacional,Económica,6,Domingo,232,2700,24,21,False,Tripulación,352.27,86.2,155,2.5,66.9
VL12603,Copa Airlines,Bogotá,Miami,Colombia,Internacional,Económica,1,Sábado,318,3800,9,6,False,,506.75,67.4,121,3.5,83.5
VL10197,Sky Airline,Lima,Santiago,Perú,Internacional,Ejecutiva,4,Domingo,193,2400,10,14,False,,730.09,64.5,142,3.7,76.3
VL12447,Copa Airlines,Santiago,Lima,Chile,Internacional,Ejecutiva,10,Jueves,203,2400,0,0,False,,587.72,64.4,142,3.8,83.0
VL12673,Avianca,Santiago,Lima,Chile,Internacional,Económica,5,Domingo,174,2400,0,1,False,,337.37,84.5,152,3.1,72.5
VL10491,Copa Airlines,Cancún,Bogotá,México,Internacional,Económica,5,Lunes,265,3500,0,0,False,,207.37,76.0,137,3.6,84.8
VL11756,LATAM,Cartagena,Bogotá,Colombia,Doméstica,Económica,11,Martes,76,650,0,0,False,,30.84,87.7,158,5.0,79.4
VL10653,LATAM,Ciudad Mx,Miami,México,Internacional,Económica,11,Martes,166,2100,0,0,False,,199.72,60.0,108,4.0,81.6
VL10727,LATAM,Ciudad Mx,Miami,México,Internacional,Económica,2,Martes,161,2100,8,6,False,,155.03,93.2,168,2.9,79.2
VL12147,Sky Airline,Ciudad Mx,Bogotá,México,Internacional,Ejecutiva,9,Jueves,255,3200,0,0,False,,392.65,83.5,184,4.0,73.5
VL10123,Aeroméxico,Ciudad Mx,Cancún,México,Doméstica,Primera,1,Domingo,137,1600,0,9,False,,569.35,100.0,300,4.2,75.4
VL12153,Volaris,Bogotá,Quito,Colombia,Internacional,Primera,5,Jueves,98,1000,0,2,False,,303.93,83.1,249,4.8,68.3
VL10758,Aeroméxico,Lima,Santiago,Perú,Internacional,Primera,6,Martes,236,2400,0,1,False,,948.47,64.7,194,3.9,78.4
VL10617,Sky Airline,Bogotá,Miami,Colombia,Internacional,Económica,2,Domingo,306,3800,0,0,False,,338.17,80.4,145,4.1,72.2
VL11561,Avianca,Santiago,Lima,Chile,Internacional,Económica,6,Domingo,186,2400,25,25,False,Clima,273.96,80.4,145,3.8,71.5
VL12629,LATAM,Ciudad Mx,Bogotá,México,Internacional,Económica,7,Jueves,250,3200,0,6,False,,420.27,84.3,152,3.7,78.0
VL11468,Viva Air,Lima,Santiago,Perú,Internacional,Económica,1,Sábado,228,2400,0,0,False,,161.79,90.6,163,2.8,67.0
VL12310,Avianca,Medellín,Ciudad Mx,Colombia,Internacional,Económica,10,Lunes,266,3400,0,0,False,,289.31,75.5,136,5.0,71.9
VL10685,Aeroméxico,Santiago,São Paulo,Chile,Internacional,Económica,9,Jueves,214,2700,0,10,False,,369.04,79.1,142,4.4,75.5
VL10561,Volaris,Santiago,Lima,Chile,Internacional,Económica,12,Lunes,176,2400,0,10,False,,175.36,88.5,159,3.9,71.7
VL11370,LATAM,Cartagena,Bogotá,Colombia,Doméstica,Económica,8,Jueves,70,650,0,0,False,,81.43,87.6,158,3.8,76.7
VL10764,Aeroméxico,Bogotá,Medellín,Colombia,Doméstica,Ejecutiva,4,Domingo,56,580,60,70,False,Clima,200.47,82.9,182,4.0,78.7
VL10106,Volaris,Ciudad Mx,Bogotá,México,Internacional,Económica,2,Martes,256,3200,19,27,False,Clima,312.68,82.1,148,2.5,71.0
VL10695,LATAM,Santiago,São Paulo,Chile,Internacional,Ejecutiva,2,Viernes,214,2700,2,0,False,,,100.0,220,4.4,77.7
VL12467,Sky Airline,Bogotá,Medellín,Colombia,Doméstica,Económica,10,Sábado,53,580,0,5,False,,53.47,92.3,166,4.9,75.5
VL11266,Copa Airlines,Ciudad Mx,Bogotá,México,Internacional,Económica,3,Viernes,211,3200,0,0,False,,244.65,82.1,148,4.6,79.8
VL12632,LATAM,Bogotá,Medellín,Colombia,Doméstica,Económica,2,Sábado,86,580,0,0,False,,44.16,86.3,155,3.7,80.8
VL12422,Viva Air,Ciudad Mx,Miami,México,Internacional,Económica,9,Domingo,162,2100,26,46,False,Operacional,176.05,56.1,101,3.9,64.9
VL10772,Avianca,Ciudad Mx,Cancún,México,Doméstica,Económica,12,Martes,152,1600,0,9,False,,104.01,80.4,145,2.1,75.9
VL12526,Copa Airlines,Santiago,Lima,Chile,Internacional,Económica,11,Lunes,212,2400,0,0,False,,254.9,79.6,143,3.1,82.0
VL12811,Viva Air,Cancún,Bogotá,,Internacional,Económica,12,Domingo,245,3500,0,0,False,,236.09,99.2,179,3.8,68.0
VL10154,Aeroméxico,Cartagena,Bogotá,Colombia,Doméstica,Económica,4,Martes,69,650,0,0,False,,,100.0,180,3.5,75.1
VL11932,Viva Air,Santiago,São Paulo,Chile,Internacional,Económica,6,Martes,192,2700,0,22,False,,255.3,84.1,151,4.1,67.4
VL11661,Copa Airlines,Medellín,Ciudad Mx,Colombia,Internacional,Económica,5,Lunes,266,3400,36,38,False,Aeropuerto,347.65,76.5,138,,79.8
VL10717,LATAM,Cartagena,Bogotá,Colombia,Doméstica,Económica,6,Miércoles,72,650,73,68,False,Operacional,73.61,67.3,121,2.6,78.0
VL12166,LATAM,Cancún,Bogotá,México,Internacional,Económica,11,Lunes,281,3500,0,7,False,,425.34,86.3,155,4.5,77.2
VL11632,Volaris,Cancún,Bogotá,México,Internacional,Económica,12,Martes,272,3500,0,0,False,,277.19,71.9,129,2.1,71.5
VL10357,Avianca,Santiago,São Paulo,Chile,Internacional,Económica,1,Martes,227,2700,19,17,False,Aeropuerto,286.21,90.4,163,2.7,70.1
VL10787,Aeroméxico,Ciudad Mx,Bogotá,México,Internacional,Ejecutiva,7,Martes,228,3200,39,45,False,Mecánico,476.03,74.6,164,3.9,75.1
VL12678,Volaris,Ciudad Mx,Cancún,México,Doméstica,Económica,1,Viernes,116,1600,50,33,False,Tripulación,104.32,82.3,148,1.5,68.0
VL12743,Viva Air,Ciudad Mx,Cancún,México,Doméstica,Económica,3,Domingo,150,1600,1,0,False,,182.87,89.8,162,4.0,62.1
VL12057,Avianca,Ciudad Mx,Bogotá,México,Internacional,Económica,8,Domingo,235,3200,0,0,False,,367.61,100.0,180,3.1,73.0
VL10310,Volaris,Lima,Buenos Aires,Perú,Internacional,Económica,12,Miércoles,265,3100,0,9,True,,,74.9,135,3.1,68.2
VL12146,Copa Airlines,Lima,Buenos Aires,Perú,Internacional,Económica,10,Jueves,253,3100,3,0,False,,251.91,66.0,119,5.0,82.9
VL11307,Copa Airlines,Bogotá,Quito,Colombia,Internacional,Económica,11,Miércoles,77,1000,32,37,False,Clima,89.53,59.5,107,,82.2
VL12064,Volaris,Bogotá,Medellín,Colombia,Doméstica,Primera,11,Lunes,56,580,0,1,False,,331.71,64.7,194,3.9,70.3
VL10127,LATAM,Lima,Santiago,Perú,Internacional,Económica,2,Viernes,196,2400,0,3,False,,129.93,78.1,141,3.6,79.4
VL12638,LATAM,Guadalajara,Ciudad Mx,México,Doméstica,Económica,5,Viernes,47,550,0,1,False,,30.0,80.1,144,4.3,79.1
VL12539,Aeroméxico,Ciudad Mx,Miami,México,Internacional,Ejecutiva,10,Sábado,184,2100,0,0,False,,438.94,70.3,155,3.6,77.2
VL10659,Sky Airline,Santiago,São Paulo,Chile,Internacional,Económica,1,Sábado,232,2700,0,4,False,,200.98,96.7,174,1.8,73.4
VL11941,Aeroméxico,Bogotá,Miami,Colombia,Internacional,Económica,9,Sábado,278,3800,0,3,False,,527.98,93.7,169,2.3,77.1
VL12489,Sky Airline,Ciudad Mx,Bogotá,,Internacional,Económica,8,Viernes,256,3200,71,61,False,Operacional,299.01,80.3,145,2.8,71.8
VL11517,Sky Airline,Lima,Santiago,Perú,Internacional,Económica,4,Viernes,189,2400,0,2,False,,183.82,63.0,113,3.2,71.4
VL10676,LATAM,Ciudad Mx,Cancún,México,Doméstica,Económica,2,Domingo,141,1600,0,0,False,,243.41,84.8,153,3.7,78.9
VL11697,Aeroméxico,Ciudad Mx,Cancún,México,Doméstica,Económica,7,Viernes,129,1600,64,75,False,Operacional,147.53,63.2,114,1.6,73.5
VL11530,Avianca,Bogotá,Miami,Colombia,Internacional,Económica,5,Sábado,317,3800,0,4,False,,251.97,78.6,141,2.6,72.3
VL10664,Aeroméxico,Ciudad Mx,Cancún,México,Doméstica,Ejecutiva,8,Miércoles,130,1600,0,0,False,,389.66,100.0,220,5.0,72.9
VL12455,LATAM,Ciudad Mx,Cancún,México,Doméstica,Económica,12,Lunes,142,1600,19,23,False,Clima,152.94,96.2,173,3.4,81.1
VL10043,Aeroméxico,Guadalajara,Ciudad Mx,México,Doméstica,Económica,1,Miércoles,59,550,0,11,False,,50.44,75.2,135,3.2,75.2
VL10456,Aeroméxico,Bogotá,Medellín,Colombia,Doméstica,Económica,10,Jueves,51,580,0,0,False,,57.74,83.6,150,4.0,74.0
VL12520,Sky Airline,Buenos Aires,Lima,Argentina,Internacional,Económica,10,Sábado,226,3000,0,0,False,,310.5,87.4,157,3.1,71.9
VL11958,LATAM,Cancún,Bogotá,México,Internacional,Económica,4,Viernes,261,3500,0,9,False,,281.28,89.3,161,3.6,77.7
VL12319,Aeroméxico,Ciudad Mx,Bogotá,México,Internacional,Económica,11,Domingo,237,3200,0,1,False,,279.76,74.7,134,2.9,77.0
VL11352,Aeroméxico,Lima,Buenos Aires,Perú,Internacional,Económica,2,Lunes,256,3100,0,4,False,,253.33,85.8,154,3.3,75.4
VL10987,Aeroméxico,Lima,Buenos Aires,Perú,Internacional,Económica,7,Miércoles,241,3100,59,45,False,Operacional,211.0,70.7,127,3.3,75.7
VL12684,LATAM,Bogotá,Miami,Colombia,Internacional,Económica,2,Domingo,271,3800,0,12,False,,,77.4,139,3.2,75.8
VL10201,Aeroméxico,Bogotá,Medellín,Colombia,Doméstica,Económica,5,Jueves,53,580,0,0,False,,38.36,84.6,152,3.9,74.4
VL11418,Avianca,Lima,Buenos Aires,Perú,Internacional,Económica,8,Jueves,277,3100,0,1,False,,270.46,66.1,119,,71.7
VL11372,LATAM,Bogotá,Quito,Colombia,Internacional,Económica,12,Viernes,91,1000,0,0,False,,85.84,82.8,149,3.6,78.8
VL11545,Volaris,Lima,Buenos Aires,Perú,Internacional,Económica,7,Jueves,253,3100,9,3,False,,268.52,71.7,129,3.4,67.1
VL12389,Sky Airline,Buenos Aires,Lima,Argentina,Internacional,Económica,9,Jueves,258,3000,17,11,False,Aeropuerto,393.08,79.2,143,2.3,74.4
VL12950,LATAM,Bogotá,Quito,Colombia,Internacional,Económica,2,Domingo,103,1000,0,0,False,,111.89,87.5,158,3.2,77.9
VL12951,LATAM,Buenos Aires,Lima,Argentina,Internacional,Ejecutiva,9,Martes,214,3000,0,0,False,,871.13,77.8,171,5.0,84.1
VL12412,Volaris,Lima,Buenos Aires,Perú,Internacional,Económica,8,Lunes,263,3100,0,0,False,,421.5,85.9,155,3.5,69.1
VL11003,LATAM,Buenos Aires,Lima,Argentina,Internacional,Ejecutiva,8,Viernes,220,3000,13,11,False,,831.25,57.5,126,4.6,78.5
VL12689,Copa Airlines,Ciudad Mx,Bogotá,México,Internacional,Económica,4,Sábado,276,3200,0,0,False,,363.24,83.8,151,4.1,83.0
VL12616,Sky Airline,Ciudad Mx,Bogotá,México,Internacional,Primera,3,Miércoles,242,3200,3,0,False,,,76.3,229,4.6,73.7
VL10206,Sky Airline,Ciudad Mx,Cancún,México,Doméstica,Económica,4,Viernes,127,1600,3,11,False,,115.96,92.1,166,3.3,72.2
VL12587,Aeroméxico,Cancún,Bogotá,México,Internacional,Ejecutiva,9,Lunes,261,3500,6,2,False,,1052.12,97.7,215,,76.8
VL10535,LATAM,Guadalajara,Ciudad Mx,,Doméstica,Económica,12,Jueves,63,550,0,1,False,,84.13,86.8,156,4.3,78.6
VL11183,Avianca,Guadalajara,Ciudad Mx,México,Doméstica,Ejecutiva,5,Jueves,55,550,8,6,False,,156.16,100.0,220,2.7,72.4
VL10365,Copa Airlines,Ciudad Mx,Bogotá,México,Internacional,Económica,6,Viernes,246,3200,7,3,False,,232.79,89.2,161,2.6,82.0
VL12696,Aeroméxico,Cancún,Bogotá,México,Internacional,Primera,9,Jueves,274,3500,0,0,False,,893.88,79.9,240,4.8,73.8
VL12747,Viva Air,Ciudad Mx,Cancún,México,Doméstica,Económica,12,Lunes,154,1600,105,94,False,Clima,94.19,78.5,141,3.3,63.8
VL11897,Avianca,Santiago,Lima,Chile,Internacional,Económica,2,Martes,211,2400,0,0,False,,217.17,78.5,141,4.5,71.9
VL12851,Viva Air,Santiago,Lima,Chile,Internacional,Económica,2,Domingo,225,2400,39,16,False,Aeropuerto,166.58,91.7,165,3.2,64.5
VL11320,Copa Airlines,Santiago,Lima,Chile,Internacional,Económica,9,Viernes,183,2400,21,5,False,Clima,159.09,63.9,115,2.8,80.3
VL10643,Aeroméxico,Bogotá,Miami,Colombia,Internacional,Ejecutiva,3,Martes,288,3800,10,0,False,,1088.89,45.3,100,5.0,75.4
VL10275,Volaris,Medellín,Ciudad Mx,Colombia,Internacional,Económica,9,Miércoles,266,3400,0,7,False,,290.75,97.0,175,4.6,70.6
VL10688,LATAM,Ciudad Mx,Miami,México,Internacional,Económica,1,Jueves,169,2100,15,14,False,,,62.8,113,3.5,76.9
VL11017,Sky Airline,Santiago,São Paulo,Chile,Internacional,Económica,5,Miércoles,234,2700,2,15,False,,246.61,74.5,134,2.9,74.1
VL11494,Volaris,Santiago,São Paulo,Chile,Internacional,Ejecutiva,9,Viernes,228,2700,0,0,False,,561.62,61.9,136,3.6,67.2
VL11150,LATAM,Buenos Aires,Lima,Argentina,Internacional,Ejecutiva,5,Domingo,238,3000,18,12,False,Clima,738.62,90.9,200,5.0,78.4
VL11763,Avianca,Medellín,Ciudad Mx,Colombia,Internacional,Económica,3,Martes,277,3400,0,1,False,,378.25,72.7,131,4.2,73.8
VL10746,Copa Airlines,Ciudad Mx,Bogotá,México,Internacional,Económica,7,Sábado,289,3200,16,13,False,Tripulación,370.7,78.6,141,2.6,83.6
VL11284,Aeroméxico,Bogotá,Miami,Colombia,Internacional,Económica,5,Lunes,290,3800,11,7,False,,318.11,71.0,128,4.0,76.9
VL12717,Avianca,Cartagena,Bogotá,Colombia,Doméstica,Económica,2,Sábado,65,650,0,0,False,,77.04,93.1,168,5.0,71.1
VL11598,Aeroméxico,Bogotá,Medellín,Colombia,Doméstica,Primera,7,Lunes,63,580,0,0,False,,393.46,85.1,255,5.0,75.8
VL12100,Aeroméxico,Guadalajara,Ciudad Mx,México,Doméstica,Ejecutiva,4,Miércoles,53,550,11,0,False,,177.53,87.8,193,4.3,74.5
VL11313,Sky Airline,Bogotá,Quito,Colombia,Internacional,Económica,11,Lunes,98,1000,34,27,False,Mecánico,136.86,76.6,138,3.5,73.8
VL12388,Aeroméxico,Buenos Aires,Lima,Argentina,Internacional,Económica,9,Domingo,247,3000,17,27,False,Aeropuerto,272.35,73.8,133,4.1,77.1
VL10978,LATAM,Medellín,Ciudad Mx,Colombia,Internacional,Ejecutiva,1,Domingo,263,3400,7,7,False,,1286.66,88.0,194,2.9,79.2
VL12867,Avianca,Ciudad Mx,Miami,México,Internacional,Económica,5,Lunes,179,2100,0,1,False,,279.1,71.1,128,3.5,71.8
VL10482,Avianca,Lima,Buenos Aires,Perú,Internacional,Económica,6,Viernes,245,3100,26,8,False,Mecánico,218.37,78.2,141,3.9,71.4
VL10546,LATAM,Ciudad Mx,Cancún,México,Doméstica,Económica,9,Martes,140,1600,0,10,False,,132.18,100.0,180,3.6,79.5
VL12625,Sky Airline,Cartagena,Bogotá,Colombia,Doméstica,Económica,3,Lunes,81,650,0,0,False,,39.38,65.6,118,4.5,73.0
VL10296,Copa Airlines,Ciudad Mx,Miami,México,Internacional,Económica,7,Domingo,167,2100,10,17,False,,258.61,62.6,113,4.0,80.0
VL10234,Avianca,Santiago,Lima,Chile,Internacional,Económica,10,Sábado,185,2400,0,0,False,,271.38,95.3,172,4.3,69.6
VL11855,LATAM,Santiago,Lima,Chile,Internacional,Económica,2,Viernes,193,2400,7,8,False,,,82.8,149,3.0,75.6
VL12181,Volaris,Santiago,Lima,Chile,Internacional,Económica,7,Domingo,197,2400,0,0,False,,252.57,98.2,177,4.1,67.3
VL10927,Copa Airlines,Medellín,Ciudad Mx,Colombia,Internacional,Económica,12,Domingo,274,3400,0,4,False,,429.36,78.7,142,3.9,83.5
VL10902,Sky Airline,Santiago,Lima,Chile,Internacional,Económica,1,Martes,185,2400,558,669,False,Tripulación,,71.1,128,3.2,73.3
VL11776,LATAM,Buenos Aires,Lima,Argentina,Internacional,Económica,6,Miércoles,230,3000,0,14,False,,244.86,78.8,142,2.6,80.6
VL10968,Copa Airlines,Santiago,São Paulo,Chile,Internacional,Económica,8,Sábado,230,2700,0,0,False,,336.59,91.8,165,4.3,83.0
VL10831,Volaris,Lima,Buenos Aires,Perú,Internacional,Económica,4,Domingo,237,3100,35,30,False,Clima,338.08,63.7,115,4.6,65.7
VL11363,Aeroméxico,Cancún,Bogotá,México,Internacional,Ejecutiva,3,Domingo,273,3500,0,8,False,,754.6,80.4,177,2.4,74.8
VL10131,Volaris,Santiago,Lima,Chile,Internacional,Ejecutiva,12,Sábado,172,2400,0,12,False,,641.49,67.1,148,,71.2
VL10649,Viva Air,Medellín,Ciudad Mx,Colombia,Internacional,Ejecutiva,9,Martes,289,3400,0,0,False,,420.06,88.4,194,,65.8
VL11705,Aeroméxico,Ciudad Mx,Cancún,México,Doméstica,Económica,6,Viernes,143,1600,2,7,False,,206.89,76.5,138,3.2,72.6
VL12162,Avianca,Ciudad Mx,Bogotá,México,Internacional,Económica,3,Sábado,275,3200,0,0,False,,453.33,81.6,147,2.7,73.2
VL10224,LATAM,Santiago,Lima,Chile,Internacional,Económica,10,Domingo,179,2400,0,3,False,,160.33,97.9,176,3.7,79.7
VL12861,Aeroméxico,Bogotá,Miami,Colombia,Internacional,Ejecutiva,5,Lunes,296,3800,19,16,False,Mecánico,616.28,100.0,220,5.0,76.5
VL11720,Avianca,Ciudad Mx,Cancún,México,Doméstica,Económica,9,Sábado,115,1600,0,0,False,,172.43,89.1,160,4.0,72.7
VL11086,LATAM,Santiago,São Paulo,Chile,Internacional,Económica,4,Sábado,230,2700,0,6,False,,169.4,84.9,153,3.2,76.8
VL11125,Copa Airlines,Medellín,Ciudad Mx,Colombia,Internacional,Económica,10,Sábado,265,3400,10,8,False,,411.03,54.5,98,3.7,82.3
VL11917,Avianca,Santiago,São Paulo,Chile,Internacional,Económica,2,Viernes,221,2700,15,28,False,,160.41,80.3,145,4.8,71.8
VL11508,Copa Airlines,Santiago,São Paulo,Chile,Internacional,Económica,8,Sábado,219,2700,0,6,False,,311.3,94.9,171,5.0,82.7
VL11614,Avianca,Bogotá,Miami,Colombia,Internacional,Económica,8,Jueves,300,3800,22,16,False,Clima,250.1,74.5,134,3.4,71.0
VL12261,Volaris,Santiago,São Paulo,Chile,Internacional,Económica,6,Miércoles,202,2700,0,0,False,,300.44,87.6,158,4.1,68.3
VL10300,Aeroméxico,Bogotá,Medellín,Colombia,Doméstica,Ejecutiva,9,Miércoles,47,580,0,23,False,,189.91,57.7,127,4.5,76.7
VL11928,Volaris,Cancún,Bogotá,México,Internacional,Ejecutiva,8,Viernes,294,3500,109,110,False,Clima,1028.0,82.3,181,,67.8
VL10260,LATAM,Santiago,São Paulo,Chile,Internacional,Económica,7,Jueves,224,2700,0,6,False,,298.52,93.2,168,2.8,78.5
VL10223,LATAM,Ciudad Mx,Bogotá,México,Internacional,Económica,10,Miércoles,244,3200,0,0,False,,259.45,79.8,144,4.4,80.6
VL10256,Copa Airlines,Guadalajara,Ciudad Mx,México,Doméstica,Económica,10,Miércoles,66,550,18,15,False,Operacional,89.08,76.1,137,3.6,78.8
VL11079,Avianca,Guadalajara,Ciudad Mx,México,Doméstica,Ejecutiva,1,Domingo,59,550,0,4,False,,213.89,95.1,209,2.8,71.7
VL12401,Viva Air,Bogotá,Medellín,Colombia,Doméstica,Ejecutiva,6,Jueves,66,580,31,30,False,Operacional,116.94,100.0,220,,64.0
VL10479,Aeroméxico,Medellín,Ciudad Mx,Colombia,Internacional,Económica,5,Lunes,260,3400,0,13,False,,360.89,69.6,125,2.7,71.9
VL11311,Viva Air,Lima,Santiago,Perú,Internacional,Económica,8,Miércoles,204,2400,0,0,False,,219.21,78.8,142,4.9,64.8
VL11892,Copa Airlines,Bogotá,Quito,Colombia,Internacional,Ejecutiva,9,Sábado,85,1000,0,1,False,,159.05,78.6,173,4.7,81.8
VL11339,LATAM,Bogotá,Medellín,Colombia,Doméstica,Económica,9,Domingo,64,580,2,0,True,,30.0,69.1,124,4.9,77.9
VL12191,Copa Airlines,Guadalajara,Ciudad Mx,,Doméstica,Económica,8,Martes,63,550,0,0,False,,30.0,79.1,142,3.9,82.5
VL11211,Copa Airlines,Lima,Buenos Aires,Perú,Internacional,Económica,4,Miércoles,241,3100,7,0,False,,266.28,84.3,152,5.0,82.5
VL11567,Avianca,Ciudad Mx,Cancún,México,Doméstica,Económica,3,Jueves,128,1600,12,21,False,,107.31,100.0,180,2.4,69.7
VL10512,Viva Air,Guadalajara,Ciudad Mx,México,Doméstica,Ejecutiva,12,Lunes,50,550,0,0,False,,146.39,89.1,196,3.9,61.8
VL10919,Volaris,Ciudad Mx,Cancún,México,Doméstica,Económica,4,Jueves,139,1600,6,10,False,,111.87,88.6,159,2.4,70.9
VL10870,Avianca,Ciudad Mx,Bogotá,México,Internacional,Económica,11,Miércoles,273,3200,0,0,False,,273.38,100.0,180,4.5,71.6
VL10410,Aeroméxico,Bogotá,Miami,Colombia,Internacional,Económica,12,Martes,292,3800,18,22,False,Clima,398.1,88.1,159,3.2,74.9
VL10411,LATAM,Guadalajara,Ciudad Mx,México,Doméstica,Económica,1,Sábado,76,550,0,0,False,,30.0,74.7,134,4.4,77.9
VL12463,Avianca,Santiago,São Paulo,Chile,Internacional,Ejecutiva,4,Miércoles,209,2700,8,5,False,,536.31,83.7,184,4.5,71.7
VL10874,LATAM,Bogotá,Medellín,Colombia,Doméstica,Ejecutiva,5,Viernes,57,580,0,0,False,,131.64,90.4,199,4.6,78.6
VL12910,Aeroméxico,Santiago,Lima,Chile,Internacional,Ejecutiva,11,Domingo,168,2400,0,0,False,,683.6,95.0,209,5.0,72.8
VL10262,Aeroméxico,Ciudad Mx,Cancún,México,Doméstica,Económica,12,Sábado,130,1600,25,43,False,Operacional,158.72,71.7,129,3.6,74.8
VL12355,Aeroméxico,Ciudad Mx,Cancún,México,Doméstica,Económica,2,Martes,106,1600,7,0,False,,148.78,56.3,101,4.5,76.9
VL11061,LATAM,Cartagena,Bogotá,Colombia,Doméstica,Económica,10,Lunes,68,650,0,11,False,,30.0,71.9,129,3.5,78.7
VL12399,Sky Airline,Cancún,Bogotá,México,Internacional,Primera,9,Viernes,272,3500,0,0,False,,1115.24,83.8,251,4.1,74.2
VL12193,Viva Air,Santiago,São Paulo,Chile,Internacional,Económica,3,Viernes,211,2700,0,4,False,,187.93,66.4,120,4.8,66.7
VL11950,Avianca,Bogotá,Medellín,Colombia,Doméstica,Primera,9,Martes,72,580,52,62,False,Operacional,364.2,83.0,249,,72.3
VL12451,Avianca,Cartagena,Bogotá,Colombia,Doméstica,Económica,10,Viernes,75,650,0,0,False,,41.41,93.9,169,3.3,73.9
VL10726,LATAM,Ciudad Mx,Cancún,México,Doméstica,Económica,11,Sábado,129,1600,0,2,False,,148.32,82.1,148,2.7,75.8
VL11004,LATAM,Bogotá,Quito,Colombia,Internacional,Económica,11,Viernes,78,1000,0,2,False,,74.41,100.0,180,3.3,78.0
VL11133,Copa Airlines,Santiago,Lima,Chile,Internacional,Económica,1,Jueves,188,2400,0,3,False,,270.2,76.7,138,3.4,81.8
VL10801,Viva Air,Ciudad Mx,Cancún,México,Doméstica,Económica,4,Martes,143,1600,22,19,False,Clima,208.89,61.7,111,,65.8
VL11390,LATAM,Santiago,Lima,Chile,Internacional,Económica,3,Domingo,209,2400,23,24,False,Aeropuerto,206.24,77.7,140,2.9,79.0
VL12535,LATAM,Bogotá,Quito,Colombia,Internacional,Económica,10,Domingo,79,1000,0,1,False,,121.57,87.7,158,2.9,77.0
VL10129,Sky Airline,Medellín,Ciudad Mx,Colombia,Internacional,Económica,2,Domingo,261,3400,0,0,False,,378.64,100.0,180,4.8,72.9
VL11783,Avianca,Cancún,Bogotá,México,Internacional,Económica,9,Sábado,302,3500,0,5,False,,381.22,90.4,163,4.6,73.6
VL10509,LATAM,Buenos Aires,Lima,Argentina,Internacional,Económica,4,Martes,254,3000,0,1,False,,268.47,63.5,114,3.8,78.7
VL10408,Avianca,Guadalajara,Ciudad Mx,México,Doméstica,Económica,4,Martes,60,550,0,0,False,,30.0,78.1,141,3.8,73.0
VL12435,Volaris,Ciudad Mx,Bogotá,México,Internacional,Económica,1,Viernes,248,3200,0,0,False,,392.94,68.8,124,3.9,70.8
VL10724,Avianca,Santiago,São Paulo,Chile,Internacional,Económica,7,Martes,207,2700,0,0,False,,254.33,65.4,118,4.5,71.9
VL10455,LATAM,Medellín,Ciudad Mx,Colombia,Internacional,Económica,10,Miércoles,291,3400,8,11,False,,437.27,85.9,155,2.8,79.5
VL12566,Copa Airlines,Santiago,Lima,Chile,Internacional,Ejecutiva,11,Lunes,200,2400,0,8,True,,740.24,79.8,176,3.9,80.5
VL11744,Avianca,Ciudad Mx,Bogotá,México,Internacional,Económica,7,Jueves,258,3200,0,0,False,,311.58,62.5,112,4.4,73.6
VL12822,Copa Airlines,Cancún,Bogotá,México,Internacional,Económica,9,Jueves,274,3500,16,10,False,Operacional,420.18,86.6,156,4.0,83.1
VL12037,Viva Air,Ciudad Mx,Cancún,México,Doméstica,Ejecutiva,2,Miércoles,145,1600,0,8,False,,419.02,100.0,220,4.3,67.5
VL11396,Avianca,Lima,Buenos Aires,Perú,Internacional,Económica,6,Viernes,259,3100,23,31,False,Mecánico,256.93,71.9,129,3.5,74.4
VL11621,Volaris,Bogotá,Medellín,Colombia,Doméstica,Económica,10,Miércoles,55,580,0,1,False,,64.84,86.9,156,4.7,68.1
VL10610,Aeroméxico,Bogotá,Medellín,Colombia,Doméstica,Ejecutiva,12,Sábado,61,580,5,8,False,,238.92,74.0,163,2.8,76.6
VL10678,Volaris,Cartagena,Bogotá,Colombia,Doméstica,Económica,5,Viernes,57,650,0,3,False,,69.99,72.2,130,3.4,66.5
VL12812,Volaris,Cancún,Bogotá,México,Internacional,Ejecutiva,6,Martes,263,3500,0,0,False,,870.13,75.1,165,,68.1
VL10372,Avianca,Bogotá,Medellín,Colombia,Doméstica,Ejecutiva,2,Lunes,53,580,23,17,False,Tripulación,217.28,88.7,195,4.1,71.5
VL12468,Sky Airline,Lima,Buenos Aires,Perú,Internacional,Económica,5,Martes,222,3100,18,13,False,Clima,174.47,80.6,145,2.8,71.6
VL11680,Avianca,Ciudad Mx,Bogotá,México,Internacional,Ejecutiva,8,Viernes,250,3200,0,0,False,,1083.3,86.5,190,4.6,72.4
VL12483,Volaris,Ciudad Mx,Cancún,México,Doméstica,Ejecutiva,5,Viernes,132,1600,0,4,False,,501.34,76.3,168,4.3,69.7
VL12169,Volaris,Bogotá,Miami,Colombia,Internacional,Económica,8,Lunes,313,3800,27,34,False,Clima,,84.7,152,2.8,68.6
VL10076,Viva Air,Ciudad Mx,Miami,México,Internacional,Económica,9,Sábado,192,2100,0,0,False,,217.6,77.4,139,4.5,65.6
VL12091,LATAM,Cartagena,Bogotá,Colombia,Doméstica,Económica,10,Sábado,51,650,71,86,False,Aeropuerto,78.24,75.1,135,4.4,76.7
VL12135,Avianca,Lima,Santiago,Perú,Internacional,Económica,5,Martes,191,2400,0,0,False,,327.53,76.9,138,3.4,72.0
VL10045,Copa Airlines,Cancún,Bogotá,México,Internacional,Ejecutiva,1,Lunes,267,3500,77,72,False,Clima,1048.54,66.6,147,3.2,84.5
VL10301,Viva Air,Medellín,Ciudad Mx,Colombia,Internacional,Económica,7,Viernes,273,3400,0,4,False,,304.29,83.7,151,2.8,65.0
VL11830,Volaris,Cartagena,Bogotá,Colombia,Doméstica,Económica,10,Martes,51,650,17,3,False,Mecánico,69.66,77.7,140,2.8,69.4
VL11715,Avianca,Cartagena,Bogotá,Colombia,Doméstica,Primera,7,Lunes,55,650,52,47,False,Operacional,250.86,80.2,241,3.9,73.2
VL10735,Aeroméxico,Lima,Santiago,Perú,Internacional,Económica,6,Viernes,188,2400,0,0,True,,181.17,78.9,142,3.0,74.1
VL12898,Viva Air,Lima,Buenos Aires,Perú,Internacional,Económica,11,Sábado,259,3100,0,0,False,,293.96,82.5,148,3.9,67.9
VL10551,LATAM,Bogotá,Quito,Colombia,Internacional,Económica,2,Domingo,73,1000,0,0,False,,85.03,66.6,120,4.4,80.0
VL10214,Avianca,Buenos Aires,Lima,Argentina,Internacional,Ejecutiva,11,Lunes,243,3000,16,12,False,Mecánico,506.91,74.6,164,3.3,72.8
VL11260,LATAM,Bogotá,Miami,Colombia,Internacional,Económica,7,Sábado,286,3800,81,69,False,Operacional,359.54,75.7,136,1.6,76.5
VL11362,Volaris,Cancún,Bogotá,México,Internacional,Económica,12,Domingo,278,3500,0,4,False,,450.89,100.0,180,4.2,71.9
VL12223,Avianca,Santiago,Lima,Chile,Internacional,Ejecutiva,3,Domingo,194,2400,0,0,False,,977.3,66.7,147,5.0,73.1
VL12780,Copa Airlines,Bogotá,Medellín,Colombia,Doméstica,Económica,11,Miércoles,67,580,21,13,False,Clima,78.72,93.4,168,2.1,84.7
VL10452,Copa Airlines,Lima,Buenos Aires,Perú,Internacional,Económica,10,Martes,259,3100,0,0,False,,234.82,86.0,155,,80.8
VL11590,Aeroméxico,Buenos Aires,Lima,Argentina,Internacional,Económica,3,Sábado,260,3000,0,8,True,,212.84,75.5,136,2.9,76.5
VL12385,Aeroméxico,Santiago,São Paulo,Chile,Internacional,Económica,1,Viernes,227,2700,0,0,False,,357.69,63.5,114,3.2,75.6
VL11379,Aeroméxico,Santiago,São Paulo,Chile,Internacional,Económica,10,Sábado,214,2700,45,56,False,Clima,210.14,92.9,167,4.3,74.5
VL11836,Avianca,Ciudad Mx,Cancún,México,Doméstica,Económica,8,Viernes,129,1600,0,0,False,,98.96,89.9,162,4.0,69.7
VL10423,LATAM,Medellín,Ciudad Mx,Colombia,Internacional,Económica,5,Jueves,294,3400,0,4,False,,319.98,84.5,152,4.3,77.8
VL11794,Avianca,Bogotá,Medellín,,Doméstica,Ejecutiva,5,Martes,71,580,0,0,False,,189.06,91.8,202,4.5,71.4
VL10327,Aeroméxico,Santiago,São Paulo,Chile,Internacional,Económica,9,Martes,219,2700,10,11,False,,285.52,63.1,114,1.6,72.2
VL10100,LATAM,Bogotá,Medellín,Colombia,Doméstica,Económica,2,Viernes,59,580,0,0,False,,33.77,76.8,138,4.2,80.2
VL11332,Aeroméxico,Santiago,Lima,Chile,Internacional,Primera,2,Lunes,201,2400,0,14,False,,1179.06,71.6,215,2.6,75.5
VL11018,Avianca,Guadalajara,Ciudad Mx,México,Doméstica,Económica,4,Lunes,40,550,33,31,False,Operacional,74.8,95.7,172,3.1,74.4
VL12182,LATAM,Bogotá,Medellín,Colombia,Doméstica,Económica,11,Sábado,64,580,0,0,False,,62.99,70.8,127,,79.6
VL12977,LATAM,Bogotá,Medellín,Colombia,Doméstica,Ejecutiva,5,Domingo,61,580,0,3,True,,154.33,62.2,137,4.5,77.3
VL10628,Volaris,Bogotá,Medellín,Colombia,Doméstica,Económica,3,Lunes,52,580,31,32,False,Clima,31.54,78.4,141,3.3,69.2
VL11719,Viva Air,Santiago,Lima,Chile,Internacional,Primera,10,Miércoles,208,2400,0,0,False,,983.58,88.3,265,5.0,65.7
VL11678,Copa Airlines,Ciudad Mx,Cancún,México,Doméstica,Económica,4,Martes,132,1600,14,16,False,,133.41,100.0,180,3.7,80.5
VL10075,Sky Airline,Buenos Aires,Lima,Argentina,Internacional,Económica,4,Sábado,265,3000,0,5,False,,296.84,76.1,137,4.2,78.4
VL10683,Avianca,Cancún,Bogotá,México,Internacional,Económica,7,Sábado,269,3500,26,13,False,Operacional,331.58,56.1,101,2.8,74.2
VL11974,Avianca,Bogotá,Miami,Colombia,Internacional,Económica,9,Sábado,301,3800,0,5,False,,412.43,95.4,172,2.5,73.6
VL11984,Aeroméxico,Ciudad Mx,Cancún,México,Doméstica,Económica,10,Miércoles,134,1600,0,0,False,,160.62,91.3,164,3.7,74.2
VL12882,Avianca,Santiago,Lima,Chile,Internacional,Económica,9,Martes,187,2400,3,8,False,,298.56,47.3,85,3.2,71.2
VL12866,Volaris,Medellín,Ciudad Mx,Colombia,Internacional,Económica,5,Lunes,255,3400,11,16,False,,421.64,74.7,134,2.6,69.0
VL10934,Avianca,Ciudad Mx,Cancún,México,Doméstica,Primera,5,Miércoles,123,1600,7,0,True,,528.51,74.9,225,3.9,72.2
VL11505,Avianca,Ciudad Mx,Bogotá,México,Internacional,Primera,1,Jueves,254,3200,0,0,False,,1477.75,61.6,185,4.2,75.1
VL12778,Volaris,Lima,Buenos Aires,Perú,Internacional,Ejecutiva,11,Domingo,265,3100,0,13,False,,482.76,48.1,106,,68.8
VL10037,Viva Air,Ciudad Mx,Cancún,México,Doméstica,Ejecutiva,12,Domingo,113,1600,0,1,False,,355.87,91.8,202,3.6,65.9
VL12434,Copa Airlines,Cartagena,Bogotá,Colombia,Doméstica,Primera,8,Sábado,71,650,0,10,False,,212.93,95.8,287,3.5,82.4
VL10665,Aeroméxico,Ciudad Mx,Cancún,México,Doméstica,Ejecutiva,7,Sábado,125,1600,0,9,False,,386.46,80.3,177,3.4,77.1
VL11152,Volaris,Buenos Aires,Lima,Argentina,Internacional,Primera,5,Miércoles,261,3000,0,7,False,,760.4,71.3,214,,71.0
VL12278,Viva Air,Cancún,Bogotá,México,Internacional,Económica,10,Sábado,282,3500,0,17,False,,375.93,87.2,157,3.3,65.6
VL11445,Viva Air,Ciudad Mx,Cancún,México,Doméstica,Económica,12,Sábado,115,1600,37,36,False,Aeropuerto,173.23,69.7,125,3.4,65.0
VL11572,Avianca,Buenos Aires,Lima,Argentina,Internacional,Económica,4,Miércoles,207,3000,0,0,False,,259.61,75.0,135,4.1,73.2
VL10128,Viva Air,Bogotá,Medellín,Colombia,Doméstica,Económica,8,Sábado,67,580,21,9,False,Clima,80.57,100.0,180,2.0,65.5
VL11726,Sky Airline,Medellín,Ciudad Mx,Colombia,Internacional,Económica,12,Jueves,261,3400,0,0,False,,381.37,84.7,152,4.8,71.0
VL11815,Viva Air,Cartagena,Bogotá,Colombia,Doméstica,Económica,12,Viernes,65,650,0,0,False,,102.44,76.5,138,4.1,65.2
VL11230,Copa Airlines,Lima,Santiago,Perú,Internacional,Económica,5,Viernes,183,2400,46,49,False,Tripulación,127.64,83.2,150,3.2,84.5
VL11624,Viva Air,Ciudad Mx,Cancún,México,Doméstica,Económica,4,Domingo,116,1600,0,0,False,,132.94,80.9,146,3.8,65.3
VL10507,Aeroméxico,Bogotá,Quito,Colombia,Internacional,Ejecutiva,7,Viernes,107,1000,0,0,False,,226.63,87.7,193,5.0,77.9
VL10948,LATAM,Lima,Santiago,Perú,Internacional,Ejecutiva,4,Viernes,188,2400,462,532,True,Aeropuerto,572.59,81.4,179,1.4,77.3
VL12907,Volaris,Santiago,Lima,Chile,Internacional,Económica,7,Viernes,196,2400,11,4,False,,365.82,100.0,180,3.9,70.7
VL11064,Sky Airline,Lima,Buenos Aires,Perú,Internacional,Económica,11,Martes,229,3100,14,23,False,,382.75,59.3,107,3.5,77.3
VL12019,Sky Airline,Cancún,Bogotá,México,Internacional,Ejecutiva,3,Domingo,268,3500,0,3,False,,936.02,56.8,125,1.9,75.4
VL12775,Avianca,Lima,Buenos Aires,Perú,Internacional,Económica,3,Miércoles,258,3100,78,65,False,Clima,306.82,88.0,158,3.4,72.4
VL12117,Aeroméxico,Santiago,São Paulo,Chile,Internacional,Económica,4,Viernes,204,2700,0,8,False,,328.3,87.8,158,3.5,76.3
VL11690,Avianca,Ciudad Mx,Cancún,México,Doméstica,Económica,7,Sábado,120,1600,0,7,False,,171.63,94.3,170,,74.1
VL11319,Aeroméxico,Bogotá,Medellín,Colombia,Doméstica,Primera,9,Martes,77,580,28,27,False,Operacional,371.1,83.6,251,4.3,72.9
VL10689,LATAM,Santiago,Lima,Chile,Internacional,Económica,12,Sábado,204,2400,8,1,False,,202.43,73.9,133,2.4,80.0
VL10447,Volaris,Ciudad Mx,Miami,México,Internacional,Económica,9,Sábado,158,2100,0,0,False,,222.28,80.9,146,4.1,71.8
VL11659,Volaris,Lima,Buenos Aires,Perú,Internacional,Económica,4,Viernes,242,3100,0,0,False,,427.86,90.6,163,3.6,67.4
VL12501,LATAM,Ciudad Mx,Miami,México,Internacional,Económica,10,Domingo,146,2100,0,0,False,,126.12,73.0,131,,77.9
VL10636,Viva Air,Medellín,Ciudad Mx,Colombia,Internacional,Ejecutiva,12,Domingo,260,3400,2,12,False,,801.7,82.8,182,4.3,64.1
VL10355,LATAM,Cancún,Bogotá,México,Internacional,Primera,1,Sábado,276,3500,0,0,False,,1403.61,99.1,297,4.2,77.5
VL10056,Copa Airlines,Bogotá,Medellín,Colombia,Doméstica,Económica,7,Domingo,56,580,56,61,False,Clima,87.33,100.0,180,2.7,84.6
VL12486,Avianca,Lima,Buenos Aires,Perú,Internacional,Económica,9,Jueves,259,3100,0,3,False,,361.28,76.1,137,2.4,72.2
VL10855,LATAM,Santiago,Lima,Chile,Internacional,Económica,12,Viernes,196,2400,4,8,False,,198.59,97.0,175,3.5,80.2
VL10931,LATAM,Bogotá,Quito,Colombia,Internacional,Económica,6,Lunes,118,1000,0,0,False,,193.01,86.8,156,4.1,77.4
VL10321,LATAM,Buenos Aires,Lima,Argentina,Internacional,Económica,12,Domingo,266,3000,12,23,False,,405.83,52.5,94,3.7,80.4
VL10024,LATAM,Lima,Buenos Aires,Perú,Internacional,Económica,9,Viernes,234,3100,2,0,False,,359.62,90.6,163,4.1,78.3
VL12790,Avianca,Buenos Aires,Lima,Argentina,Internacional,Ejecutiva,10,Sábado,218,3000,3,4,False,,645.3,82.8,182,2.7,71.1
VL10529,Aeroméxico,Lima,Santiago,Perú,Internacional,Ejecutiva,1,Domingo,188,2400,0,0,False,,796.08,88.0,194,5.0,73.7
VL10008,Copa Airlines,Santiago,São Paulo,Chile,Internacional,Económica,8,Viernes,215,2700,0,0,False,,270.5,76.9,138,4.1,81.7
VL10031,Aeroméxico,Ciudad Mx,Cancún,México,Doméstica,Económica,2,Sábado,150,1600,27,30,False,Aeropuerto,177.45,88.6,159,4.1,75.0
VL11602,Sky Airline,Santiago,Lima,Chile,Internacional,Económica,9,Sábado,200,2400,18,20,False,Clima,287.05,59.4,107,4.1,73.6
VL12445,LATAM,Bogotá,Miami,Colombia,Internacional,Económica,4,Sábado,280,3800,37,36,False,Operacional,319.72,90.7,163,2.7,77.3
VL10742,Volaris,Ciudad Mx,Miami,México,Internacional,Económica,4,Domingo,187,2100,7,14,False,,182.76,61.6,111,1.9,67.0
VL12074,Viva Air,Lima,Santiago,Perú,Internacional,Ejecutiva,1,Miércoles,179,2400,0,0,False,,790.95,76.4,168,4.5,66.9
VL10837,LATAM,Ciudad Mx,Bogotá,México,Internacional,Económica,3,Miércoles,240,3200,15,0,False,,4354.474332083587,67.3,121,5.0,76.1
VL10809,LATAM,Ciudad Mx,Cancún,México,Doméstica,Económica,5,Viernes,147,1600,0,1,False,,157.76,68.0,122,4.2,77.9
VL10594,Aeroméxico,Lima,Santiago,Perú,Internacional,Ejecutiva,8,Miércoles,214,2400,0,3,False,,600.19,89.8,198,4.5,75.1
VL12816,LATAM,Medellín,Ciudad Mx,Colombia,Internacional,Económica,5,Viernes,290,3400,94,78,False,Aeropuerto,352.52,84.7,152,3.2,77.4
VL10877,Sky Airline,Cancún,Bogotá,México,Internacional,Económica,9,Jueves,272,3500,0,5,False,,294.28,62.8,113,3.6,71.6
VL10380,Avianca,Ciudad Mx,Cancún,México,Doméstica,Económica,4,Lunes,105,1600,59,55,False,Mecánico,157.83,86.2,155,3.0,74.8
VL10579,Aeroméxico,Santiago,Lima,Chile,Internacional,Económica,9,Martes,188,2400,15,20,False,,218.2,57.2,103,4.0,74.4
VL12513,Copa Airlines,Medellín,Ciudad Mx,Colombia,Internacional,Económica,9,Jueves,279,3400,26,25,False,Mecánico,215.11,78.9,142,2.9,79.6
VL12036,Copa Airlines,Ciudad Mx,Cancún,México,Doméstica,Económica,11,Viernes,135,1600,44,44,False,Clima,138.7,67.8,122,3.5,81.8
VL10698,Viva Air,Ciudad Mx,Cancún,México,Doméstica,Ejecutiva,6,Viernes,132,1600,105,104,False,Tripulación,508.25,88.0,194,1.9,65.3
VL12367,Avianca,Santiago,São Paulo,Chile,Internacional,Ejecutiva,11,Domingo,224,2700,66,70,False,Clima,857.39,86.8,191,2.7,71.8
VL12055,Copa Airlines,Cancún,Bogotá,México,Internacional,Económica,2,Jueves,243,3500,24,34,False,Operacional,478.11,92.0,166,4.0,82.1
VL10485,Copa Airlines,Lima,Santiago,Perú,Internacional,Económica,6,Viernes,186,2400,0,0,False,,194.84,93.8,169,3.8,83.3
VL11826,Copa Airlines,Bogotá,Medellín,Colombia,Doméstica,Primera,1,Lunes,59,580,9,0,False,,213.39,74.2,223,4.2,81.9
VL10828,Sky Airline,Buenos Aires,Lima,Argentina,Internacional,Económica,5,Sábado,254,3000,1,0,False,,198.27,84.0,151,4.5,77.1
VL11219,Avianca,Bogotá,Miami,Colombia,Internacional,Ejecutiva,10,Lunes,298,3800,2,0,False,,1221.2,71.3,157,4.4,70.4
VL10805,Viva Air,Buenos Aires,Lima,Argentina,Internacional,Ejecutiva,5,Sábado,219,3000,7,11,False,,435.82,80.3,177,,66.1
VL12110,Viva Air,Ciudad Mx,Cancún,México,Doméstica,Económica,6,Viernes,116,1600,7,2,False,,168.98,90.7,163,3.4,63.9
VL10306,Avianca,Medellín,Ciudad Mx,Colombia,Internacional,Económica,6,Miércoles,255,3400,34,36,False,Aeropuerto,335.38,76.4,138,3.0,71.1
VL12971,LATAM,Ciudad Mx,Cancún,México,Doméstica,Económica,3,Miércoles,130,1600,23,28,False,Clima,236.49,81.5,147,4.1,77.3
VL11443,Avianca,Lima,Buenos Aires,Perú,Internacional,Económica,6,Domingo,247,3100,0,0,False,,213.79,80.3,145,2.5,72.4
VL10506,Viva Air,Guadalajara,Ciudad Mx,México,Doméstica,Ejecutiva,5,Lunes,65,550,0,4,False,,92.26,87.3,192,3.1,65.7
VL10489,Aeroméxico,Lima,Santiago,Perú,Internacional,Económica,7,Jueves,191,2400,0,0,False,,238.96,69.3,125,4.4,75.7
VL10480,LATAM,Cancún,Bogotá,México,Internacional,Económica,10,Lunes,288,3500,19,29,False,Tripulación,356.53,84.4,152,3.7,80.0
VL10608,Viva Air,Medellín,Ciudad Mx,Colombia,Internacional,Ejecutiva,9,Martes,277,3400,0,1,False,,1172.97,90.1,198,4.7,67.9
VL10856,Avianca,Bogotá,Medellín,Colombia,Doméstica,Económica,4,Lunes,46,580,0,6,False,,,90.7,163,3.2,74.8
VL11410,LATAM,Santiago,Lima,Chile,Internacional,Económica,1,Sábado,191,2400,0,9,False,,222.97,88.6,159,3.0,76.9
VL11281,Volaris,Buenos Aires,Lima,Argentina,Internacional,Económica,5,Jueves,243,3000,1,6,False,,297.74,66.8,120,3.0,69.6
VL12214,Avianca,Buenos Aires,Lima,Argentina,Internacional,Económica,5,Sábado,234,3000,0,0,False,,265.49,88.2,159,3.8,73.4
VL12655,LATAM,Ciudad Mx,Bogotá,México,Internacional,Económica,8,Viernes,253,3200,40,40,False,Aeropuerto,273.25,55.7,100,4.2,78.4
VL12536,LATAM,Buenos Aires,Lima,Argentina,Internacional,Económica,8,Domingo,243,3000,29,23,False,Tripulación,331.22,69.9,126,4.1,79.5
VL10923,Avianca,Ciudad Mx,Miami,México,Internacional,Económica,8,Viernes,178,2100,27,27,False,Clima,256.26,85.6,154,2.9,73.0
VL12732,Copa Airlines,Bogotá,Medellín,Colombia,Doméstica,Económica,1,Miércoles,54,580,27,17,False,Clima,31.8,87.2,157,2.4,81.6
VL12508,Avianca,Bogotá,Quito,Colombia,Internacional,Ejecutiva,5,Miércoles,76,1000,28,24,False,Aeropuerto,345.77,50.8,112,,69.8
VL12376,Aeroméxico,Bogotá,Miami,Colombia,Internacional,Económica,12,Sábado,285,3800,0,20,False,,327.88,92.2,166,2.1,75.3
VL12211,LATAM,Bogotá,Quito,Colombia,Internacional,Ejecutiva,10,Sábado,76,1000,0,7,False,,274.22,87.0,191,2.8,77.9
VL11959,Volaris,Ciudad Mx,Miami,México,Internacional,Económica,2,Domingo,184,2100,3,3,False,,237.31,57.8,104,3.5,70.6
VL10858,Aeroméxico,Santiago,São Paulo,Chile,Internacional,Ejecutiva,6,Miércoles,199,2700,47,55,False,Clima,892.48,65.5,144,4.5,73.7
VL11795,Avianca,Bogotá,Medellín,Colombia,Doméstica,Económica,1,Jueves,71,580,9,14,False,,30.0,81.5,147,3.0,72.6
VL11798,LATAM,Bogotá,Medellín,Colombia,Doméstica,Económica,4,Sábado,51,580,0,0,False,,35.25,83.4,150,2.0,77.6
VL10453,Avianca,Guadalajara,Ciudad Mx,México,Doméstica,Económica,10,Martes,50,550,0,6,False,,76.3,77.9,140,2.7,74.7
VL11616,Volaris,Cartagena,Bogotá,Colombia,Doméstica,Económica,1,Domingo,45,650,0,12,False,,99.4,87.3,157,3.7,69.0
VL12307,Avianca,Santiago,São Paulo,Chile,Internacional,Económica,6,Martes,210,2700,0,9,False,,237.28,84.7,152,4.0,73.2
VL10270,Avianca,Bogotá,Quito,Colombia,Internacional,Económica,2,Miércoles,99,1000,25,26,False,Tripulación,89.01,82.4,148,2.5,70.4
VL10528,Viva Air,Bogotá,Medellín,Colombia,Doméstica,Económica,1,Domingo,66,580,0,1,False,,75.57,79.9,144,3.0,65.5
VL11057,LATAM,Ciudad Mx,Bogotá,México,Internacional,Económica,11,Sábado,261,3200,39,39,False,Operacional,5835.606464621325,81.1,146,,81.3
VL10080,Volaris,Lima,Santiago,Perú,Internacional,Económica,1,Miércoles,215,2400,9,13,False,,181.1,72.9,131,3.6,68.0
VL12148,Copa Airlines,Medellín,Ciudad Mx,Colombia,Internacional,Económica,10,Domingo,290,3400,18,26,False,Aeropuerto,304.5,100.0,180,3.2,80.4
VL12098,Aeroméxico,Ciudad Mx,Miami,México,Internacional,Económica,12,Sábado,156,2100,37,29,False,Aeropuerto,218.7,92.3,166,2.4,77.2
VL11879,Volaris,Santiago,São Paulo,Chile,Internacional,Económica,8,Domingo,242,2700,0,6,False,,316.5,96.6,174,3.3,70.4
VL10527,Volaris,Bogotá,Miami,Colombia,Internacional,Ejecutiva,3,Lunes,331,3800,0,10,False,,699.01,62.3,137,5.0,68.4
VL11706,Volaris,Cancún,Bogotá,México,Internacional,Económica,4,Viernes,270,3500,0,0,False,,460.17,67.0,121,4.1,70.7
VL12352,Avianca,Santiago,São Paulo,Chile,Internacional,Ejecutiva,7,Miércoles,217,2700,20,6,False,Clima,759.31,89.5,197,3.1,73.3
VL12474,LATAM,Medellín,Ciudad Mx,Colombia,Internacional,Ejecutiva,12,Sábado,264,3400,31,28,False,Operacional,1030.66,47.9,105,3.5,78.1
VL11633,Sky Airline,Ciudad Mx,Miami,México,Internacional,Primera,10,Jueves,197,2100,0,0,True,,676.77,72.8,218,5.0,75.5
VL10402,Viva Air,Medellín,Ciudad Mx,Colombia,Internacional,Económica,12,Viernes,261,3400,17,24,False,Aeropuerto,311.07,77.4,139,3.7,63.9
VL12797,Viva Air,Cancún,Bogotá,México,Internacional,Económica,6,Viernes,281,3500,0,0,False,,470.71,79.2,143,4.0,64.8
VL10443,Viva Air,Ciudad Mx,Bogotá,México,Internacional,Económica,12,Jueves,250,3200,0,0,False,,471.74,96.9,174,4.0,64.2
VL10065,Avianca,Medellín,Ciudad Mx,Colombia,Internacional,Ejecutiva,1,Jueves,269,3400,27,26,False,Clima,994.97,70.2,154,2.8,74.9
VL10702,Avianca,Bogotá,Miami,Colombia,Internacional,Económica,4,Sábado,307,3800,0,0,False,,535.15,66.4,120,4.4,71.7
VL12005,LATAM,Ciudad Mx,Miami,México,Internacional,Económica,6,Domingo,176,2100,0,0,False,,277.4,85.0,153,2.8,76.8
VL11571,Copa Airlines,Ciudad Mx,Cancún,México,Doméstica,Económica,1,Domingo,167,1600,14,12,False,,145.99,94.1,169,2.9,82.8
VL11043,Copa Airlines,Cancún,Bogotá,México,Internacional,Económica,6,Viernes,303,3500,40,52,False,Tripulación,381.79,54.8,99,2.3,85.0
VL12791,Copa Airlines,Cartagena,Bogotá,Colombia,Doméstica,Económica,11,Lunes,54,650,4,1,False,,48.33,86.1,155,2.9,79.5
VL12921,Viva Air,Buenos Aires,Lima,,Internacional,Económica,9,Miércoles,261,3000,18,4,False,Mecánico,263.2,78.6,141,3.5,67.3
VL10058,LATAM,Bogotá,Medellín,Colombia,Doméstica,Ejecutiva,5,Martes,80,580,23,17,False,Tripulación,137.41,100.0,220,4.0,80.1
VL12342,LATAM,Bogotá,Medellín,Colombia,Doméstica,Económica,8,Jueves,61,580,23,14,False,Mecánico,58.64,85.5,154,4.0,79.3
VL10450,Aeroméxico,Ciudad Mx,Miami,México,Internacional,Ejecutiva,1,Jueves,181,2100,0,3,False,,608.79,100.0,220,3.6,75.1
VL11361,Copa Airlines,Santiago,Lima,Chile,Internacional,Económica,1,Domingo,169,2400,0,0,False,,173.96,59.2,107,4.0,84.7
VL12964,Aeroméxico,Bogotá,Quito,Colombia,Internacional,Económica,7,Viernes,117,1000,0,6,False,,168.31,63.4,114,2.4,73.9
VL10565,Volaris,Santiago,São Paulo,Chile,Internacional,Económica,12,Jueves,214,2700,0,5,False,,264.61,61.3,110,2.1,68.9
VL12904,LATAM,Medellín,Ciudad Mx,Colombia,Internacional,Económica,7,Sábado,254,3400,9,26,False,,414.75,71.6,129,2.8,76.6
VL10868,Copa Airlines,Lima,Santiago,Perú,Internacional,Económica,9,Domingo,184,2400,0,9,False,,164.44,84.1,151,3.8,82.0
VL11330,Avianca,Santiago,São Paulo,Chile,Internacional,Económica,12,Sábado,203,2700,0,0,False,,291.67,67.3,121,4.5,73.3
VL12952,Volaris,Buenos Aires,Lima,Argentina,Internacional,Económica,3,Lunes,236,3000,0,0,False,,224.56,55.6,100,5.0,71.1
VL10254,Avianca,Ciudad Mx,Cancún,México,Doméstica,Económica,6,Sábado,132,1600,0,9,False,,203.57,70.4,127,3.3,72.3
VL11097,LATAM,Santiago,Lima,Chile,Internacional,Económica,10,Sábado,183,2400,0,5,False,,161.87,62.1,112,,78.9
VL10227,Avianca,Ciudad Mx,Bogotá,México,Internacional,Primera,10,Domingo,269,3200,3,0,False,,1237.89,81.5,244,4.9,76.1
VL12902,LATAM,Bogotá,Medellín,Colombia,Doméstica,Ejecutiva,5,Sábado,60,580,0,1,False,,,81.0,178,5.0,81.2
VL11041,Avianca,Ciudad Mx,Miami,México,Internacional,Económica,12,Martes,183,2100,11,29,False,,206.89,73.4,132,,72.8
VL11868,Copa Airlines,Ciudad Mx,Cancún,México,Doméstica,Económica,8,Viernes,146,1600,2,0,False,,118.58,60.7,109,5.0,83.5
VL10004,Aeroméxico,Ciudad Mx,Cancún,,Doméstica,Económica,5,Viernes,123,1600,0,0,False,,117.13,88.1,159,3.3,74.0
VL10836,Viva Air,Guadalajara,Ciudad Mx,México,Doméstica,Económica,5,Domingo,54,550,36,35,False,Clima,84.7,77.6,140,2.1,64.8
VL11292,Aeroméxico,Santiago,São Paulo,Chile,Internacional,Económica,3,Miércoles,222,2700,0,1,False,,300.04,91.5,165,3.4,77.0
VL12179,Sky Airline,Medellín,Ciudad Mx,Colombia,Internacional,Económica,12,Lunes,265,3400,0,7,False,,322.13,81.1,146,2.2,75.8
VL12733,Aeroméxico,Cartagena,Bogotá,Colombia,Doméstica,Económica,7,Viernes,67,650,0,0,False,,71.43,77.8,140,3.5,75.4
VL10099,Aeroméxico,Ciudad Mx,Cancún,México,Doméstica,Ejecutiva,3,Jueves,111,1600,1,10,False,,343.1,100.0,220,3.0,75.9
VL11373,Avianca,Medellín,Ciudad Mx,Colombia,Internacional,Económica,7,Jueves,315,3400,3,6,False,,258.71,88.2,159,1.1,73.3
VL10363,Avianca,Medellín,Ciudad Mx,Colombia,Internacional,Económica,4,Martes,234,3400,0,4,False,,325.23,69.3,125,3.6,72.7
VL12122,LATAM,Cartagena,Bogotá,Colombia,Doméstica,Económica,6,Jueves,44,650,51,36,False,Tripulación,58.23,82.6,149,3.9,80.1
VL12050,LATAM,Lima,Buenos Aires,Perú,Internacional,Económica,7,Lunes,221,3100,0,1,False,,355.24,71.5,129,3.7,78.5
VL10036,Aeroméxico,Bogotá,Miami,Colombia,Internacional,Económica,3,Lunes,283,3800,0,14,False,,472.28,80.2,144,2.8,76.8
VL10096,Viva Air,Medellín,Ciudad Mx,Colombia,Internacional,Económica,2,Miércoles,307,3400,10,15,False,,392.02,87.1,157,2.3,64.9
VL11118,LATAM,Santiago,Lima,Chile,Internacional,Económica,8,Lunes,211,2400,7,19,False,,,98.2,177,3.0,77.0
VL10353,Aeroméxico,Ciudad Mx,Cancún,México,Doméstica,Económica,8,Martes,135,1600,0,0,False,,129.5,94.2,170,,75.8
VL11424,Avianca,Cartagena,Bogotá,Colombia,Doméstica,Económica,8,Sábado,56,650,0,5,False,,77.84,88.6,159,3.8,74.7
VL11158,Viva Air,Lima,Santiago,Perú,Internacional,Económica,4,Domingo,192,2400,12,3,False,,245.88,60.7,109,3.2,66.3
VL12092,Sky Airline,Santiago,Lima,Chile,Internacional,Económica,1,Lunes,189,2400,2,9,False,,230.87,98.6,177,3.3,75.2
VL12118,Volaris,Bogotá,Medellín,Colombia,Doméstica,Económica,5,Sábado,43,580,64,71,False,Clima,30.0,95.3,172,2.5,65.1
VL12935,Volaris,Ciudad Mx,Cancún,México,Doméstica,Económica,1,Martes,137,1600,0,1,False,,259.87,85.0,153,1.9,68.2
VL12465,Aeroméxico,Santiago,Lima,Chile,Internacional,Económica,10,Lunes,195,2400,0,0,False,,189.38,76.4,138,5.0,77.1
VL11931,Avianca,Santiago,São Paulo,Chile,Internacional,Ejecutiva,1,Jueves,224,2700,0,0,False,,646.25,71.5,157,5.0,71.0
VL10240,Aeroméxico,Guadalajara,Ciudad Mx,México,Doméstica,Ejecutiva,1,Miércoles,49,550,10,9,False,,181.39,93.5,206,3.1,77.5
VL11673,LATAM,Bogotá,Quito,Colombia,Internacional,Económica,8,Martes,109,1000,0,0,False,,136.6,93.2,168,3.8,79.2
VL12667,Sky Airline,Cancún,Bogotá,México,Internacional,Económica,2,Sábado,254,3500,0,0,False,,485.36,76.2,137,3.8,73.9
VL11922,Copa Airlines,Cancún,Bogotá,México,Internacional,Económica,5,Miércoles,284,3500,0,13,False,,453.53,74.1,133,,84.9
VL11785,Avianca,Lima,Santiago,Perú,Internacional,Económica,12,Lunes,192,2400,18,16,False,Operacional,319.95,97.1,175,2.2,72.2
VL12202,Copa Airlines,Lima,Buenos Aires,Perú,Internacional,Ejecutiva,12,Viernes,245,3100,0,8,False,,523.4,73.9,163,3.4,82.8
VL11980,Viva Air,Santiago,Lima,Chile,Internacional,Económica,9,Sábado,208,2400,0,0,False,,133.83,75.3,136,4.8,65.3
VL12659,Copa Airlines,Cancún,Bogotá,México,Internacional,Ejecutiva,2,Miércoles,246,3500,7,3,False,,576.17,84.1,185,2.0,81.7
VL10907,Avianca,Bogotá,Miami,Colombia,Internacional,Ejecutiva,4,Lunes,318,3800,0,0,False,,1256.51,79.9,176,4.1,70.5
VL12519,Copa Airlines,Buenos Aires,Lima,Argentina,Internacional,Ejecutiva,10,Domingo,233,3000,0,4,False,,1020.11,78.8,173,3.4,82.1
VL12784,LATAM,Bogotá,Quito,Colombia,Internacional,Económica,8,Sábado,99,1000,0,6,False,,66.81,68.6,123,3.2,78.5
VL11318,Aeroméxico,Bogotá,Medellín,Colombia,Doméstica,Económica,11,Sábado,46,580,0,2,False,,83.66,77.8,140,2.9,75.6
VL10294,Viva Air,Ciudad Mx,Cancún,México,Doméstica,Ejecutiva,3,Domingo,131,1600,0,0,False,,515.19,76.5,168,3.1,63.3
VL12293,LATAM,Medellín,Ciudad Mx,Colombia,Internacional,Económica,3,Sábado,264,3400,38,28,False,Tripulación,347.25,61.3,110,3.2,78.0
VL10970,Viva Air,Cancún,Bogotá,México,Internacional,Económica,5,Lunes,276,3500,0,0,False,,305.25,88.4,159,3.9,65.8
VL11308,Volaris,Bogotá,Miami,Colombia,Internacional,Ejecutiva,8,Domingo,296,3800,0,13,False,,1134.52,81.3,179,2.9,66.3
VL11247,LATAM,Bogotá,Medellín,Colombia,Doméstica,Ejecutiva,7,Sábado,54,580,13,24,False,,148.36,96.5,212,,75.5
VL12282,LATAM,Lima,Buenos Aires,Perú,Internacional,Ejecutiva,10,Domingo,254,3100,0,7,False,,605.87,83.0,183,3.4,77.4
VL10666,Sky Airline,Santiago,Lima,Chile,Internacional,Económica,2,Lunes,204,2400,0,8,False,,245.04,88.0,158,2.3,75.6
VL10393,Avianca,Ciudad Mx,Miami,México,Internacional,Económica,5,Sábado,157,2100,0,9,False,,155.73,70.1,126,3.7,72.9
VL12048,Avianca,Medellín,Ciudad Mx,Colombia,Internacional,Ejecutiva,10,Jueves,268,3400,90,79,False,Tripulación,781.14,83.5,184,3.2,72.5
VL10400,LATAM,Ciudad Mx,Cancún,México,Doméstica,Económica,12,Sábado,139,1600,0,0,False,,179.82,61.2,110,4.9,80.0
VL10705,Sky Airline,Cartagena,Bogotá,Colombia,Doméstica,Ejecutiva,2,Martes,56,650,0,3,False,,195.8,68.7,151,3.7,75.8
VL12444,LATAM,Lima,Buenos Aires,Perú,Internacional,Económica,10,Viernes,247,3100,0,0,False,,325.1,62.8,113,3.8,78.2
VL11595,Copa Airlines,Santiago,São Paulo,Chile,Internacional,Primera,12,Sábado,217,2700,0,7,False,,1247.47,67.1,201,3.3,80.5
VL10599,Copa Airlines,Bogotá,Medellín,Colombia,Doméstica,Económica,12,Jueves,64,580,0,0,False,,52.9,98.1,177,3.5,83.2
VL11536,Aeroméxico,Santiago,Lima,Chile,Internacional,Ejecutiva,9,Miércoles,201,2400,0,0,False,,752.55,77.3,170,3.5,75.0
VL10616,Aeroméxico,Bogotá,Medellín,Colombia,Doméstica,Económica,5,Sábado,71,580,0,3,True,,33.79,82.7,149,2.0,75.4
VL10615,LATAM,Guadalajara,Ciudad Mx,,Doméstica,Ejecutiva,1,Domingo,55,550,0,0,True,,102.65,59.5,131,4.8,77.2
VL11709,Copa Airlines,Cancún,Bogotá,México,Internacional,Ejecutiva,3,Lunes,279,3500,5,3,False,,840.26,57.4,126,4.4,83.0
VL10369,Copa Airlines,Bogotá,Medellín,Colombia,Doméstica,Ejecutiva,4,Viernes,57,580,15,3,False,,84.9,100.0,220,4.2,82.2
VL10679,Avianca,Lima,Santiago,Perú,Internacional,Económica,2,Miércoles,200,2400,127,133,False,Tripulación,265.45,100.0,180,3.1,74.0
VL10781,Avianca,Medellín,Ciudad Mx,Colombia,Internacional,Económica,8,Jueves,265,3400,0,0,False,,354.83,66.0,119,3.8,73.9
VL12680,Avianca,Bogotá,Miami,Colombia,Internacional,Económica,12,Martes,270,3800,126,127,False,Operacional,418.35,84.0,151,2.4,71.2
VL12106,Avianca,Lima,Santiago,Perú,Internacional,Económica,9,Sábado,178,2400,0,0,True,,142.17,84.5,152,2.9,72.2
VL11047,Aeroméxico,Bogotá,Medellín,Colombia,Doméstica,Económica,2,Lunes,53,580,0,13,False,,83.61,71.5,129,4.6,73.8
VL12242,Aeroméxico,Santiago,São Paulo,Chile,Internacional,Económica,1,Martes,222,2700,0,0,True,,159.98,78.4,141,2.4,76.9
VL10199,Avianca,Ciudad Mx,Miami,México,Internacional,Económica,5,Viernes,176,2100,30,26,False,Aeropuerto,164.43,63.3,114,4.2,71.7
VL11329,Volaris,Medellín,Ciudad Mx,Colombia,Internacional,Económica,4,Domingo,284,3400,0,0,False,,360.12,93.1,168,4.2,69.0
VL11269,Viva Air,Bogotá,Miami,Colombia,Internacional,Económica,2,Jueves,306,3800,0,0,False,,271.45,86.7,156,4.1,64.6
VL12073,LATAM,Lima,Santiago,Perú,Internacional,Económica,12,Lunes,198,2400,28,30,False,Operacional,231.23,86.3,155,3.4,77.3
VL11116,Sky Airline,Bogotá,Medellín,Colombia,Doméstica,Ejecutiva,11,Lunes,68,580,8,15,False,,89.26,84.8,187,2.7,76.6
VL12601,Avianca,Bogotá,Medellín,Colombia,Doméstica,Económica,7,Sábado,49,580,15,18,False,,71.22,94.1,169,2.7,72.9
VL10467,Copa Airlines,Lima,Santiago,Perú,Internacional,Económica,5,Domingo,209,2400,0,0,False,,192.25,65.3,118,3.6,81.4
VL10655,LATAM,Ciudad Mx,Cancún,México,Doméstica,Económica,1,Viernes,116,1600,8,6,False,,94.47,72.4,130,4.2,76.8
VL12111,Sky Airline,Santiago,Lima,Chile,Internacional,Económica,12,Martes,192,2400,11,7,False,,181.58,87.4,157,4.8,74.0
VL12498,Aeroméxico,Cartagena,Bogotá,Colombia,Doméstica,Económica,4,Miércoles,68,650,0,8,False,,46.03,86.4,156,3.0,74.8
VL12002,Sky Airline,Guadalajara,Ciudad Mx,México,Doméstica,Económica,8,Viernes,46,550,32,39,False,Clima,30.0,56.7,102,3.0,74.5
VL11401,Aeroméxico,Ciudad Mx,Cancún,México,Doméstica,Económica,7,Miércoles,125,1600,23,20,False,Mecánico,171.66,91.9,165,3.5,74.8
VL11926,Aeroméxico,Santiago,São Paulo,Chile,Internacional,Ejecutiva,5,Sábado,225,2700,0,11,False,,754.75,67.0,147,2.5,76.0
VL11881,Aeroméxico,Lima,Santiago,Perú,Internacional,Económica,11,Lunes,182,2400,23,16,False,Tripulación,216.25,84.2,152,3.6,74.2
VL12184,Volaris,Cancún,Bogotá,México,Internacional,Económica,7,Sábado,287,3500,5,11,False,,474.12,74.8,135,2.4,67.5
VL11837,Aeroméxico,Bogotá,Miami,Colombia,Internacional,Económica,3,Domingo,283,3800,0,0,False,,278.33,62.0,112,3.8,74.3
VL10322,Volaris,Cancún,Bogotá,México,Internacional,Económica,5,Viernes,279,3500,25,24,False,Operacional,200.3,78.1,141,4.0,67.8
VL10403,Avianca,Bogotá,Quito,Colombia,Internacional,Ejecutiva,1,Miércoles,94,1000,2,1,False,,361.86,95.3,210,4.4,71.6
VL11877,Copa Airlines,Medellín,Ciudad Mx,Colombia,Internacional,Económica,4,Viernes,256,3400,0,2,False,,279.94,63.4,114,3.5,80.5
VL10225,Sky Airline,Santiago,Lima,Chile,Internacional,Económica,12,Domingo,187,2400,12,2,False,,307.98,75.2,135,4.2,74.0
VL11668,Copa Airlines,Ciudad Mx,Cancún,México,Doméstica,Ejecutiva,7,Sábado,162,1600,0,12,False,,456.71,85.1,187,3.8,83.8
VL10534,Avianca,Ciudad Mx,Miami,México,Internacional,Económica,11,Jueves,176,2100,209,229,False,Aeropuerto,270.71,84.0,151,3.2,71.2
VL10783,Volaris,Ciudad Mx,Bogotá,México,Internacional,Económica,5,Domingo,259,3200,0,6,False,,328.51,84.0,151,3.0,69.3
VL11200,Sky Airline,Ciudad Mx,Miami,México,Internacional,Económica,5,Viernes,159,2100,0,6,False,,267.82,67.9,122,3.5,74.0
VL10613,Volaris,Bogotá,Medellín,Colombia,Doméstica,Económica,12,Lunes,68,580,0,0,False,,51.96,69.4,125,4.2,68.5
VL11641,Avianca,Bogotá,Quito,Colombia,Internacional,Económica,6,Domingo,75,1000,68,54,False,Operacional,126.72,52.8,95,2.9,74.1
VL10793,Volaris,Santiago,São Paulo,Chile,Internacional,Económica,7,Miércoles,211,2700,0,0,False,,374.13,100.0,180,4.1,66.7
VL11842,Avianca,Lima,Buenos Aires,Perú,Internacional,Económica,10,Domingo,235,3100,10,12,False,,423.87,80.1,144,2.0,71.5
VL10084,Copa Airlines,Bogotá,Miami,Colombia,Internacional,Económica,6,Miércoles,307,3800,381,326,False,Aeropuerto,457.43,88.1,159,1.9,80.6
VL12773,Volaris,Lima,Buenos Aires,Perú,Internacional,Económica,1,Martes,240,3100,19,19,False,Clima,448.78,98.5,177,4.0,72.0
VL12897,Avianca,Bogotá,Miami,Colombia,Internacional,Económica,5,Domingo,311,3800,0,2,False,,506.54,69.0,124,2.5,70.9
VL11073,Copa Airlines,Bogotá,Medellín,Colombia,Doméstica,Económica,10,Miércoles,65,580,5,9,False,,79.72,94.0,169,3.1,83.9
VL11412,Copa Airlines,Bogotá,Miami,Colombia,Internacional,Económica,7,Miércoles,308,3800,9,28,False,,224.75,63.3,114,5.0,82.0
VL11627,Aeroméxico,Medellín,Ciudad Mx,Colombia,Internacional,Económica,10,Viernes,275,3400,0,13,False,,214.65,53.1,96,3.3,73.8
VL10817,Volaris,Ciudad Mx,Bogotá,México,Internacional,Ejecutiva,4,Jueves,259,3200,0,1,False,,1167.43,49.7,109,5.0,69.6
VL11477,Avianca,Ciudad Mx,Miami,México,Internacional,Económica,5,Lunes,171,2100,7,7,False,,115.46,82.3,148,2.5,72.4
VL12824,LATAM,Bogotá,Miami,Colombia,Internacional,Ejecutiva,4,Sábado,277,3800,6,14,False,,741.55,73.9,163,4.6,79.4
VL11016,Sky Airline,Ciudad Mx,Cancún,México,Doméstica,Económica,9,Lunes,140,1600,0,0,False,,118.87,71.5,129,5.0,73.2
VL10977,Aeroméxico,Bogotá,Medellín,Colombia,Doméstica,Ejecutiva,8,Sábado,86,580,8,23,False,,145.58,97.1,214,3.6,77.9
VL12630,Volaris,Cancún,Bogotá,México,Internacional,Económica,5,Domingo,289,3500,5,10,False,,477.47,88.1,159,4.0,69.4
VL11503,LATAM,Bogotá,Miami,Colombia,Internacional,Económica,1,Miércoles,275,3800,0,0,False,,442.02,77.2,139,3.8,77.0
VL12925,Volaris,Lima,Santiago,Perú,Internacional,Económica,8,Domingo,203,2400,34,31,False,Operacional,185.57,73.0,131,3.1,69.4
VL12561,Viva Air,Buenos Aires,Lima,Argentina,Internacional,Ejecutiva,2,Miércoles,242,3000,7,11,False,,955.6,90.4,199,4.0,66.2
VL10213,Copa Airlines,Santiago,Lima,Chile,Internacional,Económica,6,Jueves,198,2400,68,75,False,Tripulación,248.1,83.7,151,4.0,80.0
VL11031,Avianca,Santiago,São Paulo,Chile,Internacional,Económica,1,Domingo,222,2700,13,30,False,,155.06,52.4,94,1.3,71.5
VL10802,Volaris,Santiago,São Paulo,Chile,Internacional,Económica,2,Martes,208,2700,0,0,False,,200.42,84.5,152,3.8,69.7
VL11516,Aeroméxico,Cancún,Bogotá,México,Internacional,Económica,3,Viernes,297,3500,12,24,False,,456.06,64.7,116,2.6,75.0
VL10559,Aeroméxico,Cancún,Bogotá,México,Internacional,Primera,9,Viernes,285,3500,43,48,False,Tripulación,1771.15,85.6,257,3.8,79.6
VL11637,Copa Airlines,Ciudad Mx,Cancún,México,Doméstica,Económica,11,Sábado,133,1600,12,0,False,,87.6,82.3,148,3.5,83.2
VL12044,Copa Airlines,Lima,Santiago,Perú,Internacional,Económica,4,Jueves,217,2400,30,25,False,Operacional,324.21,82.3,148,4.9,80.9
VL11558,Viva Air,Bogotá,Quito,Colombia,Internacional,Económica,10,Miércoles,116,1000,0,0,False,,148.55,87.3,157,,64.1
VL10696,Viva Air,Bogotá,Miami,Colombia,Internacional,Económica,4,Miércoles,316,3800,0,5,False,,426.49,95.9,173,3.2,66.7
VL11969,Aeroméxico,Bogotá,Medellín,Colombia,Doméstica,Ejecutiva,8,Martes,68,580,26,30,False,Aeropuerto,155.81,92.9,204,3.0,78.2
VL10236,LATAM,Bogotá,Miami,Colombia,Internacional,Económica,8,Lunes,299,3800,6,7,False,,413.47,74.5,134,3.9,77.3
VL11527,Sky Airline,Bogotá,Miami,Colombia,Internacional,Económica,10,Lunes,331,3800,47,46,False,Clima,296.12,77.9,140,3.9,74.5
VL12086,Volaris,Ciudad Mx,Cancún,México,Doméstica,Primera,1,Domingo,137,1600,8,17,False,,861.54,73.0,219,3.5,70.2
VL11714,Aeroméxico,Bogotá,Medellín,Colombia,Doméstica,Económica,6,Domingo,55,580,0,5,False,,40.66,88.3,159,4.0,73.4
VL12212,Avianca,Bogotá,Medellín,Colombia,Doméstica,Económica,8,Sábado,50,580,9,25,False,,71.21,84.4,152,3.1,71.0
VL12840,Aeroméxico,Ciudad Mx,Bogotá,México,Internacional,Económica,2,Lunes,247,3200,0,0,False,,192.55,71.9,129,3.7,74.7
VL11707,LATAM,Santiago,Lima,Chile,Internacional,Ejecutiva,6,Viernes,179,2400,0,2,False,,371.46,91.2,201,2.5,78.7
VL12228,LATAM,Bogotá,Miami,Colombia,Internacional,Económica,12,Miércoles,326,3800,0,0,False,,264.94,93.2,168,3.1,76.6
VL10406,Sky Airline,Ciudad Mx,Bogotá,México,Internacional,Económica,3,Miércoles,232,3200,0,3,False,,321.47,94.9,171,2.7,72.7
VL10179,Copa Airlines,Ciudad Mx,Cancún,México,Doméstica,Económica,2,Lunes,118,1600,51,62,False,Tripulación,130.27,93.8,169,2.0,80.5
VL10578,Volaris,Medellín,Ciudad Mx,Colombia,Internacional,Económica,1,Lunes,289,3400,16,19,False,Aeropuerto,274.76,83.8,151,3.5,71.3
VL11132,Copa Airlines,Bogotá,Medellín,Colombia,Doméstica,Económica,9,Viernes,52,580,38,39,False,Clima,30.0,81.6,147,4.1,84.2
VL11757,Volaris,Medellín,Ciudad Mx,Colombia,Internacional,Ejecutiva,3,Sábado,276,3400,22,34,False,Tripulación,1016.33,63.0,139,4.2,71.6
VL10818,Volaris,Bogotá,Medellín,Colombia,Doméstica,Ejecutiva,4,Jueves,57,580,0,0,False,,158.63,88.1,194,4.1,69.1
VL12406,Viva Air,Ciudad Mx,Bogotá,México,Internacional,Económica,11,Martes,247,3200,0,11,False,,217.64,91.8,165,3.6,63.9
VL10367,Avianca,Guadalajara,Ciudad Mx,México,Doméstica,Económica,11,Sábado,55,550,55,57,False,Operacional,31.45,74.0,133,1.6,72.8
VL12099,LATAM,Ciudad Mx,Bogotá,México,Internacional,Económica,12,Domingo,265,3200,0,0,False,,356.04,65.8,118,2.8,77.0
VL10536,Avianca,Bogotá,Quito,Colombia,Internacional,Económica,5,Viernes,98,1000,7,13,False,,71.63,73.5,132,3.3,72.5
VL10147,Copa Airlines,Medellín,Ciudad Mx,Colombia,Internacional,Económica,5,Jueves,272,3400,0,4,False,,382.17,96.2,173,4.5,83.2
VL10646,Aeroméxico,Santiago,São Paulo,Chile,Internacional,Ejecutiva,1,Sábado,203,2700,0,1,False,,564.52,61.3,135,4.7,74.2
VL10743,LATAM,Medellín,Ciudad Mx,Colombia,Internacional,Ejecutiva,4,Sábado,278,3400,2,0,False,,824.81,76.5,168,5.0,77.1
VL12000,Avianca,Santiago,Lima,,Internacional,Ejecutiva,1,Viernes,219,2400,0,8,False,,570.59,77.2,170,4.5,73.8
VL10650,Volaris,Bogotá,Medellín,Colombia,Doméstica,Económica,5,Miércoles,65,580,0,1,False,,84.41,84.9,153,2.3,70.4
VL12760,Volaris,Ciudad Mx,Cancún,México,Doméstica,Económica,9,Sábado,165,1600,0,0,False,,235.37,69.5,125,5.0,70.7
VL10193,Avianca,Cancún,Bogotá,México,Internacional,Ejecutiva,7,Sábado,308,3500,72,55,False,Operacional,963.96,93.7,206,3.0,72.0
VL12863,Aeroméxico,Santiago,São Paulo,Chile,Internacional,Económica,4,Domingo,224,2700,0,1,False,,217.94,61.0,110,3.8,73.0
VL10938,LATAM,Ciudad Mx,Cancún,México,Doméstica,Económica,12,Domingo,152,1600,0,0,False,,116.37,88.4,159,4.0,77.9
VL10166,Viva Air,Bogotá,Miami,Colombia,Internacional,Económica,4,Domingo,277,3800,0,5,False,,519.14,85.9,155,4.2,65.8
VL10542,LATAM,Santiago,Lima,Chile,Internacional,Primera,11,Jueves,214,2400,1,0,False,,1201.83,75.5,226,,77.7
VL10648,Copa Airlines,Ciudad Mx,Miami,México,Internacional,Económica,2,Viernes,171,2100,12,0,False,,224.96,55.1,99,3.9,81.8
VL10904,Sky Airline,Lima,Buenos Aires,Perú,Internacional,Económica,3,Domingo,290,3100,0,0,False,,316.71,99.4,179,4.1,77.0
VL10627,Sky Airline,Ciudad Mx,Miami,México,Internacional,Económica,3,Domingo,180,2100,0,0,False,,281.0,45.6,82,4.4,75.4
VL11966,Viva Air,Santiago,Lima,Chile,Internacional,Económica,4,Martes,196,2400,0,0,False,,337.34,95.6,172,4.0,64.4
VL12858,LATAM,Bogotá,Medellín,Colombia,Doméstica,Económica,1,Sábado,55,580,67,49,False,Operacional,66.34,92.7,167,3.0,78.6
VL10439,Viva Air,Bogotá,Medellín,Colombia,Doméstica,Económica,4,Sábado,60,580,0,0,False,,73.95,54.9,99,3.9,65.1
VL11101,Aeroméxico,Cartagena,Bogotá,Colombia,Doméstica,Económica,8,Viernes,77,650,27,29,False,Clima,61.65,100.0,180,3.9,74.5
VL12984,LATAM,Medellín,Ciudad Mx,Colombia,Internacional,Económica,10,Jueves,256,3400,566,649,False,Aeropuerto,259.16,66.7,120,4.2,80.1
VL12725,Copa Airlines,Bogotá,Miami,Colombia,Internacional,Ejecutiva,12,Jueves,318,3800,14,16,False,,806.8,72.9,160,3.4,82.0
VL10585,Avianca,Santiago,Lima,Chile,Internacional,Económica,5,Sábado,207,2400,0,13,False,,190.58,74.1,133,,72.2
VL11280,LATAM,Santiago,São Paulo,Chile,Internacional,Económica,1,Jueves,210,2700,0,0,False,,304.94,87.3,157,4.7,80.4
VL10371,Copa Airlines,Bogotá,Medellín,Colombia,Doméstica,Económica,1,Martes,64,580,0,0,False,,43.89,80.0,144,3.0,84.0
VL11560,Volaris,Ciudad Mx,Bogotá,México,Internacional,Ejecutiva,1,Lunes,251,3200,0,0,False,,875.39,76.4,168,4.9,68.1
VL12256,LATAM,Medellín,Ciudad Mx,Colombia,Internacional,Económica,2,Lunes,282,3400,0,1,False,,369.3,64.2,116,3.6,80.1
VL11552,LATAM,Bogotá,Quito,Colombia,Internacional,Económica,2,Viernes,86,1000,0,11,False,,3156.359014591178,89.5,161,4.1,78.3
VL12250,Avianca,Bogotá,Medellín,Colombia,Doméstica,Ejecutiva,8,Viernes,57,580,38,42,False,Operacional,194.34,81.1,178,4.2,73.4
VL11753,Aeroméxico,Santiago,Lima,Chile,Internacional,Económica,10,Sábado,202,2400,337,272,False,Mecánico,236.86,68.7,124,2.6,76.4
VL11271,Viva Air,Lima,Santiago,Perú,Internacional,Primera,3,Jueves,191,2400,4,0,False,,718.99,100.0,300,5.0,65.7
VL11164,Copa Airlines,Ciudad Mx,Cancún,México,Doméstica,Económica,7,Domingo,152,1600,38,25,False,Operacional,211.49,81.6,147,3.4,80.3
VL12880,LATAM,Bogotá,Miami,Colombia,Internacional,Económica,10,Viernes,287,3800,0,5,False,,392.45,77.0,139,1.7,78.4
VL10289,LATAM,Santiago,São Paulo,Chile,Internacional,Económica,5,Martes,216,2700,0,6,False,,229.95,76.1,137,2.8,78.9
VL12163,Aeroméxico,Bogotá,Quito,Colombia,Internacional,Económica,2,Sábado,83,1000,0,12,False,,118.58,81.0,146,4.1,74.0
VL10903,Avianca,Santiago,São Paulo,Chile,Internacional,Económica,8,Viernes,234,2700,0,1,False,,166.72,68.5,123,,74.3
VL10325,Volaris,Buenos Aires,Lima,Argentina,Internacional,Económica,7,Domingo,257,3000,33,27,False,Operacional,295.83,70.8,127,2.6,70.6
VL11634,LATAM,Guadalajara,Ciudad Mx,México,Doméstica,Económica,3,Jueves,74,550,0,0,False,,86.71,84.1,151,3.4,79.1
VL10555,Copa Airlines,Ciudad Mx,Bogotá,México,Internacional,Económica,9,Sábado,246,3200,0,0,False,,403.08,88.2,159,3.6,83.2
VL12350,Volaris,Cancún,Bogotá,México,Internacional,Ejecutiva,12,Jueves,287,3500,0,0,False,,1060.65,72.1,159,5.0,67.8
VL12573,Copa Airlines,Lima,Buenos Aires,Perú,Internacional,Económica,11,Miércoles,263,3100,0,4,False,,348.41,92.9,167,4.2,83.0
VL11853,Avianca,Bogotá,Quito,Colombia,Internacional,Económica,11,Sábado,88,1000,0,0,False,,128.69,74.7,134,5.0,70.8
VL12380,Avianca,Bogotá,Quito,Colombia,Internacional,Económica,2,Jueves,85,1000,56,58,False,Tripulación,105.38,84.3,152,3.4,72.6
VL12708,Copa Airlines,Bogotá,Medellín,Colombia,Doméstica,Económica,2,Jueves,63,580,0,9,False,,55.09,74.0,133,2.1,82.5
VL11649,LATAM,Buenos Aires,Lima,Argentina,Internacional,Económica,3,Sábado,208,3000,0,0,False,,158.8,100.0,180,5.0,81.0
VL10283,Sky Airline,Bogotá,Medellín,Colombia,Doméstica,Económica,1,Lunes,70,580,0,3,False,,30.0,92.5,166,,73.7
VL10005,Sky Airline,Ciudad Mx,Cancún,,Doméstica,Primera,1,Jueves,130,1600,0,20,False,,826.52,100.0,300,4.4,75.3
VL11444,Aeroméxico,Lima,Santiago,Perú,Internacional,Económica,5,Miércoles,185,2400,0,0,False,,192.08,60.2,108,3.9,74.7
VL12016,LATAM,Ciudad Mx,Bogotá,México,Internacional,Económica,10,Sábado,259,3200,19,18,False,Aeropuerto,274.82,72.3,130,2.7,77.4
VL11393,LATAM,Medellín,Ciudad Mx,Colombia,Internacional,Económica,3,Viernes,249,3400,0,6,False,,364.29,63.8,115,3.9,78.6
VL10675,Avianca,Cartagena,Bogotá,Colombia,Doméstica,Ejecutiva,8,Viernes,60,650,0,5,False,,90.17,84.2,185,3.3,71.6
VL12926,Volaris,Bogotá,Quito,Colombia,Internacional,Económica,7,Lunes,90,1000,0,4,False,,112.3,80.0,144,3.1,69.0
VL11293,Sky Airline,Buenos Aires,Lima,Argentina,Internacional,Económica,11,Sábado,244,3000,0,0,True,,286.87,57.2,103,4.8,73.4
VL11377,Sky Airline,Medellín,Ciudad Mx,Colombia,Internacional,Económica,10,Viernes,261,3400,7,13,False,,459.62,99.1,178,2.9,71.3
VL11947,Volaris,Ciudad Mx,Cancún,México,Doméstica,Ejecutiva,10,Domingo,140,1600,21,11,False,Tripulación,418.68,77.7,171,3.6,69.0
VL11349,Copa Airlines,Bogotá,Medellín,,Doméstica,Primera,11,Viernes,59,580,0,0,False,,242.26,70.5,212,4.6,81.2
VL12517,Volaris,Lima,Buenos Aires,Perú,Internacional,Ejecutiva,12,Martes,260,3100,32,18,False,Tripulación,583.29,94.2,207,3.6,71.3
VL10842,Aeroméxico,Ciudad Mx,Cancún,México,Doméstica,Económica,11,Miércoles,149,1600,2,0,False,,116.29,46.0,83,4.2,75.3
VL11968,Viva Air,Bogotá,Miami,Colombia,Internacional,Económica,10,Sábado,269,3800,0,0,False,,407.26,81.9,147,4.3,64.6
VL10070,Copa Airlines,Ciudad Mx,Miami,México,Internacional,Primera,8,Domingo,168,2100,0,3,False,,722.13,64.9,195,,81.9
VL10466,Aeroméxico,Bogotá,Miami,Colombia,Internacional,Económica,8,Domingo,298,3800,0,0,False,,530.63,69.7,125,5.0,73.8
VL11663,Volaris,Medellín,Ciudad Mx,Colombia,Internacional,Económica,10,Jueves,274,3400,0,0,False,,260.2,90.4,163,3.5,67.0
VL10046,Aeroméxico,Bogotá,Miami,Colombia,Internacional,Económica,12,Jueves,302,3800,47,44,False,Operacional,438.64,73.1,132,4.6,74.4
VL11163,Avianca,Ciudad Mx,Miami,México,Internacional,Económica,11,Jueves,161,2100,0,2,False,,344.61,98.2,177,,70.8
VL10397,Sky Airline,Lima,Buenos Aires,Perú,Internacional,Económica,4,Jueves,235,3100,0,1,False,,233.15,58.5,105,3.6,75.1
VL11667,Sky Airline,Guadalajara,Ciudad Mx,México,Doméstica,Económica,3,Miércoles,64,550,8,4,False,,52.64,75.0,135,3.6,75.9
VL10784,Volaris,Santiago,Lima,Chile,Internacional,Ejecutiva,9,Viernes,178,2400,0,10,False,,441.05,83.6,184,4.2,70.6
VL11563,LATAM,Bogotá,Miami,Colombia,Internacional,Ejecutiva,1,Miércoles,301,3800,0,9,False,,685.0,84.5,186,4.0,75.3
VL10701,Copa Airlines,Bogotá,Medellín,Colombia,Doméstica,Ejecutiva,11,Martes,48,580,0,6,False,,137.06,77.9,171,2.2,82.6
VL12955,Copa Airlines,Buenos Aires,Lima,Argentina,Internacional,Económica,6,Domingo,240,3000,5,1,False,,272.68,63.8,115,4.0,81.5
VL11175,Viva Air,Medellín,Ciudad Mx,Colombia,Internacional,Económica,10,Lunes,259,3400,7,11,False,,266.88,66.0,119,3.0,64.4
VL10924,Viva Air,Lima,Buenos Aires,Perú,Internacional,Económica,8,Viernes,242,3100,0,0,True,,282.25,62.2,112,5.0,64.9
VL12607,Sky Airline,Bogotá,Miami,Colombia,Internacional,Económica,6,Martes,282,3800,0,5,False,,245.94,61.7,111,,74.2
VL11694,Aeroméxico,Ciudad Mx,Bogotá,México,Internacional,Ejecutiva,8,Domingo,257,3200,41,39,False,Mecánico,1007.22,80.7,178,2.8,75.0
VL10816,Avianca,Santiago,São Paulo,Chile,Internacional,Económica,8,Viernes,197,2700,0,0,False,,236.28,95.9,173,5.0,74.7
VL10517,Avianca,Bogotá,Quito,Colombia,Internacional,Ejecutiva,1,Sábado,120,1000,40,42,False,Mecánico,183.73,94.2,207,3.1,73.4
VL12554,Sky Airline,Bogotá,Medellín,Colombia,Doméstica,Económica,12,Viernes,40,580,11,16,False,,30.0,90.9,164,3.3,70.9
VL12108,Volaris,Bogotá,Miami,Colombia,Internacional,Ejecutiva,1,Miércoles,323,3800,30,25,False,Tripulación,1279.27,26.5,58,3.1,67.2
VL12416,Avianca,Ciudad Mx,Bogotá,México,Internacional,Ejecutiva,3,Domingo,248,3200,0,4,False,,5830.206150816266,79.9,176,5.0,71.8
VL12120,Avianca,Bogotá,Quito,Colombia,Internacional,Económica,1,Sábado,78,1000,4,0,False,,48.07,63.7,115,,71.4
VL11597,Avianca,Bogotá,Medellín,Colombia,Doméstica,Económica,12,Viernes,45,580,0,0,False,,,64.0,115,3.7,73.0
VL11099,LATAM,Ciudad Mx,Bogotá,México,Internacional,Ejecutiva,8,Martes,264,3200,52,61,False,Aeropuerto,,86.6,191,2.7,82.1
VL12083,Avianca,Guadalajara,Ciudad Mx,México,Doméstica,Económica,7,Viernes,71,550,0,0,False,,69.2,78.4,141,2.9,75.0
VL11458,Aeroméxico,Santiago,Lima,Chile,Internacional,Económica,5,Lunes,194,2400,0,0,False,,221.56,69.3,125,4.5,74.8
VL11716,Copa Airlines,Bogotá,Medellín,Colombia,Doméstica,Económica,11,Miércoles,54,580,14,3,False,,30.0,82.2,148,3.4,84.4
VL11378,LATAM,Ciudad Mx,Bogotá,México,Internacional,Económica,9,Sábado,247,3200,0,7,False,,433.73,82.0,148,3.4,80.0
VL12198,Avianca,Medellín,Ciudad Mx,Colombia,Internacional,Económica,8,Viernes,274,3400,66,54,False,Clima,398.56,77.0,139,3.7,74.0
VL10988,Avianca,Santiago,Lima,Chile,Internacional,Económica,8,Lunes,193,2400,27,19,False,Aeropuerto,315.4,85.8,154,1.2,71.7
VL11117,Aeroméxico,Lima,Santiago,Perú,Internacional,Económica,11,Viernes,204,2400,0,0,False,,262.82,73.1,132,4.0,73.5
VL12077,Avianca,Lima,Buenos Aires,Perú,Internacional,Económica,12,Miércoles,233,3100,0,0,False,,381.87,84.2,152,5.0,72.2
VL12431,LATAM,Bogotá,Quito,Colombia,Internacional,Económica,12,Viernes,105,1000,9,4,False,,111.13,88.1,159,4.3,77.4
VL12409,Aeroméxico,Lima,Buenos Aires,Perú,Internacional,Económica,6,Jueves,250,3100,0,0,True,,175.14,93.6,168,4.5,76.3
VL11483,Aeroméxico,Bogotá,Medellín,Colombia,Doméstica,Económica,3,Miércoles,52,580,0,0,False,,60.28,53.9,97,4.5,76.4
VL10188,Volaris,Medellín,Ciudad Mx,Colombia,Internacional,Económica,11,Domingo,276,3400,16,24,False,Operacional,330.37,95.6,172,2.8,66.4
VL12922,LATAM,Bogotá,Quito,Colombia,Internacional,Económica,5,Lunes,79,1000,24,28,False,Tripulación,68.94,73.4,132,4.6,77.0
VL12525,LATAM,Bogotá,Miami,Colombia,Internacional,Económica,2,Sábado,307,3800,0,4,False,,,78.0,140,3.3,78.9
VL10343,LATAM,Lima,Buenos Aires,Perú,Internacional,Ejecutiva,1,Sábado,248,3100,74,57,False,Operacional,836.29,77.9,171,2.7,75.6
VL10007,LATAM,Lima,Santiago,,Internacional,Económica,3,Viernes,190,2400,0,0,False,,329.96,83.5,150,4.6,78.4
VL10759,Sky Airline,Ciudad Mx,Miami,México,Internacional,Económica,8,Viernes,162,2100,0,12,False,,168.45,73.0,131,2.8,75.8
VL12061,Viva Air,Medellín,Ciudad Mx,Colombia,Internacional,Económica,7,Lunes,293,3400,12,6,False,,432.16,71.3,128,5.0,61.4
VL12157,Volaris,Ciudad Mx,Bogotá,México,Internacional,Económica,11,Martes,293,3200,3,1,False,,334.64,80.1,144,2.0,69.4
VL11111,Aeroméxico,Santiago,Lima,Chile,Internacional,Ejecutiva,2,Lunes,189,2400,0,0,True,,651.43,70.5,155,3.2,73.9
VL11096,LATAM,Santiago,Lima,Chile,Internacional,Ejecutiva,12,Viernes,208,2400,0,0,False,,584.89,72.2,159,5.0,78.3
VL10054,Copa Airlines,Santiago,São Paulo,Chile,Internacional,Ejecutiva,7,Viernes,226,2700,14,7,False,,579.64,78.4,172,4.4,81.9
VL12229,Copa Airlines,Bogotá,Miami,Colombia,Internacional,Económica,3,Jueves,324,3800,0,0,False,,467.75,78.4,141,3.2,82.8
VL12257,Aeroméxico,Lima,Buenos Aires,Perú,Internacional,Primera,2,Jueves,235,3100,0,0,False,,1692.68,70.9,213,2.6,72.8
VL11945,Viva Air,Medellín,Ciudad Mx,Colombia,Internacional,Económica,7,Sábado,265,3400,0,2,False,,356.46,60.1,108,,66.2
VL12588,Viva Air,Santiago,Lima,Chile,Internacional,Económica,8,Sábado,214,2400,0,7,False,,171.41,76.5,138,2.6,65.5
VL11051,Copa Airlines,Medellín,Ciudad Mx,Colombia,Internacional,Económica,8,Jueves,287,3400,0,3,False,,315.25,70.4,127,4.0,81.8
VL12289,Volaris,Santiago,Lima,Chile,Internacional,Económica,10,Sábado,189,2400,48,49,False,Tripulación,107.27,77.2,139,2.7,68.6
VL11647,Avianca,Bogotá,Quito,Colombia,Internacional,Económica,11,Domingo,95,1000,0,6,False,,63.56,77.1,139,3.4,74.5
VL10881,Volaris,Cancún,Bogotá,México,Internacional,Económica,3,Viernes,276,3500,37,32,False,Aeropuerto,244.67,60.2,108,3.9,69.6
VL11779,Avianca,Bogotá,Quito,Colombia,Internacional,Económica,12,Martes,92,1000,13,10,False,,108.95,55.2,99,3.8,72.4
VL11610,Avianca,Lima,Santiago,Perú,Internacional,Económica,2,Viernes,188,2400,49,49,False,Aeropuerto,287.22,85.1,153,4.5,73.3
VL12011,Copa Airlines,Bogotá,Medellín,Colombia,Doméstica,Económica,8,Sábado,82,580,47,58,False,Clima,,77.2,139,3.3,81.1
VL10375,Volaris,Bogotá,Miami,Colombia,Internacional,Económica,10,Miércoles,282,3800,0,0,False,,350.73,73.2,132,4.7,69.9
VL11582,Volaris,Santiago,São Paulo,Chile,Internacional,Económica,9,Viernes,216,2700,0,6,False,,256.64,80.0,144,3.1,71.5
VL11801,LATAM,Buenos Aires,Lima,Argentina,Internacional,Económica,7,Sábado,254,3000,0,0,False,,195.95,78.6,141,4.4,79.5
VL12531,LATAM,Bogotá,Quito,Colombia,Internacional,Económica,2,Lunes,79,1000,11,11,False,,90.95,83.3,150,3.3,77.7
VL11336,Copa Airlines,Santiago,Lima,Chile,Internacional,Económica,2,Miércoles,202,2400,0,0,False,,283.43,63.8,115,3.8,82.6
VL12031,Aeroméxico,Santiago,São Paulo,Chile,Internacional,Económica,4,Lunes,201,2700,0,12,False,,227.79,100.0,180,2.8,76.3
VL11662,Aeroméxico,Guadalajara,Ciudad Mx,México,Doméstica,Ejecutiva,1,Domingo,40,550,0,0,False,,134.75,92.5,204,3.3,75.9
VL12439,Sky Airline,Ciudad Mx,Cancún,México,Doméstica,Económica,6,Sábado,126,1600,22,28,False,Aeropuerto,113.93,90.8,163,1.2,73.5
VL10064,Copa Airlines,Bogotá,Miami,Colombia,Internacional,Económica,4,Viernes,298,3800,69,73,False,Operacional,407.8,100.0,180,3.2,83.7
VL11210,LATAM,Lima,Buenos Aires,Perú,Internacional,Económica,7,Domingo,262,3100,0,0,False,,287.59,57.5,104,3.6,78.9
VL12694,Volaris,Cartagena,Bogotá,Colombia,Doméstica,Económica,3,Miércoles,64,650,0,0,False,,59.97,76.9,138,3.9,68.7
VL10847,Aeroméxico,Cartagena,Bogotá,Colombia,Doméstica,Económica,3,Jueves,67,650,1,3,False,,78.56,100.0,180,3.0,73.3
VL12870,LATAM,Lima,Santiago,Perú,Internacional,Ejecutiva,2,Domingo,192,2400,3,0,False,,815.31,72.1,159,3.2,80.0
VL11486,LATAM,Ciudad Mx,Bogotá,México,Internacional,Económica,6,Lunes,246,3200,2,5,False,,416.5,85.2,153,3.3,76.5
VL10682,Volaris,Ciudad Mx,Cancún,México,Doméstica,Ejecutiva,4,Miércoles,127,1600,34,45,False,Clima,325.72,100.0,220,3.9,68.5
VL10552,Copa Airlines,Medellín,Ciudad Mx,,Internacional,Económica,3,Sábado,248,3400,0,0,False,,312.31,70.0,126,3.7,81.4
VL10138,Aeroméxico,Ciudad Mx,Bogotá,México,Internacional,Económica,9,Viernes,235,3200,0,0,False,,418.47,82.6,149,3.7,75.2
VL11461,Aeroméxico,Cancún,Bogotá,México,Internacional,Económica,2,Viernes,288,3500,0,2,False,,274.98,85.9,155,3.0,73.5
VL10483,Viva Air,Cancún,Bogotá,México,Internacional,Económica,10,Sábado,289,3500,5,4,False,,430.09,82.4,148,4.6,66.6
VL10235,Avianca,Buenos Aires,Lima,Argentina,Internacional,Ejecutiva,1,Jueves,259,3000,22,31,False,Clima,621.1,86.9,191,,73.1
VL11811,Sky Airline,Ciudad Mx,Miami,México,Internacional,Económica,11,Sábado,172,2100,46,48,False,Operacional,,67.1,121,,72.7
VL12004,Sky Airline,Bogotá,Miami,Colombia,Internacional,Económica,10,Lunes,307,3800,0,0,False,,521.0,70.0,126,4.8,75.4
VL12497,Sky Airline,Lima,Santiago,Perú,Internacional,Económica,6,Jueves,171,2400,0,4,False,,259.02,79.4,143,2.9,74.4
VL12417,Avianca,Bogotá,Medellín,Colombia,Doméstica,Económica,1,Jueves,62,580,0,0,False,,44.42,97.7,176,4.4,71.7
VL11124,Volaris,Cancún,Bogotá,México,Internacional,Económica,1,Lunes,251,3500,0,0,False,,319.02,67.0,121,3.0,68.7
VL12542,Sky Airline,Bogotá,Quito,Colombia,Internacional,Ejecutiva,12,Sábado,90,1000,7,10,True,,330.06,79.5,175,2.6,71.4
VL10944,LATAM,Santiago,Lima,Chile,Internacional,Económica,8,Miércoles,190,2400,0,0,False,,303.08,67.6,122,3.9,79.0
VL11356,Avianca,Lima,Santiago,Perú,Internacional,Primera,12,Sábado,194,2400,0,16,False,,841.38,76.2,229,3.5,71.3
VL11630,LATAM,Ciudad Mx,Miami,México,Internacional,Económica,4,Viernes,166,2100,0,0,False,,233.56,80.6,145,5.0,75.9
VL12476,Avianca,Ciudad Mx,Cancún,México,Doméstica,Económica,2,Viernes,130,1600,11,6,False,,195.28,82.2,148,3.0,72.8
VL10822,Volaris,Bogotá,Miami,Colombia,Internacional,Primera,6,Sábado,280,3800,11,1,False,,1342.51,77.3,232,,69.0
VL10556,Avianca,Ciudad Mx,Cancún,México,Doméstica,Económica,8,Lunes,120,1600,14,17,False,,98.03,60.7,109,3.8,71.5
VL11282,LATAM,Santiago,São Paulo,Chile,Internacional,Económica,1,Domingo,208,2700,0,0,False,,199.54,71.4,129,4.2,79.7
VL10374,Volaris,Bogotá,Medellín,Colombia,Doméstica,Económica,4,Lunes,57,580,0,0,False,,30.0,98.1,177,1.9,65.0
VL12727,LATAM,Santiago,Lima,Chile,Internacional,Económica,3,Sábado,208,2400,36,22,False,Aeropuerto,210.8,87.3,157,2.1,78.1
VL12313,Viva Air,Buenos Aires,Lima,Argentina,Internacional,Económica,2,Domingo,240,3000,0,0,False,,315.12,61.0,110,4.0,67.0
VL10082,LATAM,Bogotá,Miami,Colombia,Internacional,Económica,10,Miércoles,291,3800,0,4,False,,475.65,66.7,120,2.5,79.7
VL11085,LATAM,Lima,Buenos Aires,Perú,Internacional,Económica,5,Viernes,219,3100,0,0,False,,329.57,92.3,166,3.9,77.3
VL10437,Copa Airlines,Bogotá,Quito,Colombia,Internacional,Económica,3,Martes,89,1000,0,0,False,,102.57,89.8,162,4.0,82.0
VL12396,LATAM,Ciudad Mx,Cancún,México,Doméstica,Económica,12,Sábado,145,1600,28,16,False,Operacional,227.39,87.0,157,3.1,78.7
VL12340,Volaris,Ciudad Mx,Miami,México,Internacional,Ejecutiva,12,Jueves,170,2100,0,0,False,,464.24,67.6,149,2.3,68.0
VL11108,Sky Airline,Buenos Aires,Lima,Argentina,Internacional,Ejecutiva,2,Miércoles,228,3000,0,5,False,,792.85,72.0,158,5.0,71.6
VL11568,LATAM,Cancún,Bogotá,México,Internacional,Ejecutiva,5,Domingo,305,3500,0,1,False,,1168.39,59.2,130,3.7,76.5
VL11844,LATAM,Guadalajara,Ciudad Mx,México,Doméstica,Ejecutiva,2,Martes,60,550,0,0,False,,185.82,85.3,188,4.0,80.3
VL11395,Sky Airline,Bogotá,Quito,,Internacional,Económica,6,Sábado,86,1000,0,0,False,,125.68,67.7,122,5.0,74.6
VL11251,LATAM,Lima,Buenos Aires,Perú,Internacional,Ejecutiva,9,Miércoles,230,3100,45,45,False,Clima,713.85,64.0,141,3.8,78.3
VL10210,LATAM,Medellín,Ciudad Mx,,Internacional,Económica,8,Domingo,247,3400,10,6,False,,323.88,72.9,131,,79.8
VL11531,LATAM,Santiago,São Paulo,Chile,Internacional,Económica,3,Sábado,253,2700,0,10,False,,168.2,88.7,160,1.6,80.5
VL11615,Avianca,Cancún,Bogotá,México,Internacional,Económica,5,Viernes,267,3500,0,13,False,,423.08,82.0,148,1.0,72.5
VL10155,Copa Airlines,Santiago,Lima,Chile,Internacional,Económica,10,Martes,216,2400,0,6,False,,213.33,76.8,138,3.4,82.3
VL12854,Aeroméxico,Ciudad Mx,Cancún,México,Doméstica,Económica,11,Viernes,141,1600,7,10,False,,121.32,100.0,180,3.4,74.0
VL10186,Avianca,Bogotá,Quito,Colombia,Internacional,Ejecutiva,4,Sábado,112,1000,0,1,False,,186.97,78.0,172,3.0,74.9
VL12927,Copa Airlines,Cartagena,Bogotá,Colombia,Doméstica,Económica,11,Lunes,63,650,45,28,False,Aeropuerto,94.54,78.7,142,3.3,84.0
VL12351,Viva Air,Guadalajara,Ciudad Mx,México,Doméstica,Económica,11,Lunes,60,550,0,1,False,,44.65,73.7,133,3.1,64.7
VL12650,Volaris,Santiago,Lima,Chile,Internacional,Económica,1,Jueves,197,2400,5,0,False,,335.43,81.6,147,3.9,69.6
VL12464,Avianca,Cancún,Bogotá,México,Internacional,Primera,4,Sábado,282,3500,26,23,False,Aeropuerto,2223.81,88.6,266,4.2,70.5
VL10871,LATAM,Bogotá,Miami,Colombia,Internacional,Económica,8,Viernes,280,3800,0,3,False,,407.4,100.0,180,3.6,78.5
VL11738,Avianca,Ciudad Mx,Bogotá,México,Internacional,Económica,4,Martes,244,3200,66,50,False,Aeropuerto,294.47,82.1,148,,72.3
VL12014,LATAM,Medellín,Ciudad Mx,Colombia,Internacional,Económica,8,Domingo,266,3400,9,17,False,,311.24,70.1,126,3.2,78.9
VL10714,Viva Air,Ciudad Mx,Bogotá,México,Internacional,Ejecutiva,7,Viernes,264,3200,25,40,False,Tripulación,542.4,81.1,178,2.9,66.2
VL11156,Aeroméxico,Ciudad Mx,Cancún,México,Doméstica,Económica,3,Martes,150,1600,31,41,False,Clima,,85.0,153,3.7,78.9
VL11758,Aeroméxico,Ciudad Mx,Cancún,México,Doméstica,Ejecutiva,8,Miércoles,127,1600,7,0,False,,5761.290206832223,75.7,167,4.8,74.5
VL12009,Aeroméxico,Medellín,Ciudad Mx,Colombia,Internacional,Económica,9,Jueves,263,3400,0,0,False,,398.39,100.0,180,4.8,73.5
VL12015,LATAM,Ciudad Mx,Bogotá,México,Internacional,Ejecutiva,12,Domingo,252,3200,0,0,False,,619.42,83.1,183,3.1,81.4
VL12729,Viva Air,Lima,Buenos Aires,Perú,Internacional,Económica,12,Lunes,225,3100,96,98,False,Clima,259.96,83.9,151,2.3,65.4
VL10593,Aeroméxico,Ciudad Mx,Bogotá,México,Internacional,Ejecutiva,8,Jueves,248,3200,0,0,False,,723.89,59.6,131,2.4,75.8
VL12269,Avianca,Medellín,Ciudad Mx,Colombia,Internacional,Económica,4,Miércoles,257,3400,0,0,False,,394.92,69.1,124,4.2,73.2
VL11032,LATAM,Santiago,Lima,Chile,Internacional,Económica,4,Domingo,189,2400,0,4,False,,165.95,51.5,93,2.8,76.8
VL10344,Aeroméxico,Ciudad Mx,Bogotá,México,Internacional,Económica,9,Lunes,263,3200,16,7,False,Aeropuerto,472.23,89.7,161,4.5,77.5
VL12512,Sky Airline,Lima,Buenos Aires,Perú,Internacional,Económica,7,Domingo,251,3100,0,12,False,,270.31,93.4,168,1.8,74.6
VL11084,LATAM,Guadalajara,Ciudad Mx,México,Doméstica,Económica,9,Lunes,71,550,3,0,False,,54.44,79.5,143,,80.5
VL10051,Aeroméxico,Ciudad Mx,Miami,México,Internacional,Primera,12,Viernes,186,2100,28,33,False,Operacional,596.97,61.8,185,3.5,77.4
VL11863,Avianca,Medellín,Ciudad Mx,Colombia,Internacional,Económica,1,Viernes,251,3400,0,0,False,,186.74,85.9,155,3.9,74.8
VL12438,LATAM,Medellín,Ciudad Mx,Colombia,Internacional,Económica,4,Domingo,267,3400,18,24,True,Operacional,280.68,86.0,155,4.4,76.6
VL10973,Copa Airlines,Santiago,Lima,Chile,Internacional,Económica,10,Lunes,188,2400,0,3,False,,179.51,52.8,95,2.3,81.7
VL12929,Sky Airline,Ciudad Mx,Bogotá,México,Internacional,Primera,4,Miércoles,267,3200,23,17,False,Clima,1393.51,80.1,240,3.8,75.0
VL10518,LATAM,Cartagena,Bogotá,Colombia,Doméstica,Primera,8,Viernes,63,650,0,4,False,,259.79,66.4,199,4.2,80.0
VL12394,Volaris,Lima,Santiago,Perú,Internacional,Ejecutiva,12,Sábado,202,2400,15,6,False,,699.82,86.9,191,3.7,70.2
VL10879,Avianca,Santiago,Lima,Chile,Internacional,Económica,4,Viernes,189,2400,0,7,False,,234.26,86.2,155,1.9,69.4
VL11650,LATAM,Bogotá,Medellín,Colombia,Doméstica,Económica,8,Domingo,66,580,0,0,False,,65.94,85.9,155,4.8,77.4
VL12264,Viva Air,Santiago,São Paulo,Chile,Internacional,Ejecutiva,6,Sábado,220,2700,15,24,False,,812.37,95.0,209,2.3,67.3
VL10952,Viva Air,Ciudad Mx,Cancún,México,Doméstica,Económica,1,Jueves,126,1600,0,0,False,,182.86,85.8,154,5.0,66.8
VL10718,Aeroméxico,Ciudad Mx,Cancún,México,Doméstica,Económica,1,Martes,132,1600,0,3,False,,200.62,77.9,140,2.7,75.2
VL11809,Sky Airline,Ciudad Mx,Cancún,México,Doméstica,Económica,4,Viernes,136,1600,0,5,False,,212.62,82.3,148,2.3,73.8
VL11189,Copa Airlines,Buenos Aires,Lima,Argentina,Internacional,Económica,1,Martes,251,3000,1,0,False,,327.12,82.6,149,2.6,82.1
VL12430,Copa Airlines,Santiago,São Paulo,Chile,Internacional,Económica,12,Martes,204,2700,45,47,False,Aeropuerto,222.6,70.2,126,3.9,83.9
VL11053,Aeroméxico,Ciudad Mx,Miami,México,Internacional,Económica,12,Jueves,174,2100,0,0,False,,124.06,77.4,139,4.5,73.8
VL12768,Avianca,Medellín,Ciudad Mx,Colombia,Internacional,Económica,7,Lunes,274,3400,0,4,False,,239.39,62.0,112,3.2,74.3
VL10997,Avianca,Ciudad Mx,Cancún,México,Doméstica,Ejecutiva,10,Domingo,123,1600,5,0,False,,370.85,91.5,201,3.2,72.5
VL11256,Viva Air,Santiago,Lima,Chile,Internacional,Económica,4,Viernes,203,2400,18,24,False,Aeropuerto,129.67,94.3,170,2.9,63.3
VL11358,Aeroméxico,Bogotá,Miami,Colombia,Internacional,Económica,2,Lunes,308,3800,241,220,True,Clima,365.12,61.1,110,3.0,75.0
VL11489,Aeroméxico,Lima,Buenos Aires,Perú,Internacional,Ejecutiva,9,Miércoles,225,3100,0,0,False,,937.01,99.5,219,,72.7
VL11564,Avianca,Bogotá,Quito,Colombia,Internacional,Económica,9,Lunes,99,1000,0,0,False,,146.48,74.3,134,3.8,74.0
VL12715,Avianca,Bogotá,Miami,Colombia,Internacional,Ejecutiva,10,Jueves,279,3800,16,17,False,Clima,908.17,81.3,179,2.9,73.7
VL11123,Sky Airline,Bogotá,Quito,Colombia,Internacional,Ejecutiva,1,Sábado,104,1000,0,0,False,,221.17,62.1,137,4.4,72.8
VL10288,Sky Airline,Bogotá,Miami,Colombia,Internacional,Primera,3,Jueves,307,3800,56,41,False,Clima,2537.44,42.1,126,3.1,74.7
VL12783,LATAM,Ciudad Mx,Miami,México,Internacional,Económica,10,Sábado,173,2100,9,0,False,,191.94,81.8,147,3.7,77.9
VL11020,Aeroméxico,Buenos Aires,Lima,Argentina,Internacional,Económica,12,Martes,237,3000,0,11,True,,215.43,87.7,158,,76.0
VL12572,Volaris,Bogotá,Miami,Colombia,Internacional,Económica,8,Lunes,304,3800,0,0,False,,317.14,68.2,123,3.5,69.2
VL10125,Copa Airlines,Lima,Buenos Aires,Perú,Internacional,Ejecutiva,1,Domingo,214,3100,0,0,False,,5065.747707291481,89.0,196,3.9,82.4
VL10364,Viva Air,Guadalajara,Ciudad Mx,México,Doméstica,Económica,5,Miércoles,45,550,0,0,False,,64.78,64.2,116,5.0,66.2
VL12504,Avianca,Santiago,Lima,Chile,Internacional,Económica,2,Viernes,184,2400,0,0,False,,260.1,56.9,102,4.4,72.2
VL10985,Viva Air,Medellín,Ciudad Mx,Colombia,Internacional,Económica,12,Viernes,287,3400,0,4,False,,391.65,86.4,156,2.1,63.6
VL10876,LATAM,Buenos Aires,Lima,Argentina,Internacional,Económica,5,Lunes,268,3000,0,0,False,,422.14,93.3,168,5.0,78.4
VL11102,Aeroméxico,Lima,Santiago,Perú,Internacional,Primera,3,Domingo,190,2400,0,7,False,,888.07,73.2,220,4.4,75.4
VL12606,Sky Airline,Bogotá,Medellín,Colombia,Doméstica,Económica,10,Jueves,64,580,0,2,False,,85.1,69.2,125,4.1,73.4
VL11525,Aeroméxico,Santiago,Lima,Chile,Internacional,Económica,11,Sábado,203,2400,4,4,False,,296.58,89.9,162,2.6,78.0
VL11140,Avianca,Bogotá,Quito,Colombia,Internacional,Primera,1,Lunes,67,1000,27,26,True,Operacional,678.47,92.3,277,2.0,71.1
VL11059,Viva Air,Cancún,Bogotá,México,Internacional,Ejecutiva,8,Miércoles,257,3500,0,0,False,,1191.26,81.0,178,4.2,65.6
VL12765,Volaris,Cartagena,Bogotá,Colombia,Doméstica,Ejecutiva,10,Viernes,75,650,0,6,False,,83.09,75.1,165,3.9,65.9
VL10588,LATAM,Ciudad Mx,Cancún,México,Doméstica,Económica,10,Jueves,153,1600,24,22,False,Tripulación,142.32,85.1,153,2.7,77.7
VL12941,Avianca,Santiago,São Paulo,Chile,Internacional,Económica,5,Martes,231,2700,0,0,True,,318.96,89.7,161,3.8,74.5
VL12012,Aeroméxico,Guadalajara,Ciudad Mx,México,Doméstica,Económica,9,Domingo,55,550,0,0,False,,77.31,92.4,166,,76.2
VL11988,Volaris,Lima,Buenos Aires,Perú,Internacional,Ejecutiva,11,Domingo,249,3100,0,6,False,,965.61,67.0,147,3.4,69.8
VL11305,LATAM,Lima,Santiago,Perú,Internacional,Ejecutiva,10,Sábado,192,2400,0,0,False,,486.81,88.5,195,5.0,79.9
VL11518,LATAM,Santiago,Lima,Chile,Internacional,Ejecutiva,4,Sábado,200,2400,8,6,False,,548.64,89.7,197,3.5,78.3
VL11822,Avianca,Santiago,São Paulo,Chile,Internacional,Económica,9,Domingo,211,2700,0,0,False,,347.58,71.1,128,4.7,72.9
VL12963,Volaris,Cartagena,Bogotá,Colombia,Doméstica,Económica,2,Martes,75,650,0,15,False,,,77.2,139,3.4,70.4
VL12770,Copa Airlines,Bogotá,Medellín,Colombia,Doméstica,Económica,9,Lunes,53,580,1,0,False,,90.61,93.5,168,3.8,82.3
VL11149,Volaris,Lima,Santiago,Perú,Internacional,Económica,3,Jueves,199,2400,21,17,False,Aeropuerto,276.92,66.0,119,3.3,70.5
VL11577,LATAM,Cancún,Bogotá,México,Internacional,Económica,8,Domingo,277,3500,22,19,False,Tripulación,287.55,100.0,180,3.2,79.9
VL10975,Sky Airline,Santiago,Lima,Chile,Internacional,Económica,2,Martes,221,2400,68,50,False,Tripulación,237.14,96.7,174,2.6,74.9
VL12757,Aeroméxico,Lima,Santiago,Perú,Internacional,Económica,8,Sábado,193,2400,0,0,False,,221.53,75.2,135,4.6,75.3
VL10384,LATAM,Buenos Aires,Lima,Argentina,Internacional,Económica,7,Viernes,238,3000,0,18,False,,337.4,99.4,179,3.9,80.9
VL10161,LATAM,Cancún,Bogotá,México,Internacional,Económica,8,Viernes,275,3500,0,9,False,,314.97,100.0,180,1.7,77.4
VL11735,LATAM,Lima,Santiago,Perú,Internacional,Económica,6,Martes,193,2400,0,0,False,,269.26,80.9,146,3.5,80.6
VL10477,Aeroméxico,Santiago,São Paulo,Chile,Internacional,Económica,4,Domingo,211,2700,0,0,False,,183.31,58.5,105,4.4,76.0
VL11797,Volaris,Bogotá,Medellín,Colombia,Doméstica,Económica,1,Jueves,45,580,0,3,False,,67.02,84.8,153,1.8,67.6
VL11005,Avianca,Cancún,Bogotá,México,Internacional,Económica,6,Domingo,320,3500,23,11,False,Aeropuerto,386.78,91.5,165,2.9,71.9
VL11397,LATAM,Santiago,Lima,Chile,Internacional,Ejecutiva,6,Viernes,180,2400,0,5,True,,697.85,79.3,174,3.3,78.4
VL10631,LATAM,Lima,Santiago,Perú,Internacional,Económica,3,Sábado,179,2400,0,0,False,,,54.0,97,4.7,78.9
VL12025,Aeroméxico,Santiago,Lima,Chile,Internacional,Económica,11,Viernes,202,2400,0,0,False,,327.14,85.8,154,3.3,74.6
VL12373,Volaris,Lima,Buenos Aires,Perú,Internacional,Ejecutiva,8,Jueves,238,3100,4,0,False,,724.25,67.7,149,5.0,70.0
VL10639,LATAM,Ciudad Mx,Bogotá,México,Internacional,Económica,4,Lunes,251,3200,51,44,False,Clima,440.13,64.4,116,3.4,76.6
VL11520,Sky Airline,Bogotá,Medellín,Colombia,Doméstica,Económica,8,Viernes,50,580,2,6,False,,69.62,83.3,150,3.9,76.0
VL12662,Volaris,Santiago,Lima,Chile,Internacional,Económica,6,Viernes,201,2400,23,26,False,Operacional,161.02,93.7,169,3.8,68.7
VL11398,LATAM,Santiago,São Paulo,Chile,Internacional,Económica,5,Viernes,200,2700,0,0,False,,250.94,60.3,109,3.3,79.0
VL12781,Aeroméxico,Bogotá,Quito,Colombia,Internacional,Ejecutiva,5,Viernes,86,1000,0,3,False,,262.64,61.2,135,3.7,76.9
VL10493,Sky Airline,Santiago,Lima,Chile,Internacional,Económica,2,Martes,199,2400,0,0,False,,303.32,75.4,136,4.9,70.7
VL12491,Volaris,Santiago,Lima,Chile,Internacional,Económica,10,Miércoles,199,2400,1,0,False,,247.91,76.4,138,3.7,68.4
VL10118,Avianca,Lima,Santiago,Perú,Internacional,Económica,8,Domingo,203,2400,0,0,False,,190.45,69.7,125,2.8,72.4
VL12328,Aeroméxico,Cancún,Bogotá,México,Internacional,Ejecutiva,5,Sábado,283,3500,0,8,False,,671.88,83.6,184,3.9,78.3
VL12642,Avianca,Ciudad Mx,Miami,México,Internacional,Económica,12,Jueves,182,2100,0,2,False,,184.15,78.1,141,4.3,73.6
VL12961,Viva Air,Ciudad Mx,Bogotá,México,Internacional,Económica,5,Domingo,259,3200,0,15,False,,293.76,84.1,151,3.2,66.2
VL11090,Volaris,Guadalajara,Ciudad Mx,México,Doméstica,Económica,3,Martes,50,550,0,2,False,,76.81,86.1,155,3.4,69.3
VL12425,Aeroméxico,Lima,Santiago,Perú,Internacional,Económica,3,Jueves,196,2400,0,0,False,,199.07,89.1,160,2.9,72.4
VL12274,Aeroméxico,Guadalajara,Ciudad Mx,México,Doméstica,Económica,2,Martes,63,550,34,39,False,Tripulación,,61.5,111,,76.3
VL12368,Volaris,Ciudad Mx,Bogotá,México,Internacional,Económica,7,Jueves,239,3200,0,0,False,,332.14,58.0,104,4.8,69.8
VL10770,Aeroméxico,Ciudad Mx,Cancún,México,Doméstica,Económica,11,Sábado,149,1600,14,13,False,,187.64,86.4,156,1.0,76.1
VL12883,Viva Air,Bogotá,Medellín,Colombia,Doméstica,Económica,7,Lunes,56,580,67,80,False,Clima,30.0,88.5,159,2.2,67.8
VL11997,Avianca,Bogotá,Medellín,Colombia,Doméstica,Económica,8,Sábado,71,580,437,357,True,Clima,61.61,82.7,149,2.9,70.3
VL10205,Sky Airline,Bogotá,Medellín,Colombia,Doméstica,Primera,6,Lunes,83,580,35,41,False,Aeropuerto,231.23,76.4,229,3.4,72.2
VL11000,Aeroméxico,Santiago,Lima,Chile,Internacional,Económica,3,Jueves,191,2400,0,0,False,,315.66,67.7,122,3.7,75.6
VL12846,LATAM,Ciudad Mx,Miami,México,Internacional,Ejecutiva,3,Domingo,178,2100,0,0,False,,380.15,71.2,157,3.4,78.1
VL10399,Aeroméxico,Ciudad Mx,Miami,México,Internacional,Ejecutiva,7,Lunes,172,2100,7,17,False,,518.68,83.1,183,4.1,73.1
VL11989,Volaris,Buenos Aires,Lima,Argentina,Internacional,Ejecutiva,9,Sábado,223,3000,0,8,False,,2841.0411543714513,87.8,193,3.8,68.4
VL11575,Avianca,Ciudad Mx,Cancún,México,Doméstica,Económica,4,Domingo,122,1600,12,3,False,,156.38,76.2,137,2.9,74.6
VL11198,Aeroméxico,Ciudad Mx,Miami,México,Internacional,Ejecutiva,1,Martes,161,2100,0,12,False,,665.12,72.7,160,4.8,75.9
VL10469,LATAM,Cartagena,Bogotá,,Doméstica,Ejecutiva,11,Jueves,82,650,0,0,False,,183.84,89.4,197,3.4,79.9
VL12546,LATAM,Bogotá,Medellín,Colombia,Doméstica,Ejecutiva,11,Viernes,55,580,0,0,False,,141.17,86.2,190,5.0,77.3
VL12928,Copa Airlines,Ciudad Mx,Miami,México,Internacional,Económica,1,Jueves,161,2100,22,37,True,Aeropuerto,242.72,83.4,150,2.5,80.3
VL10860,Volaris,Ciudad Mx,Miami,México,Internacional,Económica,1,Domingo,169,2100,0,14,False,,166.48,88.8,160,1.6,68.1
VL10866,Aeroméxico,Ciudad Mx,Cancún,México,Doméstica,Económica,8,Jueves,142,1600,0,4,False,,124.53,85.3,154,3.3,74.0
VL10079,Viva Air,Ciudad Mx,Cancún,México,Doméstica,Económica,12,Martes,118,1600,3,4,False,,206.12,93.2,168,3.7,65.9
VL10533,Avianca,Santiago,São Paulo,Chile,Internacional,Económica,1,Domingo,226,2700,0,0,False,,342.46,74.4,134,3.5,69.3
VL12671,Avianca,Ciudad Mx,Bogotá,México,Internacional,Económica,7,Martes,279,3200,0,0,False,,272.82,56.1,101,5.0,73.1
VL12338,Sky Airline,Ciudad Mx,Cancún,México,Doméstica,Económica,12,Domingo,122,1600,0,0,False,,129.03,71.1,128,4.0,73.8
VL10370,LATAM,Ciudad Mx,Cancún,México,Doméstica,Económica,6,Sábado,154,1600,5,3,False,,109.48,79.7,143,3.3,79.6
VL10265,LATAM,Buenos Aires,Lima,Argentina,Internacional,Económica,5,Lunes,226,3000,4,11,False,,355.2,83.0,149,2.3,77.2
VL11612,Aeroméxico,Medellín,Ciudad Mx,Colombia,Internacional,Ejecutiva,11,Martes,265,3400,15,18,False,,883.83,67.2,148,3.2,73.9
VL11501,Aeroméxico,Lima,Buenos Aires,Perú,Internacional,Ejecutiva,6,Lunes,248,3100,0,11,False,,1203.46,77.9,171,2.9,76.2
VL10164,LATAM,Bogotá,Medellín,Colombia,Doméstica,Económica,12,Domingo,58,580,0,0,False,,30.36,90.1,162,4.4,77.3
VL10473,Copa Airlines,Lima,Santiago,Perú,Internacional,Primera,2,Martes,195,2400,0,12,False,,652.15,81.5,244,3.6,82.6
VL10875,Aeroméxico,Ciudad Mx,Cancún,México,Doméstica,Económica,3,Lunes,121,1600,0,0,False,,248.58,81.3,146,3.7,76.2
VL12245,Copa Airlines,Medellín,Ciudad Mx,Colombia,Internacional,Económica,2,Sábado,270,3400,5,0,False,,260.94,95.8,172,3.2,80.6
VL10185,Aeroméxico,Cancún,Bogotá,México,Internacional,Ejecutiva,11,Sábado,283,3500,32,37,False,Operacional,947.79,67.0,147,1.8,74.2
VL12165,Viva Air,Cartagena,Bogotá,Colombia,Doméstica,Económica,5,Viernes,65,650,0,0,False,,30.0,74.7,134,3.7,63.5
VL11475,Aeroméxico,Cancún,Bogotá,México,Internacional,Económica,6,Jueves,306,3500,5,15,True,,270.05,53.6,96,2.3,74.7
VL12304,Aeroméxico,Guadalajara,Ciudad Mx,México,Doméstica,Económica,2,Lunes,53,550,37,39,False,Tripulación,35.69,84.7,152,2.8,75.9
VL10135,Copa Airlines,Bogotá,Miami,Colombia,Internacional,Económica,5,Viernes,288,3800,0,0,False,,201.31,47.3,85,4.5,83.2
VL12418,Aeroméxico,Bogotá,Medellín,Colombia,Doméstica,Ejecutiva,5,Sábado,56,580,0,0,False,,101.1,85.6,188,,76.1
VL11854,Copa Airlines,Guadalajara,Ciudad Mx,México,Doméstica,Económica,10,Miércoles,58,550,0,0,False,,35.69,77.1,139,3.8,80.9
VL10326,Volaris,Santiago,São Paulo,Chile,Internacional,Primera,7,Sábado,198,2700,14,22,False,,,52.3,157,3.7,71.3
VL10318,Volaris,Ciudad Mx,Cancún,México,Doméstica,Económica,8,Viernes,141,1600,0,0,False,,156.52,99.3,179,3.1,68.4
VL12862,LATAM,Guadalajara,Ciudad Mx,México,Doméstica,Ejecutiva,6,Sábado,47,550,0,0,False,,158.08,92.4,203,5.0,78.4
VL12097,Avianca,Cancún,Bogotá,,Internacional,Económica,10,Sábado,291,3500,0,19,False,,266.94,75.9,137,2.5,74.5
VL12657,Sky Airline,Bogotá,Quito,Colombia,Internacional,Económica,3,Domingo,80,1000,0,16,False,,136.11,75.1,135,3.0,77.1
VL10462,Copa Airlines,Ciudad Mx,Miami,México,Internacional,Primera,2,Sábado,181,2100,40,46,False,Aeropuerto,787.15,77.1,231,,81.8
VL11228,Aeroméxico,Cartagena,Bogotá,Colombia,Doméstica,Primera,11,Martes,50,650,0,0,False,,310.44,73.5,220,3.9,72.9
VL12478,Volaris,Ciudad Mx,Cancún,México,Doméstica,Económica,3,Miércoles,140,1600,2,0,False,,137.53,100.0,180,4.4,69.4
VL11371,Avianca,Santiago,Lima,Chile,Internacional,Económica,9,Domingo,204,2400,2,8,False,,205.77,75.6,136,4.6,73.4
VL11492,Aeroméxico,Santiago,Lima,Chile,Internacional,Económica,4,Miércoles,186,2400,0,7,False,,136.87,69.1,124,4.1,75.3
VL10647,Aeroméxico,Cancún,Bogotá,México,Internacional,Ejecutiva,1,Viernes,302,3500,0,8,False,,,80.6,177,4.5,75.3
VL12663,Aeroméxico,Cancún,Bogotá,México,Internacional,Económica,10,Sábado,272,3500,0,3,False,,376.78,74.5,134,1.3,74.5
VL11833,LATAM,Ciudad Mx,Miami,México,Internacional,Ejecutiva,10,Miércoles,176,2100,0,8,False,,580.23,72.0,158,5.0,79.2
VL10859,Sky Airline,Bogotá,Medellín,Colombia,Doméstica,Económica,5,Martes,71,580,0,8,False,,30.0,88.8,160,2.7,72.7
VL12295,LATAM,Bogotá,Medellín,Colombia,Doméstica,Ejecutiva,9,Lunes,74,580,0,0,False,,104.89,79.3,174,3.5,79.6
VL10691,Aeroméxico,Lima,Buenos Aires,Perú,Internacional,Económica,7,Jueves,252,3100,0,3,False,,393.64,85.5,154,4.7,76.7
VL11463,LATAM,Cancún,Bogotá,México,Internacional,Económica,2,Domingo,265,3500,0,2,False,,427.06,80.0,144,2.4,80.2
VL12849,Aeroméxico,Ciudad Mx,Bogotá,México,Internacional,Económica,3,Domingo,242,3200,17,7,False,Aeropuerto,312.13,75.9,137,2.0,74.8
VL11581,Avianca,Ciudad Mx,Bogotá,México,Internacional,Económica,1,Domingo,235,3200,5,7,False,,414.72,68.7,124,3.3,72.0
VL12028,Volaris,Santiago,Lima,Chile,Internacional,Económica,4,Sábado,189,2400,0,6,False,,242.66,85.2,153,2.4,69.1
VL10216,LATAM,Bogotá,Miami,Colombia,Internacional,Económica,12,Viernes,299,3800,18,28,False,Aeropuerto,336.87,83.7,151,4.4,77.7
VL12988,Copa Airlines,Buenos Aires,Lima,Argentina,Internacional,Ejecutiva,10,Sábado,257,3000,1,0,False,,933.63,62.7,138,3.9,83.9
VL11276,Aeroméxico,Santiago,Lima,Chile,Internacional,Económica,9,Viernes,222,2400,0,8,False,,210.03,92.8,167,,75.1
VL10543,Avianca,Cancún,Bogotá,México,Internacional,Económica,1,Jueves,293,3500,3,0,False,,380.14,92.1,166,4.3,71.4
VL12045,Copa Airlines,Buenos Aires,Lima,Argentina,Internacional,Económica,4,Sábado,231,3000,2,8,False,,314.6,85.9,155,,84.8
VL11488,Volaris,Ciudad Mx,Bogotá,México,Internacional,Económica,8,Viernes,255,3200,0,0,False,,352.75,100.0,180,3.5,69.1
VL11682,Viva Air,Cancún,Bogotá,México,Internacional,Económica,3,Miércoles,293,3500,0,1,False,,248.44,93.2,168,3.6,65.5
VL12582,Volaris,Medellín,Ciudad Mx,Colombia,Internacional,Ejecutiva,6,Domingo,269,3400,0,1,False,,704.44,71.1,156,3.1,69.7
VL11985,LATAM,Bogotá,Medellín,Colombia,Doméstica,Ejecutiva,3,Martes,71,580,0,0,False,,139.58,83.3,183,5.0,77.8
VL11268,Volaris,Santiago,São Paulo,Chile,Internacional,Económica,3,Miércoles,221,2700,54,56,False,Tripulación,300.05,67.5,122,3.2,65.8
VL12374,Aeroméxico,Cancún,Bogotá,México,Internacional,Económica,3,Domingo,302,3500,0,0,False,,396.47,84.9,153,3.1,74.4
VL10226,Avianca,Cartagena,Bogotá,Colombia,Doméstica,Económica,2,Jueves,66,650,24,22,False,Clima,,97.6,176,3.9,74.0
VL10553,Aeroméxico,Santiago,São Paulo,Chile,Internacional,Económica,6,Viernes,193,2700,7,11,False,,187.07,73.1,132,3.3,75.7
VL10061,LATAM,Bogotá,Miami,Colombia,Internacional,Económica,11,Domingo,332,3800,1,18,False,,403.26,82.7,149,4.8,77.1
VL11442,Avianca,Cancún,Bogotá,México,Internacional,Económica,6,Domingo,257,3500,0,5,False,,219.6,63.2,114,3.2,72.3
VL12610,LATAM,Bogotá,Quito,Colombia,Internacional,Económica,8,Domingo,98,1000,0,4,False,,122.22,96.1,173,2.6,74.8
VL11732,Volaris,Medellín,Ciudad Mx,Colombia,Internacional,Económica,2,Sábado,280,3400,0,4,False,,388.2,87.1,157,3.4,69.7
VL12059,Avianca,Medellín,Ciudad Mx,Colombia,Internacional,Económica,9,Sábado,271,3400,0,8,False,,203.35,81.3,146,3.7,72.3
VL12020,Copa Airlines,Cartagena,Bogotá,Colombia,Doméstica,Económica,2,Sábado,76,650,0,0,False,,30.0,78.6,141,5.0,81.4
VL12203,Volaris,Bogotá,Medellín,Colombia,Doméstica,Económica,4,Sábado,59,580,4,0,False,,59.23,69.9,126,3.7,69.1
VL12726,LATAM,Bogotá,Medellín,Colombia,Doméstica,Económica,11,Martes,67,580,0,9,False,,56.93,60.7,109,2.5,77.7
VL11839,Avianca,Santiago,Lima,Chile,Internacional,Ejecutiva,4,Viernes,181,2400,5,0,False,,497.75,83.4,183,5.0,69.6
VL12724,LATAM,Ciudad Mx,Bogotá,México,Internacional,Ejecutiva,2,Viernes,233,3200,5,15,False,,652.12,76.5,168,3.0,78.4
VL12449,LATAM,Bogotá,Miami,Colombia,Internacional,Ejecutiva,7,Domingo,335,3800,0,0,False,,842.8,89.4,197,3.8,78.9
VL10661,Aeroméxico,Cartagena,Bogotá,Colombia,Doméstica,Económica,10,Miércoles,82,650,0,0,False,,76.25,100.0,180,,74.1
VL11635,Viva Air,Santiago,Lima,Chile,Internacional,Económica,10,Domingo,169,2400,0,8,False,,182.0,67.5,122,2.9,67.1
VL10348,Avianca,Ciudad Mx,Bogotá,México,Internacional,Económica,2,Sábado,240,3200,0,6,False,,406.79,68.7,124,4.1,74.5
VL11574,Volaris,Santiago,Lima,Chile,Internacional,Económica,11,Domingo,187,2400,0,12,False,,124.68,96.5,174,,69.8
VL10297,LATAM,Santiago,Lima,Chile,Internacional,Económica,1,Sábado,206,2400,0,9,False,,219.24,89.1,160,,78.2
VL12214,Avianca,Buenos Aires,Lima,Argentina,Internacional,Económica,5,Sábado,234,3000,0,0,False,,265.49,88.2,159,3.8,73.4
VL11880,LATAM,Buenos Aires,Lima,Argentina,Internacional,Económica,7,Jueves,237,3000,0,0,False,,406.76,99.5,179,4.7,78.4
VL12654,LATAM,Ciudad Mx,Miami,México,Internacional,Económica,1,Domingo,183,2100,0,13,False,,167.37,77.1,139,2.1,77.4
VL10204,Copa Airlines,Santiago,São Paulo,Chile,Internacional,Económica,2,Domingo,206,2700,0,0,True,,255.03,61.4,111,4.0,83.6
VL11733,Viva Air,Lima,Buenos Aires,Perú,Internacional,Ejecutiva,11,Viernes,249,3100,0,0,False,,780.39,75.9,167,3.8,63.8
VL10906,Aeroméxico,Bogotá,Quito,Colombia,Internacional,Económica,6,Domingo,100,1000,0,0,False,,99.76,100.0,180,4.1,74.7
VL10913,Viva Air,Ciudad Mx,Bogotá,México,Internacional,Económica,3,Viernes,255,3200,20,28,False,Tripulación,415.84,98.9,178,3.5,67.3
VL12402,Viva Air,Ciudad Mx,Bogotá,México,Internacional,Económica,6,Domingo,254,3200,0,0,False,,,86.5,156,4.2,64.4
VL12234,Aeroméxico,Cancún,Bogotá,México,Internacional,Económica,5,Martes,287,3500,2,0,False,,381.77,96.1,173,,75.7
VL12264,Viva Air,Santiago,São Paulo,Chile,Internacional,Ejecutiva,6,Sábado,220,2700,15,24,False,,812.37,95.0,209,2.3,67.3
VL11033,Viva Air,Ciudad Mx,Cancún,México,Doméstica,Económica,6,Domingo,127,1600,85,91,False,Operacional,168.19,100.0,180,2.6,65.3
VL12058,Aeroméxico,Cancún,Bogotá,México,Internacional,Económica,10,Martes,288,3500,0,0,False,,233.71,95.0,171,3.5,76.2
VL11306,Aeroméxico,Buenos Aires,Lima,Argentina,Internacional,Ejecutiva,3,Domingo,225,3000,0,0,False,,601.82,68.7,151,4.1,76.1
VL11304,Volaris,Buenos Aires,Lima,Argentina,Internacional,Económica,5,Miércoles,218,3000,17,31,False,Clima,425.01,87.1,157,,69.9
VL11770,LATAM,Lima,Buenos Aires,Perú,Internacional,Económica,9,Viernes,273,3100,0,3,True,,250.66,75.5,136,4.2,79.1
VL11233,Sky Airline,Bogotá,Medellín,Colombia,Doméstica,Económica,7,Viernes,57,580,0,0,False,,39.55,58.9,106,3.8,72.4
VL12728,LATAM,Santiago,Lima,Chile,Internacional,Económica,6,Martes,189,2400,0,0,False,,337.61,69.5,125,3.7,77.3
VL12337,Aeroméxico,Ciudad Mx,Bogotá,México,Internacional,Económica,5,Martes,254,3200,10,25,False,,257.69,94.2,170,3.5,74.5
VL11585,Viva Air,Ciudad Mx,Cancún,México,Doméstica,Económica,10,Miércoles,141,1600,2,9,False,,140.88,95.0,171,3.3,64.7
VL11817,Volaris,Ciudad Mx,Miami,México,Internacional,Primera,6,Sábado,166,2100,0,1,False,,,79.5,238,5.0,66.7
VL12983,LATAM,Bogotá,Quito,Colombia,Internacional,Económica,9,Lunes,95,1000,10,6,False,,87.81,84.3,152,3.5,80.7
VL12137,LATAM,Buenos Aires,Lima,Argentina,Internacional,Primera,11,Domingo,276,3000,0,1,False,,1765.54,69.2,208,3.0,76.9
VL11591,LATAM,Cartagena,Bogotá,Colombia,Doméstica,Ejecutiva,6,Viernes,73,650,0,0,False,,247.62,38.4,84,5.0,81.8
VL10121,Avianca,Lima,Santiago,Perú,Internacional,Económica,6,Jueves,196,2400,0,0,False,,305.6,72.0,130,3.7,72.5
VL10656,Avianca,Bogotá,Miami,Colombia,Internacional,Económica,10,Domingo,275,3800,23,10,False,Tripulación,418.61,84.0,151,3.0,71.9
VL11791,Viva Air,Buenos Aires,Lima,Argentina,Internacional,Económica,1,Miércoles,230,3000,0,3,False,,247.67,61.3,110,,66.1
VL12199,Avianca,Ciudad Mx,Bogotá,México,Internacional,Económica,1,Domingo,254,3200,23,31,False,Operacional,295.69,84.6,152,2.2,72.1
VL12107,LATAM,Guadalajara,Ciudad Mx,México,Doméstica,Económica,2,Viernes,56,550,0,0,False,,55.99,83.7,151,,77.5
VL11896,LATAM,Santiago,São Paulo,Chile,Internacional,Económica,8,Lunes,227,2700,0,10,False,,384.74,77.3,139,3.1,77.8
VL11938,Volaris,Medellín,Ciudad Mx,Colombia,Internacional,Económica,7,Lunes,261,3400,31,43,True,Aeropuerto,435.08,78.1,141,,68.0
VL10130,Volaris,Ciudad Mx,Bogotá,México,Internacional,Económica,3,Miércoles,267,3200,0,0,False,,231.6,94.7,170,4.1,68.4
VL11485,Volaris,Ciudad Mx,Bogotá,México,Internacional,Económica,7,Domingo,253,3200,0,13,False,,309.61,67.3,121,3.0,67.8
VL11722,LATAM,Bogotá,Miami,Colombia,Internacional,Económica,1,Viernes,308,3800,12,12,False,,197.83,78.2,141,3.9,78.1
VL10133,Aeroméxico,Bogotá,Miami,Colombia,Internacional,Económica,1,Miércoles,307,3800,0,0,False,,441.58,57.0,103,2.7,75.2
VL10000,Copa Airlines,Ciudad Mx,Bogotá,México,Internacional,Económica,6,Domingo,263,3200,0,2,False,,371.98,67.6,122,4.6,80.7
VL10251,LATAM,Ciudad Mx,Bogotá,México,Internacional,Económica,2,Viernes,239,3200,7,0,False,,225.19,78.1,141,3.3,78.2
VL11069,Sky Airline,Bogotá,Miami,Colombia,Internacional,Económica,11,Domingo,283,3800,0,0,False,,435.4,57.8,104,3.9,73.9
VL11887,Copa Airlines,Santiago,Lima,Chile,Internacional,Económica,7,Miércoles,211,2400,9,9,False,,206.52,98.1,177,2.2,82.1
VL10699,Avianca,Lima,Buenos Aires,Perú,Internacional,Económica,12,Sábado,252,3100,0,0,True,,262.75,84.8,153,4.7,72.4
VL12492,Aeroméxico,Ciudad Mx,Miami,México,Internacional,Económica,7,Jueves,152,2100,51,66,False,Operacional,129.35,97.9,176,,74.8
VL10238,Copa Airlines,Cancún,Bogotá,México,Internacional,Ejecutiva,9,Viernes,248,3500,0,17,False,,917.03,100.0,220,4.1,82.0
VL11435,Avianca,Bogotá,Medellín,Colombia,Doméstica,Ejecutiva,3,Jueves,49,580,4,0,False,,160.04,82.8,182,3.6,76.2
VL12370,Avianca,Cancún,Bogotá,México,Internacional,Económica,11,Domingo,286,3500,32,34,False,Aeropuerto,358.56,88.0,158,3.0,72.5
VL12049,Aeroméxico,Bogotá,Medellín,Colombia,Doméstica,Económica,8,Martes,58,580,0,13,False,,,68.5,123,,73.3
VL10956,Viva Air,Medellín,Ciudad Mx,Colombia,Internacional,Económica,6,Sábado,250,3400,0,0,False,,363.06,92.8,167,4.2,66.5
VL11476,Aeroméxico,Bogotá,Quito,,Internacional,Económica,1,Miércoles,82,1000,37,21,False,Mecánico,105.71,62.7,113,3.3,74.3
VL11062,Volaris,Ciudad Mx,Miami,México,Internacional,Económica,2,Viernes,166,2100,7,18,False,,309.79,95.7,172,3.4,70.2
VL12231,Aeroméxico,Bogotá,Medellín,Colombia,Doméstica,Económica,3,Viernes,60,580,0,0,True,,54.12,84.3,152,3.9,73.4
VL11953,Copa Airlines,Buenos Aires,Lima,Argentina,Internacional,Económica,6,Lunes,235,3000,9,11,False,,355.29,60.9,110,4.4,84.6
VL11903,Avianca,Bogotá,Medellín,Colombia,Doméstica,Ejecutiva,3,Sábado,46,580,0,1,False,,129.39,76.0,167,3.3,69.0
VL12895,Avianca,Lima,Santiago,Perú,Internacional,Económica,2,Miércoles,203,2400,22,26,False,Tripulación,289.04,80.3,145,,69.8
VL11878,Avianca,Bogotá,Miami,Colombia,Internacional,Económica,8,Lunes,319,3800,0,6,False,,340.53,74.1,133,4.3,73.5
VL12354,Aeroméxico,Buenos Aires,Lima,Argentina,Internacional,Económica,1,Sábado,264,3000,3,0,False,,218.45,81.8,147,3.3,72.7
VL10729,Copa Airlines,Ciudad Mx,Cancún,México,Doméstica,Ejecutiva,3,Martes,130,1600,14,16,False,,354.58,86.3,190,4.1,83.2
VL11464,Copa Airlines,Cartagena,Bogotá,Colombia,Doméstica,Económica,7,Martes,65,650,0,0,False,,37.15,95.4,172,4.1,81.5
VL11009,LATAM,Medellín,Ciudad Mx,Colombia,Internacional,Económica,1,Sábado,306,3400,26,25,False,Clima,285.24,65.6,118,3.8,78.3
VL10549,Aeroméxico,Ciudad Mx,Miami,México,Internacional,Económica,7,Domingo,175,2100,0,0,False,,123.38,77.3,139,3.9,72.5
VL11337,Sky Airline,Cancún,Bogotá,México,Internacional,Económica,9,Jueves,291,3500,25,26,False,Tripulación,466.4,77.0,139,4.9,77.6
VL10969,Avianca,Lima,Buenos Aires,Perú,Internacional,Económica,7,Martes,245,3100,0,0,False,,302.46,68.2,123,3.2,72.5
VL11359,LATAM,Santiago,São Paulo,Chile,Internacional,Ejecutiva,4,Viernes,219,2700,0,0,False,,464.7,74.6,164,5.0,77.5
VL11724,LATAM,Buenos Aires,Lima,Argentina,Internacional,Ejecutiva,3,Sábado,236,3000,10,0,False,,773.01,89.9,198,3.4,81.8
VL10110,Copa Airlines,Bogotá,Miami,,Internacional,Primera,3,Domingo,293,3800,0,7,False,,1780.39,81.1,243,3.8,82.4
VL10159,Avianca,Buenos Aires,Lima,Argentina,Internacional,Ejecutiva,2,Jueves,248,3000,0,3,False,,1030.93,100.0,220,3.9,71.1
VL10609,Viva Air,Buenos Aires,Lima,Argentina,Internacional,Económica,10,Sábado,220,3000,0,0,False,,251.86,64.5,116,3.7,66.1
VL10915,Avianca,Lima,Buenos Aires,Perú,Internacional,Económica,1,Domingo,243,3100,3,9,False,,347.24,76.7,138,3.0,74.8
VL10291,Sky Airline,Bogotá,Medellín,Colombia,Doméstica,Económica,5,Viernes,67,580,0,0,False,,55.56,80.7,145,3.5,74.8
VL10745,LATAM,Lima,Santiago,Perú,Internacional,Primera,8,Sábado,184,2400,0,1,False,,765.58,72.5,218,4.0,79.6
VL12567,Volaris,Bogotá,Miami,Colombia,Internacional,Ejecutiva,4,Viernes,292,3800,0,0,False,,489.21,92.2,203,,67.4
VL10775,Viva Air,Ciudad Mx,Cancún,México,Doméstica,Económica,6,Jueves,128,1600,0,0,False,,104.29,100.0,180,4.4,68.1
VL11435,Avianca,Bogotá,Medellín,Colombia,Doméstica,Ejecutiva,3,Jueves,49,580,4,0,False,,160.04,82.8,182,3.6,76.2
VL10577,Aeroméxico,Guadalajara,Ciudad Mx,México,Doméstica,Económica,4,Sábado,62,550,26,51,False,Operacional,67.28,94.9,171,,74.9
VL11457,LATAM,Cancún,Bogotá,México,Internacional,Económica,9,Jueves,264,3500,0,0,False,,244.13,73.1,132,3.9,77.5
VL10263,LATAM,Medellín,Ciudad Mx,Colombia,Internacional,Primera,4,Viernes,252,3400,0,8,False,,960.53,73.9,222,4.6,79.0
VL11255,Copa Airlines,Lima,Buenos Aires,Perú,Internacional,Económica,2,Lunes,239,3100,0,9,False,,287.22,72.7,131,3.5,80.9
VL10302,Aeroméxico,Medellín,Ciudad Mx,Colombia,Internacional,Económica,5,Domingo,275,3400,35,30,False,Aeropuerto,491.25,67.1,121,4.7,73.6
VL11771,Aeroméxico,Ciudad Mx,Miami,México,Internacional,Económica,1,Sábado,178,2100,0,0,False,,129.68,87.2,157,4.6,74.4
VL11199,Copa Airlines,Ciudad Mx,Cancún,México,Doméstica,Primera,6,Miércoles,106,1600,31,30,False,Clima,503.28,96.5,290,3.5,83.4
VL12656,Copa Airlines,Bogotá,Quito,Colombia,Internacional,Económica,4,Domingo,107,1000,11,26,False,,111.29,71.9,129,2.9,84.7
VL10149,Aeroméxico,Bogotá,Miami,Colombia,Internacional,Primera,5,Viernes,300,3800,1,3,False,,1322.93,72.1,216,4.1,75.1
VL10814,Avianca,Lima,Santiago,Perú,Internacional,Económica,5,Domingo,176,2400,47,42,False,Tripulación,299.75,76.8,138,3.8,70.4
VL10071,Copa Airlines,Santiago,Lima,Chile,Internacional,Económica,2,Sábado,200,2400,0,0,False,,277.42,74.8,135,4.3,84.9
VL10089,Avianca,Lima,Buenos Aires,Perú,Internacional,Económica,3,Viernes,245,3100,20,33,False,Operacional,412.42,91.9,165,2.8,70.4
VL10117,LATAM,Santiago,Lima,Chile,Internacional,Primera,2,Domingo,199,2400,19,11,False,Aeropuerto,1135.47,86.4,259,5.0,74.7
VL11511,Aeroméxico,Buenos Aires,Lima,Argentina,Internacional,Primera,4,Viernes,264,3000,0,0,False,,1816.19,94.4,283,3.9,74.2
VL12369,LATAM,Buenos Aires,Lima,Argentina,Internacional,Económica,12,Domingo,254,3000,9,5,False,,,92.3,166,2.8,77.5
VL12699,Avianca,Ciudad Mx,Miami,México,Internacional,Económica,9,Lunes,183,2100,0,16,False,,232.19,70.2,126,4.7,72.5
VL10459,Copa Airlines,Ciudad Mx,Cancún,México,Doméstica,Económica,10,Jueves,148,1600,0,0,False,,233.63,92.4,166,3.5,84.2
VL12217,Volaris,Bogotá,Miami,Colombia,Internacional,Económica,4,Sábado,290,3800,8,3,False,,354.67,96.2,173,3.6,68.8
VL12598,Copa Airlines,Bogotá,Miami,Colombia,Internacional,Económica,2,Martes,305,3800,93,82,False,Aeropuerto,359.08,85.3,154,,82.9
VL10241,Aeroméxico,Cartagena,Bogotá,Colombia,Doméstica,Económica,8,Sábado,57,650,0,0,False,,30.0,76.8,138,2.9,76.4
VL10841,LATAM,Cancún,Bogotá,México,Internacional,Económica,10,Domingo,266,3500,0,2,False,,290.1,68.7,124,4.9,78.7
VL11937,Aeroméxico,Bogotá,Quito,Colombia,Internacional,Económica,3,Martes,82,1000,0,5,False,,128.74,73.4,132,3.4,74.7
VL10744,LATAM,Santiago,Lima,Chile,Internacional,Económica,3,Miércoles,172,2400,43,47,False,Mecánico,178.59,76.5,138,3.0,79.3
VL12318,LATAM,Lima,Buenos Aires,Perú,Internacional,Ejecutiva,10,Jueves,227,3100,0,0,False,,1113.43,68.5,151,4.3,80.6
VL10785,LATAM,Guadalajara,Ciudad Mx,México,Doméstica,Ejecutiva,11,Sábado,48,550,7,1,False,,189.63,65.1,143,5.0,78.8
VL10496,Sky Airline,Santiago,São Paulo,Chile,Internacional,Económica,5,Viernes,228,2700,9,8,False,,362.1,74.8,135,3.0,74.8
VL11865,Copa Airlines,Guadalajara,Ciudad Mx,México,Doméstica,Primera,3,Domingo,59,550,27,33,False,Operacional,333.14,94.2,283,5.0,83.1
VL11522,Sky Airline,Ciudad Mx,Bogotá,México,Internacional,Económica,10,Domingo,250,3200,4,3,False,,308.31,90.3,163,4.0,73.3
VL10220,Aeroméxico,Cancún,Bogotá,México,Internacional,Ejecutiva,3,Lunes,255,3500,0,0,False,,1107.48,84.2,185,4.3,77.2
VL10404,Volaris,Bogotá,Miami,Colombia,Internacional,Económica,5,Martes,318,3800,0,16,False,,520.79,92.4,166,3.0,68.6
VL11360,LATAM,Guadalajara,Ciudad Mx,México,Doméstica,Económica,2,Domingo,76,550,0,0,False,,69.96,97.6,176,2.9,78.1
VL10920,Viva Air,Lima,Santiago,Perú,Internacional,Ejecutiva,11,Miércoles,189,2400,69,66,False,Tripulación,825.41,78.5,173,2.9,66.0
VL12634,LATAM,Buenos Aires,Lima,Argentina,Internacional,Económica,9,Miércoles,250,3000,0,11,False,,314.8,79.8,144,2.3,75.1
VL10984,Volaris,Buenos Aires,Lima,Argentina,Internacional,Ejecutiva,10,Domingo,250,3000,0,0,False,,1083.06,67.0,147,4.9,70.1
VL12651,Copa Airlines,Ciudad Mx,Bogotá,México,Internacional,Económica,11,Viernes,230,3200,0,0,False,,329.1,84.1,151,5.0,81.9
VL11333,Copa Airlines,Cartagena,Bogotá,Colombia,Doméstica,Económica,2,Sábado,64,650,0,0,False,,83.5,74.0,133,3.4,80.7
VL11915,Sky Airline,Buenos Aires,Lima,Argentina,Internacional,Económica,11,Lunes,238,3000,0,0,True,,208.76,70.8,127,3.5,73.9
VL10312,Copa Airlines,Bogotá,Medellín,Colombia,Doméstica,Económica,8,Sábado,63,580,1,5,False,,46.46,81.4,147,3.8,84.8
VL12441,LATAM,Medellín,Ciudad Mx,Colombia,Internacional,Económica,9,Viernes,264,3400,0,0,False,,235.96,62.7,113,4.3,78.1
VL12457,Avianca,Cancún,Bogotá,México,Internacional,Económica,6,Miércoles,259,3500,0,0,True,,217.46,89.2,161,2.4,69.0
VL10677,Avianca,Ciudad Mx,Bogotá,México,Internacional,Económica,6,Lunes,271,3200,25,26,False,Clima,329.41,86.3,155,3.7,74.2
VL12924,Avianca,Ciudad Mx,Bogotá,México,Internacional,Económica,10,Miércoles,264,3200,16,12,False,Operacional,284.24,75.5,136,2.9,71.9
VL10328,LATAM,Lima,Buenos Aires,Perú,Internacional,Económica,2,Miércoles,254,3100,83,104,False,Operacional,405.13,93.1,168,2.3,78.8
VL11036,Viva Air,Bogotá,Miami,Colombia,Internacional,Económica,11,Domingo,320,3800,0,11,False,,461.6,75.9,137,3.3,65.9
VL12133,LATAM,Medellín,Ciudad Mx,Colombia,Internacional,Económica,5,Sábado,267,3400,14,18,False,,396.25,76.0,137,2.8,78.3
VL12131,Aeroméxico,Bogotá,Medellín,Colombia,Doméstica,Económica,9,Miércoles,51,580,11,7,False,,46.12,85.8,154,2.8,75.8
VL12254,Sky Airline,Lima,Santiago,Perú,Internacional,Económica,11,Miércoles,192,2400,27,24,False,Clima,206.52,69.3,125,3.9,75.3
VL10103,Aeroméxico,Medellín,Ciudad Mx,Colombia,Internacional,Ejecutiva,7,Sábado,275,3400,0,8,False,,1008.43,90.1,198,4.7,75.6
VL10734,Avianca,Ciudad Mx,Bogotá,México,Internacional,Económica,11,Sábado,264,3200,22,3,False,Operacional,407.48,100.0,180,2.7,73.3
VL11204,LATAM,Medellín,Ciudad Mx,Colombia,Internacional,Ejecutiva,1,Martes,279,3400,29,30,False,Mecánico,1078.36,74.4,164,3.7,80.0
VL10694,Avianca,Ciudad Mx,Cancún,México,Doméstica,Económica,4,Jueves,141,1600,11,4,False,,215.35,98.1,177,,74.7
VL10497,Sky Airline,Bogotá,Medellín,Colombia,Doméstica,Económica,2,Jueves,68,580,0,0,False,,102.5,60.1,108,3.0,71.3
VL11340,Aeroméxico,Santiago,Lima,Chile,Internacional,Primera,2,Martes,177,2400,0,1,False,,646.74,88.7,266,3.3,77.3
VL11165,Avianca,Bogotá,Quito,Colombia,Internacional,Económica,1,Martes,91,1000,164,177,False,Mecánico,135.74,62.1,112,,71.5
VL11348,Volaris,Cartagena,Bogotá,Colombia,Doméstica,Económica,1,Viernes,78,650,0,3,False,,37.78,83.9,151,4.1,67.4
VL12375,Volaris,Bogotá,Miami,Colombia,Internacional,Económica,2,Jueves,308,3800,0,6,False,,539.62,99.6,179,1.7,70.3
VL10346,Avianca,Cancún,Bogotá,México,Internacional,Económica,9,Sábado,239,3500,44,41,False,Aeropuerto,231.31,85.4,154,2.8,74.5
VL11852,Volaris,Lima,Santiago,,Internacional,Ejecutiva,9,Viernes,198,2400,20,12,False,Clima,601.7,70.1,154,3.1,70.7
VL12258,Aeroméxico,Bogotá,Miami,,Internacional,Económica,2,Domingo,294,3800,0,0,True,,301.91,91.6,165,3.7,75.9
VL12190,Avianca,Santiago,Lima,Chile,Internacional,Ejecutiva,1,Viernes,198,2400,20,23,False,Operacional,421.11,51.5,113,3.9,70.2
VL10514,Sky Airline,Bogotá,Medellín,Colombia,Doméstica,Económica,7,Viernes,54,580,0,0,False,,53.3,88.8,160,4.0,70.7
VL11028,Volaris,Bogotá,Miami,Colombia,Internacional,Económica,3,Sábado,336,3800,0,0,False,,298.02,66.2,119,4.4,69.1
VL10864,LATAM,Ciudad Mx,Bogotá,México,Internacional,Económica,1,Sábado,239,3200,8,1,False,,382.07,88.3,159,2.9,76.2
VL11226,Avianca,Ciudad Mx,Bogotá,México,Internacional,Ejecutiva,11,Sábado,249,3200,0,5,False,,869.77,87.5,192,3.0,73.5
VL12631,Copa Airlines,Buenos Aires,Lima,Argentina,Internacional,Económica,9,Domingo,256,3000,0,0,False,,327.19,66.4,120,4.2,81.8
VL10563,Aeroméxico,Bogotá,Medellín,Colombia,Doméstica,Económica,9,Viernes,58,580,0,0,False,,66.3,91.0,164,3.7,77.0
VL12578,Sky Airline,Ciudad Mx,Bogotá,México,Internacional,Económica,2,Sábado,267,3200,0,0,False,,230.04,80.6,145,3.0,72.3
VL12419,Avianca,Ciudad Mx,Bogotá,México,Internacional,Económica,3,Viernes,253,3200,0,0,False,,419.94,62.8,113,3.7,72.4
VL11011,Avianca,Cartagena,Bogotá,Colombia,Doméstica,Ejecutiva,8,Sábado,65,650,34,31,False,Aeropuerto,100.18,76.1,167,3.2,72.5
VL11303,Copa Airlines,Medellín,Ciudad Mx,Colombia,Internacional,Ejecutiva,8,Domingo,260,3400,0,0,False,,976.32,82.6,182,5.0,80.6
VL10890,Volaris,Buenos Aires,Lima,Argentina,Internacional,Económica,3,Sábado,237,3000,17,3,False,Clima,345.19,92.3,166,2.9,69.4
VL11261,Sky Airline,Ciudad Mx,Miami,México,Internacional,Económica,12,Sábado,194,2100,0,0,False,,132.5,69.4,125,4.2,75.3
VL10632,Aeroméxico,Medellín,Ciudad Mx,Colombia,Internacional,Económica,11,Lunes,276,3400,35,37,False,Tripulación,329.61,77.6,140,3.0,76.7
VL10194,Avianca,Bogotá,Miami,Colombia,Internacional,Económica,8,Sábado,308,3800,0,0,False,,320.2,74.5,134,4.5,71.6
VL10513,Volaris,Lima,Santiago,Perú,Internacional,Ejecutiva,1,Sábado,211,2400,5,0,False,,780.79,78.7,173,5.0,66.0
VL11638,Volaris,Cartagena,Bogotá,Colombia,Doméstica,Económica,3,Sábado,70,650,73,74,False,Mecánico,49.4,92.6,167,1.0,68.7
VL11455,LATAM,Guadalajara,Ciudad Mx,México,Doméstica,Primera,4,Jueves,58,550,5,1,False,,224.15,83.6,251,,80.4
VL10209,Copa Airlines,Ciudad Mx,Cancún,México,Doméstica,Económica,2,Viernes,113,1600,0,0,False,,239.06,63.8,115,4.0,82.0
VL11186,LATAM,Buenos Aires,Lima,Argentina,Internacional,Económica,4,Domingo,223,3000,0,17,False,,267.93,59.2,107,2.8,79.5
VL10635,Aeroméxico,Lima,Buenos Aires,Perú,Internacional,Económica,4,Martes,279,3100,0,0,False,,381.03,84.1,151,4.0,75.6
VL12648,Copa Airlines,Lima,Buenos Aires,Perú,Internacional,Económica,3,Lunes,235,3100,54,69,False,Aeropuerto,411.19,69.4,125,1.0,83.0
VL12740,Sky Airline,Ciudad Mx,Bogotá,México,Internacional,Económica,7,Miércoles,255,3200,0,0,True,,366.25,69.3,125,4.4,71.3
VL10087,LATAM,Cancún,Bogotá,México,Internacional,Económica,6,Domingo,268,3500,69,68,False,Clima,294.03,71.0,128,3.0,78.1
VL11369,LATAM,Santiago,Lima,,Internacional,Ejecutiva,10,Viernes,215,2400,0,1,False,,462.2,81.0,178,4.1,77.5
VL12679,LATAM,Medellín,Ciudad Mx,Colombia,Internacional,Económica,10,Martes,255,3400,0,0,False,,372.98,72.5,130,3.3,79.7
VL12981,LATAM,Santiago,Lima,Chile,Internacional,Económica,2,Lunes,205,2400,0,0,False,,326.24,79.5,143,,80.0
VL10190,Avianca,Bogotá,Medellín,Colombia,Doméstica,Económica,5,Domingo,50,580,0,0,False,,33.9,91.7,165,3.6,71.2
VL10178,Volaris,Guadalajara,Ciudad Mx,México,Doméstica,Económica,9,Viernes,56,550,3,0,False,,30.0,80.3,145,4.1,72.7
VL12023,Volaris,Bogotá,Medellín,Colombia,Doméstica,Económica,2,Viernes,69,580,0,0,False,,30.0,88.3,159,5.0,68.5
VL12103,Avianca,Buenos Aires,Lima,Argentina,Internacional,Económica,1,Jueves,222,3000,3,0,False,,329.55,69.3,125,5.0,72.3
VL12856,LATAM,Santiago,Lima,Chile,Internacional,Económica,7,Viernes,185,2400,0,13,False,,249.11,87.4,157,3.8,78.2
VL11128,Avianca,Ciudad Mx,Bogotá,México,Internacional,Económica,7,Viernes,268,3200,0,0,False,,337.96,75.1,135,5.0,70.2
VL11812,LATAM,Santiago,Lima,Chile,Internacional,Económica,9,Lunes,182,2400,34,44,False,Aeropuerto,248.25,69.0,124,2.3,78.0
VL12559,Copa Airlines,Medellín,Ciudad Mx,Colombia,Internacional,Ejecutiva,7,Domingo,258,3400,0,0,False,,623.58,73.5,162,3.7,82.4
VL12688,LATAM,Medellín,Ciudad Mx,Colombia,Internacional,Económica,12,Miércoles,266,3400,0,0,False,,200.37,83.1,150,4.5,79.7
VL12761,Viva Air,Bogotá,Medellín,Colombia,Doméstica,Económica,7,Lunes,78,580,17,19,False,Clima,41.53,54.5,98,3.2,65.2
VL11752,Copa Airlines,Bogotá,Medellín,Colombia,Doméstica,Económica,12,Viernes,75,580,0,0,False,,30.0,89.7,161,4.0,81.9
VL10471,Volaris,Cartagena,Bogotá,,Doméstica,Ejecutiva,6,Sábado,47,650,0,5,False,,166.58,65.3,144,3.9,68.8
VL10398,Avianca,Ciudad Mx,Miami,México,Internacional,Económica,7,Viernes,169,2100,9,9,False,,171.99,79.2,143,3.5,72.0
VL10035,Avianca,Bogotá,Quito,Colombia,Internacional,Económica,6,Sábado,96,1000,10,16,False,,30.0,95.7,172,3.0,73.5
VL12253,LATAM,Bogotá,Quito,Colombia,Internacional,Económica,8,Domingo,80,1000,16,25,False,Clima,100.14,66.7,120,4.7,77.1
VL10252,Copa Airlines,Bogotá,Quito,Colombia,Internacional,Económica,7,Miércoles,63,1000,0,1,False,,96.58,79.3,143,3.5,80.5
VL11067,Viva Air,Ciudad Mx,Cancún,México,Doméstica,Económica,8,Sábado,145,1600,0,0,False,,158.53,89.4,161,4.5,65.3
VL11285,Copa Airlines,Medellín,Ciudad Mx,Colombia,Internacional,Económica,2,Lunes,253,3400,0,0,False,,267.33,68.5,123,2.1,82.9
VL12477,Copa Airlines,Ciudad Mx,Miami,México,Internacional,Económica,12,Sábado,174,2100,17,10,False,Operacional,219.34,96.5,174,4.3,83.5
VL11875,Copa Airlines,Medellín,Ciudad Mx,Colombia,Internacional,Económica,11,Miércoles,256,3400,8,4,False,,288.46,51.9,93,4.3,80.6
VL10228,LATAM,Lima,Santiago,Perú,Internacional,Ejecutiva,5,Jueves,199,2400,0,0,False,,651.22,100.0,220,4.1,77.4
VL11748,Avianca,Ciudad Mx,Miami,México,Internacional,Económica,5,Jueves,169,2100,3,9,False,,146.04,64.3,116,3.1,71.3
VL12980,Copa Airlines,Lima,Buenos Aires,Perú,Internacional,Ejecutiva,5,Martes,253,3100,0,2,False,,1037.85,70.3,155,4.4,83.4
VL11644,Copa Airlines,Bogotá,Medellín,Colombia,Doméstica,Económica,7,Martes,54,580,147,142,False,Operacional,72.07,75.6,136,1.7,80.8
VL10891,Aeroméxico,Bogotá,Quito,Colombia,Internacional,Ejecutiva,10,Lunes,73,1000,17,11,False,Operacional,190.86,65.5,144,4.4,76.1
VL12868,Volaris,Bogotá,Miami,,Internacional,Económica,6,Viernes,302,3800,0,0,False,,226.75,80.1,144,3.7,67.9
VL11609,Avianca,Medellín,Ciudad Mx,Colombia,Internacional,Económica,5,Domingo,251,3400,67,61,False,Clima,416.69,85.5,154,2.5,72.2
VL12366,Copa Airlines,Ciudad Mx,Cancún,México,Doméstica,Económica,3,Jueves,112,1600,0,0,False,,185.28,68.2,123,4.3,81.5
VL10629,Copa Airlines,Santiago,Lima,Chile,Internacional,Económica,10,Jueves,207,2400,87,88,False,Aeropuerto,212.87,77.6,140,2.9,83.7
VL10925,LATAM,Bogotá,Medellín,Colombia,Doméstica,Económica,6,Lunes,68,580,0,0,False,,30.0,97.3,175,3.7,80.0
VL11019,Avianca,Bogotá,Medellín,Colombia,Doméstica,Ejecutiva,2,Miércoles,59,580,135,138,True,Clima,174.58,75.1,165,,71.9
VL12900,Copa Airlines,Ciudad Mx,Cancún,México,Doméstica,Económica,11,Lunes,130,1600,0,5,False,,97.15,70.8,127,3.6,83.1
VL12082,Sky Airline,Lima,Buenos Aires,Perú,Internacional,Económica,2,Jueves,254,3100,0,1,False,,338.85,55.1,99,4.1,74.7
VL11786,Sky Airline,Cancún,Bogotá,México,Internacional,Económica,6,Martes,294,3500,0,0,False,,265.7,100.0,180,4.3,73.2
VL12123,Aeroméxico,Ciudad Mx,Bogotá,México,Internacional,Económica,5,Viernes,250,3200,0,0,False,,214.85,82.3,148,4.4,74.3
VL12221,Aeroméxico,Medellín,Ciudad Mx,Colombia,Internacional,Económica,3,Jueves,294,3400,23,18,False,Operacional,,74.9,135,2.3,75.2
VL11075,Aeroméxico,Lima,Buenos Aires,Perú,Internacional,Económica,6,Miércoles,218,3100,0,6,False,,378.41,70.5,127,2.5,76.5
VL12847,Volaris,Santiago,Lima,Chile,Internacional,Económica,2,Sábado,216,2400,41,48,False,Clima,268.01,66.0,119,3.0,67.7
VL12874,Aeroméxico,Ciudad Mx,Miami,México,Internacional,Ejecutiva,6,Sábado,164,2100,0,7,False,,649.82,89.6,197,4.0,75.3
VL11244,Aeroméxico,Ciudad Mx,Miami,México,Internacional,Económica,11,Miércoles,192,2100,0,10,False,,127.46,62.3,112,2.9,73.4
VL10508,Sky Airline,Guadalajara,Ciudad Mx,México,Doméstica,Ejecutiva,1,Miércoles,60,550,0,0,False,,131.69,81.9,180,4.0,72.6
VL10710,LATAM,Ciudad Mx,Miami,México,Internacional,Económica,8,Martes,156,2100,0,6,False,,195.34,78.4,141,2.4,78.9
VL12806,Avianca,Ciudad Mx,Miami,México,Internacional,Económica,8,Sábado,166,2100,33,43,False,Tripulación,213.62,78.4,141,2.3,69.8
VL10607,Avianca,Ciudad Mx,Bogotá,México,Internacional,Económica,1,Viernes,254,3200,0,0,False,,384.88,72.8,131,4.5,73.1
VL10387,Aeroméxico,Ciudad Mx,Cancún,México,Doméstica,Ejecutiva,8,Miércoles,117,1600,94,96,False,Clima,494.38,63.5,140,2.8,76.3
VL10867,Copa Airlines,Santiago,Lima,Chile,Internacional,Económica,3,Martes,212,2400,0,0,False,,288.75,88.9,160,3.1,83.2
VL10911,Avianca,Bogotá,Miami,Colombia,Internacional,Primera,9,Domingo,318,3800,0,3,False,,1473.27,81.0,243,4.5,70.1
VL11921,Volaris,Bogotá,Medellín,Colombia,Doméstica,Económica,11,Viernes,81,580,0,0,False,,43.4,86.2,155,4.4,69.7
VL10148,Volaris,Bogotá,Medellín,Colombia,Doméstica,Económica,3,Jueves,57,580,5,4,False,,113.82,80.1,144,4.1,68.5
VL10753,Copa Airlines,Bogotá,Miami,Colombia,Internacional,Económica,3,Sábado,293,3800,22,20,False,Clima,269.26,63.7,115,2.8,81.7
VL12450,Avianca,Bogotá,Miami,Colombia,Internacional,Económica,8,Martes,298,3800,19,13,False,Clima,293.27,95.7,172,2.5,73.4
VL11273,Aeroméxico,Bogotá,Medellín,Colombia,Doméstica,Económica,10,Lunes,58,580,25,28,False,Clima,43.32,78.4,141,4.0,75.8
VL10340,Sky Airline,Medellín,Ciudad Mx,Colombia,Internacional,Económica,2,Sábado,273,3400,0,3,False,,268.64,87.0,157,3.2,71.5
VL12751,Volaris,Cancún,Bogotá,México,Internacional,Económica,2,Domingo,254,3500,56,61,False,Clima,4130.376962541943,77.1,139,2.9,69.5
VL12248,Aeroméxico,Santiago,São Paulo,Chile,Internacional,Ejecutiva,3,Jueves,225,2700,0,0,False,,599.53,90.5,199,4.8,74.1
VL11115,Avianca,Santiago,São Paulo,Chile,Internacional,Ejecutiva,5,Martes,198,2700,0,7,False,,865.93,81.7,180,2.8,72.9
VL10540,LATAM,Cartagena,Bogotá,Colombia,Doméstica,Económica,2,Martes,56,650,0,0,False,,89.37,81.2,146,5.0,79.5
VL11466,LATAM,Cartagena,Bogotá,Colombia,Doméstica,Ejecutiva,3,Jueves,54,650,2,11,False,,197.66,66.7,147,2.7,78.4
VL12998,Aeroméxico,Bogotá,Miami,Colombia,Internacional,Económica,7,Domingo,278,3800,594,610,False,Clima,418.36,66.4,120,3.4,76.2
VL10955,Sky Airline,Ciudad Mx,Bogotá,México,Internacional,Económica,5,Jueves,266,3200,0,5,False,,334.22,91.0,164,,71.7
VL10280,Aeroméxico,Lima,Santiago,Perú,Internacional,Ejecutiva,10,Jueves,198,2400,85,96,False,Tripulación,666.05,73.8,162,2.7,77.4
VL12458,Viva Air,Medellín,Ciudad Mx,Colombia,Internacional,Primera,9,Domingo,283,3400,0,0,False,,1345.41,85.4,256,3.9,64.8
VL10510,Avianca,Santiago,São Paulo,Chile,Internacional,Económica,2,Viernes,210,2700,0,6,False,,306.43,81.6,147,3.6,73.5
VL11592,Aeroméxico,Ciudad Mx,Cancún,México,Doméstica,Ejecutiva,6,Jueves,155,1600,0,0,False,,465.84,60.1,132,4.6,74.5
VL12605,Copa Airlines,Medellín,Ciudad Mx,Colombia,Internacional,Económica,7,Sábado,314,3400,0,8,False,,247.92,82.4,148,3.8,84.9
VL11514,Aeroméxico,Santiago,Lima,Chile,Internacional,Económica,7,Viernes,198,2400,20,7,False,Operacional,274.61,76.7,138,3.3,74.1
VL10687,Avianca,Bogotá,Miami,Colombia,Internacional,Económica,12,Miércoles,317,3800,693,716,True,Operacional,392.35,64.6,116,2.3,69.6
VL10335,Volaris,Bogotá,Medellín,Colombia,Doméstica,Ejecutiva,3,Martes,61,580,0,0,False,,55.72,87.2,192,5.0,69.4
VL10642,Aeroméxico,Santiago,Lima,Chile,Internacional,Económica,1,Miércoles,171,2400,25,9,False,Clima,280.93,76.5,138,2.9,73.2
VL12362,Aeroméxico,Bogotá,Miami,Colombia,Internacional,Económica,10,Sábado,278,3800,0,0,False,,303.03,54.0,97,3.1,76.8
VL12027,LATAM,Cartagena,Bogotá,Colombia,Doméstica,Económica,5,Jueves,40,650,0,0,False,,47.03,98.1,177,4.6,78.0
VL10782,LATAM,Santiago,Lima,Chile,Internacional,Económica,3,Sábado,200,2400,7,0,False,,274.39,57.1,103,,77.6
VL12686,Aeroméxico,Ciudad Mx,Cancún,México,Doméstica,Económica,12,Lunes,113,1600,0,4,False,,233.15,83.3,150,2.9,71.8
VL12947,LATAM,Medellín,Ciudad Mx,Colombia,Internacional,Ejecutiva,6,Miércoles,267,3400,51,63,False,Clima,606.85,76.4,168,3.3,77.5
VL10621,Avianca,Santiago,Lima,Chile,Internacional,Económica,1,Lunes,197,2400,25,13,False,Operacional,223.22,79.2,143,3.3,72.4
VL12912,Volaris,Buenos Aires,Lima,Argentina,Internacional,Ejecutiva,11,Martes,239,3000,0,1,False,,778.96,74.5,164,2.4,69.0
VL12140,Aeroméxico,Bogotá,Quito,Colombia,Internacional,Económica,11,Sábado,88,1000,0,0,False,,59.3,82.0,148,4.0,73.3
VL10834,Aeroméxico,Medellín,Ciudad Mx,Colombia,Internacional,Ejecutiva,12,Lunes,269,3400,0,0,False,,1104.32,77.1,170,4.4,74.7
VL12640,Aeroméxico,Bogotá,Miami,Colombia,Internacional,Ejecutiva,8,Domingo,334,3800,27,28,False,Operacional,1431.91,99.0,218,3.8,74.0
VL12985,LATAM,Cartagena,Bogotá,Colombia,Doméstica,Económica,8,Viernes,69,650,0,2,False,,76.85,100.0,180,2.9,78.3
VL12043,Copa Airlines,Ciudad Mx,Cancún,México,Doméstica,Económica,2,Sábado,135,1600,2,0,False,,4501.112655669843,72.2,130,3.7,84.8
VL11450,Aeroméxico,Medellín,Ciudad Mx,Colombia,Internacional,Económica,10,Sábado,253,3400,23,28,False,Operacional,449.44,68.0,122,3.2,75.9
VL10394,Sky Airline,Bogotá,Miami,Colombia,Internacional,Primera,1,Jueves,295,3800,0,0,False,,1562.02,69.0,207,,73.2
VL10845,Copa Airlines,Ciudad Mx,Bogotá,México,Internacional,Económica,11,Jueves,263,3200,2,0,False,,315.9,89.0,160,5.0,84.1
VL12623,Volaris,Guadalajara,Ciudad Mx,México,Doméstica,Ejecutiva,12,Lunes,59,550,0,0,False,,116.1,85.9,189,4.6,67.5
VL12621,Sky Airline,Lima,Santiago,Perú,Internacional,Económica,10,Miércoles,200,2400,0,1,False,,283.14,75.9,137,3.9,73.7
VL12899,Aeroméxico,Bogotá,Medellín,Colombia,Doméstica,Primera,2,Martes,48,580,0,0,False,,179.1,89.3,268,3.8,74.4
VL12852,Sky Airline,Santiago,Lima,Chile,Internacional,Económica,3,Domingo,183,2400,35,40,False,Clima,185.59,87.6,158,4.9,73.1
VL11761,Viva Air,Bogotá,Quito,Colombia,Internacional,Económica,6,Jueves,84,1000,7,7,False,,123.23,72.0,130,2.0,65.0
VL12327,LATAM,Bogotá,Medellín,Colombia,Doméstica,Ejecutiva,8,Lunes,64,580,17,26,False,Aeropuerto,116.61,80.6,177,3.2,78.4
VL10337,Volaris,Buenos Aires,Lima,Argentina,Internacional,Económica,8,Domingo,246,3000,3,0,False,,267.86,75.9,137,4.1,70.1
VL12275,Avianca,Santiago,São Paulo,Chile,Internacional,Ejecutiva,8,Miércoles,218,2700,0,11,False,,689.18,88.6,195,2.2,71.9
VL12056,Aeroméxico,Lima,Buenos Aires,Perú,Internacional,Económica,1,Viernes,255,3100,5,2,False,,430.6,71.9,129,4.4,73.6
VL11109,Aeroméxico,Ciudad Mx,Cancún,México,Doméstica,Económica,12,Martes,147,1600,0,4,False,,109.41,75.7,136,4.1,73.6
VL12808,Copa Airlines,Lima,Buenos Aires,Perú,Internacional,Económica,3,Lunes,241,3100,17,6,False,Aeropuerto,181.15,87.0,157,4.1,82.3
VL10293,Aeroméxico,Ciudad Mx,Bogotá,México,Internacional,Económica,3,Viernes,218,3200,17,16,False,Aeropuerto,295.25,78.1,141,4.0,78.1
VL12116,Aeroméxico,Lima,Buenos Aires,Perú,Internacional,Ejecutiva,10,Domingo,235,3100,0,0,False,,900.57,73.5,162,2.8,76.2
VL12205,Avianca,Guadalajara,Ciudad Mx,México,Doméstica,Económica,2,Domingo,40,550,1,5,False,,39.94,77.9,140,2.8,71.4
VL12999,LATAM,Lima,Santiago,Perú,Internacional,Ejecutiva,9,Miércoles,166,2400,0,2,False,,848.59,76.0,167,3.5,78.5
VL12908,Avianca,Bogotá,Miami,Colombia,Internacional,Económica,4,Jueves,313,3800,53,56,False,Clima,258.84,78.5,141,3.4,72.1
VL12072,Aeroméxico,Santiago,Lima,Chile,Internacional,Ejecutiva,11,Jueves,189,2400,11,4,False,,813.95,73.6,162,4.5,74.6
VL10470,LATAM,Bogotá,Medellín,Colombia,Doméstica,Económica,11,Jueves,56,580,0,10,False,,49.11,95.4,172,3.4,79.5
VL10557,Aeroméxico,Bogotá,Medellín,Colombia,Doméstica,Económica,10,Viernes,58,580,2,1,False,,61.6,67.6,122,2.8,73.4
VL12038,Volaris,Santiago,Lima,Chile,Internacional,Económica,11,Domingo,196,2400,0,12,False,,240.32,83.7,151,3.0,69.3
VL12341,Viva Air,Bogotá,Medellín,Colombia,Doméstica,Económica,12,Martes,52,580,21,8,False,Tripulación,30.0,93.5,168,3.1,67.8
VL12871,Avianca,Guadalajara,Ciudad Mx,México,Doméstica,Económica,1,Jueves,58,550,0,7,False,,83.49,83.5,150,,72.1
VL11262,Aeroméxico,Bogotá,Miami,Colombia,Internacional,Económica,3,Sábado,306,3800,41,53,False,Clima,299.85,84.2,152,2.7,74.9
VL11022,Copa Airlines,Guadalajara,Ciudad Mx,México,Doméstica,Primera,6,Domingo,67,550,10,11,False,,157.85,43.6,131,4.2,81.3
VL10120,Avianca,Bogotá,Quito,Colombia,Internacional,Económica,8,Domingo,90,1000,87,77,False,Operacional,142.12,60.6,109,3.2,73.6
VL10905,Aeroméxico,Lima,Santiago,Perú,Internacional,Económica,3,Jueves,214,2400,10,6,False,,191.51,85.5,154,3.2,75.2
VL11306,Aeroméxico,Buenos Aires,Lima,Argentina,Internacional,Ejecutiva,3,Domingo,225,3000,0,0,False,,601.82,68.7,151,4.1,76.1
VL11388,LATAM,Cartagena,Bogotá,Colombia,Doméstica,Económica,9,Domingo,61,650,10,23,False,,80.24,75.1,135,3.4,79.7
VL11334,Avianca,Cartagena,Bogotá,Colombia,Doméstica,Económica,4,Martes,74,650,20,13,False,Operacional,,55.2,99,4.0,71.5
VL12558,Avianca,Bogotá,Medellín,Colombia,Doméstica,Ejecutiva,6,Martes,70,580,15,13,False,,70.94,72.3,159,2.7,72.7
VL12227,Sky Airline,Santiago,São Paulo,Chile,Internacional,Económica,1,Domingo,201,2700,3,6,False,,265.2,61.8,111,1.9,74.4
VL11935,Avianca,Bogotá,Quito,Colombia,Internacional,Económica,3,Martes,99,1000,0,0,False,,160.2,87.1,157,3.6,74.7
VL11093,Viva Air,Medellín,Ciudad Mx,Colombia,Internacional,Económica,10,Domingo,244,3400,0,0,False,,201.0,76.8,138,5.0,66.4
VL11559,Viva Air,Lima,Santiago,Perú,Internacional,Ejecutiva,5,Domingo,195,2400,0,0,False,,489.49,86.1,189,5.0,66.4
VL10815,Aeroméxico,Medellín,Ciudad Mx,Colombia,Internacional,Económica,5,Sábado,254,3400,0,0,False,,273.16,71.3,128,4.1,73.7
VL10863,Avianca,Lima,Buenos Aires,Perú,Internacional,Económica,11,Sábado,236,3100,0,1,False,,338.54,83.6,150,3.0,73.7
VL11082,Copa Airlines,Ciudad Mx,Bogotá,México,Internacional,Económica,12,Sábado,261,3200,0,16,False,,228.66,87.9,158,3.3,82.8
VL11208,LATAM,Bogotá,Miami,Colombia,Internacional,Económica,11,Lunes,332,3800,0,6,True,,340.9,81.2,146,3.9,77.6
VL11396,Avianca,Lima,Buenos Aires,Perú,Internacional,Económica,6,Viernes,259,3100,23,31,False,Mecánico,256.93,71.9,129,3.5,74.4
VL11289,Volaris,Bogotá,Medellín,Colombia,Doméstica,Ejecutiva,7,Martes,43,580,12,25,False,,206.42,90.5,199,2.4,68.6
VL11857,Viva Air,Lima,Buenos Aires,Perú,Internacional,Económica,8,Martes,250,3100,6,1,False,,272.27,81.0,146,3.2,65.3
VL10095,Copa Airlines,Medellín,Ciudad Mx,Colombia,Internacional,Ejecutiva,1,Domingo,280,3400,0,0,False,,616.62,62.7,138,5.0,82.5
VL12428,Copa Airlines,Bogotá,Miami,Colombia,Internacional,Económica,5,Lunes,296,3800,11,17,False,,511.45,78.1,141,2.8,79.6
VL10604,LATAM,Ciudad Mx,Cancún,México,Doméstica,Económica,10,Sábado,138,1600,24,35,False,Aeropuerto,3405.230087538328,82.0,148,3.6,75.0
VL12114,Avianca,Cancún,Bogotá,México,Internacional,Económica,12,Viernes,281,3500,6,0,False,,334.6,77.5,140,4.6,71.7
VL10550,Volaris,Medellín,Ciudad Mx,Colombia,Internacional,Económica,4,Lunes,258,3400,0,2,False,,226.45,75.0,135,2.9,68.1
VL12299,LATAM,Bogotá,Miami,Colombia,Internacional,Ejecutiva,10,Martes,332,3800,0,0,False,,684.14,82.8,182,5.0,78.7
VL10475,Volaris,Cartagena,Bogotá,Colombia,Doméstica,Ejecutiva,4,Sábado,54,650,79,70,False,Aeropuerto,129.23,77.2,170,3.1,69.3
VL11499,Aeroméxico,Lima,Santiago,Perú,Internacional,Económica,10,Lunes,182,2400,0,0,False,,282.42,79.9,144,4.2,75.5
VL10212,LATAM,Cancún,Bogotá,México,Internacional,Económica,11,Lunes,286,3500,552,537,False,Aeropuerto,292.34,77.0,139,1.0,76.6
VL11588,Copa Airlines,Lima,Buenos Aires,,Internacional,Económica,8,Sábado,269,3100,62,53,False,Tripulación,269.81,73.9,133,2.5,82.8
VL12024,Viva Air,Ciudad Mx,Bogotá,México,Internacional,Económica,2,Jueves,263,3200,0,3,False,,447.81,78.5,141,3.4,63.9
VL12378,Volaris,Lima,Buenos Aires,Perú,Internacional,Económica,4,Martes,228,3100,0,6,False,,287.41,79.4,143,3.2,67.6
VL12480,Volaris,Bogotá,Miami,Colombia,Internacional,Económica,1,Viernes,288,3800,0,0,False,,474.06,94.2,170,5.0,67.4
VL10276,Sky Airline,Ciudad Mx,Miami,México,Internacional,Económica,10,Miércoles,184,2100,0,0,False,,271.25,83.9,151,4.0,71.1
VL10505,Copa Airlines,Ciudad Mx,Cancún,México,Doméstica,Ejecutiva,2,Jueves,129,1600,33,27,False,Operacional,391.71,81.9,180,3.3,82.2
VL11335,LATAM,Cancún,Bogotá,México,Internacional,Económica,8,Sábado,241,3500,8,7,False,,273.16,80.9,146,3.6,78.1
VL12339,LATAM,Ciudad Mx,Bogotá,México,Internacional,Ejecutiva,3,Jueves,251,3200,50,51,False,Tripulación,542.05,72.9,160,3.7,78.8
VL10901,Avianca,Bogotá,Medellín,Colombia,Doméstica,Económica,12,Jueves,51,580,0,6,False,,97.29,100.0,180,3.6,70.4
VL10448,Copa Airlines,Ciudad Mx,Bogotá,México,Internacional,Económica,6,Miércoles,278,3200,4,0,False,,298.43,87.2,157,4.0,82.4
VL11409,Aeroméxico,Lima,Santiago,Perú,Internacional,Económica,8,Martes,192,2400,0,0,False,,194.55,100.0,180,4.7,75.0
VL12534,LATAM,Buenos Aires,Lima,Argentina,Internacional,Económica,7,Jueves,234,3000,0,4,False,,435.98,81.0,146,3.1,80.6
VL10989,Sky Airline,Bogotá,Quito,Colombia,Internacional,Económica,5,Sábado,98,1000,0,0,False,,126.95,84.8,153,,73.7
VL10303,Avianca,Cancún,Bogotá,México,Internacional,Ejecutiva,7,Viernes,260,3500,16,15,False,Tripulación,923.8,79.7,175,2.2,70.0
VL12798,Viva Air,Cartagena,Bogotá,Colombia,Doméstica,Económica,6,Martes,74,650,11,13,False,,59.17,75.7,136,4.2,64.0
VL12919,Copa Airlines,Bogotá,Miami,Colombia,Internacional,Económica,3,Domingo,291,3800,45,61,False,Clima,419.62,74.7,134,2.2,80.0
VL11996,LATAM,Cartagena,Bogotá,Colombia,Doméstica,Económica,3,Domingo,79,650,0,0,False,,95.51,100.0,180,3.0,79.6
VL12115,Copa Airlines,Ciudad Mx,Cancún,México,Doméstica,Económica,5,Domingo,131,1600,0,6,False,,150.81,84.0,151,1.9,84.0
VL12067,Avianca,Santiago,Lima,Chile,Internacional,Económica,2,Miércoles,205,2400,0,0,False,,302.49,79.6,143,3.7,73.3
VL11901,Aeroméxico,Bogotá,Medellín,Colombia,Doméstica,Económica,3,Viernes,71,580,49,59,False,Operacional,81.63,67.6,122,3.1,76.7
VL10324,Volaris,Cartagena,Bogotá,Colombia,Doméstica,Económica,1,Martes,71,650,0,0,False,,46.92,86.6,156,4.7,70.9
VL12892,Aeroméxico,Ciudad Mx,Miami,México,Internacional,Primera,9,Martes,165,2100,0,0,False,,659.82,71.1,213,4.4,74.4
VL11433,Viva Air,Cancún,Bogotá,México,Internacional,Económica,12,Viernes,307,3500,0,0,False,,371.92,100.0,180,3.4,64.0
VL11473,Avianca,Ciudad Mx,Bogotá,México,Internacional,Económica,5,Martes,243,3200,0,2,False,,407.65,85.1,153,2.9,71.5
VL12102,Aeroméxico,Ciudad Mx,Cancún,México,Doméstica,Económica,7,Sábado,127,1600,0,0,False,,197.77,59.3,107,3.2,74.7
VL12920,LATAM,Bogotá,Miami,Colombia,Internacional,Económica,5,Sábado,308,3800,0,3,False,,453.79,49.6,89,3.5,75.6
VL10150,Copa Airlines,Guadalajara,Ciudad Mx,México,Doméstica,Económica,9,Viernes,47,550,0,4,False,,55.1,98.3,177,3.5,84.0
VL12914,Aeroméxico,Santiago,Lima,Chile,Internacional,Económica,1,Domingo,203,2400,11,9,False,,306.99,80.2,144,,74.8
VL11121,Aeroméxico,Cartagena,Bogotá,Colombia,Doméstica,Económica,1,Miércoles,69,650,55,78,False,Aeropuerto,69.03,58.9,106,2.3,75.3
VL12769,Sky Airline,Cancún,Bogotá,México,Internacional,Económica,11,Lunes,299,3500,0,0,False,,402.64,76.0,137,3.9,75.6
VL11130,Avianca,Buenos Aires,Lima,Argentina,Internacional,Económica,4,Domingo,241,3000,0,0,False,,307.44,74.1,133,5.0,72.0
VL12787,Volaris,Santiago,Lima,Chile,Internacional,Ejecutiva,8,Viernes,201,2400,27,20,False,Aeropuerto,,81.6,180,4.8,71.6
VL11048,Sky Airline,Lima,Santiago,Perú,Internacional,Económica,4,Sábado,180,2400,0,0,False,,158.88,79.3,143,3.8,73.4
VL10811,Aeroméxico,Bogotá,Quito,Colombia,Internacional,Económica,10,Sábado,102,1000,0,0,False,,96.97,80.3,145,3.5,76.4
VL12709,Sky Airline,Bogotá,Miami,Colombia,Internacional,Ejecutiva,3,Viernes,292,3800,19,23,False,Clima,609.31,76.6,169,3.2,72.5
VL11557,Copa Airlines,Ciudad Mx,Bogotá,México,Internacional,Económica,7,Domingo,223,3200,0,0,False,,431.52,73.8,133,3.5,80.4
VL11063,Avianca,Ciudad Mx,Bogotá,México,Internacional,Ejecutiva,3,Martes,255,3200,0,0,False,,713.92,86.2,190,,76.2
VL12303,Sky Airline,Bogotá,Miami,Colombia,Internacional,Económica,1,Lunes,309,3800,0,0,False,,361.39,99.7,179,4.1,75.4
VL10869,LATAM,Guadalajara,Ciudad Mx,México,Doméstica,Primera,11,Martes,53,550,23,11,False,Aeropuerto,223.42,81.0,243,1.8,79.7
VL12903,Avianca,Ciudad Mx,Bogotá,México,Internacional,Ejecutiva,2,Jueves,232,3200,0,8,False,,970.94,78.9,174,4.3,72.0
VL10892,Copa Airlines,Bogotá,Quito,Colombia,Internacional,Ejecutiva,10,Sábado,76,1000,0,7,False,,183.33,54.8,121,4.1,83.2
VL12661,LATAM,Lima,Santiago,Perú,Internacional,Económica,3,Domingo,198,2400,7,0,False,,344.01,68.7,124,3.3,75.4
VL11403,Avianca,Buenos Aires,Lima,Argentina,Internacional,Económica,4,Martes,226,3000,11,1,False,,333.53,53.3,96,3.5,72.1
VL11100,Copa Airlines,Bogotá,Medellín,Colombia,Doméstica,Económica,11,Domingo,65,580,39,47,False,Tripulación,30.0,99.5,179,3.8,83.0
VL12436,LATAM,Ciudad Mx,Bogotá,México,Internacional,Económica,5,Viernes,229,3200,376,363,True,Mecánico,224.78,59.3,107,1.8,81.0
VL12454,Copa Airlines,Santiago,São Paulo,Chile,Internacional,Primera,8,Domingo,222,2700,0,4,False,,741.2,70.5,212,4.3,81.0
VL11315,LATAM,Cancún,Bogotá,México,Internacional,Primera,3,Viernes,245,3500,0,0,False,,1120.7,94.0,282,5.0,74.6
VL11134,Copa Airlines,Cancún,Bogotá,México,Internacional,Económica,4,Lunes,318,3500,0,0,False,,355.38,81.3,146,4.6,82.4
VL11648,Sky Airline,Ciudad Mx,Miami,México,Internacional,Económica,12,Domingo,181,2100,0,0,False,,234.05,77.4,139,4.9,72.4
VL11023,Volaris,Cartagena,Bogotá,Colombia,Doméstica,Ejecutiva,8,Lunes,82,650,0,1,False,,83.0,80.4,177,3.7,69.9
VL12830,Viva Air,Lima,Buenos Aires,Perú,Internacional,Económica,2,Jueves,248,3100,0,0,False,,189.04,75.6,136,4.3,64.0
VL10246,Aeroméxico,Lima,Buenos Aires,Perú,Internacional,Económica,6,Viernes,246,3100,0,8,False,,403.13,87.9,158,2.8,74.8
VL10145,Avianca,Bogotá,Medellín,Colombia,Doméstica,Económica,3,Jueves,56,580,37,41,False,Aeropuerto,110.47,95.7,172,3.7,72.5
VL10795,Copa Airlines,Lima,Santiago,Perú,Internacional,Económica,4,Viernes,190,2400,0,0,True,,214.1,69.6,125,2.9,81.3
VL10589,LATAM,Ciudad Mx,Cancún,México,Doméstica,Ejecutiva,9,Sábado,138,1600,4,0,False,,256.62,100.0,220,4.6,77.4
VL12670,Sky Airline,Cancún,Bogotá,México,Internacional,Primera,1,Miércoles,290,3500,17,22,False,Tripulación,1257.66,79.7,239,3.5,73.0
VL10073,Avianca,Bogotá,Quito,Colombia,Internacional,Económica,7,Viernes,88,1000,0,21,False,,97.53,73.2,132,2.7,71.8
VL10460,Avianca,Ciudad Mx,Cancún,México,Doméstica,Económica,1,Sábado,130,1600,0,1,False,,82.97,79.0,142,4.3,70.4
VL10486,Avianca,Bogotá,Medellín,Colombia,Doméstica,Primera,5,Lunes,58,580,8,2,False,,176.8,80.8,242,2.8,71.3
VL10446,Volaris,Cartagena,Bogotá,Colombia,Doméstica,Primera,6,Domingo,69,650,0,1,False,,294.06,80.9,243,3.6,67.9
VL12138,Copa Airlines,Santiago,Lima,Chile,Internacional,Económica,4,Sábado,171,2400,0,5,False,,353.67,83.1,150,3.2,84.8
VL11229,LATAM,Ciudad Mx,Bogotá,México,Internacional,Económica,6,Miércoles,247,3200,23,30,False,Operacional,463.37,66.5,120,3.6,78.6
VL10492,Sky Airline,Bogotá,Miami,Colombia,Internacional,Económica,7,Jueves,286,3800,34,24,False,Operacional,427.94,86.5,156,2.9,76.8
VL10170,Copa Airlines,Cancún,Bogotá,México,Internacional,Económica,10,Miércoles,246,3500,0,1,False,,375.55,74.1,133,4.0,84.1
VL12913,Aeroméxico,Cartagena,Bogotá,Colombia,Doméstica,Económica,12,Domingo,54,650,0,10,False,,87.05,99.0,178,3.5,74.9
VL12104,Avianca,Ciudad Mx,Miami,México,Internacional,Ejecutiva,10,Sábado,155,2100,28,19,False,Operacional,585.52,68.8,151,4.3,70.1
VL12452,LATAM,Santiago,São Paulo,Chile,Internacional,Económica,8,Lunes,190,2700,0,14,False,,280.29,96.6,174,3.4,78.6
VL11265,Aeroméxico,Bogotá,Medellín,Colombia,Doméstica,Económica,4,Lunes,56,580,34,42,False,Mecánico,30.0,63.2,114,4.3,72.9
VL12647,Volaris,Medellín,Ciudad Mx,Colombia,Internacional,Económica,10,Jueves,251,3400,0,2,False,,257.81,79.9,144,2.6,68.4
VL11015,Avianca,Guadalajara,Ciudad Mx,México,Doméstica,Ejecutiva,6,Lunes,73,550,20,18,False,Operacional,151.4,67.7,149,3.5,73.2
VL10097,LATAM,Lima,Buenos Aires,Perú,Internacional,Ejecutiva,11,Lunes,241,3100,0,0,False,,989.52,85.3,188,4.3,79.4
VL12527,LATAM,Cartagena,Bogotá,Colombia,Doméstica,Ejecutiva,1,Sábado,64,650,0,0,False,,203.93,100.0,220,3.3,78.6
VL12371,Avianca,Bogotá,Quito,Colombia,Internacional,Económica,12,Miércoles,97,1000,0,0,False,,54.66,65.2,117,4.0,72.9
VL11217,Aeroméxico,Cancún,Bogotá,México,Internacional,Económica,1,Miércoles,275,3500,0,17,False,,322.17,87.9,158,3.7,75.4
VL11772,Avianca,Lima,Santiago,Perú,Internacional,Económica,8,Jueves,201,2400,7,21,False,,250.82,73.5,132,3.2,74.8
VL11467,LATAM,Ciudad Mx,Bogotá,México,Internacional,Económica,7,Jueves,296,3200,0,3,False,,197.94,83.4,150,3.9,77.6
VL11749,Volaris,Ciudad Mx,Cancún,México,Doméstica,Económica,10,Lunes,145,1600,68,88,True,Aeropuerto,213.06,89.0,160,2.8,69.2
VL12864,Volaris,Lima,Buenos Aires,Perú,Internacional,Económica,1,Sábado,245,3100,2,9,False,,306.15,96.5,174,2.8,68.3
VL11478,Copa Airlines,Ciudad Mx,Miami,México,Internacional,Ejecutiva,9,Viernes,179,2100,0,0,False,,457.88,100.0,220,3.8,80.6
VL11890,Avianca,Ciudad Mx,Cancún,México,Doméstica,Económica,8,Domingo,159,1600,0,0,False,,196.12,67.8,122,3.5,72.5
VL10098,LATAM,Bogotá,Medellín,Colombia,Doméstica,Económica,12,Domingo,50,580,4,8,False,,53.8,80.7,145,3.2,76.9
VL12472,LATAM,Guadalajara,Ciudad Mx,México,Doméstica,Económica,4,Domingo,42,550,0,0,False,,72.99,70.5,127,3.8,79.2
VL12344,Viva Air,Guadalajara,Ciudad Mx,México,Doméstica,Primera,4,Jueves,55,550,0,0,True,,133.46,100.0,300,5.0,65.0
VL12785,Sky Airline,Santiago,Lima,Chile,Internacional,Económica,11,Domingo,169,2400,14,6,False,,291.27,78.1,141,2.9,70.0
VL10347,LATAM,Bogotá,Medellín,Colombia,Doméstica,Primera,6,Domingo,53,580,12,18,False,,364.12,95.7,287,4.0,75.2
VL10601,Aeroméxico,Bogotá,Miami,Colombia,Internacional,Económica,4,Sábado,293,3800,0,0,False,,501.08,67.3,121,3.2,77.4
VL10395,Viva Air,Guadalajara,Ciudad Mx,México,Doméstica,Económica,6,Lunes,64,550,0,10,False,,30.0,75.6,136,2.9,63.8
VL10426,Aeroméxico,Lima,Buenos Aires,Perú,Internacional,Primera,6,Miércoles,239,3100,4,0,False,,1869.33,88.6,266,4.0,74.7
VL10021,Aeroméxico,Ciudad Mx,Cancún,México,Doméstica,Ejecutiva,9,Domingo,141,1600,0,0,False,,391.77,72.9,160,4.6,72.3
VL11583,Volaris,Medellín,Ciudad Mx,Colombia,Internacional,Económica,2,Viernes,260,3400,53,67,False,Aeropuerto,464.2,86.1,155,2.5,68.1
VL11038,Copa Airlines,Bogotá,Medellín,,Doméstica,Económica,12,Viernes,49,580,0,0,False,,37.52,85.7,154,2.6,82.7
VL12300,Volaris,Bogotá,Quito,Colombia,Internacional,Ejecutiva,5,Jueves,85,1000,16,8,False,Clima,199.49,73.4,161,3.9,68.5
VL12286,Viva Air,Cartagena,Bogotá,Colombia,Doméstica,Económica,7,Domingo,68,650,0,0,False,,53.85,67.8,122,4.6,65.3
VL11864,Avianca,Cartagena,Bogotá,Colombia,Doméstica,Económica,9,Lunes,60,650,0,7,False,,93.07,96.8,174,3.6,73.8
VL11144,Sky Airline,Bogotá,Miami,Colombia,Internacional,Ejecutiva,8,Viernes,278,3800,64,71,False,Mecánico,1034.4,80.0,176,2.7,73.7
VL10844,LATAM,Ciudad Mx,Cancún,México,Doméstica,Ejecutiva,9,Lunes,130,1600,0,0,False,,360.75,93.3,205,4.1,78.7
VL12602,LATAM,Ciudad Mx,Miami,México,Internacional,Ejecutiva,5,Domingo,172,2100,0,7,False,,572.93,84.8,187,,77.6
VL11220,Avianca,Guadalajara,Ciudad Mx,México,Doméstica,Primera,8,Sábado,50,550,40,45,False,Aeropuerto,264.12,80.9,243,2.8,73.0
VL12593,Viva Air,Medellín,Ciudad Mx,Colombia,Internacional,Ejecutiva,10,Miércoles,272,3400,0,0,False,,899.98,86.1,189,,64.3
VL10250,Aeroméxico,Bogotá,Miami,Colombia,Internacional,Económica,12,Lunes,280,3800,0,0,False,,523.38,66.8,120,4.6,76.0
VL10739,Aeroméxico,Ciudad Mx,Bogotá,México,Internacional,Ejecutiva,6,Viernes,245,3200,3,0,False,,781.81,100.0,220,4.8,75.7
VL10964,LATAM,Bogotá,Miami,Colombia,Internacional,Económica,12,Viernes,272,3800,0,0,False,,361.58,92.4,166,3.3,79.1
VL11669,Copa Airlines,Bogotá,Quito,Colombia,Internacional,Económica,1,Lunes,91,1000,0,4,False,,92.74,88.3,159,2.3,82.6
VL12246,Volaris,Bogotá,Medellín,Colombia,Doméstica,Económica,8,Viernes,62,580,0,0,False,,46.08,84.2,152,5.0,68.4
VL11509,Viva Air,Ciudad Mx,Miami,México,Internacional,Ejecutiva,10,Miércoles,179,2100,0,6,False,,471.84,80.1,176,4.5,66.9
VL12823,Volaris,Santiago,Lima,Chile,Internacional,Económica,10,Sábado,205,2400,0,7,False,,339.38,85.1,153,3.1,71.1
VL11314,Viva Air,Lima,Buenos Aires,Perú,Internacional,Económica,5,Sábado,246,3100,0,0,False,,387.31,96.3,173,4.4,62.0
VL11846,Viva Air,Ciudad Mx,Cancún,México,Doméstica,Ejecutiva,4,Viernes,157,1600,37,33,False,Clima,413.85,82.5,182,3.0,67.3
VL11182,Copa Airlines,Cancún,Bogotá,México,Internacional,Ejecutiva,6,Jueves,265,3500,40,39,False,Aeropuerto,937.24,50.0,110,3.4,80.1
VL10243,Copa Airlines,Ciudad Mx,Bogotá,México,Internacional,Ejecutiva,7,Sábado,269,3200,623,517,True,Operacional,421.3,88.9,196,,83.6
VL10066,LATAM,Ciudad Mx,Cancún,México,Doméstica,Económica,3,Miércoles,125,1600,8,5,False,,81.94,79.2,143,,79.2
VL10658,Copa Airlines,Cancún,Bogotá,México,Internacional,Económica,12,Viernes,255,3500,0,0,False,,277.58,100.0,180,4.0,85.7
VL10933,Avianca,Medellín,Ciudad Mx,Colombia,Internacional,Económica,4,Lunes,290,3400,0,0,False,,296.13,83.2,150,4.7,74.7
VL12407,Aeroméxico,Santiago,Lima,Chile,Internacional,Económica,10,Viernes,192,2400,5,0,False,,153.64,66.2,119,3.9,76.3
VL12143,Volaris,Bogotá,Miami,Colombia,Internacional,Económica,10,Sábado,279,3800,0,0,False,,394.03,61.3,110,3.5,66.4
VL11655,LATAM,Guadalajara,Ciudad Mx,México,Doméstica,Ejecutiva,3,Domingo,57,550,5,3,False,,132.83,89.2,196,2.3,76.9
VL11528,Aeroméxico,Bogotá,Quito,Colombia,Internacional,Económica,8,Domingo,106,1000,66,67,False,Aeropuerto,,72.7,131,1.2,76.0
VL11496,Aeroméxico,Cancún,Bogotá,México,Internacional,Económica,4,Viernes,281,3500,48,67,False,Operacional,234.74,90.4,163,2.2,73.6
VL12979,Aeroméxico,Cartagena,Bogotá,Colombia,Doméstica,Económica,4,Miércoles,44,650,0,3,False,,96.9,69.5,125,2.4,76.7
VL12994,LATAM,Ciudad Mx,Cancún,México,Doméstica,Económica,8,Domingo,126,1600,0,0,False,,178.71,68.3,123,,78.9
VL12569,Viva Air,Guadalajara,Ciudad Mx,México,Doméstica,Económica,1,Sábado,59,550,0,0,False,,55.79,86.4,156,4.2,66.7
VL11344,Copa Airlines,Buenos Aires,Lima,Argentina,Internacional,Económica,9,Domingo,239,3000,11,13,False,,266.72,81.5,147,3.2,81.7
VL11554,Aeroméxico,Santiago,Lima,Chile,Internacional,Económica,2,Sábado,213,2400,42,44,False,Tripulación,139.7,85.7,154,,73.9
VL11432,Aeroméxico,Medellín,Ciudad Mx,Colombia,Internacional,Económica,12,Viernes,251,3400,66,76,False,Operacional,382.89,100.0,180,2.9,76.3
VL12713,Viva Air,Ciudad Mx,Bogotá,México,Internacional,Económica,12,Jueves,225,3200,3,11,False,,295.21,85.8,154,3.6,63.3
VL10361,Avianca,Cancún,Bogotá,México,Internacional,Económica,9,Sábado,265,3500,0,5,False,,344.21,88.9,160,4.0,73.0
VL11456,Copa Airlines,Buenos Aires,Lima,Argentina,Internacional,Económica,6,Miércoles,243,3000,0,0,False,,323.28,73.9,133,2.6,83.3
VL10484,Copa Airlines,Santiago,São Paulo,Chile,Internacional,Económica,7,Domingo,212,2700,55,56,False,Aeropuerto,288.18,53.0,95,2.9,82.2
VL12359,Aeroméxico,Ciudad Mx,Cancún,México,Doméstica,Económica,6,Viernes,145,1600,0,0,False,,,72.2,130,,76.1
VL11808,Avianca,Ciudad Mx,Cancún,México,Doméstica,Económica,7,Sábado,132,1600,46,39,False,Clima,88.58,89.3,161,3.3,70.4
VL12461,Avianca,Lima,Santiago,Perú,Internacional,Ejecutiva,5,Lunes,182,2400,0,0,False,,652.35,77.8,171,5.0,70.6
VL11157,Sky Airline,Lima,Santiago,Perú,Internacional,Económica,12,Miércoles,180,2400,8,1,False,,157.2,92.4,166,3.2,72.6
VL12079,Aeroméxico,Ciudad Mx,Miami,México,Internacional,Económica,11,Sábado,170,2100,10,16,False,,146.9,61.4,111,3.6,73.8
VL10765,Avianca,Santiago,São Paulo,Chile,Internacional,Ejecutiva,9,Martes,224,2700,0,1,False,,474.18,98.4,216,2.5,71.1
VL11806,LATAM,Cancún,Bogotá,México,Internacional,Económica,6,Miércoles,275,3500,8,11,False,,490.72,100.0,180,1.8,80.9
VL12506,Aeroméxico,Bogotá,Quito,Colombia,Internacional,Económica,7,Domingo,82,1000,0,0,False,,133.14,93.1,168,4.8,74.4
VL11185,Copa Airlines,Guadalajara,Ciudad Mx,México,Doméstica,Ejecutiva,7,Viernes,55,550,0,0,False,,227.54,93.5,206,5.0,83.2
VL12387,Viva Air,Santiago,São Paulo,Chile,Internacional,Económica,2,Sábado,212,2700,16,40,False,Clima,236.38,67.2,121,3.8,67.5
VL10286,Avianca,Lima,Buenos Aires,Perú,Internacional,Ejecutiva,5,Viernes,260,3100,65,88,False,Aeropuerto,1218.89,75.3,166,3.5,73.7
VL11897,Avianca,Santiago,Lima,Chile,Internacional,Económica,2,Martes,211,2400,0,0,False,,217.17,78.5,141,4.5,71.9
VL10949,Avianca,Santiago,São Paulo,,Internacional,Económica,6,Jueves,205,2700,0,0,False,,211.49,57.1,103,3.9,72.8
VL11603,Avianca,Ciudad Mx,Bogotá,México,Internacional,Ejecutiva,6,Domingo,262,3200,0,0,False,,715.62,86.7,191,3.8,71.1
VL10139,LATAM,Cartagena,Bogotá,Colombia,Doméstica,Ejecutiva,6,Viernes,62,650,0,0,False,,261.21,64.3,141,5.0,78.4
VL10848,Volaris,Medellín,Ciudad Mx,Colombia,Internacional,Económica,2,Viernes,279,3400,0,7,False,,397.26,74.0,133,4.2,65.0
VL11687,LATAM,Medellín,Ciudad Mx,Colombia,Internacional,Económica,2,Lunes,269,3400,0,1,False,,,75.0,135,2.2,76.7
VL11760,Aeroméxico,Lima,Buenos Aires,Perú,Internacional,Económica,8,Lunes,264,3100,0,3,False,,181.73,93.4,168,2.6,75.2
VL11965,LATAM,Santiago,São Paulo,Chile,Internacional,Económica,5,Martes,209,2700,0,0,False,,262.93,64.3,116,4.4,78.4
VL11138,Copa Airlines,Lima,Buenos Aires,Perú,Internacional,Económica,5,Viernes,262,3100,1,0,False,,414.29,85.2,153,4.5,82.3
VL12779,Avianca,Santiago,Lima,Chile,Internacional,Económica,3,Sábado,190,2400,23,28,False,Tripulación,262.89,72.8,131,2.6,69.6
VL12312,Viva Air,Medellín,Ciudad Mx,Colombia,Internacional,Económica,6,Jueves,265,3400,12,1,True,,419.28,82.0,148,4.9,66.8
VL12322,Aeroméxico,Santiago,São Paulo,Chile,Internacional,Económica,7,Miércoles,212,2700,0,14,False,,363.89,89.4,161,3.1,74.3
VL11943,Avianca,Buenos Aires,Lima,Argentina,Internacional,Económica,1,Miércoles,238,3000,0,0,False,,273.65,61.1,110,,72.5
VL11664,Volaris,Cartagena,Bogotá,Colombia,Doméstica,Económica,1,Viernes,73,650,34,41,False,Aeropuerto,100.44,83.9,151,,70.6
VL10444,Viva Air,Bogotá,Quito,Colombia,Internacional,Económica,4,Viernes,83,1000,0,11,False,,74.6,70.8,127,2.5,65.0
VL12087,LATAM,Cancún,Bogotá,México,Internacional,Ejecutiva,12,Viernes,319,3500,0,4,False,,1194.19,100.0,220,4.3,82.9
VL11122,Copa Airlines,Lima,Santiago,Perú,Internacional,Económica,10,Domingo,203,2400,0,0,False,,200.73,74.3,134,3.6,81.0
VL11264,Copa Airlines,Bogotá,Medellín,Colombia,Doméstica,Ejecutiva,12,Sábado,43,580,0,8,False,,142.91,88.8,195,5.0,84.7
VL12069,LATAM,Bogotá,Miami,Colombia,Internacional,Económica,10,Viernes,298,3800,4,0,False,,425.03,59.8,108,3.6,79.9
VL12753,Volaris,Ciudad Mx,Bogotá,México,Internacional,Económica,3,Martes,288,3200,44,32,False,Clima,264.51,83.9,151,3.2,70.3
VL11438,Viva Air,Santiago,Lima,Chile,Internacional,Económica,12,Jueves,203,2400,0,0,False,,315.5,89.0,160,,66.0
VL12565,LATAM,Bogotá,Miami,Colombia,Internacional,Económica,8,Miércoles,295,3800,23,19,False,Clima,371.06,85.4,154,3.6,79.1
VL11173,Aeroméxico,Santiago,Lima,Chile,Internacional,Ejecutiva,2,Miércoles,213,2400,9,10,False,,823.27,82.4,181,5.0,76.2
VL11849,LATAM,Cancún,Bogotá,México,Internacional,Económica,2,Lunes,271,3500,0,0,False,,464.93,77.5,140,4.2,75.9
VL11671,Sky Airline,Lima,Santiago,Perú,Internacional,Económica,10,Martes,198,2400,41,52,False,Tripulación,330.75,85.5,154,2.4,74.6
VL10354,LATAM,Bogotá,Medellín,Colombia,Doméstica,Ejecutiva,12,Lunes,50,580,0,17,False,,145.45,78.8,173,3.0,77.9
VL12345,Aeroméxico,Cancún,Bogotá,México,Internacional,Ejecutiva,9,Domingo,278,3500,0,1,False,,625.28,59.9,132,2.6,73.5
VL11940,Avianca,Bogotá,Medellín,Colombia,Doméstica,Económica,10,Viernes,76,580,28,36,False,Tripulación,45.84,79.9,144,2.4,72.4
VL11076,Aeroméxico,Ciudad Mx,Bogotá,México,Internacional,Económica,1,Martes,268,3200,46,59,False,Operacional,278.27,73.5,132,4.6,76.5
VL12170,Aeroméxico,Buenos Aires,Lima,Argentina,Internacional,Ejecutiva,8,Domingo,258,3000,78,90,False,Clima,546.22,77.3,170,2.2,74.2
VL11227,Copa Airlines,Bogotá,Miami,Colombia,Internacional,Económica,6,Sábado,289,3800,0,0,False,,408.0,90.6,163,4.3,83.4
VL11091,Avianca,Cancún,Bogotá,México,Internacional,Ejecutiva,5,Martes,276,3500,0,15,False,,1006.55,82.2,181,,71.5
VL11151,LATAM,Bogotá,Quito,Colombia,Internacional,Económica,5,Miércoles,75,1000,26,33,False,Aeropuerto,118.35,58.2,105,3.4,79.3
VL11862,LATAM,Ciudad Mx,Cancún,México,Doméstica,Económica,12,Lunes,158,1600,1,0,False,,189.29,100.0,180,3.7,78.0
VL10417,Copa Airlines,Bogotá,Miami,Colombia,Internacional,Ejecutiva,8,Miércoles,295,3800,0,0,False,,856.42,61.6,136,5.0,83.2
VL10966,Avianca,Buenos Aires,Lima,Argentina,Internacional,Ejecutiva,10,Sábado,222,3000,4,2,False,,1058.66,65.3,144,,70.2
VL11242,Volaris,Ciudad Mx,Miami,México,Internacional,Económica,1,Viernes,197,2100,0,0,False,,191.06,73.9,133,4.5,68.0
VL11570,Aeroméxico,Santiago,São Paulo,Chile,Internacional,Económica,2,Viernes,209,2700,0,5,False,,186.88,91.8,165,4.1,75.4
VL11866,Avianca,Bogotá,Medellín,Colombia,Doméstica,Económica,1,Lunes,56,580,34,30,False,Clima,47.99,73.5,132,3.2,72.7
VL10157,LATAM,Ciudad Mx,Miami,México,Internacional,Ejecutiva,2,Viernes,176,2100,0,8,False,,309.97,75.0,165,3.9,78.1
VL11762,Volaris,Ciudad Mx,Cancún,México,Doméstica,Económica,5,Sábado,127,1600,0,4,False,,154.65,81.1,146,2.4,72.8
VL11154,Avianca,Santiago,São Paulo,Chile,Internacional,Económica,4,Sábado,222,2700,14,8,False,,283.81,82.3,148,4.7,73.5
VL11278,LATAM,Ciudad Mx,Cancún,México,Doméstica,Ejecutiva,3,Jueves,134,1600,0,5,False,,208.5,86.0,189,5.0,78.9
VL12237,Copa Airlines,Santiago,Lima,Chile,Internacional,Ejecutiva,5,Domingo,207,2400,0,4,False,,574.38,68.6,151,4.3,82.0
VL12637,Sky Airline,Ciudad Mx,Miami,México,Internacional,Económica,6,Viernes,175,2100,0,0,False,,141.07,61.5,111,5.0,72.8
VL11426,Avianca,Bogotá,Medellín,Colombia,Doméstica,Económica,12,Miércoles,54,580,0,0,False,,65.26,66.5,120,5.0,71.4
VL10760,LATAM,Ciudad Mx,Cancún,México,Doméstica,Económica,7,Domingo,138,1600,24,14,False,Clima,168.51,70.1,126,4.2,75.5
VL10242,Aeroméxico,Guadalajara,Ciudad Mx,México,Doméstica,Económica,5,Sábado,66,550,1,0,False,,30.0,94.8,171,3.2,75.9
VL10884,Sky Airline,Ciudad Mx,Miami,México,Internacional,Primera,8,Lunes,183,2100,0,0,False,,724.94,67.5,202,4.8,75.9
VL10620,Copa Airlines,Santiago,Lima,Chile,Internacional,Económica,7,Jueves,200,2400,0,13,False,,246.71,69.1,124,1.8,82.3
VL12698,Viva Air,Ciudad Mx,Miami,México,Internacional,Económica,12,Domingo,182,2100,0,0,False,,310.7,87.1,157,4.8,65.8
VL12551,Avianca,Ciudad Mx,Cancún,México,Doméstica,Económica,4,Sábado,126,1600,27,43,False,Operacional,207.67,87.1,157,4.0,75.1
VL12207,Aeroméxico,Lima,Santiago,Perú,Internacional,Económica,11,Martes,189,2400,30,26,False,Aeropuerto,323.83,88.6,159,3.8,74.6
VL10537,Avianca,Santiago,Lima,Chile,Internacional,Ejecutiva,9,Sábado,189,2400,0,0,False,,694.96,90.7,200,5.0,75.4
VL12288,LATAM,Lima,Buenos Aires,Perú,Internacional,Económica,3,Jueves,255,3100,0,4,False,,360.31,60.0,108,3.2,77.8
VL10013,Avianca,Santiago,Lima,Chile,Internacional,Económica,4,Lunes,188,2400,0,0,False,,299.75,92.5,166,4.6,72.1
VL11681,Avianca,Cartagena,Bogotá,Colombia,Doméstica,Económica,7,Domingo,56,650,0,0,False,,38.72,74.5,134,5.0,71.2
VL12523,Aeroméxico,Ciudad Mx,Bogotá,México,Internacional,Económica,3,Lunes,246,3200,0,3,False,,311.76,75.2,135,3.4,76.8
VL10740,Sky Airline,Lima,Buenos Aires,Perú,Internacional,Económica,2,Lunes,247,3100,0,0,False,,279.53,61.0,110,4.1,71.5
VL11400,LATAM,Ciudad Mx,Cancún,México,Doméstica,Económica,2,Martes,132,1600,0,0,True,,167.43,76.8,138,4.1,78.1
VL11385,Aeroméxico,Bogotá,Miami,Colombia,Internacional,Económica,9,Martes,290,3800,0,9,False,,306.28,64.6,116,3.4,76.4
VL12843,LATAM,Guadalajara,Ciudad Mx,,Doméstica,Ejecutiva,12,Sábado,63,550,12,11,False,,73.45,85.0,187,3.7,77.9
VL11476,Aeroméxico,Bogotá,Quito,,Internacional,Económica,1,Miércoles,82,1000,37,21,False,Mecánico,105.71,62.7,113,3.3,74.3
VL11696,Aeroméxico,Bogotá,Medellín,Colombia,Doméstica,Económica,12,Domingo,47,580,135,133,False,Aeropuerto,30.0,77.8,140,1.6,72.9
VL12403,Avianca,Bogotá,Miami,Colombia,Internacional,Económica,11,Jueves,308,3800,0,0,False,,511.83,96.9,174,5.0,71.9
VL10334,Sky Airline,Bogotá,Medellín,Colombia,Doméstica,Económica,3,Jueves,44,580,23,31,False,Operacional,62.52,73.4,132,3.1,79.1
VL12736,Copa Airlines,Cartagena,Bogotá,Colombia,Doméstica,Económica,1,Viernes,60,650,49,62,False,Aeropuerto,79.07,64.9,117,1.6,81.7
VL10184,Aeroméxico,Santiago,Lima,Chile,Internacional,Económica,10,Sábado,187,2400,0,3,False,,277.27,64.9,117,3.9,74.7
VL10823,Avianca,Ciudad Mx,Bogotá,México,Internacional,Primera,6,Martes,289,3200,31,30,False,Operacional,1151.07,83.7,251,4.2,70.4
VL12235,LATAM,Santiago,São Paulo,Chile,Internacional,Económica,2,Viernes,219,2700,11,10,False,,323.1,67.2,121,2.6,79.3
VL10941,Sky Airline,Santiago,São Paulo,Chile,Internacional,Ejecutiva,10,Lunes,226,2700,0,16,False,,495.29,92.3,203,2.5,73.2
VL10284,Aeroméxico,Santiago,São Paulo,Chile,Internacional,Económica,8,Domingo,218,2700,31,33,False,Tripulación,226.41,77.9,140,3.3,75.0
VL12989,Volaris,Lima,Santiago,Perú,Internacional,Económica,11,Domingo,185,2400,0,0,True,,125.97,61.6,111,4.7,66.5
VL10165,Aeroméxico,Bogotá,Quito,Colombia,Internacional,Económica,2,Sábado,80,1000,0,5,False,,77.13,68.2,123,2.9,74.0
VL12395,Avianca,Ciudad Mx,Bogotá,México,Internacional,Económica,3,Miércoles,261,3200,0,0,False,,318.03,91.7,165,2.6,70.1
VL12346,LATAM,Cancún,Bogotá,México,Internacional,Ejecutiva,5,Domingo,279,3500,6,0,False,,911.35,68.9,152,3.1,79.8
VL12583,Copa Airlines,Lima,Buenos Aires,Perú,Internacional,Económica,4,Sábado,232,3100,0,0,False,,304.24,74.6,134,4.5,83.4
VL12277,Avianca,Medellín,Ciudad Mx,Colombia,Internacional,Económica,9,Viernes,269,3400,0,0,False,,298.35,84.5,152,3.7,73.5
VL11851,Avianca,Bogotá,Quito,Colombia,Internacional,Económica,2,Jueves,103,1000,16,14,True,Aeropuerto,122.2,99.1,178,2.9,68.8
VL11718,Aeroméxico,Cartagena,Bogotá,Colombia,Doméstica,Económica,2,Lunes,89,650,66,75,False,Clima,71.26,90.9,164,2.7,76.7
VL10041,Viva Air,Medellín,Ciudad Mx,Colombia,Internacional,Económica,3,Miércoles,263,3400,0,0,False,,418.83,63.2,114,3.6,64.6
VL12916,Viva Air,Buenos Aires,Lima,Argentina,Internacional,Económica,8,Domingo,256,3000,0,1,False,,189.56,87.0,157,4.3,66.5
VL12796,LATAM,Bogotá,Medellín,Colombia,Doméstica,Económica,1,Martes,70,580,0,5,False,,42.72,85.7,154,2.6,78.0
VL10779,Sky Airline,Cancún,Bogotá,México,Internacional,Económica,3,Viernes,324,3500,0,4,False,,242.52,87.2,157,4.0,69.5
VL11886,Avianca,Bogotá,Medellín,Colombia,Doméstica,Económica,12,Lunes,55,580,0,0,False,,46.17,89.9,162,3.6,71.9
VL12494,Aeroméxico,Medellín,Ciudad Mx,Colombia,Internacional,Económica,11,Viernes,273,3400,47,56,False,Aeropuerto,406.52,55.7,100,3.5,76.8
VL12397,Aeroméxico,Bogotá,Medellín,Colombia,Doméstica,Económica,7,Sábado,44,580,0,0,False,,73.15,75.5,136,4.0,75.7
VL12093,LATAM,Medellín,Ciudad Mx,Colombia,Internacional,Primera,2,Miércoles,266,3400,11,18,False,,2078.6,66.1,198,3.8,80.1
VL12993,Aeroméxico,Ciudad Mx,Bogotá,México,Internacional,Económica,7,Lunes,273,3200,4,12,False,,212.49,67.6,122,2.6,78.8
VL12156,LATAM,Ciudad Mx,Cancún,México,Doméstica,Económica,1,Domingo,126,1600,0,0,False,,146.4,70.4,127,3.4,77.9
VL11685,Avianca,Lima,Santiago,Perú,Internacional,Ejecutiva,10,Miércoles,196,2400,14,10,False,,350.49,76.8,169,3.8,75.4
VL10029,Copa Airlines,Bogotá,Medellín,Colombia,Doméstica,Económica,6,Jueves,73,580,55,53,False,Tripulación,98.72,82.3,148,3.0,81.4
VL10181,Avianca,Ciudad Mx,Cancún,México,Doméstica,Económica,8,Jueves,129,1600,36,47,False,Clima,120.39,83.4,150,2.7,73.4
VL12669,Volaris,Bogotá,Miami,Colombia,Internacional,Ejecutiva,1,Lunes,330,3800,47,46,False,Operacional,800.74,71.9,158,2.7,69.7
VL10634,LATAM,Ciudad Mx,Cancún,México,Doméstica,Económica,5,Miércoles,144,1600,0,0,False,,134.26,84.7,152,4.5,80.5
VL10104,Avianca,Guadalajara,Ciudad Mx,México,Doméstica,Económica,1,Martes,64,550,0,0,False,,35.69,89.5,161,4.2,73.2
VL10060,Avianca,Ciudad Mx,Bogotá,México,Internacional,Económica,11,Domingo,262,3200,0,0,False,,234.17,74.1,133,4.3,74.9
VL12706,Sky Airline,Ciudad Mx,Cancún,México,Doméstica,Ejecutiva,8,Domingo,142,1600,0,0,False,,271.62,76.5,168,3.9,76.0
VL11107,LATAM,Ciudad Mx,Miami,México,Internacional,Económica,3,Viernes,199,2100,0,0,False,,221.08,91.2,164,,80.2
VL10490,LATAM,Lima,Buenos Aires,Perú,Internacional,Económica,10,Viernes,279,3100,2,24,False,,353.58,80.5,145,4.2,78.2
VL10315,Copa Airlines,Buenos Aires,Lima,Argentina,Internacional,Ejecutiva,10,Lunes,226,3000,10,13,False,,860.82,76.3,168,3.5,82.4
VL11474,Copa Airlines,Bogotá,Miami,Colombia,Internacional,Económica,6,Sábado,305,3800,0,0,False,,234.4,71.8,129,3.6,80.9
VL12032,Aeroméxico,Lima,Buenos Aires,Perú,Internacional,Económica,5,Jueves,238,3100,0,1,False,,193.52,89.8,162,,75.8
VL10381,Aeroméxico,Buenos Aires,Lima,Argentina,Internacional,Económica,8,Miércoles,249,3000,21,23,False,Clima,233.81,58.0,104,3.7,75.4
VL10422,Volaris,Bogotá,Medellín,Colombia,Doméstica,Económica,9,Viernes,40,580,0,0,False,,62.77,82.1,148,4.8,70.8
VL12972,Volaris,Ciudad Mx,Miami,México,Internacional,Económica,5,Jueves,192,2100,0,0,False,,209.49,80.0,144,,70.7
VL10445,Copa Airlines,Guadalajara,Ciudad Mx,México,Doméstica,Económica,10,Lunes,71,550,0,0,False,,82.41,80.6,145,4.9,83.6
VL10663,LATAM,Santiago,Lima,Chile,Internacional,Ejecutiva,8,Lunes,213,2400,0,6,False,,731.27,67.4,148,4.8,76.7
VL11024,Copa Airlines,Guadalajara,Ciudad Mx,México,Doméstica,Económica,8,Sábado,40,550,3,18,False,,37.62,74.7,134,4.5,81.5
VL12827,LATAM,Ciudad Mx,Cancún,México,Doméstica,Económica,11,Domingo,138,1600,19,11,False,Aeropuerto,153.41,100.0,180,3.3,78.1
VL10626,LATAM,Lima,Buenos Aires,Perú,Internacional,Ejecutiva,12,Viernes,263,3100,0,0,False,,869.74,77.2,170,,78.0
VL11481,Aeroméxico,Ciudad Mx,Cancún,México,Doméstica,Económica,1,Sábado,137,1600,0,0,False,,218.18,69.3,125,5.0,74.1
VL11512,LATAM,Cartagena,Bogotá,Colombia,Doméstica,Económica,10,Miércoles,74,650,12,10,False,,47.96,80.8,145,3.4,79.1
VL11112,LATAM,Santiago,Lima,Chile,Internacional,Económica,8,Sábado,195,2400,1,0,False,,289.09,92.4,166,4.7,76.4
VL11507,LATAM,Medellín,Ciudad Mx,Colombia,Internacional,Económica,3,Viernes,248,3400,9,15,False,,282.14,91.8,165,3.5,76.8
VL11484,LATAM,Bogotá,Miami,Colombia,Internacional,Económica,4,Lunes,313,3800,44,45,False,Clima,289.89,82.4,148,3.2,76.7
VL10268,Copa Airlines,Ciudad Mx,Bogotá,México,Internacional,Económica,6,Martes,246,3200,26,26,False,Tripulación,376.19,85.5,154,2.4,81.9
VL11321,Viva Air,Ciudad Mx,Cancún,México,Doméstica,Económica,1,Miércoles,129,1600,0,0,False,,91.4,65.7,118,5.0,65.9
VL11905,LATAM,Santiago,Lima,Chile,Internacional,Primera,10,Jueves,194,2400,0,0,False,,1240.31,78.9,237,5.0,79.9
VL11119,Volaris,Ciudad Mx,Cancún,México,Doméstica,Económica,7,Sábado,113,1600,0,4,False,,174.24,74.4,134,3.2,66.7
VL10011,Avianca,Cartagena,Bogotá,Colombia,Doméstica,Ejecutiva,10,Jueves,68,650,13,2,False,,203.43,92.6,204,2.9,68.7
VL10114,LATAM,Cancún,Bogotá,México,Internacional,Económica,12,Miércoles,275,3500,0,0,False,,491.82,80.4,145,4.3,78.9
VL10843,Aeroméxico,Cartagena,Bogotá,Colombia,Doméstica,Económica,5,Sábado,53,650,102,125,False,Operacional,40.37,88.8,160,1.4,75.7
VL11452,Sky Airline,Lima,Santiago,Perú,Internacional,Económica,1,Sábado,196,2400,7,0,False,,292.78,84.6,152,2.8,69.0
VL11755,Sky Airline,Bogotá,Quito,Colombia,Internacional,Ejecutiva,7,Viernes,86,1000,7,14,False,,137.53,54.7,120,3.0,71.6
VL11973,Copa Airlines,Medellín,Ciudad Mx,Colombia,Internacional,Ejecutiva,7,Sábado,270,3400,0,0,False,,642.91,95.6,210,4.6,83.0
VL11788,Aeroméxico,Bogotá,Medellín,Colombia,Doméstica,Económica,9,Sábado,68,580,0,4,False,,64.97,86.9,156,3.0,74.1
VL12400,Avianca,Bogotá,Miami,Colombia,Internacional,Económica,4,Martes,300,3800,0,0,False,,371.69,85.4,154,4.6,71.2
VL12700,Avianca,Medellín,Ciudad Mx,Colombia,Internacional,Ejecutiva,10,Martes,285,3400,0,2,False,,1067.84,84.9,187,,70.4
VL10773,Volaris,Ciudad Mx,Bogotá,México,Internacional,Económica,5,Jueves,240,3200,3,0,False,,412.67,90.0,162,3.4,69.3
VL11979,LATAM,Bogotá,Quito,Colombia,Internacional,Económica,11,Viernes,98,1000,0,11,False,,85.7,64.5,116,2.1,80.0
VL10690,Volaris,Bogotá,Miami,Colombia,Internacional,Ejecutiva,5,Domingo,334,3800,26,21,False,Operacional,1055.18,81.3,179,3.8,68.8
VL11946,Copa Airlines,Lima,Buenos Aires,Perú,Internacional,Económica,8,Lunes,238,3100,0,0,False,,288.44,74.2,134,3.9,82.4
VL10790,LATAM,Ciudad Mx,Cancún,México,Doméstica,Ejecutiva,5,Miércoles,145,1600,0,0,False,,375.11,76.8,169,4.9,76.4
VL12579,Aeroméxico,Cancún,Bogotá,México,Internacional,Económica,10,Sábado,280,3500,0,13,False,,248.77,86.9,156,4.1,73.0
VL12915,LATAM,Cancún,Bogotá,México,Internacional,Económica,5,Domingo,289,3500,0,0,False,,357.68,76.6,138,3.7,78.1
VL10169,Aeroméxico,Santiago,São Paulo,Chile,Internacional,Económica,5,Miércoles,200,2700,15,19,False,,180.44,57.1,103,2.8,74.9
VL12287,LATAM,Bogotá,Miami,Colombia,Internacional,Económica,4,Jueves,291,3800,0,0,False,,390.22,85.8,154,4.7,77.2
VL11184,LATAM,Ciudad Mx,Cancún,México,Doméstica,Económica,4,Viernes,128,1600,17,14,False,Clima,115.98,59.1,106,3.6,77.9
VL12121,Viva Air,Medellín,Ciudad Mx,Colombia,Internacional,Económica,5,Martes,303,3400,0,4,False,,336.34,68.4,123,3.6,64.0
VL11553,Sky Airline,Lima,Santiago,Perú,Internacional,Económica,10,Viernes,211,2400,0,0,False,,233.16,67.5,122,4.3,75.4
VL12809,Aeroméxico,Buenos Aires,Lima,,Internacional,Económica,12,Lunes,227,3000,0,0,False,,264.3,88.6,159,4.0,73.9
VL12788,Viva Air,Guadalajara,Ciudad Mx,México,Doméstica,Económica,5,Jueves,63,550,62,74,False,Aeropuerto,30.0,77.2,139,2.5,66.0
VL10750,Sky Airline,Ciudad Mx,Cancún,México,Doméstica,Económica,9,Jueves,145,1600,0,0,False,,165.86,99.3,179,3.4,72.1
VL12789,LATAM,Cartagena,Bogotá,Colombia,Doméstica,Económica,10,Viernes,78,650,0,13,False,,88.99,72.1,130,4.6,75.6
VL12878,Aeroméxico,Santiago,São Paulo,Chile,Internacional,Económica,12,Viernes,213,2700,472,490,False,Clima,308.11,92.1,166,1.1,77.3
VL11819,LATAM,Ciudad Mx,Bogotá,México,Internacional,Económica,2,Jueves,250,3200,0,3,False,,214.13,73.3,132,2.2,78.4
VL12095,Aeroméxico,Ciudad Mx,Miami,México,Internacional,Ejecutiva,7,Miércoles,179,2100,0,6,False,,361.48,60.1,132,5.0,74.6
VL12810,LATAM,Santiago,Lima,Chile,Internacional,Económica,3,Domingo,209,2400,8,0,False,,295.48,64.8,117,5.0,79.8
VL10591,LATAM,Cancún,Bogotá,México,Internacional,Económica,6,Martes,285,3500,4,0,False,,446.67,93.6,168,4.6,78.5
VL10807,Avianca,Guadalajara,Ciudad Mx,México,Doméstica,Económica,9,Viernes,57,550,4,5,False,,78.52,84.0,151,3.6,70.9
VL11083,Volaris,Lima,Santiago,Perú,Internacional,Económica,9,Viernes,207,2400,23,25,False,Tripulación,163.72,100.0,180,3.4,67.4
VL12553,Copa Airlines,Guadalajara,Ciudad Mx,México,Doméstica,Económica,5,Sábado,83,550,47,56,False,Aeropuerto,67.62,65.2,117,3.1,83.2
VL11044,Aeroméxico,Lima,Santiago,Perú,Internacional,Ejecutiva,12,Sábado,208,2400,0,0,False,,552.64,93.6,206,2.9,73.1
VL11448,Avianca,Guadalajara,Ciudad Mx,México,Doméstica,Económica,11,Viernes,66,550,0,0,False,,72.52,59.5,107,4.1,72.2
VL10652,Volaris,Santiago,São Paulo,Chile,Internacional,Económica,8,Miércoles,209,2700,0,0,False,,243.79,73.0,131,3.2,71.6
VL12240,Viva Air,Ciudad Mx,Miami,México,Internacional,Económica,4,Miércoles,168,2100,72,77,False,Clima,179.86,75.9,137,3.4,61.4
VL11666,LATAM,Santiago,Lima,Chile,Internacional,Económica,3,Lunes,197,2400,33,35,False,Aeropuerto,124.51,90.5,163,4.2,78.3
VL11239,Avianca,Santiago,Lima,Chile,Internacional,Económica,7,Miércoles,187,2400,3,0,False,,227.03,58.3,105,3.7,71.4
VL10244,Copa Airlines,Bogotá,Medellín,Colombia,Doméstica,Ejecutiva,7,Viernes,51,580,1,4,False,,155.74,74.7,164,2.6,80.8
VL11387,LATAM,Ciudad Mx,Cancún,México,Doméstica,Primera,10,Domingo,142,1600,0,0,False,,542.75,100.0,300,,79.2
VL12022,Viva Air,Guadalajara,Ciudad Mx,México,Doméstica,Ejecutiva,4,Domingo,51,550,0,3,False,,,68.5,151,4.3,64.3
VL10059,Viva Air,Bogotá,Miami,Colombia,Internacional,Ejecutiva,7,Martes,279,3800,50,53,False,Clima,1283.84,92.1,203,4.5,64.2
VL11245,Viva Air,Cancún,Bogotá,México,Internacional,Económica,10,Domingo,279,3500,0,0,False,,429.17,64.8,117,,64.6
VL10176,Copa Airlines,Buenos Aires,Lima,Argentina,Internacional,Económica,7,Miércoles,240,3000,8,1,False,,232.07,66.9,120,2.4,83.3
VL10449,LATAM,Bogotá,Medellín,Colombia,Doméstica,Económica,3,Miércoles,65,580,0,8,False,,78.73,100.0,180,3.3,79.3
VL10055,Viva Air,Guadalajara,Ciudad Mx,México,Doméstica,Económica,2,Domingo,66,550,66,71,False,Tripulación,77.8,82.6,149,2.0,68.3
VL12967,LATAM,Santiago,São Paulo,Chile,Internacional,Ejecutiva,3,Lunes,217,2700,62,45,False,Operacional,771.55,73.0,161,3.8,79.4
VL11972,Aeroméxico,Bogotá,Miami,Colombia,Internacional,Económica,9,Miércoles,314,3800,15,25,False,,355.56,85.7,154,4.8,74.3
VL11092,Aeroméxico,Santiago,São Paulo,Chile,Internacional,Económica,3,Jueves,214,2700,38,42,False,Aeropuerto,284.4,71.1,128,2.0,73.9
VL11768,Copa Airlines,Ciudad Mx,Bogotá,México,Internacional,Económica,6,Viernes,241,3200,0,17,False,,324.72,87.2,157,3.3,82.5
VL11737,Avianca,Santiago,Lima,Chile,Internacional,Económica,6,Viernes,196,2400,73,60,True,Clima,228.74,69.0,124,4.1,73.4
VL11209,LATAM,Cartagena,Bogotá,Colombia,Doméstica,Ejecutiva,11,Viernes,68,650,0,4,False,,166.82,94.1,207,3.4,79.5
VL10641,Sky Airline,Bogotá,Miami,Colombia,Internacional,Ejecutiva,2,Viernes,321,3800,0,8,False,,674.03,86.9,191,3.7,73.5
