monto,hora_del_dia,dispositivo,antiguedad_cuenta_dias,ubicacion_nueva,n_tx_ultimas_24h,n_tx_ultimos_7d,intentos_pin_fallidos_24h,categoria_comercio,dia_de_la_semana,monto_vs_promedio_cliente,es_fraude
1949.63,22,mobile_android,476,False,3,5,0,supermercado,dom,0.97,0
3954.93,11,mobile_ios,761,False,2,6,0,gastronomia,lun,1.16,0
1592.71,13,mobile_android,956,False,0,4,0,electronicos,jue,1.34,0
15867.28,11,mobile_android,435,False,0,2,0,viajes,vie,1.27,0
1372.02,9,web,1483,False,3,6,0,gastronomia,sab,0.45,0
1408.07,12,mobile_android,987,False,4,8,0,gastronomia,dom,1.47,0
18235.33,21,mobile_ios,158,False,2,4,0,supermercado,mar,0.79,0
7058.22,23,mobile_ios,299,False,3,6,0,transferencia_p2p,sab,1.37,0
861.48,12,web,2088,False,0,8,0,vestimenta,jue,1.21,0
3446.33,18,mobile_android,449,False,0,6,0,supermercado,sab,1.32,0
1803.07,10,mobile_ios,618,False,2,8,0,gastronomia,jue,1.16,0
1551.16,17,mobile_ios,794,False,1,6,0,transferencia_p2p,sab,1.29,0
11585.48,13,web,780,False,0,4,0,viajes,sab,0.59,0
609.9,12,mobile_ios,1711,False,0,2,0,gastronomia,sab,0.88,0
16337.79,12,mobile_ios,600,False,1,7,0,vestimenta,mar,0.38,0
5456.4,9,mobile_android,386,False,0,2,0,supermercado,mie,0.77,0
740.41,18,mobile_ios,946,False,2,5,0,supermercado,dom,1.23,0
5543.18,9,mobile_ios,141,False,0,5,0,transferencia_p2p,mar,0.29,0
7124.02,20,mobile_android,844,False,3,9,0,supermercado,lun,0.12,0
4065.92,16,mobile_android,470,False,2,6,0,supermercado,lun,1.06,0
3072.6,19,mobile_ios,651,False,1,7,0,electronicos,vie,1.87,0
15116.76,13,mobile_ios,832,False,0,3,0,cripto,lun,1.28,0
2536.98,13,mobile_ios,1772,False,2,6,1,vestimenta,sab,0.9,0
28358.58,20,web,909,False,3,3,0,vestimenta,vie,0.6,0
10506.54,22,mobile_ios,1766,False,2,4,0,gastronomia,mie,0.8,0
8912.28,19,mobile_ios,566,False,0,8,0,electronicos,lun,0.65,0
1597.02,23,mobile_android,705,False,0,3,1,supermercado,mar,0.85,0
1321.18,9,mobile_android,465,True,0,2,0,supermercado,vie,1.16,0
1902.41,19,mobile_android,1623,False,1,4,0,vestimenta,jue,0.82,0
1669.9,20,mobile_android,1757,False,0,8,0,supermercado,sab,1.17,0
2776.94,19,mobile_ios,2196,False,5,6,0,transferencia_p2p,sab,1.06,0
5763.99,20,mobile_android,815,False,1,4,0,transferencia_p2p,mar,1.06,0
783.61,9,mobile_ios,410,True,3,5,1,transferencia_p2p,mar,1.1,0
1743.55,19,web,926,False,2,6,0,cripto,dom,0.81,1
6828.06,10,mobile_android,1034,False,1,7,0,electronicos,sab,1.39,0
2025.32,13,mobile_android,1279,False,0,6,0,supermercado,dom,0.7,0
27787.37,18,mobile_android,372,False,2,10,0,juegos_online,jue,0.45,0
3454.34,16,mobile_ios,558,False,1,4,0,viajes,jue,0.96,0
8598.15,12,mobile_android,1047,False,4,8,1,vestimenta,vie,1.46,1
17042.97,0,mobile_android,457,False,0,8,0,transferencia_p2p,mie,1.04,0
14707.19,21,mobile_ios,434,False,1,4,0,supermercado,sab,1.32,0
7575.23,13,mobile_android,1079,False,1,6,0,cripto,vie,0.56,0
5601.68,7,mobile_android,396,False,0,5,0,vestimenta,sab,1.22,0
8049.35,19,web,1664,False,0,8,0,supermercado,dom,1.32,0
22865.55,19,web,298,False,4,8,0,supermercado,dom,0.83,0
738.87,20,mobile_ios,423,False,1,3,0,vestimenta,sab,0.65,0
6286.06,20,mobile_android,743,False,1,7,0,cripto,dom,0.5,0
1097.29,22,mobile_ios,584,False,0,2,1,cripto,mie,0.58,0
6289.69,21,mobile_android,947,False,2,4,0,gastronomia,mie,0.95,0
5709.09,20,mobile_ios,1485,False,1,5,0,transferencia_p2p,dom,1.16,0
19127.78,9,mobile_ios,784,False,0,4,0,viajes,jue,0.45,0
1811.2,22,mobile_android,694,False,0,6,0,cripto,sab,0.75,0
2432.9,14,mobile_ios,834,True,1,6,0,vestimenta,dom,0.61,0
2063.75,0,mobile_android,597,False,0,2,0,vestimenta,mar,0.43,0
3694.23,20,mobile_ios,202,False,1,2,0,supermercado,mar,1.0,0
1034.0,21,mobile_android,1409,True,2,11,0,vestimenta,mar,1.28,0
6122.1,19,mobile_android,940,False,1,5,0,supermercado,mar,1.29,0
3113.06,19,mobile_ios,999,False,2,4,0,gastronomia,lun,1.05,0
3329.84,19,mobile_android,587,False,2,5,0,supermercado,vie,1.75,0
35347.81,12,web,982,False,0,8,0,gastronomia,vie,1.0,0
1809.81,12,mobile_android,766,False,1,8,1,vestimenta,lun,1.74,0
4676.46,22,web,581,False,0,3,0,gastronomia,vie,1.1,0
11131.95,21,mobile_android,45,False,4,6,0,vestimenta,vie,1.21,0
1114.59,21,mobile_ios,2323,False,4,9,0,vestimenta,sab,0.9,0
3119.63,21,mobile_android,1654,True,1,4,0,supermercado,vie,0.44,0
3660.38,17,mobile_ios,1772,False,0,1,0,supermercado,lun,0.75,0
2570.43,13,mobile_ios,815,False,5,10,0,supermercado,sab,0.77,0
3691.91,13,mobile_ios,964,False,4,6,1,gastronomia,jue,1.32,0
4174.6,14,mobile_android,2369,False,0,5,0,supermercado,sab,1.04,0
4661.55,13,mobile_android,1228,False,2,8,1,supermercado,mar,0.46,0
4218.87,19,mobile_ios,872,False,1,6,1,transferencia_p2p,sab,1.05,0
1101.21,12,mobile_ios,831,False,0,3,1,transferencia_p2p,lun,0.87,0
23785.81,20,mobile_android,803,False,1,5,0,electronicos,lun,1.01,0
4895.12,18,mobile_android,561,False,2,4,0,viajes,vie,1.14,0
1755.86,18,mobile_android,556,False,2,7,0,supermercado,mie,0.96,0
5009.52,17,mobile_ios,2084,False,2,5,1,supermercado,sab,1.03,0
7344.18,9,mobile_ios,216,False,3,7,1,supermercado,mar,1.72,0
9602.75,11,mobile_ios,704,False,3,6,0,supermercado,sab,0.87,0
2511.37,19,mobile_ios,292,False,2,3,0,supermercado,sab,0.69,0
3047.4,20,mobile_android,620,False,0,3,0,viajes,sab,0.53,0
2662.03,12,mobile_ios,930,False,0,4,1,vestimenta,dom,0.45,0
814.0,22,mobile_android,1619,False,2,7,1,cripto,sab,0.39,0
38400.32,13,mobile_android,1232,False,1,3,0,gastronomia,vie,0.88,0
6198.91,16,mobile_android,927,False,0,2,1,supermercado,vie,1.64,0
3070.48,10,mobile_ios,858,False,1,3,0,gastronomia,mie,1.2,0
12847.92,13,mobile_android,625,False,2,3,0,gastronomia,dom,1.65,0
6883.66,8,mobile_android,1536,False,1,6,1,juegos_online,mie,1.86,0
5011.05,22,mobile_android,1393,False,1,3,3,transferencia_p2p,sab,1.44,0
8486.0,0,mobile_ios,407,False,1,3,1,electronicos,jue,0.57,0
1618.27,12,mobile_ios,616,False,0,5,0,gastronomia,vie,1.56,0
1573.64,23,mobile_ios,1756,False,2,4,1,supermercado,dom,1.14,0
11003.77,13,mobile_android,578,False,2,6,0,supermercado,mar,0.81,0
9727.77,22,mobile_android,1177,False,2,7,0,transferencia_p2p,vie,0.92,0
8480.15,12,mobile_ios,196,False,0,1,0,supermercado,sab,0.92,0
2602.93,18,mobile_ios,781,False,2,7,0,transferencia_p2p,dom,0.93,0
2777.55,14,mobile_android,1040,False,3,7,0,supermercado,sab,0.87,0
18819.72,12,web,1956,False,1,3,0,supermercado,vie,0.86,0
4611.57,11,mobile_ios,682,False,0,4,0,vestimenta,jue,0.85,0
8449.14,15,mobile_ios,587,False,2,7,0,transferencia_p2p,mie,0.81,0
2672.19,13,mobile_android,728,False,0,2,1,electronicos,mar,1.52,0
2526.35,10,mobile_android,1726,False,1,6,0,vestimenta,mar,0.9,0
1810.43,9,mobile_ios,824,False,1,5,0,electronicos,vie,0.96,0
37716.2,18,mobile_android,2468,False,1,6,0,supermercado,jue,1.02,0
1390.65,9,mobile_android,1622,False,0,7,0,gastronomia,mie,1.04,0
2301.52,22,mobile_android,912,False,2,9,0,transferencia_p2p,vie,1.38,0
66507.31,13,mobile_android,1294,False,0,6,0,supermercado,sab,1.54,0
5700.58,12,mobile_android,468,False,0,2,0,supermercado,vie,0.69,0
23376.69,22,web,1071,False,2,7,0,viajes,jue,0.79,0
10293.35,13,mobile_android,1699,True,2,4,0,gastronomia,dom,0.66,0
54761.66,21,mobile_ios,254,False,1,4,0,transferencia_p2p,jue,0.78,0
4702.77,20,mobile_android,364,False,1,3,0,vestimenta,jue,0.9,0
2006.03,11,mobile_android,414,False,2,6,0,cripto,mar,0.84,0
2582.37,11,mobile_ios,1637,False,1,6,0,vestimenta,jue,0.76,0
1312.09,20,mobile_ios,951,False,0,1,0,supermercado,jue,1.31,0
3683.86,21,mobile_android,241,False,1,2,0,electronicos,mie,1.21,0
40855.86,16,mobile_android,3138,False,0,0,0,gastronomia,vie,0.26,0
3895.87,0,web,932,False,2,6,0,supermercado,mar,0.59,0
4002.17,22,mobile_ios,1162,False,3,5,0,gastronomia,vie,0.39,0
1514.95,11,mobile_android,1325,False,0,4,0,viajes,jue,0.65,0
6779.11,11,mobile_android,709,True,2,4,0,transferencia_p2p,lun,0.59,0
800.51,20,web,30,False,1,5,0,vestimenta,dom,1.08,0
5492.68,22,mobile_ios,1123,False,2,6,0,supermercado,vie,1.56,0
23881.9,12,mobile_ios,696,False,2,8,0,supermercado,sab,1.09,0
3091.95,19,web,1835,False,1,7,0,gastronomia,mie,0.55,0
12522.06,18,mobile_ios,1478,False,1,6,0,vestimenta,jue,1.64,0
633.64,18,mobile_ios,865,False,2,7,0,viajes,jue,0.74,0
3994.52,15,mobile_ios,282,False,1,7,0,cripto,vie,1.23,0
257.18,20,mobile_android,1499,False,1,6,0,gastronomia,lun,1.05,0
8460.59,22,mobile_ios,1799,False,3,7,0,gastronomia,mie,1.02,0
4771.83,22,mobile_ios,2880,False,2,2,0,electronicos,jue,0.05,0
640.71,18,mobile_android,576,False,2,6,0,vestimenta,sab,0.91,0
4153.88,22,web,1497,False,1,6,0,electronicos,lun,0.82,0
19862.46,12,mobile_android,1357,False,2,8,0,viajes,vie,0.91,0
5242.4,20,mobile_ios,913,False,0,6,0,gastronomia,mie,1.02,0
1962.44,17,mobile_ios,553,False,0,4,0,gastronomia,mie,1.32,0
1896.8,20,mobile_ios,507,False,0,4,0,viajes,sab,1.37,0
1239.25,13,mobile_ios,161,False,0,3,1,gastronomia,jue,0.95,0
5484.88,20,mobile_ios,1108,False,1,4,0,supermercado,vie,0.6,0
3513.57,22,mobile_android,770,False,2,6,0,electronicos,dom,0.61,0
4845.6,19,mobile_android,794,False,1,1,0,gastronomia,mar,0.68,0
1258.85,21,mobile_android,258,False,2,3,1,viajes,lun,0.89,0
12481.21,17,mobile_ios,628,False,0,5,0,cripto,jue,0.52,0
1324.13,1,mobile_android,28,True,2,6,2,cripto,vie,1.88,1
5019.3,21,mobile_ios,746,False,1,7,0,electronicos,mie,1.19,0
1273.57,21,mobile_ios,902,False,0,3,0,supermercado,jue,1.07,0
9037.7,21,web,1092,False,4,7,0,supermercado,dom,0.31,0
4101.57,13,mobile_android,2137,False,1,9,0,supermercado,mie,0.58,0
6939.72,18,mobile_ios,2034,False,2,5,0,supermercado,vie,0.72,0
4195.03,22,mobile_android,378,False,1,6,0,supermercado,sab,1.15,0
5330.88,23,mobile_android,1928,False,1,3,0,transferencia_p2p,sab,1.11,0
3744.42,12,web,133,False,0,8,0,transferencia_p2p,sab,0.7,0
1276.86,12,mobile_ios,481,False,1,5,0,transferencia_p2p,lun,1.12,0
4236.6,19,mobile_android,1420,False,2,7,0,viajes,mar,1.46,0
3437.47,19,mobile_android,294,True,0,4,1,electronicos,lun,2.35,1
7013.68,23,mobile_ios,1565,False,2,5,2,gastronomia,mar,0.96,0
3580.29,0,mobile_ios,1447,True,3,6,0,supermercado,sab,0.91,0
1877.61,11,web,1388,False,2,8,0,supermercado,vie,1.88,0
1957.02,19,mobile_ios,97,False,2,6,0,gastronomia,vie,1.02,0
3075.3,11,mobile_ios,1069,False,0,1,0,transferencia_p2p,sab,1.22,0
1614.95,22,mobile_android,1457,False,0,3,0,supermercado,mar,1.48,0
2752.66,15,web,1032,False,0,4,0,viajes,lun,1.01,0
4699.42,9,mobile_android,519,False,2,3,0,viajes,mie,0.78,0
3772.81,17,mobile_ios,689,False,1,7,0,transferencia_p2p,lun,0.7,0
2852.94,11,mobile_ios,2165,False,1,7,1,electronicos,sab,0.74,0
1292.52,12,mobile_android,766,False,3,6,0,vestimenta,lun,0.33,0
14007.15,19,mobile_android,672,False,1,5,0,gastronomia,dom,1.25,0
4062.88,21,mobile_android,726,False,2,9,1,cripto,sab,1.17,0
910.1,11,mobile_android,285,False,2,7,0,supermercado,sab,1.47,0
2778.32,12,mobile_android,185,False,0,4,0,juegos_online,lun,0.67,0
2257.28,22,mobile_android,927,False,2,7,0,supermercado,lun,0.28,0
4173.88,21,web,1365,False,1,5,0,viajes,lun,0.91,0
3638.9,13,mobile_android,868,False,0,3,0,gastronomia,lun,0.49,0
5974.6,12,mobile_ios,1889,False,1,3,0,supermercado,jue,0.57,0
3388.02,20,web,490,False,1,6,0,supermercado,lun,1.41,0
2739.79,23,mobile_android,280,False,0,3,0,supermercado,dom,0.49,0
1301.79,11,mobile_ios,378,False,0,6,0,viajes,jue,1.59,0
1079.44,13,mobile_android,1083,False,2,6,0,electronicos,mie,1.57,0
9931.59,21,mobile_android,2056,False,1,3,0,transferencia_p2p,vie,0.49,0
4735.06,10,mobile_ios,1700,False,1,3,1,vestimenta,mie,0.84,0
15952.86,12,web,463,False,1,2,1,transferencia_p2p,dom,0.81,0
22913.97,14,mobile_android,2249,False,1,5,0,viajes,sab,1.55,0
6072.43,13,mobile_ios,305,False,2,9,1,vestimenta,lun,1.0,0
4003.11,15,mobile_android,1961,False,0,7,0,electronicos,lun,1.06,0
2494.48,14,mobile_android,837,False,0,4,0,electronicos,jue,0.86,0
1547.62,13,mobile_android,1717,False,0,3,0,supermercado,jue,0.5,0
7522.91,12,mobile_ios,505,False,1,3,0,transferencia_p2p,mar,1.04,0
1273.89,9,mobile_ios,384,False,3,6,0,supermercado,sab,0.62,0
5444.93,15,web,1187,False,1,6,0,gastronomia,sab,1.43,0
2535.71,18,mobile_android,915,False,2,5,1,transferencia_p2p,lun,0.55,0
1256.95,10,mobile_android,1347,False,1,6,0,gastronomia,mie,0.8,0
6802.77,21,mobile_ios,1379,False,0,5,0,supermercado,vie,1.46,0
831.19,13,mobile_ios,271,False,1,4,0,supermercado,lun,1.38,0
12544.66,13,mobile_ios,249,False,2,5,0,gastronomia,sab,1.04,0
13417.7,21,mobile_ios,714,False,2,5,0,vestimenta,vie,1.8,0
6514.92,12,web,471,False,0,4,0,vestimenta,jue,1.72,0
17662.26,15,mobile_ios,490,False,0,5,0,supermercado,lun,0.83,0
251.43,10,mobile_android,907,False,1,5,0,supermercado,lun,1.89,0
4059.04,9,mobile_android,648,False,0,7,0,electronicos,dom,0.7,0
1181.78,11,web,826,False,0,1,0,juegos_online,sab,0.82,0
4976.79,12,web,230,False,0,0,0,supermercado,vie,0.83,0
885.79,17,mobile_android,784,False,3,9,0,juegos_online,vie,1.12,0
5119.39,20,mobile_android,283,False,0,3,0,juegos_online,vie,0.84,0
21007.77,12,mobile_android,1249,True,0,8,0,cripto,lun,1.6,0
6427.94,13,web,655,False,1,4,0,supermercado,dom,0.53,0
6770.79,21,mobile_android,241,False,1,2,1,supermercado,mar,1.45,0
4328.63,9,mobile_ios,2692,False,0,4,0,supermercado,sab,0.9,0
5034.1,13,mobile_android,707,False,1,8,0,transferencia_p2p,lun,0.98,0
5298.92,19,mobile_ios,2155,False,1,4,0,gastronomia,sab,0.5,0
7904.83,11,web,1278,False,2,9,0,vestimenta,mie,0.3,0
5415.57,16,mobile_android,1055,False,1,6,0,electronicos,sab,0.86,0
5283.4,20,web,437,False,2,3,0,cripto,mar,1.52,0
8297.86,13,mobile_ios,757,False,1,7,0,gastronomia,dom,0.54,0
7473.31,14,web,1001,False,1,4,0,supermercado,vie,1.57,0
3512.82,19,mobile_android,1104,False,2,3,0,vestimenta,vie,1.62,0
267.15,13,mobile_ios,351,False,3,6,0,vestimenta,mie,1.51,0
1211.17,13,web,700,False,1,6,0,supermercado,mar,0.57,0
12093.46,21,mobile_ios,2209,False,0,7,0,supermercado,mie,0.92,0
1613.61,13,mobile_ios,1249,False,1,3,0,gastronomia,vie,0.59,0
2224.15,18,mobile_ios,1844,False,0,1,1,juegos_online,mar,0.97,0
5114.71,20,mobile_android,1848,False,2,5,0,transferencia_p2p,sab,0.82,0
11725.7,11,mobile_ios,801,False,0,2,2,supermercado,mie,1.0,0
3017.94,22,mobile_android,888,False,1,6,0,supermercado,mie,1.44,0
4224.8,13,mobile_android,237,False,0,2,0,transferencia_p2p,lun,0.98,0
535.49,16,web,562,False,2,9,0,gastronomia,dom,1.01,0
6486.01,19,mobile_android,495,False,1,6,0,juegos_online,sab,0.93,0
1182.13,9,mobile_android,212,False,0,7,0,juegos_online,lun,0.37,0
539.28,11,mobile_android,1363,False,0,3,0,vestimenta,vie,0.87,0
208.2,20,mobile_ios,924,False,0,5,0,electronicos,jue,1.04,0
2510.12,0,mobile_android,2147,False,1,3,1,electronicos,sab,1.16,0
8467.05,11,mobile_android,397,False,0,4,0,juegos_online,mie,1.01,0
1207.44,11,mobile_android,1909,False,1,3,0,gastronomia,vie,1.18,0
10834.3,15,mobile_android,899,False,1,5,0,electronicos,vie,1.48,0
1942.08,12,mobile_android,1553,False,3,6,1,vestimenta,mie,1.61,0
1266.17,21,mobile_ios,1874,False,1,2,0,gastronomia,mar,0.66,0
842.66,12,web,2285,True,3,8,0,supermercado,dom,1.05,0
9519.46,13,mobile_ios,3650,False,1,5,1,electronicos,jue,0.86,0
2324.18,20,mobile_ios,1746,False,0,3,0,supermercado,lun,1.28,0
2847.62,18,mobile_android,1429,False,1,6,0,supermercado,mar,1.36,0
10710.82,11,mobile_android,384,False,3,14,0,gastronomia,lun,1.22,0
20000.0,21,mobile_ios,240,True,5,10,1,supermercado,dom,2.01,1
3769.18,23,mobile_android,656,False,0,3,0,electronicos,dom,0.72,0
524.88,18,mobile_ios,661,False,1,5,0,gastronomia,mie,1.04,0
1693.66,22,mobile_android,1119,False,2,5,0,viajes,sab,0.55,0
2250.9,21,mobile_android,2447,False,0,4,0,supermercado,jue,1.11,0
2078.18,17,mobile_android,2563,False,1,5,0,supermercado,mie,1.0,0
3856.09,11,mobile_android,2055,False,1,4,0,transferencia_p2p,jue,0.86,0
6654.22,19,mobile_android,873,True,1,4,0,electronicos,mar,1.01,0
9852.6,21,mobile_android,797,False,1,6,0,gastronomia,vie,0.37,0
318.5,19,mobile_ios,766,False,2,4,1,vestimenta,lun,0.89,0
18702.74,1,mobile_android,791,False,0,4,0,supermercado,jue,0.99,0
2230.87,21,mobile_android,802,False,1,5,0,vestimenta,lun,1.06,0
1796.55,11,mobile_ios,2140,False,0,3,0,vestimenta,sab,0.6,0
6224.8,10,mobile_android,1194,False,1,7,0,viajes,mar,1.15,0
5064.16,1,mobile_android,1405,False,1,5,0,supermercado,dom,0.97,0
170.07,19,mobile_ios,497,False,2,7,0,gastronomia,mar,1.14,0
2919.11,11,mobile_android,2471,False,4,6,0,juegos_online,jue,1.36,0
17469.41,7,mobile_ios,1072,False,2,6,1,gastronomia,sab,0.2,0
3540.12,10,mobile_android,310,False,1,5,0,supermercado,dom,1.42,0
8132.19,11,mobile_ios,497,False,1,5,0,supermercado,lun,1.37,0
2412.36,12,web,413,False,1,6,1,supermercado,dom,1.79,0
2308.77,13,mobile_ios,682,False,2,11,0,supermercado,sab,1.11,0
1645.76,18,web,768,False,0,4,0,supermercado,lun,1.08,0
3300.82,12,mobile_android,592,False,1,3,0,supermercado,sab,1.15,0
4579.69,18,mobile_android,614,False,1,4,0,gastronomia,lun,0.88,0
1620.54,11,mobile_ios,641,False,3,8,0,transferencia_p2p,jue,1.24,0
4069.81,10,web,1140,False,1,4,0,electronicos,mar,0.98,0
22393.52,12,mobile_android,423,False,2,5,1,transferencia_p2p,mar,0.41,0
5768.8,20,mobile_ios,421,False,0,5,1,gastronomia,mar,0.35,0
1875.87,19,mobile_ios,752,True,0,3,1,vestimenta,sab,1.0,0
4260.1,23,mobile_ios,635,False,1,2,0,supermercado,mie,1.2,0
39442.62,14,mobile_ios,729,False,0,3,0,juegos_online,vie,0.55,0
4013.48,22,mobile_ios,1080,False,0,6,0,gastronomia,sab,0.89,0
5000.0,17,mobile_android,290,False,3,9,1,gastronomia,jue,3.18,1
3889.48,12,mobile_ios,1885,False,2,5,0,vestimenta,dom,0.4,0
5511.63,20,mobile_android,118,False,0,8,0,electronicos,jue,0.81,0
8711.06,21,mobile_ios,1725,False,1,8,1,electronicos,sab,1.27,0
3559.28,0,mobile_ios,929,False,1,7,0,gastronomia,vie,1.43,0
3073.12,13,mobile_android,1289,False,1,3,0,vestimenta,vie,0.63,0
1082.77,13,mobile_android,644,False,0,5,0,electronicos,lun,0.58,0
4364.74,18,mobile_android,728,False,3,11,0,supermercado,sab,0.87,0
4401.24,11,mobile_ios,306,False,0,7,0,vestimenta,vie,1.21,0
8679.36,14,mobile_ios,908,False,0,6,0,gastronomia,vie,0.93,0
3859.43,10,mobile_ios,949,False,0,4,1,gastronomia,dom,1.31,0
1184.68,19,mobile_android,657,False,1,13,1,vestimenta,sab,1.34,0
4832.26,12,mobile_ios,1025,False,1,6,1,supermercado,mie,1.32,0
12085.11,21,mobile_ios,107,False,1,6,0,viajes,mar,0.96,0
8837.5,18,mobile_android,234,False,0,6,0,supermercado,mie,1.3,0
2662.33,11,mobile_android,965,False,1,3,0,gastronomia,lun,0.86,0
943.79,20,mobile_ios,1152,False,2,8,0,cripto,jue,1.09,0
27863.51,11,web,246,False,0,1,0,electronicos,mie,0.61,0
5252.88,8,mobile_ios,836,False,2,4,0,supermercado,dom,0.05,0
4936.62,11,mobile_ios,856,False,0,5,0,supermercado,vie,0.86,0
9893.9,12,mobile_android,535,False,1,3,0,transferencia_p2p,dom,0.41,0
568.89,20,mobile_android,809,False,2,5,1,supermercado,dom,1.52,0
2724.21,22,mobile_ios,748,False,3,8,0,supermercado,mie,0.44,0
4347.67,13,mobile_android,466,False,2,6,0,gastronomia,jue,0.65,0
2553.71,20,mobile_ios,2017,False,1,2,0,juegos_online,dom,1.36,0
4602.24,9,mobile_ios,1443,False,0,4,1,transferencia_p2p,mar,1.46,0
1860.97,13,mobile_ios,632,False,1,5,1,supermercado,vie,0.39,0
1153.78,14,mobile_android,2063,False,2,5,0,gastronomia,mar,1.34,0
6871.59,19,mobile_ios,1171,False,3,8,0,supermercado,sab,1.27,0
2423.39,17,mobile_ios,1972,False,1,5,0,supermercado,jue,1.1,0
2014.29,17,mobile_ios,1001,False,2,6,0,vestimenta,sab,0.65,0
7293.0,13,mobile_ios,2925,False,3,6,1,supermercado,mie,1.08,0
970.49,14,mobile_ios,570,False,1,7,0,juegos_online,mar,1.46,0
1806.16,16,mobile_android,1133,False,0,3,0,juegos_online,sab,0.66,0
4747.24,0,mobile_ios,1191,False,0,3,2,gastronomia,lun,1.34,0
22974.74,18,web,1744,False,0,4,0,vestimenta,lun,0.98,0
3837.08,13,mobile_android,2208,False,0,4,0,gastronomia,mar,1.11,0
4608.1,19,mobile_android,1591,False,1,4,0,gastronomia,lun,0.84,0
4852.7,21,mobile_android,257,False,1,5,0,vestimenta,lun,1.57,0
27504.61,22,mobile_android,775,False,1,4,0,viajes,lun,0.43,0
14311.01,11,mobile_ios,530,False,4,7,0,viajes,mie,0.73,0
3174.95,13,web,51,False,3,4,0,cripto,mie,1.04,1
5034.21,20,mobile_ios,1547,False,2,6,0,vestimenta,dom,1.25,0
3262.55,13,web,1651,False,1,7,0,gastronomia,dom,1.59,0
2417.17,1,mobile_android,967,False,1,7,0,electronicos,dom,1.56,0
1381.05,13,mobile_android,90,False,0,7,0,supermercado,vie,0.56,0
3589.13,20,mobile_android,665,False,1,6,1,transferencia_p2p,vie,1.8,0
957.46,19,mobile_android,460,False,0,4,0,vestimenta,dom,1.27,0
519.41,0,mobile_android,195,False,0,1,0,gastronomia,vie,1.22,0
41045.97,18,mobile_android,1578,False,1,4,0,electronicos,vie,1.12,0
1277.57,13,mobile_android,1214,False,0,5,0,viajes,lun,1.26,0
4450.85,10,mobile_android,784,False,1,4,0,electronicos,sab,1.0,0
10820.71,13,mobile_android,1466,False,2,7,0,electronicos,sab,1.04,0
2410.68,9,mobile_android,501,False,1,7,0,electronicos,sab,0.66,0
1935.1,10,mobile_ios,362,False,0,2,0,gastronomia,mar,1.21,0
2114.35,12,mobile_ios,892,False,0,4,0,electronicos,lun,1.43,0
5303.22,15,mobile_ios,825,False,2,3,0,gastronomia,dom,1.37,0
9711.57,21,mobile_ios,781,False,2,5,0,electronicos,lun,1.43,0
2685.6,21,mobile_android,1208,False,1,8,1,gastronomia,vie,1.09,0
2738.36,20,mobile_android,862,False,2,7,0,gastronomia,mie,0.67,0
3241.53,23,mobile_android,1504,False,2,4,0,supermercado,jue,0.78,0
6855.85,10,mobile_ios,287,False,1,4,0,transferencia_p2p,dom,1.1,0
3070.49,16,mobile_android,439,False,0,4,0,gastronomia,mar,1.16,0
3784.17,1,web,1076,False,1,7,0,supermercado,mar,1.12,0
10937.8,20,mobile_ios,296,False,1,1,0,supermercado,mie,1.33,0
2678.24,14,mobile_ios,643,False,2,4,1,supermercado,jue,0.72,0
2819.11,14,mobile_android,966,False,1,4,0,supermercado,lun,0.62,0
1441.54,16,mobile_ios,699,False,1,3,0,supermercado,jue,0.54,0
580.27,10,mobile_ios,505,False,1,10,0,electronicos,vie,0.95,0
6559.93,12,mobile_ios,578,False,1,5,0,electronicos,mar,1.27,0
433.03,11,mobile_ios,1144,False,2,6,0,gastronomia,mar,1.3,0
1688.58,18,mobile_android,537,False,3,9,0,gastronomia,vie,0.37,0
4279.21,8,mobile_ios,603,False,1,3,0,supermercado,mar,0.8,0
6790.58,10,mobile_ios,582,False,0,2,0,cripto,mar,1.33,0
1356.98,22,web,1273,False,2,5,0,vestimenta,lun,1.44,0
505.89,17,mobile_android,609,True,3,6,0,viajes,sab,0.97,0
8256.57,15,mobile_android,2446,True,2,5,0,supermercado,vie,0.91,0
2279.19,11,mobile_ios,1428,False,1,5,0,supermercado,sab,1.07,0
4184.37,20,web,1504,False,2,7,0,supermercado,mie,0.75,0
4543.15,8,mobile_android,995,False,0,0,0,supermercado,sab,0.81,0
2502.52,22,mobile_ios,642,False,3,5,0,supermercado,mar,0.41,0
2829.97,20,mobile_ios,1888,False,2,8,0,supermercado,lun,0.93,0
2848.22,11,mobile_android,812,False,0,4,0,supermercado,vie,0.92,0
20510.61,12,mobile_ios,1585,False,0,4,0,viajes,vie,1.73,0
5099.8,19,mobile_ios,387,False,0,2,0,gastronomia,jue,1.37,0
5262.47,20,mobile_ios,1734,False,1,4,0,supermercado,sab,1.08,0
5246.75,14,mobile_ios,1681,False,0,3,0,supermercado,vie,1.33,0
1918.9,18,web,886,False,1,3,0,supermercado,vie,0.69,0
2009.42,12,mobile_android,987,False,0,8,1,vestimenta,dom,1.08,0
7082.52,8,mobile_android,1688,False,1,3,0,juegos_online,sab,1.05,0
4661.1,13,mobile_ios,974,False,0,5,0,gastronomia,mar,0.67,0
3501.34,12,web,945,False,3,9,0,supermercado,lun,0.33,0
7981.2,22,mobile_android,1468,False,1,6,0,supermercado,jue,0.9,0
12832.11,19,mobile_android,241,False,0,4,0,cripto,lun,0.89,0
6200.03,13,mobile_ios,542,False,0,7,0,gastronomia,vie,1.47,0
5392.84,18,mobile_ios,865,False,1,5,1,juegos_online,jue,0.52,0
2161.76,11,mobile_ios,1370,True,0,5,0,cripto,mie,1.43,0
1964.55,1,mobile_ios,1052,False,2,6,0,gastronomia,vie,1.1,0
3461.35,23,mobile_ios,712,False,1,8,0,viajes,dom,0.87,0
745.75,22,mobile_ios,588,False,2,6,1,electronicos,sab,1.51,0
8433.12,16,mobile_android,2328,False,0,3,0,viajes,vie,1.46,0
2222.82,1,mobile_android,1259,False,0,1,0,supermercado,jue,0.31,0
1005.35,21,mobile_ios,462,False,0,8,1,supermercado,vie,1.34,0
1909.13,17,mobile_ios,538,False,1,4,0,vestimenta,jue,1.83,0
6284.2,11,mobile_android,315,False,1,6,0,gastronomia,mar,0.97,0
2849.0,11,mobile_ios,378,False,1,3,0,viajes,lun,1.26,0
10358.18,14,mobile_ios,659,False,0,3,0,gastronomia,mie,1.22,0
1242.13,0,mobile_ios,316,False,4,7,0,supermercado,jue,0.58,0
2646.24,21,mobile_android,484,False,0,2,0,transferencia_p2p,vie,1.8,0
5045.74,22,web,1326,False,2,6,0,gastronomia,vie,0.83,0
2678.13,21,mobile_android,1695,False,1,2,0,gastronomia,sab,0.93,0
12121.07,16,mobile_ios,419,False,2,7,0,vestimenta,mie,0.92,0
762.89,13,mobile_android,686,False,0,4,1,transferencia_p2p,lun,0.92,0
759.71,12,mobile_android,877,False,2,6,0,electronicos,jue,0.85,0
1694.09,19,mobile_android,1644,False,1,5,1,transferencia_p2p,dom,0.8,0
2706.55,19,web,1274,False,0,2,0,electronicos,sab,0.86,0
19605.91,22,mobile_ios,791,False,3,7,0,supermercado,jue,1.45,0
2132.21,13,mobile_android,896,False,1,5,0,cripto,mie,1.02,0
397.75,11,mobile_ios,900,False,1,5,0,vestimenta,sab,1.14,0
5369.83,7,mobile_ios,1420,False,3,6,0,gastronomia,jue,1.05,0
1869.17,17,mobile_ios,1231,False,3,8,0,transferencia_p2p,jue,0.21,0
3006.99,10,mobile_ios,632,False,2,7,1,viajes,vie,1.29,0
7090.94,18,mobile_ios,1117,False,1,2,0,gastronomia,lun,0.82,0
4080.09,19,mobile_android,368,False,2,7,1,supermercado,lun,0.91,0
4213.03,9,mobile_android,441,False,0,4,0,transferencia_p2p,sab,1.13,0
2193.81,10,mobile_android,700,False,0,4,0,viajes,mie,1.16,0
1080.66,22,mobile_android,639,False,0,7,0,transferencia_p2p,mie,1.47,0
7772.55,12,mobile_ios,1679,False,2,8,0,gastronomia,jue,1.36,0
1461.36,11,mobile_android,996,False,0,6,0,supermercado,mie,0.41,0
8912.57,22,mobile_ios,155,False,0,6,0,supermercado,mie,0.51,0
2972.28,11,mobile_android,1503,False,1,5,0,juegos_online,sab,1.67,0
1484.02,20,mobile_ios,1034,False,1,2,0,supermercado,mar,0.41,0
7531.68,14,web,2046,False,0,6,0,viajes,mar,1.0,0
3805.55,20,mobile_android,365,False,2,2,0,viajes,sab,0.76,0
1255.8,15,mobile_android,1086,False,0,4,0,viajes,lun,0.81,0
2042.86,14,mobile_ios,1444,False,0,6,0,supermercado,mie,0.57,0
6149.88,14,mobile_ios,1654,False,3,8,0,viajes,jue,1.27,0
7726.29,11,mobile_android,1063,False,0,6,1,gastronomia,vie,0.86,0
734.94,21,mobile_android,1170,False,2,4,0,viajes,mar,0.43,0
2961.81,13,mobile_ios,265,False,0,5,0,gastronomia,mar,0.82,0
4498.32,19,mobile_android,1972,False,3,10,0,transferencia_p2p,mar,0.7,0
6388.62,21,mobile_android,1598,False,1,8,0,supermercado,lun,0.52,0
827.01,22,mobile_android,1465,False,2,2,0,electronicos,lun,1.51,0
6335.2,22,web,299,False,1,7,1,gastronomia,mar,1.16,0
647.22,13,mobile_ios,738,False,2,7,1,supermercado,sab,0.9,0
42647.49,16,web,504,False,6,10,0,transferencia_p2p,sab,2.28,1
8042.6,20,mobile_android,816,False,0,6,0,gastronomia,dom,0.72,0
919.62,20,mobile_ios,1077,False,2,8,0,gastronomia,sab,0.83,0
729.1,20,mobile_ios,853,False,1,4,1,vestimenta,mie,1.62,0
6338.07,10,web,733,False,1,4,0,vestimenta,lun,1.06,0
3246.14,12,mobile_ios,730,False,1,7,1,gastronomia,mie,1.02,0
1648.26,10,mobile_ios,2833,False,2,4,0,gastronomia,jue,0.31,0
1418.45,21,mobile_android,605,False,3,3,0,supermercado,dom,0.69,0
1979.14,0,web,340,False,3,5,0,viajes,lun,1.88,1
617.1,14,mobile_android,472,False,0,7,0,supermercado,mar,1.1,0
4614.45,20,mobile_android,1593,False,2,3,0,vestimenta,jue,0.79,0
2268.28,2,web,421,False,1,4,0,gastronomia,lun,1.18,1
332.2,19,mobile_ios,958,False,2,4,0,supermercado,mar,0.43,0
11248.82,21,mobile_ios,1134,False,1,4,1,transferencia_p2p,dom,1.52,0
15189.18,14,mobile_android,3650,False,0,7,0,vestimenta,sab,1.1,0
1966.1,10,mobile_android,1226,False,0,10,0,supermercado,jue,1.35,0
1280.16,0,mobile_android,2443,False,1,3,0,vestimenta,jue,0.07,0
63413.9,10,mobile_ios,449,False,0,4,1,viajes,mar,1.46,0
3714.64,18,mobile_android,734,False,4,10,0,supermercado,sab,1.13,0
10237.23,11,mobile_ios,203,False,1,5,0,supermercado,jue,0.72,0
2262.56,13,mobile_ios,563,False,3,9,0,supermercado,mar,2.26,0
4272.66,20,mobile_ios,807,False,2,7,0,supermercado,mar,0.89,0
1607.51,9,mobile_android,700,False,2,7,0,viajes,mie,1.3,0
527.11,13,mobile_ios,1740,False,1,5,0,electronicos,jue,1.06,0
5748.97,13,mobile_android,386,False,1,2,0,electronicos,lun,0.92,0
3812.57,10,mobile_android,350,True,1,5,0,electronicos,mar,1.0,0
24908.05,8,mobile_ios,422,False,5,7,1,viajes,lun,1.81,0
615.86,19,mobile_android,144,False,0,7,0,gastronomia,jue,0.24,0
2874.27,22,mobile_android,607,False,1,4,0,electronicos,dom,0.64,0
4313.37,22,mobile_ios,785,False,1,4,0,transferencia_p2p,mie,1.39,0
1870.54,17,mobile_android,987,False,1,2,0,gastronomia,sab,0.75,0
4640.13,11,mobile_android,1199,False,5,10,0,cripto,jue,0.8,0
3361.97,21,mobile_android,70,False,2,6,0,vestimenta,sab,1.24,0
962.1,12,mobile_ios,256,True,3,10,0,vestimenta,dom,1.03,0
23822.34,10,web,1429,False,0,3,2,gastronomia,mar,1.23,0
1530.19,20,web,596,False,2,8,1,viajes,lun,1.22,0
3033.58,0,mobile_android,2607,False,3,8,0,viajes,jue,1.35,0
1009.14,10,mobile_android,684,False,2,5,0,gastronomia,mie,1.34,0
2453.88,19,mobile_android,292,False,0,2,1,supermercado,jue,0.93,0
6667.45,15,mobile_android,1114,False,1,3,0,electronicos,vie,0.62,0
1718.62,21,mobile_android,1250,False,3,5,0,viajes,sab,0.39,0
642.66,10,mobile_android,1483,False,1,7,0,vestimenta,sab,0.72,0
4688.58,20,mobile_ios,257,False,2,5,0,transferencia_p2p,sab,0.7,0
20736.44,13,mobile_android,526,False,2,8,0,gastronomia,dom,0.26,0
662.49,16,mobile_ios,853,False,5,12,0,gastronomia,sab,0.6,0
6062.63,20,mobile_ios,2587,False,3,9,0,vestimenta,sab,1.02,0
3097.28,19,mobile_android,1600,False,0,5,0,transferencia_p2p,lun,0.85,0
16157.25,12,mobile_android,290,False,1,5,0,supermercado,mie,0.73,0
1981.55,21,web,1903,False,0,3,0,vestimenta,mar,1.17,0
12492.25,10,mobile_ios,1831,False,2,4,0,juegos_online,mar,0.66,0
9817.23,22,mobile_ios,844,False,2,9,0,cripto,sab,0.83,0
2473.32,21,mobile_android,793,False,2,7,0,transferencia_p2p,mar,1.88,0
1217.56,16,web,448,False,2,8,0,supermercado,vie,0.86,0
3745.56,14,mobile_android,1451,False,1,5,0,viajes,sab,0.97,0
2288.43,19,mobile_android,622,False,1,2,0,electronicos,dom,0.97,0
5086.25,17,mobile_ios,726,False,0,4,0,vestimenta,jue,0.9,0
5799.32,20,mobile_android,809,False,3,6,0,electronicos,sab,1.23,0
7525.32,11,mobile_android,2066,False,0,3,0,supermercado,vie,1.47,0
7941.6,20,mobile_ios,335,False,0,5,0,supermercado,vie,0.92,0
7709.03,12,mobile_ios,185,False,2,7,0,supermercado,mar,0.39,0
20129.55,14,mobile_android,840,False,1,7,0,viajes,vie,1.15,0
1446.81,11,mobile_android,375,False,1,7,0,juegos_online,lun,0.11,0
1815.39,17,mobile_android,1017,False,0,4,0,gastronomia,lun,1.24,0
4941.03,18,web,513,False,2,6,0,vestimenta,lun,0.57,0
9732.64,16,mobile_ios,1336,False,3,13,0,gastronomia,lun,0.79,0
1359.68,12,mobile_ios,1219,False,0,4,0,gastronomia,jue,0.05,0
4348.52,11,mobile_ios,1108,False,0,1,0,supermercado,lun,0.43,0
762.27,12,mobile_android,271,False,2,6,1,supermercado,dom,1.87,0
2569.36,8,mobile_android,758,False,1,5,0,viajes,dom,0.37,0
4592.42,12,mobile_android,2309,False,2,6,0,vestimenta,sab,0.72,0
7242.29,20,mobile_ios,564,False,2,6,0,viajes,mar,1.59,0
9098.84,14,mobile_android,1761,False,1,6,0,electronicos,mar,0.79,0
5542.43,11,mobile_android,1595,False,1,6,0,viajes,mar,0.77,0
10598.54,14,web,463,False,0,2,1,gastronomia,mar,1.11,0
709.48,10,web,1013,False,3,6,0,vestimenta,lun,1.28,0
100.0,14,mobile_ios,584,False,2,4,0,electronicos,sab,1.26,0
7568.98,15,mobile_android,611,False,1,8,0,supermercado,dom,1.56,0
12682.14,21,mobile_ios,613,False,2,4,0,viajes,jue,0.88,0
867.64,7,mobile_ios,240,False,1,4,0,gastronomia,mar,0.91,0
2826.01,20,mobile_ios,827,False,1,8,0,transferencia_p2p,mar,1.02,0
1599.99,21,mobile_android,597,False,1,6,0,supermercado,vie,0.6,0
3489.18,14,mobile_ios,3624,False,2,5,0,vestimenta,dom,0.99,0
1732.5,17,mobile_ios,292,False,4,6,0,supermercado,dom,0.87,0
7856.9,12,mobile_android,1810,False,0,5,0,gastronomia,lun,1.51,0
552.38,19,mobile_ios,466,False,1,11,1,gastronomia,lun,1.37,0
1318.73,10,mobile_android,1038,False,3,7,0,gastronomia,dom,1.06,0
4517.43,9,mobile_android,382,False,1,6,0,electronicos,dom,0.68,0
189.5,20,mobile_android,1037,False,2,6,0,transferencia_p2p,vie,1.22,0
4553.25,23,mobile_android,372,False,1,3,0,gastronomia,sab,0.84,0
2495.37,16,mobile_android,1625,False,5,7,0,vestimenta,mie,0.95,0
4808.52,13,mobile_android,1307,False,0,3,1,vestimenta,lun,1.45,0
27139.77,9,mobile_ios,1536,False,0,4,0,gastronomia,jue,1.15,0
893.56,12,mobile_ios,964,False,1,7,1,gastronomia,sab,1.56,0
3067.96,19,mobile_ios,1622,False,1,4,0,supermercado,mie,0.97,0
657.55,21,mobile_ios,434,False,2,3,0,vestimenta,lun,1.49,0
4042.79,19,mobile_android,1107,False,0,4,0,supermercado,mar,0.63,0
7838.66,13,mobile_ios,673,False,3,8,1,cripto,vie,1.77,0
2604.81,11,mobile_android,646,False,1,5,0,supermercado,mar,1.2,0
13407.44,21,mobile_ios,863,False,1,5,0,vestimenta,dom,0.18,0
701.0,10,mobile_android,859,False,1,4,0,gastronomia,mie,1.28,0
856.53,21,mobile_android,1034,False,3,5,0,supermercado,jue,0.6,0
3664.1,7,mobile_android,359,False,2,7,0,electronicos,lun,0.99,0
25711.47,17,web,655,False,1,3,0,gastronomia,dom,1.44,0
1914.51,14,mobile_android,1923,True,0,9,0,supermercado,mie,0.05,0
6614.01,17,mobile_ios,841,False,0,3,0,viajes,sab,1.28,0
6728.44,14,mobile_android,601,False,0,8,0,supermercado,sab,0.38,0
10363.57,22,mobile_android,1927,False,1,2,0,gastronomia,mie,0.71,0
1554.92,19,mobile_android,697,False,1,3,0,supermercado,sab,1.43,0
11745.75,21,mobile_ios,687,False,2,3,0,electronicos,mie,1.55,0
1651.54,22,mobile_ios,2846,False,5,9,0,gastronomia,sab,1.5,0
2900.01,22,web,566,False,0,4,1,supermercado,mar,0.72,0
2604.69,20,web,663,False,2,8,0,gastronomia,dom,1.15,0
82725.39,18,mobile_android,1334,False,2,5,0,transferencia_p2p,vie,2.97,1
1851.5,17,mobile_android,1197,False,1,7,1,vestimenta,sab,0.55,0
10200.53,10,mobile_android,868,False,0,6,0,supermercado,dom,1.04,0
1805.61,15,mobile_android,361,False,2,6,1,vestimenta,jue,1.13,0
4241.03,10,mobile_ios,626,False,1,3,0,juegos_online,sab,0.33,0
13351.0,21,mobile_android,487,True,2,7,0,supermercado,sab,1.12,0
1308.13,22,mobile_android,536,False,1,7,0,supermercado,dom,0.29,0
5723.49,22,mobile_android,791,False,0,4,1,supermercado,vie,0.76,0
15805.0,23,mobile_ios,1591,False,1,7,0,transferencia_p2p,mar,1.38,0
4871.73,20,mobile_ios,252,False,3,6,0,supermercado,mie,0.89,0
3893.96,18,mobile_ios,616,False,0,3,0,vestimenta,vie,1.52,0
2829.73,17,mobile_android,451,False,0,4,0,viajes,vie,1.41,0
11827.53,21,mobile_android,62,False,2,9,0,transferencia_p2p,sab,0.05,0
7701.9,9,mobile_ios,376,False,0,2,0,gastronomia,sab,1.3,0
3612.93,22,mobile_ios,1101,False,2,6,0,gastronomia,lun,1.13,0
3919.25,17,mobile_ios,2015,False,2,3,0,gastronomia,sab,1.73,0
3442.85,16,mobile_android,730,False,1,2,1,supermercado,sab,1.16,0
748.48,11,mobile_ios,792,False,2,3,0,transferencia_p2p,jue,0.89,0
2677.05,13,mobile_ios,848,False,3,3,0,supermercado,mie,0.83,0
3813.53,20,mobile_android,691,False,2,3,0,supermercado,dom,1.19,0
1122.58,13,web,3650,False,1,6,0,vestimenta,mie,1.17,0
1905.58,13,mobile_android,378,False,2,7,1,vestimenta,vie,0.5,0
2192.07,11,mobile_ios,274,False,2,8,0,supermercado,mie,1.32,0
12047.69,21,mobile_android,1124,False,3,5,0,transferencia_p2p,mar,0.64,0
7438.29,18,mobile_ios,1237,False,0,2,0,supermercado,mie,1.07,0
2354.94,18,mobile_ios,329,False,0,4,0,gastronomia,mie,0.36,0
15952.86,21,mobile_android,1538,False,3,7,0,supermercado,dom,1.47,0
1110.62,13,mobile_android,863,True,0,4,0,supermercado,dom,0.92,0
5021.89,14,mobile_ios,277,False,3,8,1,supermercado,mar,1.34,1
3734.1,19,mobile_ios,493,False,1,6,0,electronicos,lun,1.23,0
11088.45,23,mobile_ios,964,False,1,4,0,electronicos,jue,0.65,0
287.38,20,mobile_android,263,False,2,5,0,viajes,mar,0.58,0
1237.74,21,mobile_ios,1347,False,1,4,0,transferencia_p2p,sab,0.57,0
15168.63,23,mobile_ios,1163,False,1,7,0,supermercado,mie,0.65,0
5981.0,18,mobile_android,172,False,2,8,0,supermercado,lun,0.83,0
3344.76,17,mobile_android,1857,False,5,12,0,juegos_online,jue,0.78,0
6888.33,19,mobile_android,500,False,2,5,0,gastronomia,dom,1.08,1
2684.18,19,mobile_ios,1932,False,0,6,0,supermercado,sab,1.08,0
7176.19,0,web,1585,False,1,7,1,viajes,sab,1.11,0
568.61,11,mobile_ios,586,False,2,3,0,gastronomia,sab,0.62,0
5526.84,18,mobile_android,1860,False,1,9,0,gastronomia,mar,0.35,0
20000.0,13,mobile_ios,18,False,4,7,1,transferencia_p2p,vie,1.36,1
3390.84,22,mobile_ios,538,False,1,7,1,electronicos,mar,0.33,0
3314.34,17,web,336,False,0,4,0,viajes,lun,1.3,0
1728.51,7,mobile_android,398,True,0,10,0,supermercado,vie,0.23,0
1016.7,14,web,1631,False,2,8,0,supermercado,jue,0.93,0
43866.26,11,web,259,False,5,7,0,supermercado,lun,1.36,1
21404.17,19,mobile_android,499,False,1,4,1,transferencia_p2p,mie,0.86,0
1499.08,23,mobile_android,360,False,1,6,0,gastronomia,mie,1.0,0
11491.66,19,mobile_android,429,False,1,7,0,viajes,mie,1.2,0
7062.3,14,mobile_android,1202,False,1,1,1,viajes,jue,1.49,0
12410.44,13,mobile_ios,1475,False,0,4,0,viajes,sab,0.67,0
3718.96,22,mobile_android,2044,False,1,6,0,vestimenta,sab,1.18,0
3023.12,20,mobile_android,909,False,2,6,0,vestimenta,sab,0.67,0
2654.14,21,mobile_android,763,False,1,2,0,gastronomia,vie,0.79,0
1463.46,19,mobile_ios,1159,False,0,6,0,vestimenta,vie,1.23,0
4705.52,15,mobile_ios,1946,False,0,8,0,electronicos,sab,1.21,0
639.82,11,mobile_android,665,False,0,6,0,vestimenta,lun,0.29,0
4706.31,12,web,1527,False,0,0,0,cripto,lun,1.05,0
1049.21,20,mobile_ios,300,False,2,2,0,supermercado,jue,0.69,0
3366.49,14,mobile_android,355,False,0,5,0,electronicos,mar,1.06,0
2746.19,12,mobile_android,2231,False,0,3,1,gastronomia,vie,0.87,0
643.42,12,mobile_android,48,False,1,4,0,gastronomia,vie,0.81,0
5458.79,20,mobile_ios,869,False,1,5,0,gastronomia,vie,1.13,0
8112.64,23,mobile_android,1133,False,0,4,0,transferencia_p2p,lun,0.89,0
3255.31,21,web,1502,False,1,3,0,electronicos,jue,1.06,0
2528.96,20,mobile_android,1567,False,0,2,0,gastronomia,sab,2.2,0
1614.9,16,mobile_android,1561,False,0,4,0,vestimenta,mar,1.07,0
5380.06,22,mobile_ios,677,False,0,1,0,transferencia_p2p,lun,1.6,0
9642.1,14,mobile_ios,1067,False,0,6,0,electronicos,lun,1.12,0
7553.97,12,mobile_ios,1097,False,3,8,0,gastronomia,mar,1.2,0
9392.34,11,web,838,False,1,7,0,supermercado,jue,1.46,0
3016.37,12,mobile_android,1171,False,0,2,0,supermercado,vie,1.23,0
2816.77,20,mobile_ios,592,False,0,4,0,supermercado,mar,0.67,0
16343.77,18,web,487,False,1,3,0,supermercado,mie,1.27,0
2800.69,13,mobile_ios,778,False,0,2,0,supermercado,sab,0.76,0
5930.62,19,mobile_ios,416,True,1,1,0,electronicos,vie,1.67,0
5832.12,17,web,352,False,1,5,0,electronicos,mar,0.69,0
6376.21,11,mobile_ios,1447,False,1,6,0,supermercado,mar,0.91,0
754.56,22,mobile_ios,515,False,2,6,0,supermercado,sab,1.87,0
50000.0,0,mobile_android,359,True,5,9,1,vestimenta,mie,1.1,1
12159.35,11,mobile_android,588,False,1,4,0,supermercado,dom,0.38,0
168.51,13,mobile_android,614,False,1,7,0,supermercado,vie,0.84,0
3285.71,22,mobile_ios,569,False,1,6,0,transferencia_p2p,mie,0.67,0
4437.25,13,mobile_ios,403,False,1,6,1,electronicos,mar,0.97,0
4515.83,19,mobile_ios,1281,False,1,6,0,supermercado,lun,0.69,0
1078.58,20,mobile_ios,1343,False,2,5,0,supermercado,dom,0.6,0
36300.58,14,mobile_ios,2292,False,0,2,0,gastronomia,vie,1.1,0
21973.55,23,web,1537,False,1,4,0,vestimenta,jue,0.74,0
1395.65,18,mobile_android,948,False,0,5,0,supermercado,mie,1.22,0
970.16,10,mobile_ios,1948,False,2,4,0,electronicos,mie,0.72,0
4463.25,12,mobile_ios,757,False,1,8,1,supermercado,jue,0.93,0
9567.52,11,mobile_android,788,False,2,7,0,gastronomia,sab,1.17,0
2163.35,13,mobile_ios,569,False,3,9,0,juegos_online,jue,1.04,0
1458.88,9,mobile_android,1195,False,2,4,0,supermercado,jue,1.26,0
12965.44,19,mobile_ios,160,False,1,4,0,gastronomia,dom,0.57,0
4250.5,12,mobile_android,539,False,2,8,0,supermercado,jue,0.59,0
5995.23,19,mobile_ios,964,False,2,3,0,supermercado,vie,1.01,0
759.05,21,mobile_ios,655,False,0,4,0,transferencia_p2p,dom,0.42,0
5914.1,22,mobile_ios,645,False,0,1,0,supermercado,sab,0.57,0
13752.29,22,mobile_android,1030,False,1,8,0,supermercado,sab,0.9,0
1639.45,19,mobile_android,1509,False,0,5,0,gastronomia,sab,1.57,0
4636.24,22,mobile_ios,983,False,2,10,0,viajes,jue,1.53,0
1258.39,9,mobile_ios,179,False,2,4,0,vestimenta,vie,1.6,0
5426.13,20,mobile_android,864,False,0,2,0,vestimenta,jue,1.46,0
3525.1,20,mobile_android,1255,False,2,5,0,viajes,lun,0.84,0
2974.75,22,mobile_android,733,False,0,2,0,gastronomia,lun,0.46,0
1889.27,16,mobile_ios,232,False,1,4,0,supermercado,jue,1.22,0
1431.92,15,web,571,False,0,4,0,supermercado,jue,1.85,0
4355.4,14,mobile_ios,1182,False,1,5,0,vestimenta,jue,0.55,0
1277.67,17,mobile_android,1321,False,0,5,0,supermercado,mar,1.33,0
5951.82,21,mobile_ios,394,True,1,4,0,transferencia_p2p,vie,0.56,0
10432.12,22,mobile_ios,794,False,1,5,0,transferencia_p2p,dom,0.83,0
7706.08,12,mobile_ios,813,False,0,6,1,cripto,lun,0.57,0
9207.21,14,web,1385,False,1,3,0,gastronomia,jue,1.26,0
6478.79,18,mobile_android,2304,False,1,5,0,supermercado,lun,1.18,0
3158.84,19,mobile_android,635,False,3,9,0,transferencia_p2p,jue,0.58,0
5316.87,20,mobile_android,1583,False,3,8,0,gastronomia,mie,0.96,0
5898.1,21,mobile_ios,1233,False,0,4,0,vestimenta,lun,1.23,0
5320.27,9,mobile_ios,931,False,1,4,0,viajes,sab,0.99,0
9928.91,21,mobile_android,3392,True,2,5,0,electronicos,sab,1.0,0
2886.71,22,mobile_ios,1231,False,3,7,0,electronicos,mie,1.42,0
2699.27,16,mobile_android,2727,False,0,4,0,supermercado,lun,0.86,0
3490.13,15,mobile_android,1767,False,4,9,0,supermercado,vie,1.71,0
6261.63,12,mobile_ios,1039,False,0,2,0,vestimenta,mie,1.0,0
3759.75,19,mobile_ios,652,False,1,6,1,vestimenta,mie,0.05,0
1719.86,17,mobile_ios,1734,False,1,4,0,transferencia_p2p,mar,0.46,0
4606.8,15,mobile_android,840,False,1,4,0,supermercado,sab,1.04,0
3103.7,16,mobile_ios,2567,False,2,4,0,electronicos,sab,0.82,0
13206.23,19,mobile_android,1258,False,2,6,1,supermercado,lun,0.85,0
1899.67,17,mobile_android,538,False,3,9,0,vestimenta,dom,1.09,0
6264.13,19,mobile_android,746,False,1,5,0,electronicos,mar,1.43,0
6845.1,17,mobile_ios,3650,False,0,4,0,electronicos,lun,0.96,0
4706.47,12,mobile_android,789,False,3,5,0,supermercado,jue,0.91,0
1698.8,15,web,1112,False,2,6,0,supermercado,mie,0.75,0
4602.85,18,web,2145,False,3,8,1,supermercado,sab,1.61,0
13185.09,20,web,1842,False,1,8,0,vestimenta,dom,0.67,0
760.7,12,mobile_android,728,False,2,7,0,gastronomia,sab,1.18,0
7259.68,22,mobile_android,568,False,0,0,0,supermercado,dom,0.66,0
3678.78,9,mobile_ios,609,False,0,5,0,electronicos,sab,1.06,0
13638.63,1,mobile_android,640,False,1,3,0,vestimenta,vie,0.42,0
3905.48,20,mobile_android,802,False,0,7,0,supermercado,vie,0.46,0
1488.13,8,mobile_android,863,False,1,7,0,transferencia_p2p,vie,1.11,0
3940.21,14,mobile_android,974,False,0,5,0,gastronomia,jue,1.41,0
611.79,19,mobile_android,2604,False,2,3,0,transferencia_p2p,jue,0.92,0
600.13,15,mobile_ios,793,False,0,5,0,electronicos,jue,1.16,0
944.01,14,mobile_android,1385,False,1,8,0,viajes,mie,1.49,0
26007.17,18,mobile_ios,317,False,0,4,0,supermercado,mie,0.95,0
1528.14,16,mobile_android,852,True,0,2,0,viajes,mie,0.69,0
1621.17,21,mobile_ios,849,False,0,6,0,gastronomia,mie,0.41,0
1171.72,10,mobile_android,687,False,1,6,1,transferencia_p2p,mar,1.22,0
1019.48,13,mobile_ios,1062,False,0,2,0,electronicos,mar,1.1,0
2598.46,12,mobile_android,835,False,1,4,0,vestimenta,sab,0.67,0
5639.28,20,mobile_android,897,False,0,3,0,viajes,lun,0.51,0
2523.3,13,mobile_ios,1304,True,1,4,0,vestimenta,vie,0.77,0
1113.25,12,web,1249,False,1,4,0,electronicos,mie,0.61,0
17104.37,22,mobile_ios,592,False,0,3,0,gastronomia,sab,0.68,0
1308.32,21,mobile_android,1767,False,1,6,0,electronicos,mar,0.37,0
11602.19,11,mobile_ios,2883,False,1,2,0,gastronomia,sab,1.41,0
16500.34,12,mobile_android,1496,False,1,7,0,electronicos,vie,0.08,0
534.8,12,web,468,False,6,7,0,transferencia_p2p,sab,1.98,1
6485.56,14,mobile_android,427,False,2,4,0,supermercado,mie,1.26,0
4880.86,10,mobile_android,1938,False,1,5,0,transferencia_p2p,jue,0.99,0
836.47,12,web,2168,False,2,6,0,electronicos,dom,0.26,0
1033.38,19,mobile_ios,513,False,1,5,0,supermercado,sab,1.0,0
4515.64,12,mobile_ios,576,False,1,4,0,electronicos,sab,0.65,0
1108.9,13,mobile_android,517,False,1,3,0,supermercado,sab,0.72,0
5590.12,12,web,313,False,0,2,0,vestimenta,vie,0.72,0
2116.34,10,mobile_ios,510,False,2,7,0,supermercado,lun,0.73,0
1014.26,16,mobile_ios,553,False,1,4,0,vestimenta,mar,1.24,0
2704.51,11,mobile_android,1042,False,3,8,0,cripto,jue,0.42,0
2626.42,11,mobile_android,773,False,2,7,1,supermercado,jue,1.26,0
6451.68,21,mobile_android,398,False,3,8,0,juegos_online,vie,0.88,0
10569.05,21,mobile_ios,1394,False,0,5,0,supermercado,lun,1.28,0
1889.86,11,mobile_ios,496,False,0,2,0,viajes,dom,0.54,0
7001.98,23,mobile_android,327,False,0,2,0,supermercado,jue,1.29,0
4401.53,10,web,58,False,2,6,1,vestimenta,mar,0.32,1
4054.3,13,mobile_android,123,False,0,4,0,electronicos,vie,1.64,0
5123.31,10,mobile_ios,1242,False,1,3,0,vestimenta,mie,1.15,0
5349.31,20,mobile_ios,146,False,0,3,0,transferencia_p2p,mie,0.85,0
1593.45,20,mobile_ios,725,False,1,2,0,viajes,sab,1.06,0
4705.37,22,mobile_ios,146,False,1,7,0,cripto,sab,0.9,0
3487.24,13,mobile_android,800,False,0,3,0,electronicos,dom,0.87,0
4536.89,12,mobile_android,716,False,3,10,0,supermercado,sab,1.17,0
2516.3,13,mobile_android,1436,False,0,6,0,supermercado,lun,0.15,0
2446.75,18,mobile_ios,844,False,0,3,0,vestimenta,sab,1.3,0
2075.99,20,mobile_android,230,False,1,9,0,vestimenta,jue,1.22,0
523.87,18,mobile_android,159,False,1,5,0,supermercado,jue,0.68,0
1895.21,14,mobile_android,468,False,1,2,0,vestimenta,mie,1.75,0
8342.52,20,web,1096,False,1,5,0,supermercado,mar,0.12,0
927.1,21,mobile_android,239,False,0,5,0,supermercado,mie,0.8,0
491.36,22,mobile_android,1103,False,1,5,0,vestimenta,sab,0.71,0
4229.51,11,mobile_android,1151,False,3,10,0,gastronomia,mie,1.05,0
5097.9,12,web,460,False,1,4,1,viajes,lun,0.67,0
2647.38,22,mobile_android,153,False,1,4,0,gastronomia,mar,1.8,0
838.29,21,mobile_android,947,False,1,5,0,supermercado,sab,0.88,0
18049.53,20,mobile_ios,1699,False,1,4,0,juegos_online,vie,1.52,0
1219.91,17,mobile_android,510,False,3,8,1,electronicos,jue,0.74,0
3307.08,12,mobile_android,1859,False,0,3,0,supermercado,vie,0.78,0
3461.2,22,mobile_ios,465,False,1,4,0,supermercado,jue,0.95,0
3566.33,10,mobile_android,1287,False,1,9,0,viajes,vie,1.76,0
6094.49,6,mobile_ios,1254,False,4,8,3,gastronomia,vie,3.06,1
13022.67,20,mobile_android,527,False,2,9,0,vestimenta,sab,1.61,0
3416.07,0,mobile_android,1126,False,1,6,1,transferencia_p2p,vie,0.94,0
10351.36,12,mobile_ios,1822,False,2,5,0,transferencia_p2p,dom,1.1,0
8674.79,8,mobile_android,1087,False,2,12,0,viajes,vie,0.11,0
1335.71,22,mobile_ios,1037,False,1,6,0,supermercado,vie,1.84,0
9794.57,18,mobile_ios,2797,False,0,7,0,vestimenta,mar,1.18,0
12261.14,10,mobile_android,255,False,0,8,0,supermercado,jue,1.33,0
18249.82,23,mobile_android,1558,False,1,3,1,cripto,lun,1.27,0
17559.58,22,mobile_android,2169,False,2,4,0,viajes,mar,0.97,0
2386.16,12,mobile_ios,1533,False,1,8,0,juegos_online,lun,0.86,0
7063.29,12,mobile_ios,559,False,1,4,0,gastronomia,mie,0.37,0
19240.56,21,mobile_android,1190,False,0,4,0,supermercado,mar,1.93,0
2118.36,22,web,2183,False,3,8,0,vestimenta,mar,1.0,0
28126.37,6,web,1200,False,0,7,1,transferencia_p2p,sab,0.05,1
1710.91,13,web,1144,False,1,9,0,supermercado,lun,1.29,0
6254.97,21,web,2259,False,1,4,0,supermercado,vie,1.28,0
1851.93,20,web,101,False,2,6,1,supermercado,jue,0.88,0
4152.58,9,web,959,False,2,8,0,transferencia_p2p,lun,0.48,0
13320.47,9,mobile_ios,702,False,0,1,0,supermercado,mar,0.88,0
1822.98,12,mobile_android,675,False,1,5,0,vestimenta,sab,1.24,0
24959.58,22,mobile_ios,736,False,1,6,0,electronicos,jue,1.22,0
6119.79,11,mobile_android,61,False,3,8,0,electronicos,mar,2.23,1
2315.5,12,mobile_android,641,False,0,5,2,transferencia_p2p,vie,0.65,0
1210.0,15,mobile_ios,972,True,1,4,1,transferencia_p2p,lun,0.56,0
628.46,16,mobile_ios,2933,False,0,2,0,gastronomia,vie,0.87,0
7883.6,11,mobile_ios,947,False,2,5,0,vestimenta,jue,1.15,0
1532.5,0,web,1111,False,3,8,0,supermercado,dom,0.82,0
30335.71,20,mobile_android,2225,False,0,4,0,cripto,mie,1.76,0
2514.0,14,mobile_ios,1726,False,2,7,2,gastronomia,vie,1.11,0
14573.98,12,mobile_ios,1028,False,2,5,0,supermercado,mie,0.61,0
9890.56,13,mobile_android,244,False,2,10,1,gastronomia,mar,1.2,0
8177.33,12,mobile_ios,816,False,3,6,0,supermercado,mie,0.56,0
1606.0,16,mobile_ios,1505,False,1,3,0,vestimenta,dom,0.88,0
3086.31,11,mobile_ios,480,False,3,3,1,transferencia_p2p,vie,2.3,0
1449.75,11,mobile_ios,650,False,1,5,0,supermercado,mar,1.07,0
1059.11,19,mobile_android,532,False,2,6,0,cripto,jue,1.45,0
10942.07,13,mobile_ios,1744,False,0,5,0,supermercado,jue,0.64,0
3794.01,23,mobile_ios,1047,False,1,5,0,supermercado,dom,0.61,0
8707.45,20,mobile_ios,827,True,0,4,0,viajes,mar,1.04,0
4804.41,15,mobile_android,566,False,0,7,0,supermercado,mie,0.93,0
1342.31,22,web,207,True,2,3,0,vestimenta,vie,1.13,0
1191.15,13,mobile_ios,595,False,1,8,0,gastronomia,sab,1.65,0
2965.61,23,mobile_android,1266,False,2,8,0,supermercado,vie,1.28,0
2569.92,21,mobile_ios,1676,False,0,4,0,supermercado,lun,1.02,0
11987.19,12,mobile_ios,1495,False,1,1,0,vestimenta,vie,0.6,0
10156.17,16,web,168,False,0,3,0,transferencia_p2p,mar,1.0,0
18110.63,10,web,920,False,2,7,0,vestimenta,mie,0.75,0
313.92,11,mobile_ios,1287,False,4,13,0,supermercado,sab,1.16,0
2696.45,21,mobile_android,838,True,1,7,0,viajes,mar,1.32,0
1659.39,11,mobile_ios,633,False,1,3,0,supermercado,vie,1.87,0
12448.75,0,mobile_android,1675,False,0,5,1,supermercado,lun,0.91,0
4279.8,12,mobile_android,332,False,1,8,0,vestimenta,vie,0.86,0
2572.46,20,mobile_android,1007,False,1,9,2,supermercado,mar,1.06,0
7236.94,20,web,142,False,1,5,0,supermercado,dom,0.68,0
4079.78,14,mobile_ios,397,False,1,8,0,viajes,mie,0.86,0
878.52,11,mobile_android,1586,True,2,4,0,vestimenta,dom,0.87,0
8149.23,21,mobile_ios,386,False,1,4,1,gastronomia,sab,0.89,0
2598.19,13,web,895,False,1,3,0,juegos_online,mar,0.83,0
1296.73,18,mobile_ios,1048,True,1,6,0,electronicos,vie,1.16,0
9130.94,9,mobile_ios,1769,False,1,6,1,supermercado,lun,0.68,0
899.93,19,web,3489,True,0,3,0,supermercado,mar,1.36,0
1817.72,20,mobile_ios,581,False,0,2,0,supermercado,jue,1.03,0
4326.82,18,mobile_android,816,False,3,6,0,supermercado,vie,1.27,0
5518.03,14,mobile_android,2196,True,1,6,0,gastronomia,jue,3.59,1
5627.71,16,mobile_ios,1406,False,0,3,0,transferencia_p2p,jue,0.86,0
4530.96,21,mobile_ios,1442,False,3,8,0,supermercado,vie,1.54,0
3496.99,13,mobile_android,2119,False,0,5,0,supermercado,jue,0.66,0
4795.69,11,mobile_android,804,False,6,10,1,gastronomia,vie,0.99,0
4567.8,9,mobile_android,1151,False,2,6,0,supermercado,lun,1.24,0
44087.3,10,mobile_android,328,False,1,5,1,viajes,jue,0.75,0
2946.18,12,mobile_android,1142,False,1,5,0,transferencia_p2p,sab,1.5,0
4728.77,21,mobile_android,820,False,1,4,0,gastronomia,jue,1.01,0
2344.93,17,mobile_android,676,False,0,5,0,transferencia_p2p,mar,0.89,0
6742.83,12,mobile_android,968,False,2,7,1,transferencia_p2p,lun,1.52,0
1183.26,20,mobile_ios,300,False,2,8,0,transferencia_p2p,sab,1.15,0
27261.93,20,mobile_android,625,False,3,6,0,vestimenta,mar,1.81,0
660.74,22,mobile_ios,683,False,2,6,1,juegos_online,jue,0.92,0
5735.44,21,mobile_android,1820,False,2,5,0,viajes,mie,2.01,0
5000.0,1,mobile_ios,530,False,0,9,1,cripto,jue,0.05,1
21029.7,22,mobile_ios,429,True,1,4,0,juegos_online,vie,1.11,0
494.0,20,mobile_android,657,False,2,9,0,electronicos,dom,0.87,0
2412.09,11,mobile_ios,759,False,1,4,0,supermercado,vie,1.42,0
3059.98,22,mobile_android,730,False,3,8,1,transferencia_p2p,mar,1.11,0
4031.2,12,mobile_android,755,False,0,2,0,supermercado,sab,1.09,0
5117.6,22,mobile_ios,1282,False,2,8,0,gastronomia,dom,1.33,0
5759.23,9,mobile_ios,725,False,1,5,0,supermercado,lun,0.89,0
545.7,22,mobile_ios,575,False,2,3,0,supermercado,dom,1.31,0
2206.26,9,mobile_android,1298,False,2,3,0,juegos_online,mar,0.68,1
2223.37,17,mobile_android,565,False,0,6,0,transferencia_p2p,jue,1.05,0
5869.53,9,mobile_ios,1173,False,3,11,1,electronicos,dom,0.05,0
3089.07,3,mobile_android,379,False,3,9,0,cripto,mie,1.63,1
3375.26,12,mobile_ios,308,False,2,5,0,transferencia_p2p,sab,1.08,0
1035.89,22,mobile_ios,1090,False,1,4,0,viajes,sab,1.34,0
4192.99,20,mobile_ios,758,False,2,2,0,vestimenta,sab,0.26,0
4353.52,11,mobile_android,285,False,3,7,0,gastronomia,mie,1.12,0
5507.09,23,web,330,False,0,3,0,supermercado,mar,1.0,0
4902.55,11,web,991,False,0,8,0,electronicos,mar,0.9,0
19946.18,18,mobile_android,1450,False,0,3,1,transferencia_p2p,dom,1.01,0
1902.53,22,mobile_ios,1369,False,1,2,0,supermercado,mie,1.17,0
5110.2,11,web,317,False,0,3,0,viajes,lun,1.32,0
10167.03,13,mobile_android,1082,False,1,3,0,gastronomia,vie,0.58,0
8489.49,19,web,673,False,1,9,1,supermercado,sab,1.49,0
50000.0,19,web,422,False,2,8,0,electronicos,dom,0.05,1
1277.82,21,mobile_ios,1631,False,2,5,0,gastronomia,sab,1.22,0
13225.87,10,mobile_android,545,False,0,5,0,electronicos,lun,1.32,0
20000.0,20,web,2488,False,5,7,1,cripto,mie,2.32,1
2563.29,19,mobile_android,507,False,2,2,0,electronicos,sab,0.61,0
8394.88,13,mobile_ios,654,False,2,6,0,supermercado,sab,0.37,0
642.51,14,mobile_android,1597,False,0,5,0,cripto,sab,0.99,0
1747.47,23,web,719,False,1,4,0,electronicos,jue,1.33,0
6520.17,17,mobile_ios,315,False,0,4,0,vestimenta,sab,0.53,0
724.11,11,mobile_ios,413,False,0,6,0,gastronomia,dom,1.51,0
2490.39,19,mobile_android,1531,False,0,5,0,electronicos,vie,1.23,0
1730.93,22,mobile_ios,833,False,0,5,0,supermercado,jue,0.74,0
7704.43,17,mobile_android,1206,False,1,3,0,transferencia_p2p,lun,1.05,0
421.57,12,mobile_ios,552,False,1,5,0,electronicos,sab,1.29,0
1820.4,16,web,838,False,1,6,0,supermercado,sab,0.84,0
8976.52,15,mobile_android,894,False,1,3,0,gastronomia,mie,0.49,0
5373.88,20,mobile_android,927,False,0,2,0,supermercado,dom,0.72,0
2044.69,17,mobile_android,341,False,0,2,0,supermercado,lun,1.23,0
3463.64,13,mobile_ios,1277,False,2,7,1,supermercado,mar,1.41,0
3560.84,21,mobile_android,1365,False,1,6,0,gastronomia,jue,0.63,0
1107.27,12,mobile_android,622,False,1,3,1,supermercado,mar,1.08,0
21639.89,21,mobile_ios,1624,False,2,7,0,vestimenta,vie,1.34,0
3119.71,20,mobile_android,428,False,1,4,0,electronicos,mar,1.55,0
922.42,20,mobile_ios,518,False,2,4,0,supermercado,mar,0.77,0
1892.62,22,mobile_android,1673,False,2,6,0,supermercado,mie,1.06,0
1247.74,23,mobile_ios,824,False,2,7,0,supermercado,vie,1.08,0
5385.66,21,web,565,False,0,2,0,gastronomia,jue,0.63,0
2425.68,20,mobile_android,342,False,0,2,0,vestimenta,mar,1.26,0
4052.77,23,mobile_android,310,False,2,5,0,vestimenta,vie,1.44,0
7204.01,13,mobile_android,586,False,1,6,0,transferencia_p2p,sab,1.53,0
1415.69,16,web,847,False,1,6,0,electronicos,mar,0.64,0
50336.46,13,web,870,False,0,2,0,transferencia_p2p,vie,1.51,0
8858.45,20,mobile_android,565,False,0,3,0,vestimenta,vie,1.51,0
5138.95,19,mobile_android,1605,False,0,3,0,supermercado,dom,1.45,0
37459.84,12,mobile_android,2357,False,2,5,0,supermercado,lun,0.9,0
32398.38,18,mobile_android,292,False,1,7,0,vestimenta,dom,0.05,0
767.61,21,mobile_ios,1359,False,1,8,0,cripto,lun,1.06,0
3842.02,20,mobile_ios,1452,False,1,7,0,vestimenta,dom,0.86,0
2714.11,9,mobile_ios,1227,False,2,5,0,gastronomia,vie,1.42,0
6932.24,12,mobile_ios,1264,False,1,4,0,transferencia_p2p,sab,0.81,0
1489.57,10,mobile_android,2408,False,0,3,0,vestimenta,mie,1.66,0
11361.17,18,mobile_android,1010,False,2,5,0,gastronomia,jue,0.68,0
2666.07,12,mobile_ios,985,False,2,8,0,gastronomia,sab,0.79,0
7626.06,22,mobile_ios,1007,False,3,7,0,vestimenta,sab,0.44,0
2599.74,13,mobile_ios,1840,False,1,5,0,transferencia_p2p,jue,1.32,0
1802.5,11,mobile_ios,1394,False,1,3,0,vestimenta,mie,1.31,0
2207.55,14,mobile_android,1660,False,1,5,0,supermercado,mar,1.17,0
6676.11,12,web,745,False,2,7,0,supermercado,jue,1.11,0
415.46,13,mobile_android,1127,False,0,2,1,supermercado,sab,0.59,0
2104.7,21,mobile_ios,1761,True,1,7,0,vestimenta,dom,1.04,0
3885.25,19,mobile_ios,2095,False,0,3,0,supermercado,lun,1.23,0
1829.19,10,mobile_android,370,False,2,6,1,viajes,jue,0.51,0
4983.16,19,mobile_ios,1883,False,0,4,0,vestimenta,dom,1.53,0
5579.42,19,mobile_android,2898,False,2,10,0,electronicos,mar,1.33,0
62648.46,10,mobile_ios,2064,False,0,6,0,vestimenta,dom,1.39,0
2158.74,20,mobile_ios,604,False,0,5,0,supermercado,vie,1.56,0
3299.69,10,mobile_ios,416,False,1,2,0,supermercado,vie,1.41,0
7598.71,9,mobile_android,855,False,1,2,0,electronicos,jue,1.22,0
5000.0,19,mobile_ios,1067,False,3,4,1,viajes,mie,2.21,1
935.54,12,mobile_android,935,False,0,0,0,electronicos,dom,1.42,0
1264.73,22,mobile_android,1176,False,3,9,0,vestimenta,vie,0.4,0
5465.1,2,mobile_android,1559,False,3,7,0,viajes,vie,1.14,0
3968.94,11,mobile_ios,405,False,4,5,0,gastronomia,jue,0.94,0
3540.35,11,mobile_android,392,False,0,6,0,vestimenta,sab,0.74,0
1981.78,18,mobile_ios,2493,False,1,3,0,gastronomia,dom,0.47,0
1643.07,11,mobile_android,710,False,2,8,0,gastronomia,vie,1.24,0
10736.18,18,mobile_ios,523,False,1,6,0,supermercado,mie,0.22,0
5667.74,7,mobile_android,510,False,3,7,0,vestimenta,vie,1.73,0
2757.01,19,mobile_ios,1000,False,1,8,0,juegos_online,mie,0.86,0
5080.39,13,web,357,False,0,9,0,cripto,sab,1.19,0
3394.76,21,web,205,False,1,5,0,vestimenta,sab,0.85,0
7075.77,19,web,1604,False,4,8,0,cripto,lun,2.0,1
1015.34,18,mobile_android,979,False,2,6,0,cripto,vie,1.62,0
1826.0,12,mobile_ios,1504,False,1,5,1,transferencia_p2p,mar,1.47,0
2623.66,20,mobile_android,914,False,2,4,1,supermercado,mar,1.11,0
3516.85,14,mobile_android,380,False,0,5,1,gastronomia,sab,1.12,0
2047.23,16,mobile_android,1282,False,0,5,0,supermercado,lun,0.61,0
383.07,13,mobile_ios,682,False,0,6,0,gastronomia,jue,0.93,0
5065.91,14,mobile_ios,1779,False,1,4,0,transferencia_p2p,jue,0.95,0
11047.61,23,mobile_ios,1563,False,0,4,0,viajes,mar,0.57,0
4514.72,11,web,840,False,0,1,0,supermercado,lun,0.9,0
2420.74,18,mobile_ios,345,False,1,5,0,transferencia_p2p,jue,0.53,0
3119.38,11,mobile_android,1069,False,0,4,1,vestimenta,vie,0.71,0
1001.5,14,mobile_android,1801,False,0,4,0,gastronomia,vie,0.84,0
7908.97,23,mobile_android,1084,False,4,8,0,vestimenta,lun,0.84,0
7771.08,11,mobile_ios,1625,False,1,4,0,electronicos,jue,0.26,0
6928.0,0,mobile_ios,2686,True,1,4,1,gastronomia,jue,1.32,0
8064.63,19,mobile_android,748,False,0,4,0,transferencia_p2p,mar,0.51,0
3278.17,11,mobile_android,721,False,4,6,0,electronicos,lun,1.06,0
556.69,11,mobile_ios,527,False,2,4,0,supermercado,vie,0.92,0
3540.48,22,mobile_ios,457,True,3,5,0,supermercado,jue,1.58,0
984.7,9,mobile_android,1065,False,1,4,0,vestimenta,sab,0.4,0
13658.75,11,mobile_android,1650,False,1,4,0,supermercado,jue,0.5,0
6819.18,12,mobile_android,529,False,1,6,0,supermercado,dom,1.63,0
20000.0,0,mobile_android,532,False,3,9,1,transferencia_p2p,mar,0.65,1
2365.3,0,mobile_ios,927,False,0,5,0,gastronomia,vie,1.13,0
36674.77,19,mobile_android,1936,False,0,2,0,gastronomia,jue,0.65,0
8586.75,22,mobile_ios,1361,False,0,4,0,supermercado,sab,1.21,0
3767.54,11,mobile_android,1042,False,0,4,1,supermercado,vie,0.38,0
2293.59,11,mobile_android,498,False,1,9,0,vestimenta,jue,1.18,0
6300.78,10,mobile_ios,618,False,0,2,0,cripto,lun,0.66,0
659.03,16,mobile_ios,1367,False,2,5,0,supermercado,vie,1.14,0
970.0,17,mobile_ios,839,False,0,3,1,viajes,sab,0.75,0
3941.1,23,mobile_ios,766,False,1,2,0,supermercado,sab,1.02,0
1626.66,21,mobile_android,2021,False,2,4,0,gastronomia,sab,1.35,0
67094.84,18,mobile_ios,231,False,0,3,1,cripto,mar,0.58,0
1073.4,15,mobile_android,300,False,2,9,0,gastronomia,lun,2.33,1
3334.79,9,mobile_ios,932,False,2,8,0,electronicos,mie,0.94,0
778.61,11,mobile_ios,2040,False,0,2,0,transferencia_p2p,dom,0.66,0
2590.21,19,mobile_android,380,False,1,4,0,vestimenta,dom,1.41,0
6051.61,20,mobile_ios,586,False,2,7,0,vestimenta,mie,1.65,0
10698.33,13,mobile_android,505,False,2,12,0,electronicos,mie,0.88,0
16586.9,18,web,2051,False,0,5,0,viajes,mie,1.01,0
1044.13,21,mobile_ios,287,False,2,5,0,gastronomia,sab,0.58,0
1220.61,12,mobile_ios,480,False,2,8,0,vestimenta,sab,0.64,0
458.07,20,mobile_ios,1201,False,1,6,0,gastronomia,dom,0.72,0
1477.18,23,mobile_ios,678,False,2,9,0,vestimenta,vie,0.8,0
2225.54,11,web,913,False,5,10,1,vestimenta,sab,1.83,0
2469.24,13,web,554,False,0,2,0,supermercado,mie,1.4,0
1011.24,17,mobile_android,663,False,0,2,0,electronicos,dom,1.18,0
11484.37,11,mobile_android,833,False,1,6,0,supermercado,dom,1.46,0
2135.7,22,mobile_ios,626,True,3,8,0,supermercado,vie,1.74,0
3193.47,8,mobile_android,1103,False,1,4,0,electronicos,jue,1.39,0
1117.13,12,mobile_ios,1073,False,0,5,0,gastronomia,vie,1.45,0
9857.02,15,mobile_android,688,False,2,8,0,transferencia_p2p,sab,0.97,0
3460.45,17,mobile_ios,1560,False,1,3,0,electronicos,lun,0.64,0
971.3,21,mobile_android,488,False,2,6,0,transferencia_p2p,vie,1.19,0
744.64,20,mobile_android,552,False,0,7,0,transferencia_p2p,mie,1.12,0
2147.55,9,web,914,False,3,4,1,viajes,jue,0.53,0
3687.04,21,mobile_ios,482,False,3,5,0,electronicos,jue,0.71,0
7875.67,21,mobile_android,1824,False,2,9,0,supermercado,jue,0.72,0
3415.67,20,mobile_android,529,False,1,7,0,transferencia_p2p,jue,0.6,0
45283.98,15,web,846,False,0,5,0,gastronomia,sab,0.78,0
3106.85,10,web,474,True,2,8,0,gastronomia,mie,0.88,0
2930.05,22,mobile_android,737,False,0,6,0,viajes,vie,0.55,0
21529.57,13,mobile_android,1478,False,0,3,0,supermercado,dom,1.7,0
628.62,19,mobile_ios,390,False,2,3,0,cripto,mar,1.34,0
11038.78,19,mobile_ios,30,False,1,7,0,gastronomia,mie,1.17,0
5888.44,9,mobile_ios,3650,False,1,5,0,transferencia_p2p,vie,0.91,0
1562.96,18,mobile_ios,800,False,2,5,0,gastronomia,vie,0.38,0
304.69,10,mobile_ios,857,False,1,2,0,transferencia_p2p,vie,1.02,0
8942.36,20,mobile_android,1462,False,1,5,0,transferencia_p2p,mie,0.76,0
10736.99,19,mobile_android,367,False,1,2,0,vestimenta,dom,0.56,0
3419.51,13,mobile_android,1195,False,1,3,0,supermercado,vie,1.28,0
1625.74,22,mobile_android,265,False,0,4,0,viajes,dom,0.71,0
2900.33,19,mobile_android,910,False,0,5,0,supermercado,vie,1.78,0
15109.74,21,mobile_android,76,False,0,4,0,gastronomia,jue,0.77,0
17351.57,21,mobile_ios,387,False,4,8,1,juegos_online,vie,0.94,0
2144.28,11,mobile_android,1457,False,0,4,0,transferencia_p2p,jue,0.97,0
4027.5,9,mobile_ios,474,False,0,1,0,gastronomia,jue,0.44,0
5442.14,20,mobile_android,480,False,2,5,0,viajes,mar,0.78,0
21519.61,22,mobile_ios,708,False,2,5,0,gastronomia,vie,0.59,0
1716.15,19,mobile_ios,174,False,2,4,0,electronicos,lun,0.83,0
50753.75,22,mobile_ios,180,False,1,5,0,vestimenta,lun,1.07,0
2481.98,13,web,791,False,1,3,1,electronicos,sab,0.74,0
3731.44,19,mobile_ios,1160,False,2,4,0,electronicos,vie,0.99,0
19380.96,11,mobile_android,292,True,1,4,1,supermercado,mie,1.56,1
4862.75,22,mobile_ios,1083,True,0,3,0,gastronomia,mie,0.05,0
6976.13,21,mobile_android,778,False,1,3,1,electronicos,vie,0.89,0
7366.13,10,mobile_ios,1150,False,0,7,0,gastronomia,vie,0.5,0
3689.98,22,web,2426,True,0,8,0,vestimenta,lun,0.74,0
1334.23,21,mobile_android,764,False,1,7,0,supermercado,mar,0.44,0
2077.87,21,mobile_ios,2600,False,0,3,0,juegos_online,dom,0.93,0
3850.43,19,mobile_ios,774,True,0,3,0,vestimenta,vie,0.48,0
10066.59,23,web,1347,False,0,3,0,gastronomia,dom,0.54,0
20484.39,19,mobile_android,220,False,0,8,0,gastronomia,mie,0.79,0
2032.22,10,mobile_ios,603,False,0,4,0,vestimenta,mar,0.73,0
25594.66,7,mobile_ios,2010,False,0,3,0,gastronomia,vie,0.62,0
5335.07,19,web,965,False,3,7,1,electronicos,sab,0.64,0
1563.93,22,mobile_ios,1862,False,1,6,0,supermercado,lun,1.04,0
6165.34,13,web,1357,False,0,1,0,transferencia_p2p,jue,0.65,0
1334.99,9,mobile_android,898,False,0,2,0,viajes,mie,0.84,0
27761.35,23,mobile_ios,1006,False,1,6,0,gastronomia,sab,1.45,0
3306.97,11,mobile_android,609,False,2,6,0,electronicos,jue,1.01,0
3174.08,11,web,315,False,1,4,0,gastronomia,jue,0.67,0
6348.11,16,mobile_ios,1278,False,0,3,0,supermercado,vie,0.74,0
10178.71,12,mobile_android,2644,False,3,6,0,gastronomia,mie,1.05,0
19230.12,12,mobile_android,1276,False,1,7,2,viajes,lun,0.85,0
980.63,19,mobile_android,994,False,1,7,0,viajes,vie,0.88,0
3444.54,19,mobile_android,1661,False,3,9,0,supermercado,jue,1.3,0
2920.01,23,mobile_android,1694,False,2,5,0,transferencia_p2p,mie,0.55,0
959.61,17,mobile_ios,742,False,0,6,0,gastronomia,dom,0.86,0
4133.45,21,mobile_ios,191,False,0,8,0,supermercado,vie,1.02,0
1472.21,11,mobile_ios,795,False,2,5,0,gastronomia,sab,1.26,0
50000.0,22,web,371,False,4,5,0,electronicos,sab,2.3,1
19363.04,14,web,1014,False,0,2,0,gastronomia,sab,1.77,0
3544.12,0,mobile_android,185,False,1,4,0,viajes,lun,0.09,0
6574.03,23,mobile_ios,595,False,0,6,0,supermercado,vie,2.23,0
5239.85,10,mobile_ios,2659,False,2,8,1,supermercado,sab,2.34,1
3042.64,14,web,436,False,1,5,0,transferencia_p2p,lun,0.55,0
7451.69,23,web,1153,False,1,6,0,transferencia_p2p,sab,0.95,0
7242.79,13,mobile_android,1312,False,3,12,0,electronicos,jue,1.29,0
9715.52,20,web,1461,False,0,7,0,gastronomia,dom,1.15,0
5962.64,18,mobile_android,577,False,2,6,0,gastronomia,dom,0.86,0
4029.14,18,mobile_ios,333,False,0,7,0,viajes,sab,0.89,0
38423.13,10,mobile_android,646,True,5,11,0,supermercado,dom,1.91,1
17637.25,19,web,394,False,3,11,0,supermercado,mar,1.22,0
15714.75,11,mobile_ios,1628,False,1,6,0,electronicos,lun,1.36,0
2373.49,8,mobile_android,50,False,3,6,0,cripto,lun,2.78,1
3383.89,9,mobile_android,1714,False,1,7,2,gastronomia,jue,1.57,0
567.79,14,mobile_android,492,False,1,2,1,supermercado,mie,0.84,0
4895.64,8,mobile_ios,739,False,2,4,0,gastronomia,mie,0.57,0
2346.16,20,mobile_ios,1102,False,1,2,0,supermercado,sab,1.69,0
9242.55,14,mobile_ios,384,False,1,4,0,viajes,vie,1.1,0
1960.69,13,mobile_android,2998,False,1,3,0,cripto,lun,0.93,0
20047.36,17,mobile_ios,1574,False,1,7,0,supermercado,jue,1.0,0
442.33,12,mobile_ios,1577,False,0,6,0,electronicos,sab,0.17,0
4922.4,10,mobile_android,1174,False,3,6,0,vestimenta,mie,1.7,0
5870.0,21,mobile_android,2397,False,1,7,0,supermercado,lun,1.5,0
6530.04,11,mobile_android,1240,False,4,10,0,transferencia_p2p,jue,1.72,0
12353.92,19,mobile_android,727,True,0,4,0,supermercado,vie,1.13,0
3482.7,10,web,1709,False,1,4,0,vestimenta,mar,0.63,0
4554.94,22,mobile_ios,1116,False,0,8,0,transferencia_p2p,vie,0.9,0
1023.43,17,mobile_android,1368,False,0,3,0,supermercado,lun,0.86,0
682.2,18,mobile_android,2129,False,1,7,0,vestimenta,jue,1.02,0
3056.52,23,mobile_ios,1197,False,1,4,1,supermercado,dom,0.39,0
2995.89,11,mobile_android,1105,False,0,0,1,electronicos,mar,1.4,0
17589.95,18,mobile_android,362,False,1,7,0,transferencia_p2p,lun,0.69,0
621.65,11,mobile_ios,2848,False,3,5,1,transferencia_p2p,mar,0.59,0
536.16,12,mobile_ios,914,False,2,4,0,supermercado,jue,0.85,0
4519.72,0,mobile_android,829,False,1,2,0,supermercado,jue,1.22,0
2715.13,19,mobile_android,496,False,2,6,0,viajes,dom,0.8,0
3328.47,22,mobile_android,1084,False,2,7,0,juegos_online,dom,1.17,0
15830.98,10,web,1059,False,1,3,0,supermercado,mar,1.47,0
10479.64,20,mobile_android,508,False,1,6,0,gastronomia,sab,2.05,0
1137.43,21,mobile_android,1392,False,1,5,0,gastronomia,dom,1.06,0
2425.0,20,mobile_android,1623,False,3,8,0,gastronomia,sab,1.16,0
3334.65,12,web,562,False,3,3,0,cripto,sab,0.97,0
917.81,21,mobile_android,907,False,1,5,0,electronicos,mie,0.95,0
1139.18,21,mobile_ios,621,False,2,4,1,viajes,mar,0.52,0
447.0,17,mobile_android,1076,False,1,6,0,supermercado,sab,1.58,0
20584.87,19,mobile_android,913,False,0,2,0,gastronomia,mie,0.53,0
6477.38,5,web,2320,True,2,4,1,gastronomia,dom,2.07,1
1739.97,9,mobile_android,926,False,0,5,0,electronicos,lun,1.73,0
7938.9,9,mobile_ios,1778,False,3,8,2,gastronomia,vie,0.78,0
9279.35,19,mobile_ios,976,False,1,3,1,transferencia_p2p,vie,1.25,0
3467.82,13,mobile_android,457,False,2,6,2,viajes,mar,0.25,0
5914.71,19,mobile_android,1095,False,5,10,0,supermercado,mar,0.35,0
2155.08,18,mobile_ios,1381,False,3,4,0,viajes,jue,1.62,0
1383.69,11,mobile_android,2249,False,1,10,0,electronicos,mar,1.35,0
1270.42,19,mobile_ios,1252,False,1,6,0,vestimenta,sab,0.8,0
7496.58,12,mobile_android,1900,False,0,4,0,electronicos,dom,0.69,0
3050.74,21,mobile_ios,131,False,1,8,0,gastronomia,mie,0.93,0
15584.78,13,mobile_ios,532,False,1,7,0,supermercado,lun,1.05,0
3316.62,20,mobile_ios,1061,False,2,8,0,supermercado,sab,0.98,0
2230.23,20,mobile_ios,665,False,2,6,0,supermercado,dom,1.0,0
3345.86,16,web,2054,False,1,3,0,transferencia_p2p,sab,0.53,0
966.43,12,mobile_android,1503,False,0,2,0,gastronomia,vie,0.85,0
2847.74,23,mobile_ios,772,False,1,3,0,vestimenta,lun,0.47,0
3081.19,18,mobile_android,159,False,2,7,0,viajes,jue,1.74,0
7626.72,12,mobile_android,353,False,2,3,0,juegos_online,jue,0.73,0
2930.29,11,mobile_android,850,False,2,6,0,supermercado,lun,0.36,0
1303.45,19,mobile_ios,2140,False,0,1,0,gastronomia,mie,1.24,0
8240.17,11,mobile_android,845,False,1,1,0,supermercado,dom,0.49,0
13440.15,13,mobile_android,816,False,2,5,0,gastronomia,vie,0.05,0
1396.24,15,mobile_ios,465,False,0,9,0,supermercado,vie,1.09,0
33211.15,11,mobile_android,255,False,2,8,0,transferencia_p2p,sab,1.95,0
2729.07,11,mobile_ios,667,False,4,5,0,viajes,dom,1.14,0
23019.95,11,web,547,False,1,9,0,gastronomia,mie,1.31,0
11981.79,19,mobile_android,1273,True,2,10,0,vestimenta,sab,1.41,0
2325.55,11,mobile_ios,1485,False,1,5,0,gastronomia,jue,1.29,0
4920.3,16,web,362,False,2,8,0,electronicos,vie,0.71,0
3193.63,13,mobile_android,158,False,0,3,0,gastronomia,sab,0.24,0
3283.0,0,mobile_android,1190,False,1,5,0,transferencia_p2p,sab,0.8,0
3774.64,17,mobile_android,848,False,0,3,0,vestimenta,sab,0.85,0
6887.55,14,mobile_ios,464,False,1,8,2,supermercado,dom,0.96,0
11975.29,9,mobile_ios,298,False,2,5,0,transferencia_p2p,jue,1.53,0
926.9,12,mobile_android,1000,False,0,6,0,transferencia_p2p,lun,0.25,0
5090.05,23,mobile_android,792,False,1,7,0,juegos_online,vie,0.19,0
2852.33,11,web,168,False,1,2,0,gastronomia,sab,0.65,0
14950.7,22,mobile_android,234,True,1,5,0,viajes,jue,0.74,0
1769.48,15,mobile_ios,203,False,2,6,0,gastronomia,dom,1.56,0
3917.76,21,mobile_android,442,False,3,7,0,cripto,sab,0.37,0
1596.19,10,mobile_ios,1514,False,1,4,0,viajes,vie,1.9,0
1620.59,19,mobile_android,344,False,1,5,0,viajes,mie,1.03,0
7748.48,17,mobile_android,1094,False,1,4,0,electronicos,sab,1.21,0
4618.09,11,mobile_ios,2306,False,0,7,1,viajes,sab,1.06,0
7215.87,15,mobile_ios,705,False,1,6,0,viajes,sab,0.84,0
2910.68,21,mobile_ios,1114,False,2,6,0,cripto,mie,1.51,0
14223.38,23,mobile_ios,1665,False,2,6,0,electronicos,lun,0.57,0
8558.55,13,web,821,False,1,5,0,electronicos,sab,0.92,0
5038.61,23,mobile_ios,1064,False,1,4,0,vestimenta,vie,0.98,0
17152.35,22,mobile_ios,878,False,0,6,0,supermercado,sab,1.14,0
1726.59,20,mobile_android,1227,False,1,6,0,transferencia_p2p,vie,0.93,0
2472.79,11,web,638,False,1,2,0,supermercado,vie,0.76,0
1582.29,19,mobile_android,1025,False,1,6,0,supermercado,mar,0.95,0
1834.25,21,mobile_ios,1297,False,1,14,0,electronicos,sab,0.68,0
6352.05,12,mobile_android,179,False,4,6,0,transferencia_p2p,mar,1.49,0
5269.58,16,mobile_ios,3650,False,2,7,0,transferencia_p2p,dom,1.66,0
3152.57,13,mobile_android,765,False,0,5,0,gastronomia,sab,1.15,0
3622.35,12,mobile_ios,1378,False,0,1,1,vestimenta,sab,0.38,0
6796.64,0,mobile_android,1856,False,1,3,0,transferencia_p2p,vie,1.16,0
8271.15,20,mobile_ios,734,False,0,1,0,gastronomia,mar,0.45,0
1589.42,23,mobile_ios,848,False,4,7,0,supermercado,lun,1.2,0
30384.11,10,mobile_ios,602,False,1,4,0,gastronomia,lun,1.0,0
18148.83,14,mobile_android,956,False,1,9,0,vestimenta,lun,0.94,0
7979.96,19,mobile_android,1047,False,0,8,0,viajes,mie,1.25,0
2078.81,11,mobile_ios,70,False,0,5,0,supermercado,vie,0.33,0
10789.47,13,mobile_android,1161,False,2,8,0,gastronomia,lun,1.13,0
23105.48,12,mobile_android,2939,False,0,4,0,supermercado,vie,0.72,0
2917.45,14,mobile_android,143,False,0,5,0,gastronomia,vie,1.59,0
5710.02,12,mobile_android,1028,False,2,5,0,supermercado,jue,1.43,0
3087.62,21,mobile_ios,393,False,2,3,1,supermercado,mar,1.29,0
3656.03,11,web,2512,False,4,8,0,juegos_online,jue,1.3,0
1141.57,14,mobile_android,1453,False,2,4,0,supermercado,jue,0.91,0
60449.83,18,mobile_android,617,False,1,5,0,electronicos,sab,0.85,0
8333.08,11,mobile_android,1327,False,3,7,0,vestimenta,dom,1.41,0
7780.57,12,mobile_android,2235,False,1,5,0,supermercado,mie,0.59,0
7113.21,8,web,40,True,1,5,0,transferencia_p2p,sab,2.47,1
857.43,19,mobile_ios,469,False,1,5,0,juegos_online,dom,0.77,0
18340.64,11,mobile_ios,568,False,2,4,0,supermercado,jue,1.29,0
2241.75,9,mobile_android,924,False,0,4,1,supermercado,jue,1.22,0
1045.63,20,mobile_ios,3187,False,2,8,0,electronicos,mie,0.72,0
11795.89,20,mobile_ios,896,False,1,7,0,vestimenta,sab,0.65,0
4296.33,10,mobile_ios,847,False,2,6,1,viajes,jue,0.65,0
5722.3,3,mobile_android,156,False,0,1,1,cripto,sab,2.0,1
5907.53,20,mobile_android,707,False,1,4,0,vestimenta,mar,0.69,0
3242.81,21,mobile_android,1132,False,0,4,0,supermercado,mie,0.18,0
10512.57,19,mobile_ios,556,False,0,7,0,supermercado,lun,0.99,0
1204.92,13,mobile_ios,2085,False,0,1,0,vestimenta,mie,1.02,0
1800.54,11,mobile_android,590,False,3,8,0,gastronomia,sab,0.77,0
5727.41,19,mobile_ios,1993,False,0,3,0,supermercado,sab,1.12,0
2651.06,20,mobile_android,846,False,0,3,0,vestimenta,mar,0.98,0
16932.09,6,mobile_ios,237,False,1,4,0,transferencia_p2p,mie,0.69,0
5485.9,14,mobile_android,1041,False,0,4,0,transferencia_p2p,lun,0.81,0
964.3,16,mobile_ios,2439,False,1,5,0,gastronomia,mie,2.56,1
50000.0,11,web,23,False,3,7,0,electronicos,mar,2.2,1
6323.04,17,mobile_android,192,False,1,5,0,juegos_online,sab,1.72,0
1811.26,19,mobile_ios,969,False,1,5,0,viajes,mar,0.67,0
3615.13,20,mobile_ios,890,False,1,4,0,supermercado,dom,0.64,0
29938.03,14,mobile_ios,996,False,2,8,0,supermercado,mie,1.05,0
1759.89,21,web,838,False,2,5,0,juegos_online,mar,0.51,0
3014.7,20,mobile_ios,1367,False,3,7,1,electronicos,mie,1.27,0
54392.69,20,web,664,False,1,7,0,supermercado,lun,0.32,0
349.22,8,mobile_ios,229,False,0,3,0,supermercado,vie,1.03,0
3130.5,9,web,1818,False,2,7,0,supermercado,mar,0.72,0
2619.16,11,mobile_ios,1453,False,4,9,0,transferencia_p2p,jue,0.98,0
4865.31,14,mobile_ios,1235,False,1,5,0,viajes,lun,0.59,0
1035.48,13,mobile_ios,165,False,0,1,0,supermercado,lun,1.02,0
1328.9,12,mobile_android,1669,False,1,6,0,electronicos,lun,0.83,0
2627.42,20,mobile_ios,1300,False,0,5,0,transferencia_p2p,vie,1.01,0
1677.78,17,mobile_android,413,False,0,2,0,supermercado,mar,1.14,0
5985.89,10,web,145,False,0,0,1,supermercado,sab,0.95,0
1888.67,12,web,1309,False,2,11,0,supermercado,jue,0.72,0
2953.04,14,mobile_ios,591,False,2,4,0,supermercado,mie,0.87,0
6263.63,21,mobile_android,734,False,1,7,0,vestimenta,mie,1.06,0
1731.74,13,mobile_ios,3650,False,0,5,0,gastronomia,sab,0.28,0
7601.83,10,mobile_android,429,False,1,5,1,electronicos,dom,0.5,0
5232.23,19,mobile_android,838,False,0,3,0,vestimenta,sab,0.57,0
5450.03,21,mobile_ios,110,False,1,5,0,supermercado,jue,2.01,0
5956.85,14,mobile_android,1356,False,2,6,0,transferencia_p2p,jue,1.2,0
6141.62,11,mobile_android,976,True,2,3,0,transferencia_p2p,mie,1.58,0
49198.89,13,mobile_android,1436,True,1,5,0,gastronomia,vie,1.14,0
2673.99,18,web,1007,False,1,4,0,vestimenta,sab,0.93,0
7104.03,12,mobile_ios,1957,False,1,6,0,supermercado,sab,0.17,0
4024.45,20,mobile_android,1066,False,0,2,0,electronicos,mie,1.12,0
2288.35,22,mobile_ios,1329,False,1,4,0,supermercado,mie,0.59,0
1359.46,12,mobile_android,1239,False,0,5,0,electronicos,mie,1.96,0
3908.84,14,mobile_android,928,False,1,5,0,supermercado,mar,1.14,0
3324.68,22,mobile_ios,215,False,0,7,0,gastronomia,mie,0.05,0
3578.02,12,mobile_android,749,False,2,5,0,viajes,sab,0.3,0
4823.1,23,mobile_ios,989,False,0,6,0,electronicos,sab,1.17,0
10423.88,23,mobile_android,288,False,0,3,0,transferencia_p2p,jue,0.93,0
1970.46,22,mobile_android,473,False,2,10,1,electronicos,mar,0.43,0
39128.51,15,mobile_android,1321,False,0,3,0,electronicos,mar,1.53,0
5699.55,9,mobile_android,378,False,1,2,0,supermercado,mie,0.85,0
1093.68,11,mobile_android,376,False,2,6,0,supermercado,sab,0.67,0
13234.25,14,mobile_ios,2397,False,1,7,0,electronicos,dom,0.37,0
2802.98,0,mobile_android,362,False,2,7,0,gastronomia,mar,0.32,0
405.38,16,mobile_ios,1030,True,2,8,0,vestimenta,jue,0.23,0
3475.22,13,mobile_android,884,False,0,3,0,supermercado,mie,0.51,0
10294.54,12,mobile_android,1296,False,3,7,0,viajes,dom,1.14,0
7321.47,19,mobile_ios,1640,False,3,10,0,gastronomia,dom,0.77,0
9102.56,18,mobile_ios,286,False,1,10,0,supermercado,sab,1.45,0
4602.71,21,mobile_android,347,False,2,8,0,supermercado,mie,0.68,0
2822.54,12,web,437,False,2,8,0,viajes,mie,1.25,0
1818.84,20,mobile_android,1031,False,0,2,0,juegos_online,mie,0.63,0
893.22,19,mobile_android,706,False,4,9,1,transferencia_p2p,sab,0.63,0
1045.95,15,mobile_ios,1363,False,0,6,0,cripto,mar,1.2,0
15649.13,20,mobile_android,687,False,2,6,0,vestimenta,jue,1.32,0
3351.74,12,mobile_android,749,False,5,7,1,transferencia_p2p,sab,1.39,1
2717.03,1,mobile_android,793,False,2,9,0,supermercado,mie,1.49,0
947.61,13,mobile_android,909,False,1,9,0,supermercado,sab,1.35,0
4924.46,20,mobile_android,952,False,0,2,1,juegos_online,lun,0.85,0
1010.45,20,mobile_android,698,False,0,2,1,transferencia_p2p,mar,0.05,0
1809.98,12,web,828,False,1,5,1,transferencia_p2p,vie,1.02,0
13131.81,21,mobile_android,1587,False,0,2,0,supermercado,mar,1.22,0
5946.79,10,mobile_android,2859,False,4,8,0,vestimenta,mie,0.26,0
22954.19,17,mobile_ios,425,False,2,4,0,viajes,mie,0.6,0
1211.28,18,mobile_android,902,False,1,4,0,juegos_online,lun,1.42,0
1075.05,12,mobile_android,321,False,0,0,0,electronicos,sab,1.01,0
11312.69,13,mobile_ios,528,False,1,7,0,gastronomia,vie,1.23,0
7054.2,19,mobile_android,449,False,4,7,0,gastronomia,jue,0.55,0
9199.05,23,mobile_ios,1564,False,3,7,0,gastronomia,lun,0.08,0
3184.25,22,mobile_android,1047,False,1,3,1,supermercado,sab,0.84,0
5405.34,22,web,1506,False,1,9,0,supermercado,vie,1.28,0
1814.9,12,mobile_android,242,False,2,5,0,vestimenta,vie,1.23,0
831.43,13,web,676,False,0,11,2,vestimenta,lun,0.62,0
1957.61,19,mobile_ios,887,False,1,7,1,supermercado,jue,1.5,0
25617.03,13,mobile_android,357,False,3,11,0,gastronomia,dom,1.23,0
1764.56,9,mobile_android,234,False,2,6,0,viajes,dom,0.97,0
24537.27,21,web,2024,False,0,2,0,supermercado,sab,1.59,0
433.47,11,mobile_android,497,False,0,3,0,supermercado,mie,0.46,0
5811.01,13,mobile_ios,438,False,0,1,0,supermercado,sab,0.76,0
12418.48,11,mobile_ios,432,False,1,9,0,supermercado,mar,1.01,0
2551.16,22,mobile_ios,1692,False,3,6,0,electronicos,sab,0.78,0
22854.73,11,mobile_android,1260,True,4,6,0,vestimenta,lun,0.57,0
3314.65,21,mobile_android,387,False,1,7,0,supermercado,dom,1.47,0
3125.9,22,mobile_android,416,False,0,5,0,electronicos,jue,1.02,0
1529.06,10,mobile_android,2845,False,2,5,0,viajes,mar,1.16,0
1848.13,13,mobile_ios,432,False,3,8,0,supermercado,vie,1.01,0
2357.37,15,mobile_android,854,False,1,7,0,supermercado,vie,1.23,0
115156.39,14,mobile_android,809,False,1,7,0,supermercado,lun,1.39,0
1454.32,13,mobile_ios,984,False,0,2,1,viajes,jue,1.02,0
7802.11,17,mobile_android,1053,False,0,2,0,vestimenta,dom,0.79,0
3228.96,19,mobile_ios,507,False,2,8,0,supermercado,mie,0.83,0
12142.99,13,mobile_ios,478,False,2,8,1,vestimenta,vie,0.69,0
851.08,22,mobile_android,16,True,0,5,1,gastronomia,lun,2.31,1
7162.5,12,mobile_android,1561,False,1,8,0,transferencia_p2p,mie,1.01,0
10778.27,12,mobile_ios,520,False,2,6,0,electronicos,lun,1.73,0
3434.37,19,web,902,False,2,8,0,gastronomia,sab,0.71,0
2468.5,19,mobile_android,1123,False,0,2,0,supermercado,jue,1.34,0
2922.92,12,mobile_android,2703,False,2,8,0,supermercado,jue,0.72,0
2488.83,19,mobile_android,944,False,1,2,0,gastronomia,mar,1.21,0
2302.89,10,mobile_ios,537,False,1,6,0,transferencia_p2p,sab,0.94,0
11643.03,19,mobile_android,835,False,1,5,0,viajes,lun,1.3,0
40962.61,9,mobile_ios,796,False,0,4,0,supermercado,mar,0.7,0
6055.12,10,mobile_ios,478,False,2,7,0,viajes,sab,1.52,0
1691.78,20,mobile_android,795,False,5,6,0,supermercado,lun,0.95,0
1066.44,20,mobile_ios,744,False,2,9,0,viajes,mar,1.48,0
5491.64,11,mobile_android,136,False,1,4,0,supermercado,vie,1.07,0
2862.82,12,mobile_android,1026,False,2,3,0,viajes,lun,0.88,0
1140.35,12,mobile_android,1507,False,0,5,0,supermercado,sab,0.33,0
1368.62,10,mobile_ios,350,False,1,5,0,supermercado,jue,0.68,0
22223.7,13,mobile_android,982,False,1,6,0,viajes,vie,1.06,0
6362.77,13,mobile_android,855,False,0,3,0,supermercado,sab,1.29,0
583.53,20,mobile_android,655,False,2,6,0,supermercado,jue,0.05,0
45793.83,15,mobile_ios,1180,False,0,4,0,viajes,vie,1.28,0
1981.8,13,mobile_ios,1687,False,1,3,0,transferencia_p2p,sab,0.88,0
3269.74,17,mobile_ios,422,False,1,7,0,supermercado,vie,1.09,0
4154.19,13,mobile_ios,186,False,1,8,0,viajes,sab,0.44,0
38552.33,19,mobile_ios,982,False,1,3,0,supermercado,dom,0.85,0
6341.03,22,mobile_android,1209,False,1,4,0,electronicos,sab,1.11,0
4569.52,19,mobile_android,1592,False,2,3,0,electronicos,lun,0.67,0
2653.5,20,mobile_ios,1187,False,0,6,0,transferencia_p2p,dom,1.88,0
17604.68,9,web,2623,False,1,8,0,vestimenta,jue,0.85,0
6623.29,16,mobile_ios,726,False,3,8,0,juegos_online,sab,0.78,0
2679.63,18,mobile_ios,278,False,2,6,0,vestimenta,lun,1.12,0
10376.67,9,mobile_android,1225,False,1,3,1,supermercado,dom,2.02,0
2727.37,22,mobile_ios,2120,False,0,4,0,vestimenta,sab,0.56,0
4895.31,19,mobile_android,1259,False,2,6,0,supermercado,lun,0.42,0
4147.56,13,mobile_android,1328,False,1,8,0,supermercado,sab,0.92,0
1978.12,21,mobile_ios,1931,False,2,5,0,vestimenta,mie,0.98,0
20052.15,11,mobile_ios,195,False,3,8,0,supermercado,jue,0.82,0
1009.66,18,web,316,False,0,3,0,supermercado,mar,0.59,0
4324.1,22,mobile_ios,1024,False,1,4,0,supermercado,sab,1.64,0
18110.17,19,mobile_android,1379,False,2,6,0,gastronomia,jue,1.59,0
2865.51,20,mobile_ios,547,False,2,7,0,supermercado,vie,0.7,0
15446.32,12,web,849,False,0,2,0,supermercado,sab,0.67,0
6567.25,22,mobile_android,1079,False,0,9,0,electronicos,mie,0.44,0
1834.92,22,mobile_android,826,False,0,6,0,gastronomia,lun,0.21,0
6910.42,22,web,684,False,1,6,0,vestimenta,mar,0.94,0
4741.68,12,mobile_android,1511,False,4,9,0,transferencia_p2p,lun,1.72,1
16501.86,22,web,1328,True,0,3,0,electronicos,mie,1.45,0
595.73,23,mobile_android,2165,False,0,3,0,vestimenta,lun,1.67,0
18776.36,20,mobile_ios,533,False,0,4,0,vestimenta,mar,1.06,0
1435.01,17,mobile_ios,329,False,1,7,1,vestimenta,mie,0.34,0
4764.34,12,mobile_android,1394,False,3,4,0,supermercado,sab,1.11,0
5724.66,19,mobile_ios,906,False,2,6,0,electronicos,vie,1.17,0
25453.23,10,mobile_android,259,False,1,6,2,supermercado,jue,0.77,0
1858.8,12,mobile_android,1171,False,1,4,0,supermercado,vie,0.83,0
1926.58,21,mobile_ios,658,False,2,5,0,viajes,jue,1.83,0
840.35,20,mobile_ios,1092,False,3,9,0,vestimenta,dom,1.32,0
1726.42,14,mobile_android,408,False,1,6,0,vestimenta,vie,0.63,0
2171.94,10,mobile_android,708,False,0,2,1,electronicos,mie,1.26,0
11339.51,17,mobile_android,930,False,0,2,0,supermercado,sab,1.53,0
8935.75,17,mobile_ios,917,False,0,6,0,gastronomia,jue,1.86,0
4920.24,19,mobile_ios,637,False,2,8,0,supermercado,dom,0.26,0
2181.48,16,mobile_android,789,False,3,4,0,vestimenta,sab,1.03,0
15087.58,22,mobile_ios,550,False,1,9,0,transferencia_p2p,vie,0.75,0
15882.19,18,mobile_android,786,False,1,6,0,vestimenta,dom,0.87,0
4019.99,11,mobile_ios,1245,False,0,1,1,vestimenta,mar,1.82,0
1152.76,19,web,181,False,1,8,0,gastronomia,lun,0.37,0
7881.01,12,mobile_ios,614,False,2,5,0,gastronomia,lun,1.02,0
2215.59,23,web,425,False,2,5,0,electronicos,dom,0.98,0
31528.87,13,mobile_ios,358,False,1,7,0,vestimenta,lun,1.42,0
8903.62,9,mobile_ios,442,False,0,2,0,viajes,jue,0.51,0
4635.28,21,mobile_ios,605,False,3,6,0,supermercado,vie,1.35,0
11722.56,21,mobile_ios,765,False,2,10,0,cripto,dom,0.98,0
2731.53,9,mobile_android,1031,False,2,7,0,gastronomia,mar,1.21,0
5568.97,20,mobile_android,2001,False,4,8,0,supermercado,mar,1.45,0
6690.55,21,web,2046,False,1,4,0,vestimenta,mar,0.81,0
5397.68,20,mobile_ios,547,False,1,4,0,supermercado,vie,0.68,0
496.18,20,mobile_android,1550,False,0,3,0,gastronomia,dom,1.38,0
1891.66,23,mobile_android,766,True,0,8,0,vestimenta,mie,1.41,0
674.2,0,mobile_ios,772,False,1,4,0,viajes,mar,0.73,0
8025.61,9,mobile_ios,1168,False,2,8,1,supermercado,lun,0.44,0
5267.75,19,mobile_android,1205,False,2,3,1,cripto,dom,0.41,0
5650.6,10,mobile_ios,530,False,5,7,0,gastronomia,mar,1.01,0
5689.18,18,mobile_android,640,False,0,6,0,viajes,mie,1.02,0
655.58,12,mobile_ios,223,False,2,5,0,transferencia_p2p,lun,1.8,0
3788.38,0,mobile_ios,435,False,1,5,0,viajes,jue,0.81,0
2740.51,20,mobile_android,621,False,1,6,0,transferencia_p2p,vie,1.35,0
2531.94,19,mobile_android,716,False,2,8,0,viajes,vie,0.61,0
5534.73,23,mobile_ios,2028,False,0,7,0,juegos_online,jue,0.95,0
1044.46,10,mobile_android,863,False,0,5,0,gastronomia,mar,0.95,0
8546.12,22,mobile_android,854,False,2,12,0,vestimenta,vie,0.82,0
4857.21,18,mobile_android,1921,False,0,2,1,electronicos,jue,0.31,0
1535.81,12,mobile_android,685,False,1,3,0,gastronomia,vie,0.47,0
936.11,15,mobile_ios,138,False,1,4,0,cripto,mie,0.59,0
8956.95,22,mobile_android,206,False,1,2,0,supermercado,sab,0.74,0
7982.08,12,mobile_android,347,False,1,6,0,gastronomia,jue,1.1,0
6007.8,21,mobile_ios,2890,False,2,8,0,vestimenta,vie,0.88,0
11193.57,21,mobile_android,912,True,1,5,0,vestimenta,vie,1.01,0
11215.41,22,mobile_ios,1648,False,2,4,1,vestimenta,jue,0.61,0
3984.46,22,mobile_android,398,False,0,2,0,supermercado,jue,1.36,0
3975.73,19,mobile_android,1742,False,2,8,1,supermercado,vie,0.76,0
5000.0,2,mobile_android,2040,False,5,9,0,gastronomia,mar,1.79,1
6705.89,11,mobile_android,379,False,1,4,0,electronicos,sab,0.6,0
1135.89,21,mobile_android,643,False,3,7,0,supermercado,jue,1.35,0
5837.22,0,mobile_android,502,False,0,3,0,electronicos,jue,0.91,0
3293.49,20,mobile_android,1006,False,0,8,0,transferencia_p2p,jue,1.54,0
8845.87,19,mobile_ios,1613,False,0,4,0,gastronomia,dom,1.25,0
3239.32,21,mobile_android,1681,False,0,6,0,supermercado,mie,0.66,0
9146.72,20,mobile_android,1322,False,1,4,0,electronicos,sab,1.07,0
7561.12,19,mobile_android,1614,False,1,7,0,vestimenta,sab,0.97,0
2968.85,12,mobile_android,1336,False,1,6,0,supermercado,vie,1.34,0
7894.26,17,mobile_android,842,False,0,5,1,supermercado,vie,0.9,0
1470.75,22,mobile_android,487,False,1,4,0,supermercado,mar,0.67,0
654.74,14,mobile_android,782,False,1,6,0,gastronomia,vie,0.95,0
4468.05,12,mobile_ios,674,False,1,2,0,vestimenta,mie,0.82,0
1603.98,9,web,558,False,2,6,1,vestimenta,mie,0.98,0
1066.35,12,mobile_android,562,False,3,5,0,gastronomia,sab,0.71,0
2343.38,19,mobile_android,983,False,1,5,0,electronicos,vie,0.7,0
3553.55,18,mobile_ios,1644,False,0,6,0,juegos_online,sab,0.69,0
5412.19,21,mobile_android,968,False,1,8,0,electronicos,lun,0.93,0
3162.16,17,mobile_android,544,False,3,7,0,gastronomia,mar,1.31,0
1127.76,14,mobile_ios,1183,False,1,9,0,gastronomia,mar,0.68,0
4291.5,7,web,2580,False,3,7,0,viajes,mie,1.8,0
1537.14,13,mobile_ios,684,False,1,4,0,juegos_online,dom,0.95,0
5032.74,23,mobile_android,561,False,1,5,0,transferencia_p2p,sab,0.91,0
2876.04,21,mobile_android,628,False,2,6,0,gastronomia,mar,1.7,0
1663.73,14,mobile_android,415,False,1,3,1,gastronomia,lun,0.75,0
3572.49,11,mobile_android,733,False,2,6,1,supermercado,lun,0.55,0
162.31,16,mobile_android,1322,False,1,4,0,gastronomia,sab,0.6,0
15236.93,20,mobile_android,2216,False,0,6,0,supermercado,sab,0.84,0
12448.12,19,mobile_ios,1362,False,2,5,0,electronicos,mar,1.45,0
1755.35,6,mobile_android,435,False,0,6,0,gastronomia,jue,1.2,0
3058.95,18,mobile_ios,62,False,2,7,0,vestimenta,sab,1.36,0
27464.23,9,mobile_ios,1092,True,0,4,0,electronicos,sab,1.49,0
2873.66,18,mobile_ios,1125,False,0,0,0,viajes,vie,1.05,0
4236.91,16,mobile_ios,2126,False,0,4,0,supermercado,sab,0.26,0
6742.15,0,mobile_ios,285,False,1,4,0,gastronomia,vie,0.75,0
2679.28,19,mobile_ios,1411,False,0,2,1,gastronomia,lun,1.14,0
20076.23,12,mobile_ios,486,False,1,2,0,cripto,sab,3.13,1
1322.55,13,mobile_android,791,False,0,2,0,supermercado,dom,1.49,0
2146.46,21,mobile_ios,778,False,1,6,0,viajes,mie,0.81,0
847.98,20,mobile_ios,53,False,1,2,0,supermercado,dom,0.81,0
4524.36,21,mobile_ios,675,False,1,2,0,transferencia_p2p,lun,0.98,0
3117.76,21,mobile_ios,419,False,1,8,0,transferencia_p2p,mar,0.45,0
882.85,18,mobile_android,1713,False,1,8,1,gastronomia,vie,0.25,0
812.06,22,mobile_android,547,False,1,4,0,transferencia_p2p,lun,0.34,0
7531.61,5,mobile_android,764,False,3,7,3,gastronomia,vie,3.22,1
1920.8,11,mobile_android,700,False,2,3,0,gastronomia,mar,1.22,0
718.55,21,mobile_ios,836,False,0,2,1,supermercado,mar,0.52,0
677.0,16,mobile_ios,1624,False,3,7,0,supermercado,dom,1.09,0
1531.59,12,mobile_ios,1718,False,4,10,0,vestimenta,vie,0.34,0
1652.45,23,mobile_android,212,False,2,6,0,gastronomia,sab,1.32,0
5210.09,13,mobile_ios,1287,False,0,5,0,electronicos,vie,1.52,0
8451.73,23,mobile_ios,764,False,1,8,0,gastronomia,mie,1.83,0
1014.41,19,mobile_android,478,True,2,7,0,supermercado,vie,0.97,0
919.74,23,mobile_android,1494,False,2,6,0,vestimenta,jue,1.84,0
14469.99,20,mobile_android,974,False,0,5,0,supermercado,sab,1.11,0
4082.99,14,mobile_ios,648,False,0,4,0,supermercado,dom,0.9,0
3451.71,19,mobile_android,704,False,0,4,0,electronicos,jue,0.82,0
13868.82,0,mobile_android,738,False,1,6,0,transferencia_p2p,mie,0.35,0
388.8,11,mobile_ios,1890,False,0,6,0,supermercado,sab,0.52,0
3813.12,12,mobile_ios,817,False,2,3,1,vestimenta,lun,0.52,0
4984.44,13,mobile_android,1266,False,1,6,0,transferencia_p2p,sab,1.1,0
1388.84,10,web,724,False,1,6,0,supermercado,mar,0.45,0
17726.74,21,mobile_android,1882,False,0,3,0,gastronomia,sab,1.12,0
1476.59,21,web,1299,False,2,4,0,viajes,vie,0.74,0
938.41,14,web,329,False,1,9,1,transferencia_p2p,sab,1.15,0
10051.88,14,mobile_ios,646,False,1,8,0,supermercado,lun,0.83,0
2547.06,9,web,324,False,4,7,0,supermercado,lun,1.26,0
1362.26,19,mobile_android,1944,False,0,5,1,supermercado,lun,0.93,0
4606.74,12,mobile_ios,160,False,0,1,0,electronicos,mie,1.17,0
3695.55,23,mobile_ios,1431,True,1,4,0,vestimenta,jue,0.81,0
7102.47,20,web,529,False,1,5,0,electronicos,dom,1.27,0
13852.02,20,web,128,False,2,8,0,viajes,lun,1.0,0
5322.44,10,mobile_android,2145,False,0,4,0,supermercado,sab,1.17,0
8500.44,9,mobile_android,237,False,1,7,2,supermercado,lun,0.98,0
972.15,20,web,1085,False,0,4,0,gastronomia,lun,1.23,0
298.36,15,mobile_android,765,False,2,4,0,supermercado,mie,1.18,0
1761.38,20,mobile_android,1511,True,0,2,1,vestimenta,mar,0.8,0
2938.41,11,mobile_android,899,False,0,3,0,supermercado,mar,0.98,0
872.34,13,mobile_android,215,False,1,7,0,gastronomia,lun,0.98,0
4647.59,21,mobile_ios,576,False,1,4,0,vestimenta,vie,0.5,0
441.44,10,mobile_android,962,False,2,5,1,cripto,jue,1.17,0
900.58,11,mobile_ios,426,False,2,10,0,vestimenta,sab,0.72,0
1513.0,20,mobile_ios,689,False,0,6,0,supermercado,mie,0.84,0
279.59,12,mobile_android,582,False,1,3,1,gastronomia,jue,1.42,0
1354.75,13,mobile_android,1211,True,4,7,0,electronicos,mie,0.54,0
21554.09,17,mobile_ios,2230,False,0,7,0,gastronomia,mie,0.9,0
2480.46,16,mobile_android,445,False,3,4,0,vestimenta,jue,0.91,0
3464.91,12,mobile_ios,1011,False,2,8,0,supermercado,mie,0.49,0
8695.45,10,web,2143,False,2,8,1,electronicos,mar,0.57,0
706.7,13,mobile_android,707,True,1,7,0,vestimenta,sab,1.44,0
67120.49,20,mobile_android,570,False,2,7,0,supermercado,vie,1.05,0
8215.38,12,mobile_android,1161,False,2,5,0,gastronomia,jue,0.83,0
5781.31,21,mobile_android,1208,False,1,6,0,vestimenta,vie,0.53,0
4146.13,22,web,133,False,1,6,1,supermercado,vie,1.04,0
7467.74,14,web,1819,False,1,7,0,electronicos,vie,1.19,0
2489.81,20,mobile_android,252,False,1,3,0,supermercado,sab,1.03,0
8857.18,20,mobile_android,681,False,3,7,0,electronicos,vie,0.7,0
6371.18,21,mobile_ios,646,False,0,3,0,gastronomia,mie,1.2,0
920.67,21,mobile_ios,217,False,2,5,1,gastronomia,mie,1.2,0
526.09,13,web,2115,False,0,2,0,supermercado,sab,1.08,0
4494.76,11,mobile_ios,677,False,0,2,0,gastronomia,jue,0.68,0
3471.16,22,mobile_android,812,False,0,5,0,supermercado,sab,0.77,0
2318.36,12,mobile_ios,758,False,0,4,0,gastronomia,mar,0.61,0
841.74,14,mobile_android,826,False,2,7,0,gastronomia,sab,1.51,0
847.97,1,mobile_android,2085,False,0,4,0,supermercado,mie,1.17,0
6313.42,22,mobile_ios,772,False,1,6,1,vestimenta,mar,0.53,0
1955.9,13,mobile_android,339,False,2,6,2,vestimenta,sab,0.99,0
3180.67,13,mobile_ios,1150,False,0,9,1,electronicos,jue,1.41,0
2130.87,9,web,1139,False,2,7,0,viajes,mie,1.12,0
3441.14,11,mobile_ios,1116,False,1,7,1,gastronomia,sab,0.92,0
8198.74,13,mobile_ios,456,False,0,0,0,supermercado,dom,0.8,0
5914.49,13,mobile_ios,1443,False,0,5,1,supermercado,mie,0.65,0
5970.33,12,mobile_ios,1326,False,1,3,1,supermercado,mar,1.16,0
3043.53,14,web,655,False,3,5,0,supermercado,dom,1.02,0
2126.72,18,web,1784,False,0,6,0,supermercado,jue,1.12,0
2789.41,13,mobile_ios,345,False,2,7,0,vestimenta,lun,0.97,0
801.3,21,mobile_android,1458,False,0,3,0,cripto,vie,1.71,0
30997.06,19,mobile_android,613,False,1,8,0,juegos_online,mar,0.79,0
15696.28,14,web,1294,False,0,7,1,viajes,mie,1.78,0
5507.61,21,mobile_android,672,False,3,9,1,supermercado,dom,1.4,1
4853.14,15,mobile_ios,427,False,0,7,0,gastronomia,vie,1.07,0
2889.79,11,mobile_android,1278,False,0,2,0,gastronomia,sab,1.46,0
8303.46,16,mobile_android,1208,False,1,5,0,vestimenta,dom,1.72,0
406.45,19,mobile_android,806,False,3,6,0,electronicos,sab,1.1,0
2134.74,16,mobile_android,676,False,2,3,0,supermercado,dom,1.11,0
2296.11,21,mobile_android,2045,False,0,3,0,transferencia_p2p,dom,0.88,0
6346.01,18,mobile_android,1008,False,4,10,0,supermercado,vie,1.04,0
95896.63,10,mobile_android,1432,False,0,5,1,supermercado,jue,0.71,0
3979.6,22,web,613,False,2,6,0,transferencia_p2p,lun,0.7,0
12993.95,21,mobile_ios,1238,False,2,6,0,gastronomia,sab,1.36,0
1312.56,20,mobile_android,204,False,1,3,1,vestimenta,dom,0.93,0
35505.06,18,mobile_android,607,False,1,3,0,supermercado,mar,1.15,0
5066.0,13,web,1647,False,1,3,0,vestimenta,dom,0.71,0
6756.03,18,mobile_android,168,False,0,3,0,gastronomia,jue,0.69,0
17823.55,13,mobile_android,1335,False,1,8,1,gastronomia,lun,1.12,0
5055.71,11,mobile_ios,1284,False,1,4,0,supermercado,sab,0.79,0
16479.47,15,mobile_ios,1728,False,2,5,0,viajes,vie,0.88,0
1495.49,20,mobile_android,380,False,1,4,0,viajes,lun,1.06,0
5624.48,22,mobile_ios,565,False,2,7,0,viajes,dom,1.52,0
3965.44,11,mobile_android,476,False,1,4,0,viajes,vie,1.01,0
11007.02,12,mobile_android,1224,False,1,4,0,gastronomia,vie,0.4,0
1421.94,18,web,788,False,3,4,0,gastronomia,vie,1.16,0
4495.65,22,mobile_android,1309,False,1,6,0,supermercado,mie,1.12,0
3008.96,18,mobile_android,458,False,2,6,0,vestimenta,jue,1.16,0
3072.13,19,mobile_ios,356,False,3,5,0,supermercado,lun,0.63,0
1436.17,19,mobile_ios,725,False,1,6,0,supermercado,jue,0.89,0
2811.0,12,mobile_android,2318,False,0,2,0,supermercado,lun,0.53,0
2769.15,14,mobile_android,1721,False,0,2,0,gastronomia,vie,1.39,0
6322.43,20,mobile_android,3132,False,0,3,0,vestimenta,lun,1.05,0
2023.69,12,mobile_ios,1161,False,0,2,0,juegos_online,jue,1.19,0
2809.58,20,web,494,False,2,5,0,supermercado,vie,1.45,0
8250.84,22,mobile_ios,1307,False,0,5,0,gastronomia,jue,1.1,0
5843.51,13,mobile_ios,2622,False,0,5,0,juegos_online,lun,1.0,0
4052.56,21,mobile_ios,819,False,0,4,0,supermercado,lun,0.68,0
4091.58,11,mobile_ios,482,False,3,6,0,supermercado,vie,0.99,0
4556.44,18,mobile_ios,1079,False,0,5,0,juegos_online,mie,0.47,0
12070.5,11,mobile_ios,367,False,1,2,1,supermercado,sab,0.11,0
1919.17,20,mobile_ios,1034,False,4,6,1,gastronomia,mar,1.31,1
4871.86,20,mobile_ios,3135,False,0,6,0,vestimenta,vie,0.9,0
3151.76,10,mobile_ios,2552,False,2,4,0,electronicos,mar,1.12,0
2389.52,22,mobile_ios,500,False,2,4,0,electronicos,sab,0.87,0
7703.53,14,mobile_ios,1159,False,1,5,1,transferencia_p2p,lun,1.03,0
2415.49,13,mobile_ios,534,False,1,5,0,electronicos,jue,1.31,0
6986.59,12,mobile_ios,1514,False,4,10,0,supermercado,lun,1.18,0
7721.75,23,mobile_ios,762,False,0,5,0,vestimenta,jue,1.58,0
1231.89,12,mobile_android,2093,False,1,7,0,supermercado,lun,0.49,0
26997.77,12,mobile_ios,1755,False,0,2,0,vestimenta,sab,1.0,0
565.39,19,mobile_ios,670,False,3,7,0,viajes,dom,0.68,0
4961.25,18,mobile_android,1205,False,0,3,0,gastronomia,sab,1.22,0
1846.45,10,mobile_android,241,False,0,2,0,gastronomia,dom,0.85,0
34009.2,12,mobile_android,436,False,1,4,0,supermercado,mar,0.7,0
5623.82,13,mobile_ios,681,False,2,7,0,supermercado,jue,0.62,0
4780.66,11,mobile_ios,1082,False,1,5,0,electronicos,jue,0.9,0
3780.17,11,mobile_ios,389,False,3,7,0,supermercado,vie,1.07,0
9534.36,20,mobile_android,254,False,3,5,0,vestimenta,lun,1.2,0
15063.47,19,web,203,False,2,5,0,supermercado,jue,1.32,0
645.05,20,mobile_ios,456,False,0,3,0,gastronomia,dom,1.0,0
1097.6,22,mobile_android,348,False,1,7,0,supermercado,mie,0.63,0
4194.04,14,mobile_ios,339,False,1,3,0,supermercado,lun,1.53,0
15094.81,20,mobile_ios,561,False,0,4,0,gastronomia,sab,2.01,0
9205.4,22,mobile_android,1245,False,1,5,0,cripto,dom,1.57,0
22839.02,0,mobile_android,545,False,0,4,1,supermercado,sab,1.54,0
2308.88,21,mobile_ios,380,True,0,4,0,vestimenta,mar,0.22,0
4621.1,20,mobile_ios,557,False,3,5,0,transferencia_p2p,dom,0.94,0
1678.93,14,mobile_android,175,False,1,8,0,supermercado,mar,0.62,0
559.95,17,mobile_ios,405,False,0,5,1,gastronomia,vie,0.96,0
2827.42,12,mobile_ios,326,False,4,6,0,supermercado,mie,1.26,0
5665.91,12,mobile_ios,1422,False,2,3,0,supermercado,mie,1.17,0
2009.92,11,mobile_android,587,False,0,3,0,supermercado,sab,1.22,0
1951.59,21,mobile_android,509,True,1,3,1,electronicos,dom,0.96,0
2089.48,20,mobile_android,166,False,2,7,0,transferencia_p2p,jue,0.75,0
5780.31,18,mobile_ios,1471,False,0,8,0,supermercado,mie,0.94,0
15143.53,19,web,1160,False,1,4,2,transferencia_p2p,lun,1.31,0
2653.94,9,mobile_android,845,False,3,6,0,electronicos,mie,1.37,0
4481.67,20,mobile_android,642,False,1,7,1,supermercado,sab,1.01,0
2765.17,13,mobile_ios,449,False,2,6,0,electronicos,dom,0.27,0
2572.1,18,mobile_ios,283,False,0,10,0,vestimenta,vie,0.96,0
1665.01,14,mobile_android,898,False,2,3,0,electronicos,dom,0.87,0
2711.97,18,mobile_android,1901,False,1,4,0,supermercado,sab,0.8,0
1421.5,16,mobile_ios,595,False,3,7,0,gastronomia,mar,1.11,0
6832.21,16,mobile_ios,1085,False,0,5,0,gastronomia,mar,1.09,0
6392.35,11,mobile_ios,1378,False,2,6,0,supermercado,mar,0.95,0
1120.69,9,mobile_android,1049,False,0,4,0,supermercado,jue,0.05,0
1779.6,18,web,679,False,1,6,0,supermercado,jue,1.39,0
12730.11,14,mobile_ios,237,False,2,5,0,electronicos,jue,0.59,0
3334.48,19,web,2275,False,1,3,0,vestimenta,mie,0.76,0
1306.13,11,web,2141,False,1,3,1,supermercado,vie,0.65,0
5619.57,20,mobile_ios,2299,False,1,5,1,gastronomia,lun,0.85,0
1555.87,8,mobile_ios,1748,False,0,4,1,cripto,sab,1.28,0
2450.58,19,mobile_android,528,False,4,6,0,transferencia_p2p,mar,1.81,0
4739.64,12,web,1016,True,1,3,0,gastronomia,sab,0.86,0
764.18,9,mobile_android,749,False,0,3,0,gastronomia,mie,1.23,0
8387.73,10,mobile_android,612,False,0,4,0,cripto,mie,1.24,0
2935.86,17,mobile_android,623,False,1,7,0,gastronomia,sab,1.41,0
24009.12,17,mobile_android,237,False,1,1,1,transferencia_p2p,mar,0.73,0
2156.47,12,web,113,False,0,5,0,gastronomia,dom,1.14,0
6599.11,11,mobile_ios,1235,False,1,4,0,gastronomia,sab,0.81,0
4917.79,12,mobile_android,2510,False,0,3,1,gastronomia,jue,0.75,0
4266.07,12,mobile_ios,853,False,1,6,0,viajes,sab,1.8,0
7924.92,21,mobile_android,1274,False,2,4,0,vestimenta,vie,0.73,0
6264.64,18,web,1415,False,1,10,0,supermercado,vie,1.29,0
1860.98,13,mobile_android,256,False,0,7,0,gastronomia,sab,0.6,0
12555.12,18,mobile_ios,360,False,1,7,0,transferencia_p2p,jue,1.16,0
6481.51,21,mobile_android,969,False,2,4,0,electronicos,dom,0.77,0
6138.65,20,mobile_ios,3003,False,0,1,0,vestimenta,dom,1.14,0
3353.21,14,mobile_ios,449,False,1,4,0,gastronomia,dom,0.42,0
1194.38,17,mobile_ios,327,False,1,4,0,supermercado,lun,1.43,0
5691.12,22,mobile_ios,1560,False,3,5,0,vestimenta,sab,0.97,0
4167.72,14,mobile_android,951,False,1,4,0,supermercado,lun,0.71,0
2513.39,19,mobile_ios,844,False,3,4,1,juegos_online,jue,0.58,0
2785.8,11,mobile_ios,2478,False,0,2,0,supermercado,mar,0.99,0
6292.55,9,mobile_android,818,False,2,4,1,gastronomia,vie,1.07,0
3444.47,13,mobile_android,571,False,0,4,0,transferencia_p2p,lun,1.81,0
3751.86,9,mobile_ios,383,False,0,5,0,supermercado,vie,0.8,0
5056.19,20,mobile_ios,2428,False,2,4,0,viajes,lun,0.81,0
497.3,12,mobile_ios,1340,False,1,7,0,cripto,mar,0.81,0
5853.62,19,mobile_android,1028,False,0,1,1,gastronomia,sab,1.39,0
3708.54,18,mobile_ios,1155,False,1,3,0,electronicos,dom,1.11,0
9585.42,15,mobile_ios,987,False,1,4,0,supermercado,sab,0.98,0
6286.2,8,mobile_android,764,False,3,9,0,cripto,vie,0.93,0
4556.41,12,mobile_android,1667,False,0,3,0,electronicos,mar,0.85,0
3189.61,20,mobile_ios,727,False,2,5,0,gastronomia,dom,1.2,0
15476.2,19,mobile_android,1219,False,1,2,0,supermercado,sab,0.73,0
1782.67,23,mobile_ios,914,False,0,1,0,supermercado,vie,1.17,0
3992.52,18,mobile_android,430,False,1,4,0,vestimenta,jue,1.21,0
4079.58,11,mobile_android,869,False,1,4,0,transferencia_p2p,jue,1.18,0
5485.31,20,mobile_android,752,False,1,6,0,supermercado,sab,1.49,0
10992.19,22,mobile_ios,694,False,0,4,1,electronicos,mar,1.08,0
1975.75,11,mobile_ios,84,False,1,4,1,supermercado,mar,0.59,1
2473.91,10,mobile_android,1170,False,0,2,0,electronicos,mar,1.18,0
4317.83,15,web,1073,False,0,4,0,supermercado,jue,1.35,0
9592.54,16,mobile_ios,2392,False,2,4,0,juegos_online,sab,1.25,0
661.39,12,mobile_android,677,False,2,3,0,viajes,sab,0.59,0
5173.53,11,mobile_ios,1070,False,1,8,1,gastronomia,mie,0.91,0
7074.78,17,mobile_android,247,False,2,4,0,vestimenta,sab,0.97,0
8630.76,15,mobile_android,1013,False,0,3,0,gastronomia,jue,1.24,0
2258.37,12,mobile_ios,292,False,0,2,0,cripto,sab,1.26,0
4383.11,14,mobile_android,967,False,1,8,0,gastronomia,lun,0.7,0
2768.75,16,web,664,False,2,6,0,supermercado,lun,1.76,0
1296.91,21,mobile_android,1354,False,1,5,0,supermercado,mar,0.86,0
6559.72,12,web,549,False,1,2,1,supermercado,lun,1.74,0
1510.94,11,mobile_android,218,False,2,4,0,viajes,mar,0.67,0
11188.91,17,mobile_ios,789,False,4,7,0,gastronomia,vie,0.85,0
4760.76,19,web,641,False,0,5,0,vestimenta,vie,0.68,0
2561.83,18,mobile_ios,1239,False,0,5,0,vestimenta,sab,1.08,0
3896.81,12,mobile_android,1511,False,0,2,0,gastronomia,jue,1.2,0
926.73,23,mobile_android,1022,False,0,6,0,gastronomia,sab,0.32,0
1004.83,9,mobile_android,149,False,2,7,0,electronicos,mie,1.05,0
806.48,13,mobile_android,625,False,1,8,0,vestimenta,dom,1.18,0
4516.57,22,mobile_android,717,False,1,3,0,transferencia_p2p,vie,1.23,0
4253.21,13,mobile_ios,428,False,1,4,0,cripto,vie,0.71,0
11152.26,11,mobile_ios,289,False,1,4,0,supermercado,jue,0.9,0
4032.05,17,mobile_ios,807,False,2,6,0,vestimenta,vie,1.3,0
6543.47,20,mobile_android,248,False,3,3,0,electronicos,mar,0.31,0
5824.48,9,mobile_android,840,False,2,10,0,supermercado,mie,1.08,0
2045.3,18,web,1801,False,0,3,0,gastronomia,jue,0.82,0
5072.26,21,mobile_ios,1647,False,1,5,0,electronicos,jue,0.64,0
2557.43,19,web,356,False,4,8,0,supermercado,lun,1.29,0
3608.57,21,mobile_android,995,False,1,6,0,supermercado,dom,1.74,0
8262.21,8,mobile_android,2337,False,1,5,1,viajes,vie,0.89,0
2131.85,23,mobile_android,392,False,0,3,1,transferencia_p2p,vie,1.57,0
6316.52,14,mobile_android,1309,False,1,3,0,viajes,vie,0.89,0
6498.15,20,web,75,False,3,4,1,supermercado,jue,1.74,1
5591.29,19,mobile_android,860,False,1,6,0,electronicos,sab,1.08,0
6441.63,7,mobile_android,557,False,0,7,2,electronicos,dom,1.02,0
7612.26,19,mobile_ios,427,False,1,3,0,gastronomia,dom,1.01,0
1398.51,11,mobile_ios,2702,False,0,3,0,supermercado,mie,0.41,0
3303.42,10,mobile_ios,1463,False,0,1,0,vestimenta,lun,1.09,0
2080.63,20,mobile_android,399,False,2,6,0,supermercado,dom,1.15,0
4234.08,13,mobile_android,596,False,3,8,0,vestimenta,lun,1.15,0
50000.0,1,mobile_ios,1629,False,7,11,1,transferencia_p2p,sab,0.05,1
6445.74,8,mobile_ios,490,False,2,4,0,gastronomia,mar,0.93,0
8358.48,19,mobile_ios,2300,False,1,4,0,supermercado,jue,1.07,0
6537.09,14,mobile_ios,331,False,1,2,0,vestimenta,jue,1.31,0
3904.63,13,mobile_ios,818,False,3,6,0,viajes,vie,1.57,0
5939.52,15,mobile_ios,599,True,0,9,0,viajes,lun,0.38,0
926.93,12,mobile_android,863,False,1,8,2,vestimenta,mar,1.38,0
17862.38,16,web,442,False,1,10,1,vestimenta,mar,0.48,0
547.28,11,mobile_android,886,False,2,9,0,gastronomia,lun,1.18,0
2880.95,12,mobile_ios,1178,False,0,1,0,supermercado,mie,1.22,0
1488.69,19,mobile_android,1902,False,0,2,1,vestimenta,jue,1.02,0
1535.57,15,mobile_ios,615,False,1,7,0,supermercado,mie,0.52,0
26815.38,18,mobile_ios,235,False,1,2,0,gastronomia,jue,0.86,0
5054.3,1,mobile_ios,445,False,0,3,0,electronicos,mar,1.45,0
1757.05,13,mobile_android,1301,False,1,2,0,supermercado,sab,1.56,0
6863.07,20,mobile_android,1255,False,0,2,0,viajes,vie,1.38,0
733.44,17,mobile_android,917,False,0,3,2,transferencia_p2p,sab,1.21,0
8834.27,20,mobile_android,1770,False,2,3,0,supermercado,dom,1.09,0
5564.98,18,mobile_android,204,False,0,3,0,electronicos,vie,1.39,0
26190.45,17,mobile_android,296,False,4,9,2,transferencia_p2p,jue,1.69,1
6873.1,17,mobile_ios,2369,False,1,5,0,juegos_online,vie,0.82,0
24413.89,13,mobile_android,305,False,0,4,0,supermercado,sab,0.25,0
1102.83,22,mobile_ios,1991,True,1,3,0,cripto,vie,0.58,0
679.18,7,mobile_ios,427,False,2,5,1,supermercado,sab,0.76,0
3310.04,12,mobile_ios,1527,False,3,9,2,transferencia_p2p,mie,1.4,0
3692.55,21,mobile_android,868,False,2,7,0,viajes,lun,1.67,0
5877.43,11,mobile_ios,326,False,1,6,1,electronicos,jue,0.82,0
1039.71,18,mobile_ios,403,True,1,5,1,vestimenta,dom,0.79,0
8619.29,14,mobile_android,1216,False,4,8,0,gastronomia,mie,0.94,0
2968.85,21,web,628,False,0,5,0,supermercado,mar,0.37,0
1083.65,19,mobile_android,383,False,0,4,0,electronicos,mie,0.73,0
1079.6,13,mobile_android,213,False,0,9,0,vestimenta,mie,0.59,0
2742.59,20,mobile_ios,1139,False,0,2,0,vestimenta,vie,1.17,0
1315.38,13,mobile_ios,983,False,4,8,0,supermercado,vie,1.27,0
8916.02,19,mobile_ios,77,False,0,5,1,vestimenta,mar,1.29,0
6720.82,17,web,463,True,2,5,0,cripto,vie,0.3,0
14526.36,11,mobile_android,1151,False,1,11,0,gastronomia,dom,0.77,0
5471.26,12,mobile_android,467,False,0,4,0,supermercado,dom,1.34,0
3372.3,20,web,561,False,4,10,1,vestimenta,mar,1.98,1
4024.56,16,web,1546,True,1,5,0,transferencia_p2p,mie,1.43,0
8436.38,20,mobile_android,274,False,2,4,0,juegos_online,sab,0.87,0
10712.04,23,mobile_android,508,False,0,7,0,vestimenta,dom,0.71,0
24946.68,12,mobile_android,1153,False,0,4,0,transferencia_p2p,sab,1.22,0
1063.95,22,mobile_android,677,False,2,6,0,viajes,mie,0.94,0
1531.75,7,mobile_android,825,False,3,9,0,supermercado,vie,1.56,0
2374.99,20,mobile_android,618,False,1,6,0,transferencia_p2p,lun,1.59,0
9854.68,21,mobile_android,467,False,0,1,0,gastronomia,dom,1.19,0
4457.33,12,mobile_android,516,False,1,5,0,supermercado,mie,1.61,0
3020.79,0,mobile_android,25,True,1,3,2,vestimenta,dom,1.32,1
4669.41,16,mobile_ios,1255,False,1,7,0,vestimenta,jue,0.27,0
1940.41,11,web,554,False,1,4,0,gastronomia,sab,1.36,0
5979.67,17,mobile_android,1617,False,0,1,0,electronicos,vie,0.89,0
3383.01,17,mobile_android,160,False,2,7,0,supermercado,vie,1.45,0
8152.67,11,web,1184,False,0,3,0,vestimenta,dom,0.58,0
6364.65,14,mobile_ios,649,False,0,1,0,gastronomia,jue,1.53,0
6653.76,12,mobile_ios,319,False,0,2,0,juegos_online,dom,1.6,0
355.89,18,mobile_android,1057,False,2,6,0,gastronomia,jue,1.07,0
4355.85,13,mobile_android,611,False,3,10,0,electronicos,dom,0.62,0
982.11,7,mobile_ios,1210,False,0,3,0,juegos_online,dom,1.43,0
8013.7,19,mobile_android,1587,False,1,5,0,juegos_online,vie,1.21,0
4827.52,8,mobile_android,664,False,1,5,1,gastronomia,jue,0.49,0
1716.85,14,mobile_android,885,False,4,9,0,viajes,mar,0.76,0
8392.65,21,mobile_android,456,False,1,2,0,supermercado,dom,1.33,0
15889.49,20,mobile_android,2261,False,1,4,0,supermercado,sab,1.23,0
349.2,11,mobile_android,630,False,0,1,0,vestimenta,vie,0.91,0
3503.3,9,mobile_android,203,False,0,1,0,supermercado,vie,0.88,0
3814.3,21,mobile_android,643,False,4,5,0,gastronomia,lun,1.1,0
2210.7,11,web,475,False,2,6,0,supermercado,vie,1.23,0
15815.78,16,web,1092,False,1,6,0,supermercado,dom,0.92,0
5251.19,20,mobile_ios,2305,False,2,3,0,cripto,mie,0.99,0
914.92,18,mobile_android,779,False,0,7,1,juegos_online,vie,1.9,0
9287.27,21,web,589,False,1,4,0,supermercado,lun,1.39,0
546.76,20,web,1632,False,0,1,0,gastronomia,dom,0.59,0
7878.35,20,mobile_ios,1717,True,1,6,0,gastronomia,dom,0.78,0
5228.72,12,web,2008,False,0,8,0,supermercado,mar,1.02,0
6498.21,19,mobile_android,530,False,0,7,0,electronicos,sab,0.16,0
12531.47,18,mobile_android,936,False,1,5,2,supermercado,lun,1.38,0
23912.94,13,mobile_ios,743,False,0,7,0,transferencia_p2p,sab,1.5,0
4426.57,11,mobile_ios,2024,False,2,10,0,supermercado,jue,0.66,0
1818.44,12,mobile_android,477,False,1,4,0,transferencia_p2p,sab,0.98,0
4447.09,13,mobile_android,633,False,3,8,0,supermercado,lun,1.05,0
33851.27,22,mobile_android,688,False,1,2,0,vestimenta,jue,1.23,0
14220.76,20,mobile_android,2151,False,3,8,0,vestimenta,sab,0.35,0
503.84,11,mobile_android,305,False,2,5,0,viajes,jue,0.24,0
4156.16,21,mobile_android,1529,False,1,5,0,transferencia_p2p,vie,1.03,0
2045.41,13,mobile_android,835,False,2,7,0,gastronomia,dom,0.3,0
3101.7,21,web,921,False,4,7,1,supermercado,sab,0.93,0
9841.37,13,mobile_android,720,False,1,5,1,transferencia_p2p,jue,1.5,0
1688.1,11,mobile_android,1109,False,2,4,0,viajes,vie,0.9,0
7745.46,23,mobile_ios,2245,False,2,5,0,electronicos,sab,0.55,0
3851.21,22,mobile_android,709,False,3,7,0,gastronomia,sab,1.24,0
22485.95,19,mobile_ios,1662,False,2,4,0,gastronomia,lun,0.82,0
2824.71,11,mobile_ios,147,False,0,6,0,gastronomia,mar,0.87,0
5113.51,21,web,1403,False,0,4,0,supermercado,dom,0.93,0
9697.13,21,web,2141,False,1,4,0,electronicos,sab,1.28,0
2341.67,12,mobile_android,1362,False,1,9,0,supermercado,sab,0.36,0
5924.3,21,web,1663,False,1,6,0,electronicos,dom,0.96,0
7420.32,20,mobile_ios,242,False,1,5,1,vestimenta,sab,0.94,0
13699.94,22,mobile_ios,1031,False,2,7,0,gastronomia,vie,0.25,0
7115.84,11,mobile_android,323,False,2,7,0,gastronomia,mar,1.2,0
1659.59,8,mobile_ios,1131,False,1,3,0,vestimenta,vie,1.27,0
4099.68,18,mobile_ios,1905,False,0,7,0,transferencia_p2p,lun,0.88,0
5689.97,9,mobile_ios,506,False,2,4,0,gastronomia,dom,0.32,0
934.25,20,mobile_ios,464,False,2,5,0,vestimenta,vie,0.54,0
6148.42,18,web,2442,False,2,7,0,electronicos,vie,1.4,0
1959.33,20,mobile_android,419,True,1,6,1,gastronomia,mar,1.17,0
2938.71,13,mobile_android,283,False,0,3,0,vestimenta,vie,0.57,0
3298.22,9,mobile_android,922,False,5,7,0,gastronomia,mie,1.11,0
595.49,16,mobile_ios,808,False,1,4,0,transferencia_p2p,jue,0.86,0
4977.65,20,mobile_ios,563,False,1,8,1,gastronomia,mie,0.91,0
2710.22,10,mobile_ios,953,False,2,7,0,vestimenta,mar,0.65,0
3992.32,14,mobile_android,1485,False,0,3,0,gastronomia,jue,1.1,0
10554.55,18,mobile_android,1390,False,2,6,0,supermercado,mar,0.69,0
4137.47,12,mobile_ios,1708,False,1,5,0,electronicos,mar,1.01,0
11676.2,20,mobile_android,1878,False,2,5,0,gastronomia,jue,1.35,0
755.57,15,mobile_ios,43,False,1,6,0,vestimenta,sab,0.87,0
5585.28,10,web,2126,False,1,3,0,vestimenta,jue,0.96,0
5453.18,22,mobile_android,1478,False,0,5,0,electronicos,vie,0.64,0
5365.28,15,mobile_ios,1180,False,1,10,0,supermercado,jue,0.31,0
411.43,21,mobile_android,1791,True,1,8,0,vestimenta,sab,1.25,0
4014.2,9,mobile_ios,1331,False,5,12,1,cripto,lun,1.21,0
9662.33,11,mobile_ios,1925,False,1,4,0,transferencia_p2p,lun,0.85,0
574.59,17,web,459,False,0,4,0,supermercado,jue,0.46,0
1121.26,11,mobile_ios,523,False,2,7,0,supermercado,vie,0.3,0
11022.32,18,mobile_android,1304,False,1,8,0,supermercado,mie,0.57,0
6343.84,10,web,791,False,2,6,0,supermercado,sab,1.2,0
3197.95,22,mobile_ios,383,False,1,4,0,gastronomia,dom,0.16,0
3577.44,19,mobile_ios,936,False,2,4,0,gastronomia,jue,0.85,0
421.57,22,mobile_ios,933,False,0,5,0,supermercado,vie,0.92,0
4546.59,20,web,440,False,0,5,0,transferencia_p2p,dom,1.77,0
550.13,9,mobile_ios,838,False,1,5,0,gastronomia,jue,1.28,0
6559.31,22,mobile_android,242,False,0,2,0,gastronomia,jue,0.49,0
1203.46,21,mobile_android,1353,False,0,2,0,gastronomia,vie,1.2,0
3008.63,11,mobile_android,798,False,1,8,0,gastronomia,jue,1.35,0
218.69,20,mobile_android,1390,False,0,0,1,supermercado,jue,0.95,0
2232.6,21,mobile_android,190,False,1,3,0,vestimenta,vie,1.36,0
9853.08,15,mobile_android,386,False,1,8,1,electronicos,vie,1.12,0
626.52,13,web,507,False,0,4,0,cripto,mar,1.26,0
8580.18,14,mobile_ios,1562,False,4,8,0,transferencia_p2p,sab,1.12,0
4580.03,20,mobile_ios,623,False,1,8,0,gastronomia,mie,0.85,0
3052.72,11,mobile_android,821,True,1,3,0,cripto,vie,0.92,0
5416.66,15,mobile_android,1370,False,0,3,0,electronicos,vie,1.11,0
6505.45,15,mobile_android,1980,False,1,4,2,juegos_online,lun,1.21,0
229.83,10,mobile_android,700,False,0,7,0,electronicos,vie,0.99,0
1488.9,12,mobile_android,1703,False,0,4,0,supermercado,vie,0.78,0
1764.09,9,mobile_ios,813,False,0,1,0,vestimenta,mar,1.11,0
1697.55,11,mobile_ios,1267,False,1,4,0,transferencia_p2p,jue,1.19,0
3967.9,13,mobile_ios,1665,False,2,9,0,juegos_online,dom,0.44,0
770.85,20,web,1186,False,4,7,0,juegos_online,sab,1.5,0
815.94,11,mobile_android,753,False,0,1,0,supermercado,sab,0.26,0
6729.6,10,mobile_android,887,False,0,2,0,vestimenta,jue,1.97,0
15305.91,13,mobile_ios,1093,True,1,6,0,juegos_online,sab,1.15,0
4344.1,20,mobile_ios,449,False,1,4,0,supermercado,mar,1.13,0
2292.61,12,mobile_android,1648,False,1,5,0,gastronomia,sab,1.16,0
3445.75,11,mobile_android,1288,False,0,5,0,gastronomia,jue,1.57,0
1480.75,17,mobile_android,1096,False,1,6,0,supermercado,mar,0.89,0
3739.04,11,web,210,False,2,5,0,gastronomia,jue,1.25,0
2789.46,18,mobile_android,723,False,0,1,1,supermercado,mie,1.82,0
5034.6,11,mobile_ios,1128,False,0,4,0,electronicos,mie,1.29,0
5497.08,13,mobile_ios,2522,False,5,10,0,electronicos,vie,0.7,0
1989.03,17,mobile_ios,3538,False,2,5,0,supermercado,lun,1.39,0
3397.73,22,mobile_android,977,False,0,3,1,supermercado,vie,0.69,0
6564.07,11,web,1423,False,3,4,0,transferencia_p2p,lun,1.3,1
1215.2,20,mobile_ios,931,False,2,4,0,vestimenta,mie,0.05,0
2499.49,13,mobile_android,440,False,1,7,0,juegos_online,vie,0.81,0
4343.83,11,mobile_android,1213,False,2,4,1,supermercado,mar,0.85,0
1342.08,18,mobile_android,1319,False,2,7,0,supermercado,jue,0.8,0
5651.28,12,mobile_android,981,False,1,6,0,vestimenta,lun,0.97,0
1327.48,12,mobile_ios,1138,False,0,9,0,supermercado,vie,1.19,0
20390.61,21,mobile_android,257,False,0,7,0,supermercado,sab,0.95,0
1239.47,13,mobile_ios,1152,False,2,6,1,vestimenta,vie,0.64,0
5372.44,11,web,766,False,0,5,0,gastronomia,lun,1.12,0
1548.46,19,mobile_ios,1620,False,0,2,0,supermercado,vie,1.57,0
2685.23,22,mobile_ios,1431,False,1,5,0,vestimenta,sab,0.71,0
1479.28,13,mobile_ios,1146,False,1,4,0,supermercado,jue,0.68,0
7497.12,15,mobile_ios,838,False,1,4,2,supermercado,lun,0.69,0
1156.52,12,web,1359,False,1,5,1,supermercado,vie,1.08,0
4269.7,20,mobile_ios,696,False,0,6,0,supermercado,mie,1.5,0
11879.04,16,mobile_android,1016,False,1,5,0,electronicos,vie,0.64,0
1293.26,21,mobile_ios,552,False,1,7,0,transferencia_p2p,mar,0.68,0
566.12,8,mobile_ios,528,False,1,7,0,viajes,vie,1.04,0
19098.71,11,mobile_ios,1004,False,1,4,1,transferencia_p2p,lun,1.18,0
2606.79,0,mobile_ios,111,False,3,9,0,transferencia_p2p,mar,0.78,0
1437.53,0,mobile_android,45,False,3,7,0,juegos_online,vie,2.92,1
8301.57,19,web,897,False,2,5,0,gastronomia,dom,1.61,0
5342.12,14,mobile_ios,1023,False,2,6,0,vestimenta,mar,0.93,0
3872.32,14,mobile_android,1177,False,1,8,0,supermercado,sab,1.63,0
5821.78,15,mobile_ios,820,False,4,9,0,gastronomia,jue,0.69,0
442.44,10,mobile_ios,300,False,1,5,0,supermercado,lun,0.86,0
3633.97,10,mobile_android,470,False,1,5,0,electronicos,sab,1.1,0
2695.22,12,mobile_android,661,False,0,7,0,supermercado,sab,0.93,0
973.57,21,mobile_ios,412,False,0,7,0,supermercado,dom,1.57,0
6550.25,0,mobile_android,848,False,2,4,0,gastronomia,dom,0.8,0
2553.99,12,mobile_ios,2764,False,4,5,1,vestimenta,vie,1.73,0
940.29,22,mobile_android,1782,False,2,5,0,supermercado,mie,1.48,0
5388.44,20,mobile_ios,163,False,1,4,0,gastronomia,vie,0.68,0
1123.05,16,mobile_ios,492,False,2,7,0,gastronomia,vie,1.14,0
1113.0,13,mobile_ios,1081,False,1,3,0,vestimenta,sab,0.98,0
6957.49,11,mobile_ios,1602,False,1,3,2,supermercado,mie,1.29,0
9231.51,18,mobile_ios,2739,False,1,4,0,viajes,lun,0.38,0
352.97,21,web,373,False,0,4,0,supermercado,jue,0.86,0
11153.41,10,mobile_ios,275,False,2,7,1,vestimenta,vie,0.95,0
7664.34,12,mobile_android,3070,False,1,5,0,transferencia_p2p,sab,0.81,0
3223.41,19,mobile_android,313,False,0,4,0,transferencia_p2p,jue,0.85,0
3338.56,12,mobile_android,1218,False,1,10,1,supermercado,mie,0.63,0
2309.72,21,mobile_ios,3133,False,1,5,0,vestimenta,dom,1.65,0
3781.51,16,mobile_android,473,False,0,1,0,juegos_online,sab,0.96,0
2872.61,20,mobile_android,641,True,1,5,0,vestimenta,sab,1.29,0
1735.38,11,web,723,False,2,4,0,gastronomia,jue,1.06,0
4603.61,22,mobile_ios,829,False,1,4,1,gastronomia,vie,0.97,0
5260.65,13,mobile_android,397,False,1,5,0,electronicos,mie,0.05,0
6510.68,13,web,349,False,3,5,1,electronicos,mie,1.03,0
6366.28,13,mobile_ios,1186,False,4,11,0,gastronomia,dom,1.11,0
10714.1,23,mobile_android,1815,False,2,6,0,vestimenta,sab,0.46,0
11728.14,18,mobile_ios,712,False,1,5,0,vestimenta,dom,1.2,0
1286.21,9,mobile_ios,1198,False,2,8,0,supermercado,lun,0.66,0
3862.59,10,mobile_android,2743,False,1,4,0,gastronomia,dom,0.69,0
12807.41,21,mobile_android,1421,False,1,3,0,gastronomia,mie,1.61,0
1179.7,15,web,661,False,2,6,0,supermercado,vie,0.77,0
4590.12,20,mobile_ios,545,False,0,4,0,gastronomia,dom,1.4,0
15228.42,12,mobile_ios,270,False,6,11,1,gastronomia,dom,1.32,0
1699.39,12,mobile_android,1018,True,0,4,0,gastronomia,mie,0.94,0
780.27,12,web,904,False,0,0,0,viajes,lun,0.83,0
29613.89,15,mobile_android,349,False,1,6,0,juegos_online,vie,0.52,0
744.35,8,mobile_android,1322,False,3,7,0,supermercado,jue,0.85,0
1347.04,10,mobile_ios,311,False,3,8,0,gastronomia,sab,0.75,0
2549.71,0,mobile_ios,1150,False,1,3,0,vestimenta,sab,1.71,0
1105.57,12,mobile_android,2625,False,2,7,0,transferencia_p2p,mar,0.77,0
3432.2,19,mobile_android,2254,False,1,5,0,viajes,jue,1.39,0
2328.18,12,mobile_android,1641,False,0,3,1,supermercado,dom,1.56,0
8899.93,18,mobile_android,863,False,0,4,0,juegos_online,jue,1.1,0
6231.88,20,mobile_ios,718,True,2,6,0,viajes,mie,1.02,0
1505.04,11,mobile_ios,419,False,0,1,0,gastronomia,mar,1.0,0
10987.3,15,web,1824,False,1,3,1,gastronomia,jue,0.28,0
2494.18,21,mobile_ios,966,False,2,5,0,supermercado,mar,1.27,0
4236.7,13,mobile_android,1023,False,2,7,0,supermercado,lun,0.77,0
2708.06,15,mobile_android,1118,False,0,3,0,supermercado,lun,1.09,1
3205.9,19,mobile_ios,525,False,2,7,0,gastronomia,vie,0.91,0
6963.2,22,web,753,False,2,10,0,supermercado,mie,1.23,0
18062.11,19,web,431,False,1,6,0,electronicos,mar,0.21,0
4938.01,11,mobile_ios,1169,False,1,4,0,gastronomia,mar,0.08,0
11963.58,13,mobile_android,2042,False,2,6,0,gastronomia,jue,1.55,0
878.55,12,web,2165,False,1,7,0,juegos_online,jue,0.84,0
11236.73,20,mobile_ios,359,False,0,5,0,transferencia_p2p,dom,0.76,0
2499.35,23,mobile_android,500,False,0,2,0,supermercado,sab,0.5,0
498.12,18,mobile_android,701,False,0,5,0,gastronomia,dom,2.16,0
10347.41,13,mobile_android,738,False,2,3,0,supermercado,mar,1.2,0
2502.9,12,web,701,True,2,4,0,gastronomia,vie,0.39,0
835.63,20,mobile_android,1055,False,2,6,1,vestimenta,lun,1.35,0
1902.14,21,mobile_ios,203,False,2,5,0,juegos_online,jue,0.71,0
7786.39,1,mobile_ios,1524,False,1,1,0,gastronomia,mar,1.09,0
20000.0,14,mobile_ios,1502,False,7,12,2,gastronomia,vie,1.49,1
1911.48,21,mobile_android,723,False,1,4,0,juegos_online,dom,0.78,0
2283.77,18,mobile_android,1734,False,0,5,0,gastronomia,sab,0.82,0
1241.94,12,mobile_android,3650,False,1,8,0,electronicos,sab,1.35,0
4784.82,9,mobile_ios,1643,False,0,6,0,juegos_online,lun,0.67,0
4787.69,12,mobile_android,2190,False,1,11,0,gastronomia,vie,1.03,0
2359.9,11,mobile_ios,1618,False,2,5,0,supermercado,mar,1.02,0
2035.06,11,mobile_ios,1708,False,1,7,0,electronicos,jue,0.94,0
2066.91,19,mobile_android,1883,False,1,5,0,gastronomia,lun,1.11,0
2435.74,20,mobile_android,445,False,2,3,0,supermercado,vie,0.79,0
5123.07,22,mobile_android,636,False,0,8,0,gastronomia,vie,1.04,0
1829.04,22,mobile_ios,692,True,0,4,0,supermercado,vie,0.9,0
3499.21,18,mobile_ios,1214,False,0,8,1,supermercado,sab,1.02,0
1844.44,12,mobile_android,394,False,1,5,1,cripto,jue,0.9,0
13487.93,20,mobile_android,954,False,3,8,0,supermercado,sab,1.13,0
4092.78,14,web,355,False,1,6,0,vestimenta,lun,1.38,0
381.77,22,mobile_ios,434,True,0,3,0,supermercado,vie,0.95,0
2122.21,15,mobile_ios,313,False,1,3,0,gastronomia,lun,0.5,0
1107.12,12,mobile_android,392,False,0,5,0,gastronomia,vie,1.05,0
4813.8,12,mobile_android,1268,False,1,5,0,supermercado,mar,1.39,0
8177.93,14,mobile_android,1131,False,1,4,0,gastronomia,vie,1.27,0
1473.2,19,mobile_android,3159,False,1,6,1,gastronomia,mar,1.02,0
4800.21,20,mobile_ios,970,False,2,7,0,viajes,sab,0.81,0
3520.63,19,mobile_ios,450,False,0,4,1,gastronomia,dom,0.66,0
1819.82,11,mobile_android,468,False,1,5,0,gastronomia,dom,1.69,0
4616.25,10,web,1303,False,1,4,1,vestimenta,lun,0.41,0
1910.54,11,mobile_ios,1145,False,2,6,0,electronicos,lun,1.72,0
3337.26,22,mobile_android,1196,False,3,6,1,gastronomia,dom,1.34,0
882.11,13,mobile_android,1685,False,1,1,0,viajes,dom,0.94,0
1783.7,12,mobile_ios,122,False,3,5,1,vestimenta,vie,1.01,0
2335.26,19,web,1759,False,3,5,0,supermercado,lun,0.79,0
3187.28,22,mobile_android,1268,False,3,4,0,gastronomia,sab,0.38,0
7178.99,10,web,473,False,2,5,1,supermercado,mie,1.26,0
2470.59,10,mobile_android,2158,False,2,5,0,cripto,mar,1.06,0
11080.76,19,web,1179,False,2,4,1,supermercado,lun,1.78,0
19300.53,21,mobile_ios,635,False,3,4,0,electronicos,sab,1.51,0
10929.1,20,mobile_ios,3111,False,0,9,0,supermercado,mie,1.35,0
666.73,11,web,1351,False,1,8,0,supermercado,sab,1.37,0
6957.77,11,mobile_ios,519,False,4,7,0,transferencia_p2p,mie,1.12,0
2510.62,11,mobile_android,474,False,0,5,0,supermercado,mar,1.46,0
3247.99,12,mobile_android,584,False,1,9,0,gastronomia,vie,1.24,0
1566.92,19,mobile_android,338,False,1,4,0,gastronomia,lun,0.82,0
3480.76,13,mobile_ios,596,False,1,6,0,supermercado,lun,1.39,0
15379.84,22,mobile_ios,1802,False,2,3,0,supermercado,sab,1.0,0
951.3,19,mobile_ios,1435,False,0,5,1,viajes,mie,1.75,0
1319.4,19,mobile_ios,369,False,2,5,0,transferencia_p2p,lun,0.59,0
818.84,9,mobile_android,1582,False,1,4,0,supermercado,mar,1.43,0
2384.4,14,web,1186,False,2,3,0,gastronomia,mar,1.14,0
7770.42,20,mobile_android,1944,False,1,6,0,transferencia_p2p,mie,0.65,0
2159.78,8,web,799,False,0,7,0,vestimenta,jue,0.26,0
1315.12,21,mobile_android,549,False,0,7,0,transferencia_p2p,vie,1.2,0
3489.68,0,mobile_android,1055,False,0,1,1,supermercado,dom,0.65,0
1965.9,20,mobile_ios,1174,False,2,5,0,viajes,lun,1.13,0
1085.29,13,mobile_android,676,False,1,3,0,supermercado,vie,0.05,0
6049.49,18,mobile_ios,194,False,1,6,0,gastronomia,dom,0.96,0
1188.52,19,web,3194,False,1,6,0,vestimenta,lun,0.92,0
2108.38,13,mobile_android,332,False,2,2,0,vestimenta,mar,1.27,0
2360.83,20,mobile_ios,354,False,0,5,0,transferencia_p2p,jue,1.23,0
903.55,20,mobile_ios,1355,False,0,0,0,vestimenta,lun,0.15,0
3521.72,21,mobile_android,1486,False,2,4,0,gastronomia,sab,1.16,0
1677.98,20,mobile_android,901,False,1,6,0,supermercado,mar,1.07,0
7732.69,13,mobile_android,382,True,1,7,0,vestimenta,lun,1.42,0
21407.77,0,mobile_ios,1060,False,1,6,0,supermercado,mie,1.32,0
1400.65,17,mobile_android,317,True,2,6,0,supermercado,jue,0.56,0
16113.27,11,mobile_ios,231,False,1,6,0,vestimenta,vie,1.78,0
5931.26,8,mobile_ios,2189,False,1,4,0,electronicos,sab,0.56,0
6550.24,13,mobile_android,346,False,0,4,0,electronicos,sab,1.12,0
1719.49,17,mobile_ios,1141,False,0,3,0,electronicos,jue,0.64,0
13879.89,14,mobile_android,1506,False,2,8,0,gastronomia,mie,0.73,0
2016.05,20,mobile_ios,801,False,0,5,0,transferencia_p2p,jue,1.85,0
919.3,15,mobile_ios,551,False,0,5,0,gastronomia,sab,1.75,0
2649.09,16,mobile_android,1956,False,2,5,0,gastronomia,dom,0.91,0
4493.07,10,mobile_android,2529,False,1,6,1,vestimenta,jue,0.49,0
1657.39,17,mobile_ios,1452,False,2,5,1,juegos_online,dom,0.88,0
2828.45,8,mobile_ios,1786,False,0,4,0,gastronomia,lun,0.98,0
1746.92,22,mobile_android,1165,False,1,3,0,supermercado,lun,1.4,0
7262.54,12,mobile_android,788,False,3,10,0,vestimenta,mie,0.71,0
7673.28,15,mobile_ios,643,False,0,2,0,supermercado,dom,1.34,0
3142.98,22,mobile_ios,394,False,2,4,0,viajes,jue,0.73,0
3452.46,19,mobile_android,1978,False,5,11,0,electronicos,mie,0.6,0
2456.18,11,mobile_android,278,False,1,3,1,supermercado,sab,0.61,0
3960.12,17,mobile_android,36,True,5,6,2,electronicos,mar,2.18,1
3761.96,15,mobile_android,746,False,1,6,1,gastronomia,mar,0.97,0
919.03,9,web,713,False,1,8,0,vestimenta,dom,0.85,0
3233.63,12,web,528,False,0,6,0,gastronomia,vie,1.0,0
8172.64,11,mobile_ios,1424,False,3,9,0,electronicos,vie,0.98,0
3597.41,20,web,1016,False,1,6,0,gastronomia,jue,1.01,0
13062.88,13,mobile_android,1704,False,1,8,0,supermercado,sab,0.82,0
2940.11,13,mobile_ios,1841,False,1,3,0,juegos_online,mie,0.28,0
8768.79,14,mobile_ios,279,False,0,5,0,gastronomia,dom,0.82,0
596.96,21,mobile_android,297,False,3,10,0,gastronomia,mar,0.54,0
3497.85,13,mobile_android,825,False,1,4,0,juegos_online,mie,0.99,0
17906.38,12,web,1167,False,0,6,0,supermercado,vie,1.24,0
1926.35,14,mobile_ios,2239,False,1,11,0,juegos_online,jue,0.66,0
15775.33,12,mobile_android,160,False,2,8,0,gastronomia,mie,0.26,0
2560.27,12,mobile_android,303,True,1,5,0,electronicos,jue,0.94,0
12240.66,13,mobile_ios,1167,False,1,2,0,gastronomia,lun,0.94,0
10000.0,3,mobile_ios,826,False,4,5,3,transferencia_p2p,lun,0.08,1
1863.11,13,mobile_android,513,False,1,8,0,viajes,mar,1.14,0
4989.26,23,mobile_android,1531,False,2,10,0,gastronomia,mar,1.09,0
1068.91,14,mobile_ios,1113,False,1,4,0,gastronomia,dom,1.6,0
2828.85,19,mobile_ios,849,False,0,7,0,viajes,sab,0.91,0
1249.19,11,mobile_ios,3182,False,0,1,0,gastronomia,dom,1.45,0
6887.98,21,mobile_ios,1997,False,4,7,0,vestimenta,vie,1.08,0
1318.15,19,mobile_android,815,False,2,4,0,gastronomia,vie,0.87,0
15790.78,11,mobile_ios,606,False,0,0,0,gastronomia,mar,1.32,0
3912.9,23,mobile_ios,621,False,1,5,0,supermercado,sab,1.15,0
2104.12,11,web,463,False,1,5,0,electronicos,lun,0.19,0
1483.24,22,web,1013,False,0,1,1,transferencia_p2p,mar,1.31,0
6997.06,21,mobile_ios,620,False,2,9,0,vestimenta,mie,1.22,0
48906.9,15,mobile_android,785,False,2,5,0,juegos_online,dom,1.01,0
7842.53,22,mobile_ios,1180,True,1,3,0,supermercado,mar,1.45,0
14068.33,12,mobile_android,1777,False,1,6,0,vestimenta,sab,1.15,0
10989.32,21,mobile_ios,627,False,1,2,0,gastronomia,lun,0.69,0
22581.34,8,web,2664,False,1,3,1,gastronomia,dom,1.03,0
3212.98,11,mobile_ios,1235,False,0,5,0,vestimenta,lun,1.18,0
8657.88,19,mobile_android,920,False,3,11,0,transferencia_p2p,vie,1.22,0
873.81,16,web,1211,False,2,12,1,vestimenta,sab,1.51,0
1478.97,16,mobile_android,390,False,1,4,0,gastronomia,mar,0.58,0
3425.43,16,mobile_android,2842,False,2,9,0,viajes,vie,0.49,0
616.22,19,web,410,False,1,7,0,supermercado,vie,1.65,0
976.85,21,mobile_ios,452,False,2,4,0,supermercado,sab,1.36,0
822.17,15,mobile_ios,283,False,2,5,0,gastronomia,jue,0.88,0
1168.03,13,mobile_android,312,False,3,7,0,viajes,jue,1.07,0
1386.65,11,web,475,False,0,4,0,supermercado,sab,1.16,0
6910.03,16,web,1482,False,0,3,0,electronicos,vie,0.05,0
24111.86,12,mobile_ios,949,True,1,8,0,transferencia_p2p,lun,0.44,0
670.51,16,web,780,False,0,1,0,supermercado,sab,0.3,0
317.88,18,mobile_ios,2161,False,0,5,0,cripto,lun,1.31,0
15001.63,15,mobile_ios,154,False,0,2,1,vestimenta,lun,2.01,0
5349.55,17,mobile_ios,1202,False,1,5,0,electronicos,mie,1.34,0
27401.29,22,web,2081,False,2,6,2,cripto,dom,3.23,1
4587.13,14,mobile_android,735,False,2,8,0,cripto,mar,0.71,0
3160.85,22,mobile_ios,570,False,1,5,0,vestimenta,jue,1.66,0
3906.89,22,web,359,False,2,5,0,cripto,vie,1.68,0
5175.84,13,mobile_ios,1039,False,0,6,1,supermercado,mar,0.9,0
3508.13,16,mobile_ios,952,False,1,5,0,transferencia_p2p,vie,1.1,0
5451.1,11,mobile_android,930,False,4,10,1,transferencia_p2p,mie,2.69,1
831.13,9,mobile_android,545,False,4,8,0,cripto,mie,0.41,0
44034.95,20,web,523,False,1,5,0,vestimenta,vie,0.75,0
6721.35,18,mobile_android,510,False,0,4,0,electronicos,sab,1.67,0
9275.29,11,web,729,False,1,4,0,gastronomia,sab,0.78,0
7403.16,18,mobile_ios,847,False,0,8,0,electronicos,jue,0.67,0
5238.02,11,mobile_ios,438,False,3,5,0,vestimenta,sab,1.17,0
16639.33,22,mobile_ios,245,True,3,7,1,supermercado,dom,1.46,0
1898.28,20,web,774,False,0,2,0,vestimenta,sab,1.32,0
618.06,1,mobile_android,454,False,3,5,1,supermercado,vie,1.09,0
3814.47,10,mobile_ios,373,False,0,9,0,vestimenta,vie,1.42,0
23165.34,21,mobile_android,770,False,1,3,0,transferencia_p2p,sab,1.03,0
4130.55,22,mobile_android,524,False,0,1,0,viajes,vie,0.57,0
772.0,11,mobile_android,271,False,0,5,0,vestimenta,jue,1.65,0
3686.8,15,mobile_android,664,False,2,4,0,supermercado,mie,1.22,0
9771.72,11,mobile_android,437,False,1,4,0,vestimenta,mie,1.17,0
899.95,0,mobile_ios,1750,False,2,4,0,electronicos,sab,0.92,0
2293.07,19,mobile_android,157,False,2,5,0,supermercado,mie,1.05,0
24746.64,18,mobile_android,1419,False,1,5,0,supermercado,dom,0.87,0
1351.4,21,mobile_android,176,False,0,3,0,viajes,dom,1.05,0
1414.8,21,mobile_android,280,False,1,4,0,electronicos,mar,1.23,0
2259.99,15,mobile_android,1049,True,3,5,0,supermercado,mie,0.99,0
2250.17,21,mobile_ios,1183,False,0,3,0,vestimenta,sab,0.9,0
7545.56,13,mobile_android,919,False,0,3,0,supermercado,vie,0.87,0
18534.73,0,mobile_android,1212,False,1,7,0,supermercado,mar,1.73,0
3834.64,0,mobile_android,224,False,1,2,0,supermercado,lun,0.18,0
616.24,11,mobile_android,752,False,2,7,1,gastronomia,dom,1.25,0
2785.56,20,mobile_ios,267,False,0,5,0,supermercado,mie,0.89,0
3028.69,14,mobile_ios,988,False,1,6,0,vestimenta,mie,1.4,0
1455.28,14,web,805,False,0,3,0,supermercado,lun,0.65,0
2115.04,12,mobile_ios,682,False,3,5,0,gastronomia,mie,0.88,0
4578.89,19,mobile_android,626,False,1,6,0,viajes,vie,1.47,0
11413.92,22,mobile_android,468,False,1,6,0,supermercado,mie,1.02,0
10895.91,23,mobile_ios,669,False,1,6,0,supermercado,sab,0.64,0
8707.81,22,mobile_android,1478,False,0,4,0,supermercado,jue,1.44,0
6473.98,17,mobile_android,1034,False,1,4,0,supermercado,sab,0.62,0
4140.71,21,mobile_android,273,False,1,4,0,electronicos,vie,0.79,0
5674.93,15,mobile_android,359,True,1,4,0,electronicos,mar,0.32,0
1144.29,14,mobile_android,534,False,1,6,0,gastronomia,dom,1.25,0
2827.87,19,web,1608,False,1,6,0,cripto,sab,1.36,0
2532.46,15,mobile_android,917,False,3,6,0,gastronomia,vie,1.15,0
1328.69,10,web,439,False,0,5,0,supermercado,mie,1.33,0
576.87,17,web,303,False,2,9,0,gastronomia,mar,0.57,0
2266.34,19,web,1196,False,2,6,0,gastronomia,vie,1.23,0
571.11,20,mobile_ios,1277,False,0,5,0,supermercado,jue,1.17,0
9614.3,14,mobile_android,531,False,1,4,0,vestimenta,mie,0.69,0
828.37,12,mobile_android,968,False,1,9,0,supermercado,vie,1.2,0
2835.94,14,mobile_ios,1726,False,4,10,0,cripto,mie,1.15,0
6762.21,19,mobile_android,88,False,2,4,0,viajes,dom,0.82,0
1204.02,12,mobile_android,664,False,6,9,0,transferencia_p2p,mar,0.55,0
8313.79,21,mobile_android,1388,False,3,7,0,viajes,mar,1.13,0
7952.02,11,mobile_android,1857,False,0,7,2,gastronomia,lun,1.07,0
1929.83,10,mobile_android,774,False,2,3,0,viajes,lun,0.87,0
243.76,22,mobile_ios,670,False,4,8,0,vestimenta,lun,0.73,0
2602.07,22,mobile_android,391,False,2,3,0,transferencia_p2p,dom,1.03,0
14240.74,11,mobile_android,1112,False,1,5,0,vestimenta,mie,1.28,0
1353.52,20,mobile_ios,1713,False,1,2,0,supermercado,jue,0.98,0
4347.09,15,mobile_android,1126,False,0,5,0,transferencia_p2p,dom,0.84,0
3085.13,18,mobile_android,1178,False,5,8,0,supermercado,mie,0.67,0
1773.16,20,mobile_ios,1258,False,0,5,0,supermercado,sab,0.62,0
3331.59,19,mobile_android,978,False,1,3,0,gastronomia,sab,2.1,0
4802.15,22,mobile_ios,1353,False,1,4,1,supermercado,sab,1.23,0
740.99,9,mobile_android,1318,False,2,6,0,transferencia_p2p,sab,1.32,0
8728.44,11,mobile_android,865,False,2,9,0,electronicos,mar,0.74,0
5351.0,17,mobile_android,1567,False,2,7,1,gastronomia,vie,1.7,0
5000.0,5,mobile_android,49,False,1,3,0,electronicos,sab,0.46,1
5864.09,14,mobile_android,248,False,0,4,0,vestimenta,jue,0.54,0
5339.49,10,mobile_ios,2362,False,3,6,0,gastronomia,jue,0.49,0
2113.75,0,mobile_ios,561,False,0,2,0,gastronomia,vie,1.32,0
2324.91,17,web,883,False,1,2,1,gastronomia,mar,0.87,0
2903.13,10,mobile_ios,537,False,0,6,2,supermercado,sab,1.09,0
22718.94,21,mobile_ios,1419,False,0,3,0,electronicos,jue,1.85,0
5255.62,14,mobile_ios,1488,False,4,13,1,supermercado,dom,0.71,0
1304.53,12,web,474,False,1,4,0,supermercado,dom,1.02,0
12894.29,18,mobile_ios,776,False,2,5,1,supermercado,mie,1.31,0
6151.85,12,mobile_ios,525,False,1,4,0,gastronomia,lun,0.83,0
1227.21,21,mobile_android,1921,False,0,4,0,supermercado,mie,1.38,0
1733.34,20,mobile_android,649,False,0,3,0,supermercado,vie,1.58,0
4564.7,16,mobile_ios,314,False,2,3,0,electronicos,mie,1.37,0
4211.74,19,mobile_ios,1012,False,2,6,0,viajes,sab,1.11,0
12436.87,20,web,406,False,0,2,1,cripto,dom,1.07,0
4904.62,21,mobile_ios,579,False,1,9,0,gastronomia,mar,1.28,0
466.49,20,mobile_ios,581,False,1,3,1,vestimenta,jue,0.87,0
21331.28,13,mobile_android,1672,False,5,10,0,supermercado,jue,1.31,0
8501.17,11,mobile_ios,837,False,1,1,0,gastronomia,sab,0.82,0
1971.32,18,mobile_android,889,False,1,5,0,electronicos,mie,1.01,0
2760.87,20,mobile_ios,697,False,1,3,0,electronicos,dom,0.69,0
2026.53,20,mobile_android,840,False,2,8,0,cripto,jue,1.35,0
3756.09,9,mobile_ios,702,True,1,6,1,gastronomia,dom,1.37,0
2718.48,9,web,916,False,1,5,0,vestimenta,mar,0.98,0
3662.92,9,web,694,False,2,5,0,supermercado,lun,0.77,0
10359.3,20,mobile_ios,1022,False,2,5,0,viajes,jue,0.83,0
3075.03,20,mobile_ios,1809,False,0,4,0,supermercado,mie,1.57,0
783.47,19,mobile_android,1078,False,0,2,1,gastronomia,sab,1.36,0
3491.48,17,mobile_ios,300,False,1,9,0,gastronomia,mie,0.6,0
4804.67,19,mobile_android,929,False,1,6,0,gastronomia,mar,1.16,0
5947.74,11,mobile_android,3121,False,1,12,0,electronicos,jue,0.21,0
5403.55,11,mobile_ios,1010,False,2,6,0,electronicos,lun,0.59,0
6418.7,10,mobile_ios,46,False,2,7,0,transferencia_p2p,sab,0.98,0
640.52,15,mobile_ios,1237,False,0,2,0,gastronomia,dom,0.94,0
1624.98,10,mobile_ios,449,False,3,9,0,gastronomia,lun,0.73,0
2051.51,21,mobile_ios,926,False,1,6,0,vestimenta,dom,0.9,0
3805.26,13,mobile_ios,922,False,1,7,1,juegos_online,mar,1.56,0
1164.23,13,mobile_ios,379,False,2,4,0,vestimenta,mie,1.3,0
6849.85,23,web,330,True,1,8,0,supermercado,dom,0.92,0
11330.74,7,mobile_ios,1579,False,0,10,1,gastronomia,dom,0.59,0
16803.01,17,mobile_ios,2209,False,2,5,0,supermercado,jue,0.54,0
8654.35,20,mobile_android,3650,False,3,8,0,viajes,jue,1.23,0
986.36,18,mobile_android,586,False,1,8,0,gastronomia,jue,1.13,0
787.83,12,mobile_ios,182,False,1,3,0,gastronomia,mie,0.87,0
7831.86,1,mobile_android,1654,False,3,8,0,gastronomia,dom,1.66,0
2502.91,22,mobile_ios,649,False,1,5,0,gastronomia,lun,1.18,0
1701.28,14,mobile_ios,442,False,2,5,0,gastronomia,vie,0.86,0
3731.06,20,mobile_ios,1867,False,5,10,0,electronicos,vie,1.54,0
969.14,20,mobile_android,1144,False,0,2,0,electronicos,dom,1.05,0
352.77,18,mobile_ios,252,False,3,8,0,transferencia_p2p,sab,1.25,0
3986.79,15,mobile_ios,1684,False,1,2,0,vestimenta,jue,0.55,0
23442.77,9,mobile_ios,3650,False,1,4,0,supermercado,mie,1.04,0
5834.47,19,mobile_android,656,False,2,12,0,cripto,mar,1.03,0
623.52,9,mobile_android,702,False,1,3,0,supermercado,sab,0.98,0
3927.32,19,web,684,False,1,4,1,supermercado,sab,1.2,0
10000.0,15,mobile_ios,1469,True,3,11,2,vestimenta,sab,1.82,1
3417.55,20,mobile_android,2890,False,3,8,0,vestimenta,jue,0.42,0
1215.87,13,mobile_ios,425,False,1,6,1,gastronomia,sab,0.34,0
2106.95,12,mobile_ios,1151,False,1,3,0,gastronomia,mar,0.39,0
1298.91,23,mobile_android,1334,True,3,4,0,supermercado,mie,0.68,0
10000.0,20,web,34,False,5,10,1,viajes,lun,0.93,1
1930.76,12,web,404,False,3,8,0,supermercado,lun,0.48,0
2056.07,12,mobile_android,1376,False,1,5,0,transferencia_p2p,mie,0.92,0
4942.27,20,mobile_ios,1373,False,1,6,0,supermercado,mie,0.69,0
3839.72,20,mobile_ios,995,False,0,3,0,electronicos,vie,1.14,0
280.13,13,web,237,False,1,5,0,supermercado,mie,0.87,0
6079.0,21,mobile_android,697,False,1,4,0,supermercado,sab,0.94,0
1668.31,21,mobile_android,477,False,1,7,0,supermercado,vie,0.8,0
2328.38,14,mobile_ios,880,False,0,6,0,cripto,mar,1.53,0
4782.15,13,mobile_ios,78,False,1,3,0,supermercado,dom,0.09,0
3142.3,10,mobile_ios,528,False,0,1,0,gastronomia,sab,0.52,0
1562.27,18,mobile_ios,1187,False,0,7,1,vestimenta,vie,0.4,0
1558.49,11,web,374,False,1,4,0,supermercado,lun,0.91,0
1605.07,22,mobile_ios,2177,False,2,5,0,supermercado,jue,0.87,0
2698.22,12,mobile_android,418,False,1,4,0,transferencia_p2p,dom,0.66,0
9458.11,23,mobile_ios,113,False,1,4,1,supermercado,sab,0.93,0
172.84,11,mobile_android,400,False,2,10,0,supermercado,dom,0.57,0
876.79,20,mobile_android,280,False,1,4,1,electronicos,mar,0.72,0
4869.43,20,mobile_ios,1536,False,4,6,1,supermercado,dom,0.26,0
2814.9,13,web,1138,False,1,7,0,transferencia_p2p,dom,0.62,0
2321.64,17,mobile_android,939,False,1,5,0,gastronomia,dom,0.79,0
1818.67,19,web,972,False,1,4,0,electronicos,mie,0.74,0
2991.41,11,mobile_android,717,True,1,6,0,vestimenta,lun,1.55,0
3184.9,11,mobile_ios,417,False,3,9,0,vestimenta,mie,1.97,0
8529.5,10,web,834,True,1,6,1,supermercado,jue,0.91,0
2360.37,11,mobile_android,164,False,1,4,0,transferencia_p2p,sab,0.51,0
3969.94,11,mobile_android,2103,False,1,6,0,vestimenta,sab,1.23,0
3299.59,19,mobile_android,1438,False,4,9,0,vestimenta,sab,1.31,0
3332.19,11,mobile_ios,806,False,0,2,2,supermercado,dom,0.83,0
1048.93,21,mobile_android,370,False,0,5,0,gastronomia,mie,1.48,0
42037.52,18,mobile_android,1319,False,0,2,1,electronicos,vie,1.44,0
3439.97,23,mobile_ios,205,False,1,6,0,transferencia_p2p,lun,0.63,0
1701.88,19,web,2088,False,2,6,0,gastronomia,lun,0.91,0
799.76,23,web,1038,False,0,7,0,cripto,jue,0.62,0
2653.83,20,mobile_ios,1299,True,4,8,0,vestimenta,dom,1.34,0
2441.29,10,mobile_ios,413,False,1,3,0,supermercado,jue,0.64,0
932.57,15,mobile_android,1300,False,2,7,0,gastronomia,sab,1.93,0
2629.25,18,mobile_ios,1338,False,2,5,0,supermercado,sab,1.59,0
5051.35,16,mobile_ios,368,False,0,4,1,electronicos,lun,0.57,0
4316.4,18,mobile_ios,999,True,0,5,0,vestimenta,mar,1.54,0
14053.48,17,mobile_ios,992,False,2,4,0,viajes,mie,0.05,0
15402.8,21,web,1248,False,3,9,0,vestimenta,sab,0.91,0
7730.06,9,mobile_android,757,False,4,12,0,gastronomia,mar,0.98,0
1173.81,15,mobile_ios,215,True,1,1,0,cripto,mar,1.11,0
6281.24,19,mobile_ios,315,False,1,2,0,supermercado,vie,0.77,0
18399.34,19,mobile_ios,2471,True,3,7,0,electronicos,lun,0.73,0
1361.83,10,mobile_ios,516,False,2,6,0,cripto,dom,1.56,0
3807.23,12,mobile_ios,1830,False,1,5,0,supermercado,mar,0.42,0
10585.31,20,mobile_android,1201,False,1,6,0,vestimenta,jue,0.92,0
4562.2,22,mobile_ios,524,False,1,8,0,viajes,sab,1.15,0
4501.26,15,mobile_ios,913,False,0,3,1,gastronomia,lun,0.18,0
3361.93,23,mobile_android,452,False,2,3,0,electronicos,sab,0.55,0
8891.54,10,web,632,False,1,5,0,gastronomia,sab,0.55,0
773.36,9,mobile_ios,1968,False,0,8,1,vestimenta,lun,0.78,0
2566.56,4,web,333,True,7,8,2,gastronomia,lun,0.27,1
1127.8,13,mobile_android,1026,False,4,6,0,vestimenta,mie,1.28,0
3190.39,17,mobile_android,424,False,0,6,0,vestimenta,dom,0.42,0
3672.05,10,mobile_ios,690,False,1,6,0,vestimenta,mar,0.88,0
4979.9,20,web,181,False,1,5,0,supermercado,jue,0.79,0
1420.66,14,mobile_android,1441,False,3,11,0,electronicos,mar,1.49,0
937.67,14,mobile_ios,439,False,0,4,0,viajes,mie,0.62,0
7827.06,20,mobile_ios,2106,False,1,3,1,viajes,mar,1.29,0
5632.34,9,mobile_android,1141,True,0,2,0,supermercado,mie,1.19,0
2144.64,21,mobile_android,205,False,1,5,0,viajes,dom,0.85,0
1294.26,15,mobile_android,776,False,0,5,0,supermercado,sab,0.64,0
855.66,21,mobile_android,618,False,1,8,1,electronicos,mie,1.24,0
15305.66,14,mobile_android,2116,False,2,5,0,gastronomia,jue,1.01,0
5740.48,22,mobile_ios,1004,False,1,6,0,supermercado,vie,1.51,0
5507.63,13,mobile_android,1862,False,0,3,0,supermercado,sab,1.48,0
12695.75,10,mobile_ios,607,True,1,8,0,vestimenta,mar,1.21,0
26165.47,16,mobile_android,1614,False,2,7,0,electronicos,lun,1.04,0
9212.32,19,mobile_android,592,False,1,3,0,supermercado,lun,1.83,0
3197.02,12,mobile_ios,1118,True,2,5,0,supermercado,dom,0.75,0
9729.48,9,mobile_android,237,False,0,9,0,vestimenta,dom,1.27,0
1556.16,20,mobile_ios,977,False,0,5,1,vestimenta,lun,1.12,0
2992.89,21,mobile_android,805,False,0,7,0,electronicos,mar,0.75,0
673.61,21,web,870,False,0,4,0,supermercado,vie,0.23,0
7151.98,11,web,1315,False,1,4,0,cripto,dom,0.56,0
3052.25,18,web,580,False,3,7,0,vestimenta,mie,0.25,0
13521.35,11,mobile_ios,1365,False,2,6,0,electronicos,vie,0.2,0
930.07,11,mobile_android,803,False,1,5,0,supermercado,jue,1.19,0
2136.12,12,mobile_android,895,False,3,4,0,vestimenta,lun,0.85,0
4713.7,9,mobile_ios,994,False,0,7,0,electronicos,mie,1.45,0
17660.6,13,mobile_ios,473,False,1,6,0,transferencia_p2p,dom,1.31,0
9650.37,20,mobile_android,1603,False,0,5,0,gastronomia,mar,1.27,0
8002.29,19,mobile_android,527,False,0,5,0,viajes,lun,0.17,0
10000.0,8,mobile_android,1588,True,1,8,0,vestimenta,sab,2.23,1
4731.68,20,mobile_ios,2149,False,2,5,1,supermercado,dom,1.12,0
2680.83,20,mobile_ios,1342,False,2,6,0,supermercado,sab,1.22,0
6284.73,0,mobile_ios,785,False,1,4,0,viajes,vie,0.72,0
535.61,17,mobile_android,1010,False,4,8,0,electronicos,mar,1.32,0
3502.0,20,mobile_android,1561,False,1,5,0,gastronomia,mar,0.34,0
21612.74,18,mobile_android,1037,False,0,3,0,electronicos,mie,0.42,0
6706.58,12,mobile_ios,509,False,1,5,0,vestimenta,mie,1.08,0
233.78,15,mobile_ios,470,False,1,7,0,vestimenta,lun,1.49,0
1099.28,9,mobile_android,1137,False,3,7,0,vestimenta,dom,0.05,0
1041.43,22,mobile_android,1554,False,0,2,0,gastronomia,sab,0.81,0
9032.65,14,mobile_android,228,False,3,10,0,supermercado,mar,0.9,0
7516.49,13,mobile_android,244,False,2,2,1,supermercado,sab,1.27,0
3682.79,11,mobile_ios,390,False,1,10,0,transferencia_p2p,sab,0.83,0
3799.52,10,mobile_android,1003,False,2,7,0,supermercado,mar,1.03,0
4090.69,10,mobile_ios,1091,False,0,5,0,viajes,sab,0.84,0
7337.28,19,web,411,False,0,3,0,vestimenta,dom,1.44,0
2545.13,12,mobile_android,488,False,1,7,0,cripto,mar,1.28,0
13465.9,13,web,716,False,3,6,0,gastronomia,mie,1.13,0
5817.07,22,mobile_android,348,False,0,5,0,transferencia_p2p,sab,0.73,0
6304.27,19,mobile_ios,330,False,1,5,0,gastronomia,sab,0.61,0
7762.96,22,mobile_ios,1665,False,2,5,0,juegos_online,sab,0.56,0
2778.32,11,mobile_android,868,False,2,5,0,supermercado,lun,1.19,0
6472.69,16,mobile_android,508,False,3,9,1,juegos_online,mar,0.77,0
5828.12,19,web,2578,False,2,8,0,gastronomia,dom,1.23,0
1741.4,20,mobile_ios,423,False,2,12,0,vestimenta,mie,0.75,0
540.16,13,web,1406,True,3,10,0,gastronomia,sab,1.13,0
2339.11,13,web,556,False,1,4,0,supermercado,mar,1.13,0
14752.04,14,mobile_android,700,False,0,5,1,viajes,lun,1.62,0
5380.47,14,mobile_android,350,False,1,6,0,viajes,sab,1.61,0
3010.7,12,mobile_ios,364,False,1,4,0,cripto,jue,0.87,0
545.76,11,mobile_ios,796,False,2,10,0,supermercado,sab,0.66,0
2080.37,15,mobile_android,293,False,5,13,1,juegos_online,vie,0.83,0
9784.48,12,mobile_android,1217,False,2,3,0,transferencia_p2p,mar,1.63,0
548.98,21,mobile_ios,886,False,1,3,0,gastronomia,jue,1.44,0
714.77,16,mobile_ios,1817,False,3,8,0,viajes,vie,0.05,0
474.09,22,mobile_ios,1236,False,2,3,1,vestimenta,dom,1.02,0
16593.94,20,mobile_ios,601,False,2,7,0,transferencia_p2p,dom,1.39,0
16350.75,12,mobile_android,855,True,1,4,0,supermercado,lun,1.11,0
24466.5,11,web,1289,False,0,0,0,transferencia_p2p,vie,0.6,0
6919.87,11,mobile_android,1881,False,3,10,0,gastronomia,jue,2.08,0
1145.56,13,mobile_ios,908,False,2,8,0,gastronomia,lun,1.15,0
468.64,9,mobile_ios,1569,False,1,4,0,viajes,sab,0.94,0
6021.24,22,mobile_android,1421,False,0,7,0,vestimenta,vie,0.79,0
17858.21,17,mobile_android,1155,False,1,6,1,transferencia_p2p,vie,0.69,0
28575.31,19,web,1303,False,1,8,0,supermercado,dom,1.53,0
46598.7,17,mobile_ios,256,False,0,1,2,gastronomia,lun,0.19,0
5917.62,21,mobile_ios,1289,False,3,8,0,gastronomia,lun,1.02,0
953.03,18,web,432,True,3,5,0,gastronomia,jue,0.98,0
30591.26,13,mobile_ios,1449,False,1,2,0,viajes,jue,1.4,0
9668.86,8,mobile_android,1026,False,0,2,0,viajes,dom,0.87,0
2039.7,10,mobile_ios,317,True,3,7,0,supermercado,mar,0.75,0
13642.02,9,mobile_android,400,False,0,3,0,electronicos,vie,1.13,0
4636.17,13,mobile_ios,1260,False,0,1,0,electronicos,lun,2.07,0
3314.3,13,mobile_ios,2736,False,2,5,0,juegos_online,lun,1.58,0
1438.0,15,mobile_android,444,False,1,6,0,vestimenta,sab,0.34,0
1328.05,12,mobile_android,2587,False,1,2,0,vestimenta,vie,1.28,0
3851.45,11,mobile_android,1157,False,0,8,2,vestimenta,sab,1.18,0
246.16,12,mobile_ios,1221,False,1,3,0,cripto,sab,0.55,0
1104.91,15,web,1844,True,0,3,0,supermercado,sab,0.37,0
7105.01,11,mobile_ios,1566,False,1,11,0,viajes,mar,0.07,0
1716.36,15,mobile_android,1170,False,0,5,0,supermercado,sab,1.3,0
1846.8,20,mobile_ios,2014,False,0,1,1,supermercado,jue,0.46,0
5515.29,19,mobile_android,1230,False,0,5,0,vestimenta,dom,1.42,0
1230.76,13,mobile_android,2331,False,1,7,0,supermercado,mie,1.63,0
816.96,19,mobile_ios,511,False,0,2,0,transferencia_p2p,sab,0.96,0
794.48,21,web,702,False,1,2,0,supermercado,lun,0.5,0
1195.85,13,mobile_android,1455,False,0,4,0,supermercado,sab,1.04,0
2282.92,19,mobile_android,723,False,1,3,0,supermercado,mie,1.51,0
14081.17,21,mobile_ios,912,False,0,7,0,cripto,mar,1.05,0
4494.16,15,web,1372,False,0,8,0,gastronomia,lun,0.79,0
8697.78,20,mobile_android,477,False,1,4,0,gastronomia,vie,1.09,0
26661.79,12,mobile_android,805,False,0,6,0,gastronomia,vie,1.38,0
1545.07,21,mobile_android,1086,False,1,1,0,gastronomia,lun,0.92,0
933.54,11,mobile_ios,721,False,1,4,0,supermercado,dom,0.99,0
10895.05,20,mobile_android,1031,False,1,5,0,electronicos,mie,1.38,0
1529.96,19,mobile_ios,494,False,1,3,0,gastronomia,mie,1.24,0
4462.16,11,mobile_android,911,False,0,3,0,vestimenta,sab,0.91,0
3675.9,12,mobile_ios,508,False,1,4,0,transferencia_p2p,jue,0.83,0
2091.06,21,mobile_android,238,False,1,4,0,supermercado,mie,0.85,0
4471.19,0,mobile_ios,603,False,1,5,0,transferencia_p2p,mie,1.99,0
1495.15,14,mobile_android,737,False,1,2,0,supermercado,sab,0.5,0
4753.97,13,mobile_ios,1174,False,3,5,0,transferencia_p2p,sab,0.62,0
325.67,12,mobile_android,2008,False,0,7,0,viajes,mie,0.92,0
1291.26,12,mobile_android,1224,True,0,1,0,gastronomia,mie,0.33,0
3409.08,13,mobile_android,283,False,1,3,0,supermercado,lun,0.92,0
1628.6,11,mobile_ios,617,False,0,3,0,vestimenta,lun,1.38,0
2533.58,13,mobile_ios,339,False,3,9,0,vestimenta,dom,0.61,0
21616.82,13,mobile_ios,993,False,1,3,0,supermercado,mar,1.75,0
5031.46,8,mobile_ios,797,False,4,11,0,supermercado,dom,0.75,0
2914.2,16,web,392,False,1,5,0,cripto,dom,0.47,1
2627.37,19,mobile_ios,1187,False,1,5,0,electronicos,lun,0.99,0
2043.59,20,mobile_ios,1353,False,2,7,2,gastronomia,mie,1.36,0
638.74,16,mobile_android,1133,False,1,7,1,gastronomia,mar,0.37,0
1221.02,0,mobile_ios,1473,False,0,3,0,supermercado,lun,1.08,0
1508.33,10,mobile_android,521,False,2,6,0,supermercado,mar,0.85,0
29485.95,9,mobile_android,466,False,0,3,0,gastronomia,jue,0.18,0
6311.97,12,mobile_android,1611,False,1,6,0,viajes,lun,0.76,0
1637.07,20,mobile_android,1207,False,3,9,0,supermercado,dom,0.69,0
4211.25,0,mobile_android,966,False,0,2,0,electronicos,dom,0.86,0
2513.14,12,mobile_android,295,False,0,4,0,transferencia_p2p,sab,1.45,0
2990.26,11,mobile_ios,1308,False,0,4,2,viajes,vie,0.84,0
4899.63,21,web,811,False,0,2,0,gastronomia,sab,1.22,0
2062.26,17,mobile_android,1205,False,1,5,0,supermercado,mie,0.69,0
8069.43,21,mobile_ios,1894,False,1,5,0,transferencia_p2p,dom,0.93,0
9856.23,12,mobile_android,338,False,0,7,0,gastronomia,mie,1.39,0
871.75,21,mobile_android,588,False,3,7,0,viajes,jue,0.72,0
4535.02,18,web,687,False,1,2,0,transferencia_p2p,lun,1.95,0
1275.9,11,mobile_ios,571,False,1,11,0,supermercado,mar,0.78,0
6766.25,10,mobile_android,576,False,5,8,0,vestimenta,lun,1.03,0
3390.33,18,web,725,False,1,7,0,supermercado,jue,0.59,0
4880.16,18,mobile_android,319,True,0,6,0,gastronomia,sab,1.01,0
2593.44,21,mobile_ios,848,False,0,6,0,supermercado,lun,1.3,0
1233.11,13,mobile_android,594,False,2,5,1,vestimenta,lun,0.76,0
13002.32,12,mobile_ios,1383,False,0,8,0,gastronomia,jue,1.55,0
1901.5,20,web,953,False,2,3,0,vestimenta,dom,0.58,0
2657.29,21,mobile_android,905,False,0,2,0,viajes,mie,1.83,0
686.75,14,mobile_ios,907,False,1,5,0,gastronomia,jue,1.49,0
477.41,13,mobile_ios,602,False,1,6,0,gastronomia,vie,1.03,0
5114.37,21,web,601,False,4,7,0,transferencia_p2p,mar,1.66,0
731.23,11,mobile_android,342,False,2,9,0,viajes,dom,1.31,0
384.8,23,mobile_ios,303,False,1,6,0,vestimenta,jue,1.11,0
5157.48,21,mobile_android,1818,False,1,3,0,gastronomia,vie,0.92,0
3905.39,20,mobile_android,556,False,3,10,0,viajes,mie,1.04,0
2423.71,17,mobile_ios,902,False,1,8,0,electronicos,sab,0.8,0
20308.5,9,mobile_android,442,False,1,4,0,vestimenta,vie,1.26,0
4110.0,17,mobile_ios,2110,False,1,3,0,gastronomia,sab,1.57,0
7029.62,12,mobile_android,689,False,3,7,1,supermercado,mar,1.27,0
1593.63,12,mobile_android,1146,False,3,4,0,gastronomia,jue,0.95,0
12606.4,20,mobile_ios,1489,False,0,8,1,gastronomia,sab,0.96,0
1833.8,22,mobile_android,1565,False,2,6,0,transferencia_p2p,vie,1.12,0
4365.25,14,mobile_android,431,False,1,2,0,viajes,mar,1.65,0
3895.41,14,mobile_ios,2188,True,3,4,0,gastronomia,dom,1.12,0
10770.72,19,mobile_android,924,False,2,5,0,supermercado,mie,1.31,0
8659.37,21,mobile_ios,616,True,0,7,0,supermercado,dom,0.64,0
9588.1,11,mobile_android,975,False,2,6,0,juegos_online,vie,1.21,0
11393.67,13,mobile_android,887,False,1,6,0,viajes,mie,0.88,0
1849.6,16,mobile_android,569,False,1,8,0,supermercado,mie,0.59,0
1610.3,10,web,1247,False,0,4,0,vestimenta,mie,1.22,0
8672.33,18,mobile_ios,1005,False,8,12,0,transferencia_p2p,lun,1.8,1
2025.18,22,mobile_ios,336,False,0,6,0,vestimenta,dom,1.31,0
4384.52,12,mobile_android,1222,False,0,5,0,supermercado,dom,0.51,0
5502.13,12,mobile_ios,651,False,1,4,0,supermercado,mar,0.92,0
14439.69,21,mobile_ios,1066,True,0,4,0,gastronomia,sab,1.56,0
4499.0,12,mobile_android,564,False,2,6,0,electronicos,mar,1.36,0
4645.96,20,mobile_android,1575,False,1,2,0,vestimenta,mie,0.35,0
1070.13,16,mobile_ios,512,False,1,7,1,gastronomia,jue,1.2,0
11386.79,22,mobile_android,202,False,3,7,0,vestimenta,mar,1.52,0
7919.42,20,web,1123,False,0,4,0,juegos_online,jue,1.27,0
11680.45,10,mobile_ios,385,False,0,9,0,gastronomia,lun,0.49,0
13729.17,22,web,13,False,2,8,1,vestimenta,sab,0.17,1
3395.48,22,mobile_android,623,False,1,5,0,viajes,vie,1.27,0
1612.97,9,mobile_ios,205,False,1,4,0,electronicos,sab,1.53,0
3050.27,20,mobile_android,429,False,1,3,0,supermercado,sab,1.67,0
700.8,11,mobile_ios,476,False,1,5,0,supermercado,jue,1.13,0
45137.74,12,mobile_android,810,False,1,9,0,vestimenta,mar,1.61,0
6840.47,13,mobile_ios,735,False,0,2,0,electronicos,sab,0.73,0
7573.63,15,mobile_ios,1570,False,0,3,0,gastronomia,dom,0.92,0
1166.4,11,mobile_android,952,False,0,3,0,supermercado,lun,0.83,0
2643.24,22,mobile_android,695,False,2,5,0,electronicos,jue,1.07,0
2037.23,11,web,1702,False,2,6,1,supermercado,sab,1.23,0
2506.37,17,mobile_ios,1010,False,2,6,0,electronicos,jue,0.15,0
1389.03,19,web,1473,False,3,6,0,supermercado,lun,1.28,0
3028.5,14,mobile_android,1537,False,1,6,0,transferencia_p2p,sab,1.4,0
380.23,12,mobile_android,776,False,1,6,0,transferencia_p2p,vie,1.35,0
1980.09,8,mobile_android,629,False,0,5,0,cripto,mie,0.65,0
1186.27,19,mobile_android,982,False,2,4,0,electronicos,mie,0.51,0
2592.54,10,mobile_ios,1169,False,1,7,1,electronicos,sab,0.56,0
2084.38,20,mobile_ios,3306,False,4,8,0,juegos_online,mar,0.9,0
1955.04,12,mobile_android,1015,False,1,8,0,vestimenta,jue,0.96,0
5074.56,12,mobile_ios,519,False,0,3,0,vestimenta,lun,1.25,0
5647.64,11,web,521,False,1,2,2,transferencia_p2p,mar,0.76,0
3689.9,21,mobile_android,1278,False,1,5,1,transferencia_p2p,dom,0.63,0
33835.76,11,mobile_android,711,False,0,4,0,vestimenta,mie,0.49,0
9760.87,22,web,356,False,3,4,0,supermercado,mie,0.89,0
1730.45,13,mobile_ios,212,False,1,4,0,transferencia_p2p,sab,1.18,0
948.17,13,mobile_ios,993,False,0,2,0,supermercado,vie,0.27,0
10929.18,16,mobile_android,1039,False,3,6,0,gastronomia,sab,0.76,0
18324.28,16,mobile_ios,250,False,1,3,0,transferencia_p2p,vie,1.12,0
2134.96,14,mobile_ios,2094,False,0,2,0,gastronomia,lun,1.13,0
5395.01,1,mobile_android,1589,False,1,4,0,gastronomia,vie,1.19,0
5016.31,19,mobile_ios,1328,False,0,4,0,electronicos,mar,1.14,0
2982.06,9,mobile_ios,805,False,0,1,0,viajes,lun,0.88,0
14816.11,21,mobile_ios,268,False,2,6,0,electronicos,sab,0.94,0
442.66,12,mobile_ios,716,False,1,5,0,supermercado,lun,1.19,0
11259.77,12,mobile_android,976,False,1,3,0,transferencia_p2p,sab,0.5,0
11098.8,9,web,572,False,1,3,0,viajes,mie,0.76,0
2939.94,20,mobile_ios,1423,False,0,3,0,gastronomia,mie,0.89,0
10746.68,12,mobile_ios,1716,False,0,2,0,transferencia_p2p,mie,1.12,0
4827.0,0,mobile_ios,929,True,1,5,0,supermercado,sab,2.01,1
2322.77,14,mobile_android,984,False,1,3,0,supermercado,vie,1.58,0
5342.21,10,mobile_android,892,False,1,10,0,supermercado,jue,1.25,0
1336.25,21,mobile_ios,1020,False,1,4,0,vestimenta,sab,0.43,0
3087.33,23,mobile_ios,1168,False,1,7,0,viajes,mie,1.52,0
2233.48,10,mobile_android,847,False,1,4,0,gastronomia,mie,0.72,0
6640.61,12,mobile_ios,2632,False,4,8,0,viajes,lun,0.78,0
7686.89,19,mobile_ios,1141,False,3,7,0,supermercado,lun,1.15,0
41987.62,22,mobile_android,886,False,3,10,0,transferencia_p2p,lun,1.06,0
12363.96,13,mobile_ios,1434,False,0,6,0,electronicos,dom,1.27,0
9552.43,20,mobile_android,1393,False,2,3,0,gastronomia,jue,0.62,0
2475.93,11,mobile_ios,408,False,2,3,1,gastronomia,vie,1.17,0
14915.59,20,mobile_android,339,False,1,6,0,supermercado,mie,0.8,0
3794.11,22,mobile_android,1127,False,0,6,0,vestimenta,mar,0.87,0
1768.06,18,mobile_android,622,False,1,4,0,supermercado,mie,1.11,0
32821.79,22,mobile_ios,2414,False,1,2,1,viajes,vie,1.34,0
6104.02,23,mobile_ios,326,False,0,5,0,viajes,sab,0.86,0
4983.6,10,mobile_android,1258,True,0,0,0,transferencia_p2p,mie,0.53,0
5738.91,11,web,608,False,2,5,0,cripto,mie,0.97,0
3686.73,22,web,886,True,0,5,0,viajes,dom,1.15,0
2776.85,11,mobile_ios,368,True,2,6,0,electronicos,vie,1.19,0
2178.44,19,mobile_ios,1792,False,1,3,0,transferencia_p2p,vie,0.73,0
9204.41,23,mobile_ios,1220,False,1,6,1,gastronomia,mie,1.17,0
742.8,13,mobile_android,855,False,4,8,0,supermercado,jue,1.82,0
3754.2,23,mobile_android,754,False,1,9,1,supermercado,vie,1.17,0
12479.91,10,mobile_ios,1610,False,0,3,0,gastronomia,vie,0.75,0
12652.81,18,web,706,False,1,4,0,vestimenta,sab,1.01,0
1756.21,14,mobile_ios,825,False,0,1,0,supermercado,mie,1.17,0
9582.8,11,mobile_android,1477,False,1,3,1,electronicos,sab,1.07,0
8205.84,10,web,637,False,3,6,0,gastronomia,lun,0.66,0
11571.97,18,mobile_ios,1466,False,2,8,0,supermercado,mie,0.7,0
1291.32,9,mobile_ios,1611,False,2,4,0,gastronomia,lun,0.75,0
2294.7,12,mobile_android,1050,False,2,5,1,supermercado,lun,0.86,0
4802.82,22,web,583,False,1,6,0,gastronomia,vie,1.04,0
1476.72,11,web,1937,False,3,11,0,electronicos,mar,1.22,0
4090.43,3,web,465,True,3,7,0,vestimenta,mar,2.76,1
5234.41,14,web,786,False,1,7,0,electronicos,vie,1.4,0
8678.31,22,mobile_android,360,False,0,4,0,vestimenta,vie,0.67,0
1118.12,11,mobile_ios,1527,False,1,8,0,gastronomia,vie,0.55,0
5910.31,12,mobile_ios,1984,True,0,3,0,electronicos,vie,0.48,0
859.67,19,mobile_android,193,False,1,7,1,gastronomia,mie,0.32,0
989.65,13,mobile_ios,1307,False,1,9,0,transferencia_p2p,mar,0.88,0
3659.88,21,mobile_android,3344,False,1,7,0,transferencia_p2p,vie,1.11,0
5328.52,23,mobile_ios,402,False,1,5,0,viajes,lun,0.93,0
4720.22,9,mobile_ios,923,False,3,7,0,supermercado,mie,1.37,0
990.51,20,mobile_android,460,False,3,13,0,transferencia_p2p,jue,0.75,0
1747.34,15,mobile_android,834,False,2,4,0,supermercado,jue,0.75,0
2254.98,22,web,404,False,2,9,0,transferencia_p2p,mar,0.31,0
1109.44,13,mobile_ios,1058,False,0,3,0,vestimenta,mar,0.05,0
8023.06,15,mobile_android,948,False,2,5,0,transferencia_p2p,vie,1.51,0
1013.08,18,mobile_android,327,False,0,5,0,vestimenta,lun,0.78,0
1239.44,23,mobile_ios,489,False,0,7,0,gastronomia,lun,1.18,0
14047.08,12,mobile_ios,1760,False,1,5,0,vestimenta,mar,0.65,0
1916.89,18,mobile_ios,234,False,3,7,0,transferencia_p2p,lun,1.23,0
5598.77,11,mobile_ios,1070,False,2,7,0,supermercado,mar,1.0,0
3160.88,10,mobile_ios,1206,False,1,4,0,gastronomia,lun,0.49,0
5914.02,11,mobile_ios,652,False,4,5,0,vestimenta,jue,1.71,0
2229.51,10,mobile_ios,46,False,0,1,0,gastronomia,vie,1.29,0
5538.42,12,web,2707,False,0,7,0,gastronomia,dom,0.96,0
21972.81,20,mobile_android,631,False,1,3,0,gastronomia,jue,0.24,0
1498.63,16,mobile_ios,1242,False,0,3,0,gastronomia,dom,1.58,0
13846.45,13,mobile_ios,263,False,2,7,0,viajes,sab,1.71,0
4585.58,23,mobile_android,1402,False,0,3,0,viajes,jue,0.98,0
7263.07,18,mobile_android,1950,False,1,7,0,supermercado,lun,0.9,0
1911.78,23,mobile_ios,1850,False,0,3,0,supermercado,dom,0.76,0
5640.09,22,mobile_ios,1662,False,2,7,0,viajes,mie,1.16,0
2913.7,11,mobile_ios,848,False,2,5,0,supermercado,jue,0.66,0
10237.47,15,mobile_android,928,False,2,2,0,supermercado,jue,1.23,0
654.42,12,mobile_android,196,False,0,2,0,juegos_online,mie,0.99,0
7157.95,12,mobile_android,289,False,2,5,0,gastronomia,vie,0.8,0
6298.89,21,web,533,False,1,6,0,gastronomia,sab,1.31,0
2305.82,18,mobile_android,1408,False,1,4,1,viajes,jue,1.03,0
3058.95,19,mobile_android,949,False,1,1,0,supermercado,mie,0.63,0
12914.66,2,web,1412,False,1,3,1,supermercado,vie,0.96,1
9598.96,18,web,377,False,2,5,0,viajes,vie,0.88,0
8470.84,13,mobile_ios,540,False,2,7,1,vestimenta,lun,0.83,0
6160.39,18,web,914,False,3,7,1,electronicos,mar,0.14,1
18065.85,14,mobile_ios,3213,False,0,6,0,juegos_online,vie,0.67,0
730.51,20,mobile_ios,881,False,0,3,0,electronicos,vie,0.05,0
10846.35,18,mobile_ios,645,False,1,4,0,vestimenta,mie,1.33,0
3682.24,18,mobile_ios,665,False,1,4,0,transferencia_p2p,lun,1.53,0
3121.18,22,mobile_android,1084,False,0,1,0,gastronomia,mie,0.99,0
3938.67,13,mobile_ios,729,False,2,5,0,viajes,mar,1.25,0
1467.04,20,mobile_android,452,False,1,4,0,vestimenta,dom,0.71,0
1336.29,9,mobile_android,674,False,2,5,0,vestimenta,mar,1.12,0
1995.28,21,web,332,False,1,9,0,transferencia_p2p,vie,0.49,0
31052.88,15,mobile_android,810,False,0,4,0,vestimenta,vie,1.49,0
1298.28,19,mobile_ios,1243,False,2,5,1,supermercado,mar,0.86,0
2242.17,13,mobile_ios,2190,False,0,5,0,electronicos,mar,1.09,0
1064.75,11,web,229,False,3,9,1,vestimenta,dom,0.47,0
14140.0,16,mobile_ios,513,False,2,6,0,gastronomia,lun,1.1,0
4211.16,0,mobile_android,1627,False,2,4,1,supermercado,sab,1.51,0
4466.44,12,mobile_android,999,False,1,8,0,supermercado,jue,0.77,0
3704.62,17,mobile_android,798,False,3,10,0,gastronomia,sab,0.75,0
4175.02,9,mobile_ios,240,False,1,3,0,supermercado,mie,0.8,0
9863.09,14,mobile_android,236,False,1,7,0,viajes,jue,0.93,0
2515.68,22,mobile_ios,1846,False,0,3,0,gastronomia,mie,1.06,0
4699.51,0,mobile_android,1602,True,0,7,0,vestimenta,vie,1.47,0
3867.91,20,mobile_ios,1123,False,2,7,0,supermercado,lun,0.89,0
6357.54,10,mobile_android,1710,False,1,11,0,gastronomia,mie,0.35,0
11398.83,20,mobile_ios,1739,False,0,5,0,transferencia_p2p,sab,0.97,0
14298.46,23,mobile_ios,1125,True,2,8,0,gastronomia,sab,0.89,0
5049.33,19,mobile_ios,2938,False,1,4,0,electronicos,mie,0.84,0
1537.66,20,mobile_ios,649,False,1,8,0,electronicos,mie,0.17,0
1988.23,13,web,1021,False,3,4,0,electronicos,vie,0.71,0
2900.33,14,mobile_android,1196,False,1,2,0,supermercado,mie,0.05,0
16017.79,17,mobile_ios,512,False,1,4,0,viajes,jue,1.09,0
39841.99,11,mobile_android,89,False,0,5,0,supermercado,lun,0.38,0
2016.85,9,mobile_ios,827,False,4,12,0,gastronomia,dom,1.17,0
5128.9,20,mobile_android,1632,False,2,8,0,electronicos,mar,0.88,0
3130.14,22,mobile_ios,640,False,4,4,0,supermercado,vie,0.61,0
1025.98,22,mobile_ios,1565,False,0,6,0,gastronomia,vie,1.04,0
8345.84,14,mobile_ios,1628,False,0,3,0,supermercado,jue,0.95,0
4425.35,13,mobile_android,553,False,0,5,0,juegos_online,mie,1.19,0
2276.96,1,mobile_android,557,False,0,4,0,viajes,vie,1.13,0
4150.81,19,mobile_ios,1142,False,2,5,0,viajes,dom,1.0,0
4459.42,21,web,1052,False,1,4,0,electronicos,sab,0.75,0
17595.12,20,mobile_ios,1640,False,0,2,2,gastronomia,mie,1.65,0
3751.21,11,mobile_ios,117,False,0,5,0,gastronomia,lun,0.4,0
3889.3,20,mobile_android,1143,False,0,3,0,supermercado,vie,1.25,0
1266.05,13,mobile_ios,330,True,2,6,0,supermercado,sab,1.44,0
3041.36,22,mobile_android,1420,False,1,5,1,gastronomia,sab,1.21,0
3692.23,21,mobile_ios,1480,False,1,6,0,viajes,mie,1.24,0
6806.21,19,mobile_android,549,False,1,7,2,transferencia_p2p,mar,0.86,0
1729.14,14,mobile_android,358,False,1,4,0,supermercado,jue,1.11,0
3285.96,18,mobile_ios,1154,False,1,6,0,supermercado,vie,0.77,0
2884.62,18,mobile_ios,903,True,0,7,0,gastronomia,lun,0.32,0
15592.07,18,mobile_android,1175,False,0,6,0,vestimenta,vie,2.05,0
1387.12,14,mobile_android,1132,False,1,3,0,viajes,dom,1.31,0
500.62,21,mobile_android,1222,False,1,3,0,supermercado,lun,1.31,0
537.12,19,web,648,False,3,10,1,supermercado,vie,1.01,0
5744.58,13,mobile_android,3011,True,0,4,0,viajes,mar,1.58,0
3705.36,12,web,910,False,1,4,0,vestimenta,sab,0.31,0
23792.76,16,mobile_ios,390,False,2,6,0,gastronomia,lun,1.55,0
5890.1,21,mobile_android,1079,False,3,7,0,supermercado,sab,1.0,0
1497.97,13,mobile_android,689,False,3,4,0,supermercado,vie,0.2,0
2271.56,18,mobile_android,1383,False,1,5,1,juegos_online,mie,0.94,0
2639.82,11,mobile_ios,837,False,1,4,0,gastronomia,mar,1.43,0
970.41,8,mobile_ios,2171,False,2,6,0,vestimenta,mie,1.53,0
1431.36,15,mobile_android,773,False,2,7,0,cripto,sab,0.26,0
6646.83,12,mobile_android,593,True,2,5,0,supermercado,vie,1.14,0
7680.33,23,web,684,False,0,3,0,gastronomia,mar,0.94,0
1523.53,16,mobile_android,1994,False,2,6,0,supermercado,vie,1.25,0
5204.71,12,mobile_ios,246,False,0,7,1,gastronomia,dom,0.84,0
18850.63,20,mobile_android,506,True,1,9,0,viajes,lun,0.07,0
1363.88,19,mobile_android,733,False,1,4,0,cripto,mar,0.54,0
5433.34,21,mobile_android,685,False,1,8,0,supermercado,lun,0.66,0
6498.13,16,mobile_android,2424,False,1,6,0,supermercado,dom,1.17,0
9346.58,19,mobile_ios,730,False,2,4,1,transferencia_p2p,mar,0.82,0
3656.67,23,mobile_android,1307,False,1,8,0,electronicos,vie,0.62,0
3530.4,19,mobile_android,1493,False,1,3,0,cripto,dom,1.03,0
12157.15,18,mobile_ios,368,False,0,5,0,supermercado,sab,0.98,0
1827.41,16,mobile_ios,671,False,2,3,0,viajes,lun,0.94,0
6383.94,0,mobile_ios,296,False,1,5,0,supermercado,jue,0.77,0
3612.28,22,mobile_ios,1081,False,0,2,0,supermercado,vie,0.78,0
408.94,20,mobile_ios,1048,False,1,5,0,gastronomia,mie,0.9,0
1017.78,21,mobile_android,559,False,0,4,0,supermercado,sab,0.77,0
1298.79,21,web,494,False,3,9,0,supermercado,lun,0.84,0
1377.99,17,mobile_android,984,False,3,5,0,gastronomia,mie,1.36,0
402.34,13,mobile_ios,827,False,1,5,0,viajes,sab,0.88,0
583.24,11,mobile_android,639,False,0,2,0,supermercado,dom,0.95,0
1191.08,10,mobile_android,966,False,0,3,0,gastronomia,vie,0.73,0
3110.95,15,mobile_android,677,False,1,4,0,supermercado,vie,1.13,0
10112.66,13,mobile_android,1032,False,0,4,0,supermercado,dom,0.18,0
2310.03,20,mobile_ios,1126,False,1,2,0,vestimenta,vie,1.17,0
1503.3,21,mobile_android,46,False,2,5,1,electronicos,jue,1.23,1
5167.85,21,mobile_android,3460,False,1,6,0,supermercado,dom,0.26,0
5885.47,0,web,1555,False,1,8,0,transferencia_p2p,lun,0.13,0
5067.08,19,mobile_ios,112,False,2,8,0,supermercado,jue,1.19,0
18290.08,23,mobile_android,628,False,3,10,0,electronicos,sab,1.4,0
337.89,12,mobile_ios,862,False,0,7,0,gastronomia,jue,0.79,0
9056.5,11,mobile_android,314,False,2,8,0,juegos_online,lun,0.8,0
5375.96,12,mobile_ios,596,False,0,5,0,electronicos,mar,1.21,0
37263.88,12,mobile_android,1954,False,3,6,0,supermercado,sab,0.46,0
3386.62,14,mobile_ios,611,False,2,6,0,transferencia_p2p,sab,1.11,0
11940.9,23,mobile_android,1168,False,2,3,1,supermercado,jue,0.99,0
2376.53,23,mobile_android,1375,False,2,7,0,gastronomia,lun,1.1,0
6254.97,12,mobile_ios,1852,False,1,3,0,gastronomia,mie,0.47,0
16938.72,22,mobile_ios,2020,False,1,5,0,vestimenta,sab,0.83,0
2451.26,15,mobile_ios,553,False,3,7,1,gastronomia,lun,0.23,0
1785.87,11,mobile_android,924,False,1,3,0,gastronomia,jue,0.96,0
5796.91,12,mobile_ios,912,False,2,6,0,supermercado,vie,1.44,0
1836.18,20,web,353,False,2,8,0,electronicos,mar,0.85,0
8727.88,19,mobile_ios,674,False,1,9,0,viajes,vie,1.09,0
4180.66,10,mobile_ios,2229,False,3,7,0,electronicos,mie,0.05,0
5407.32,23,mobile_android,1549,False,1,7,0,electronicos,mar,1.33,0
2900.19,20,mobile_android,810,False,3,13,0,vestimenta,mie,1.82,0
3987.02,18,mobile_ios,1507,False,0,6,0,vestimenta,sab,1.4,0
4453.05,22,mobile_ios,399,False,0,5,0,transferencia_p2p,jue,1.58,0
350.81,21,mobile_android,378,False,1,6,1,supermercado,mie,1.51,0
916.76,20,web,663,False,1,6,1,supermercado,sab,1.27,0
2087.68,19,mobile_android,1645,False,1,4,0,vestimenta,vie,1.09,0
4325.3,21,mobile_android,688,False,0,5,0,viajes,mie,1.59,1
1857.58,8,mobile_android,1149,False,1,4,0,transferencia_p2p,dom,0.52,0
1575.93,19,mobile_android,97,False,1,3,1,supermercado,lun,0.12,0
14174.33,23,mobile_android,1030,False,1,5,0,vestimenta,mie,1.09,0
6205.88,19,mobile_android,1482,False,1,6,1,supermercado,vie,0.91,0
1608.74,19,mobile_ios,403,False,0,2,0,gastronomia,mie,1.08,0
1165.11,20,mobile_android,2055,False,2,6,0,juegos_online,sab,1.09,0
2226.85,12,mobile_ios,3605,False,3,11,0,supermercado,dom,0.82,0
2650.65,12,mobile_ios,1310,False,1,2,0,vestimenta,dom,1.6,0
2529.11,20,web,1665,False,3,5,0,supermercado,dom,0.8,0
1030.31,13,mobile_android,505,False,0,4,1,electronicos,jue,0.8,0
3671.23,11,mobile_android,1530,False,2,6,0,supermercado,vie,0.7,0
2628.85,22,mobile_android,1763,True,0,3,0,cripto,vie,1.3,0
344.64,14,mobile_ios,699,False,2,6,0,supermercado,vie,0.71,0
1799.61,12,mobile_android,2328,False,2,2,0,gastronomia,mar,0.87,0
8319.91,8,mobile_ios,620,False,0,5,0,vestimenta,mie,1.04,0
1198.58,14,mobile_android,746,True,1,8,0,supermercado,jue,0.87,0
1130.01,1,mobile_android,35,False,0,3,0,electronicos,mie,2.15,1
3938.75,20,mobile_ios,86,False,1,6,0,viajes,lun,1.15,0
1000.36,12,mobile_android,1423,False,0,3,1,transferencia_p2p,dom,1.16,0
1585.22,15,mobile_android,508,False,3,10,0,vestimenta,vie,1.04,0
9847.33,23,mobile_android,668,False,1,7,0,electronicos,dom,0.91,0
4015.84,12,mobile_ios,856,False,0,6,0,supermercado,jue,1.64,0
4580.13,12,mobile_android,954,False,2,5,0,supermercado,sab,1.32,0
10681.2,20,mobile_android,887,False,1,7,1,viajes,dom,0.28,0
1748.34,21,mobile_android,795,False,1,7,0,juegos_online,sab,1.79,0
15295.29,12,mobile_ios,1583,False,1,5,0,gastronomia,dom,1.38,0
3852.25,21,mobile_ios,577,False,0,3,0,electronicos,vie,1.32,0
3538.02,14,mobile_android,1119,False,2,6,0,supermercado,mar,1.1,0
2380.88,15,mobile_android,704,False,0,7,0,vestimenta,jue,1.36,0
22517.66,21,mobile_android,469,False,0,4,0,electronicos,jue,1.4,0
7326.09,13,mobile_android,1225,False,1,10,0,juegos_online,sab,1.25,0
692.36,17,mobile_android,209,False,1,9,2,transferencia_p2p,mie,1.31,0
1893.22,15,mobile_ios,573,False,1,4,0,supermercado,mar,1.66,0
3081.66,14,mobile_ios,1234,False,0,3,0,gastronomia,dom,0.55,0
4656.16,13,mobile_ios,1199,False,1,6,0,transferencia_p2p,vie,1.09,0
6162.28,13,mobile_android,298,True,2,10,0,gastronomia,mie,1.17,0
2844.6,21,mobile_ios,349,False,0,1,0,electronicos,sab,0.65,0
1353.98,11,mobile_android,217,False,1,4,0,transferencia_p2p,sab,0.58,0
2820.97,20,mobile_android,286,False,3,7,0,supermercado,mie,0.67,0
488.88,10,mobile_ios,1507,False,4,7,1,electronicos,lun,0.87,0
886.46,19,mobile_ios,277,False,2,7,1,supermercado,mie,1.42,0
10836.33,12,web,1117,False,1,3,0,supermercado,dom,0.66,0
990.47,21,mobile_ios,1075,False,1,4,0,gastronomia,jue,1.84,0
1153.83,19,mobile_ios,1967,False,2,6,0,vestimenta,dom,0.87,0
5247.33,9,mobile_android,1448,False,2,5,1,supermercado,vie,1.39,0
4664.17,12,mobile_ios,642,False,3,8,1,gastronomia,jue,0.44,0
3299.46,11,web,3010,False,3,4,1,vestimenta,mie,1.31,0
1761.89,10,web,968,False,1,4,1,supermercado,mar,0.68,0
5935.27,20,web,641,False,1,4,0,electronicos,mar,1.19,0
2391.06,12,mobile_android,410,False,0,6,0,vestimenta,mie,0.49,0
3935.75,20,mobile_android,1691,False,2,3,1,supermercado,jue,1.49,0
10109.41,12,mobile_android,363,False,1,6,0,gastronomia,sab,1.01,0
2117.55,20,mobile_android,215,False,2,10,0,vestimenta,mar,1.24,0
9784.28,11,mobile_android,477,False,1,8,1,supermercado,dom,1.25,0
1400.21,21,web,981,False,2,7,0,supermercado,sab,1.1,0
4291.2,18,mobile_android,608,False,5,9,0,supermercado,vie,0.89,0
11478.79,20,mobile_ios,1361,False,0,7,0,juegos_online,sab,1.18,0
2684.04,22,mobile_ios,1275,False,0,4,0,cripto,mie,1.37,0
3094.35,11,mobile_android,1921,False,1,6,0,gastronomia,vie,0.82,0
1888.45,11,mobile_android,788,False,3,8,0,viajes,sab,0.76,0
3981.88,18,mobile_ios,1408,False,0,2,2,vestimenta,mie,1.04,0
14497.15,8,mobile_ios,537,False,0,3,0,gastronomia,vie,0.47,0
533.3,12,mobile_android,1264,False,1,7,0,electronicos,mar,1.3,0
2117.35,10,mobile_ios,693,False,1,7,0,gastronomia,jue,1.14,0
1601.37,19,mobile_android,444,False,1,5,0,juegos_online,mie,0.94,0
2746.23,0,mobile_ios,496,False,0,4,0,electronicos,sab,0.75,0
6321.6,20,web,319,False,1,7,0,electronicos,mar,1.17,0
626.46,15,mobile_ios,699,False,3,7,1,vestimenta,jue,1.19,0
7489.26,9,mobile_ios,1285,False,1,5,0,cripto,lun,0.79,0
2396.42,20,mobile_ios,579,False,2,5,1,supermercado,sab,0.85,0
3067.29,13,mobile_ios,1301,False,0,4,0,gastronomia,jue,0.58,0
16001.74,14,mobile_android,1437,False,1,1,2,gastronomia,jue,1.64,0
505.81,21,web,572,False,0,1,0,supermercado,vie,1.23,0
3833.95,22,mobile_ios,703,False,0,6,0,viajes,vie,1.07,0
3870.02,12,mobile_android,1115,True,1,3,0,gastronomia,mie,1.03,0
7006.96,19,mobile_android,1209,False,0,4,3,vestimenta,dom,1.18,0
2290.57,20,web,557,False,0,5,0,supermercado,dom,0.36,0
1863.7,19,mobile_ios,932,False,1,8,1,vestimenta,sab,1.35,0
1474.57,19,mobile_android,624,False,1,9,0,gastronomia,mie,0.79,0
5333.11,13,mobile_ios,638,False,1,3,0,transferencia_p2p,lun,1.1,0
2874.83,10,web,1480,False,2,5,0,gastronomia,dom,0.82,0
779.98,19,mobile_android,1140,False,0,4,0,juegos_online,lun,0.76,0
3277.3,20,web,484,False,0,6,0,gastronomia,sab,0.74,0
698.02,22,mobile_ios,340,False,1,3,1,supermercado,mar,0.96,0
6267.63,10,mobile_android,1616,False,0,6,0,electronicos,lun,0.05,0
3392.49,21,mobile_ios,978,False,2,5,0,viajes,dom,1.74,0
2496.9,18,mobile_android,826,False,0,6,0,supermercado,sab,1.08,0
5914.27,13,mobile_android,1891,False,0,3,0,supermercado,dom,1.09,0
839.62,12,mobile_ios,301,False,0,2,0,supermercado,dom,0.91,0
2940.09,11,mobile_ios,2136,False,2,7,0,supermercado,sab,1.55,0
16391.31,13,mobile_android,697,False,1,7,0,vestimenta,vie,0.83,0
1766.52,9,mobile_ios,1164,False,2,5,2,juegos_online,mie,1.05,0
3463.71,8,web,702,False,1,8,0,gastronomia,lun,1.59,0
906.25,17,mobile_ios,1675,False,0,4,1,electronicos,jue,0.48,0
2789.49,10,mobile_android,212,False,0,0,1,transferencia_p2p,dom,1.07,0
2117.51,12,mobile_android,900,False,1,3,0,supermercado,dom,0.66,0
8717.23,14,mobile_ios,1550,False,3,7,1,supermercado,sab,0.32,0
4014.24,12,mobile_android,685,False,0,7,0,supermercado,vie,0.74,0
7578.37,12,mobile_android,1601,False,2,7,0,gastronomia,jue,1.56,0
1714.9,19,mobile_android,1911,False,5,8,0,supermercado,vie,0.49,0
2954.15,21,mobile_android,1165,False,0,4,0,supermercado,vie,1.5,0
3222.51,11,mobile_ios,1005,False,1,4,0,supermercado,vie,0.46,0
1028.09,20,mobile_android,2335,False,2,9,0,supermercado,mar,1.79,0
368.23,14,mobile_ios,683,False,1,10,0,supermercado,jue,0.69,0
4545.91,20,mobile_ios,1475,False,1,6,1,vestimenta,vie,1.5,0
11301.49,22,mobile_android,1070,False,0,3,1,gastronomia,lun,0.31,0
5441.17,22,mobile_ios,468,False,0,4,0,viajes,lun,1.09,0
3225.91,21,mobile_android,586,False,1,4,0,viajes,dom,1.33,0
4550.9,19,web,1279,False,1,4,0,cripto,vie,1.28,0
3241.31,12,mobile_ios,788,False,2,6,1,supermercado,dom,0.85,0
619.43,18,mobile_ios,1290,False,1,5,0,supermercado,sab,0.82,0
4346.17,19,mobile_android,847,False,0,0,0,gastronomia,dom,1.33,0
2271.37,13,web,858,False,1,7,0,vestimenta,lun,1.24,0
5915.33,19,mobile_android,767,False,1,7,0,supermercado,lun,1.14,0
4834.06,14,mobile_ios,822,False,2,7,0,juegos_online,vie,0.1,0
1078.45,19,mobile_ios,621,False,0,9,0,vestimenta,jue,0.59,0
8838.09,20,mobile_android,726,False,0,6,0,supermercado,vie,1.55,0
1591.47,22,mobile_ios,2062,False,1,7,0,cripto,mie,1.22,0
2127.72,13,mobile_ios,758,False,0,2,0,gastronomia,vie,0.55,0
1751.09,21,mobile_ios,1694,False,0,4,0,supermercado,jue,0.74,0
16460.51,21,web,636,False,0,7,0,gastronomia,mie,1.26,0
8094.28,18,mobile_android,2724,False,2,11,0,supermercado,lun,1.25,0
3942.9,11,mobile_android,922,False,1,3,0,vestimenta,jue,1.17,0
15511.62,13,web,1062,False,2,5,0,gastronomia,dom,0.94,0
648.49,21,mobile_android,228,False,1,8,0,cripto,mie,1.29,0
10781.74,11,mobile_ios,371,False,3,10,0,vestimenta,vie,0.55,0
22611.4,12,mobile_android,1853,False,0,7,0,gastronomia,lun,0.83,0
2326.07,0,mobile_ios,1174,False,0,8,0,gastronomia,mar,1.17,0
6574.19,13,mobile_ios,1112,False,2,7,0,cripto,mar,1.24,0
14862.78,10,mobile_android,300,False,1,5,0,supermercado,lun,1.52,0
8485.59,9,mobile_android,704,False,2,6,0,transferencia_p2p,mie,0.97,0
13741.24,14,mobile_android,470,False,1,3,0,gastronomia,sab,0.75,0
8505.91,11,mobile_android,1497,False,1,5,0,electronicos,vie,1.7,0
14782.31,20,mobile_ios,369,False,0,6,1,supermercado,vie,0.72,0
1526.84,23,mobile_android,1387,False,3,4,0,supermercado,vie,0.67,0
1783.23,21,mobile_android,2759,False,0,6,0,gastronomia,mar,0.92,0
2427.78,19,mobile_ios,827,False,2,5,1,vestimenta,mie,1.2,0
3314.24,12,mobile_android,1284,False,3,6,2,juegos_online,sab,1.11,0
1699.36,20,mobile_android,1057,False,1,3,0,gastronomia,dom,0.95,0
4100.22,12,mobile_ios,1405,False,1,9,0,juegos_online,jue,0.38,0
3251.79,9,mobile_android,1482,False,1,5,0,electronicos,sab,0.78,0
2369.72,22,mobile_android,942,False,2,6,0,electronicos,mie,1.24,0
7361.47,21,mobile_android,543,False,0,8,0,gastronomia,mar,0.7,0
13745.67,9,mobile_android,2725,False,1,8,0,vestimenta,sab,0.37,0
5405.5,21,mobile_ios,897,False,1,3,0,vestimenta,lun,1.92,0
6330.13,21,mobile_ios,1875,False,0,2,0,electronicos,mar,1.14,0
3790.51,20,mobile_ios,913,False,1,5,0,electronicos,dom,0.54,0
1345.22,10,mobile_ios,532,False,0,3,0,supermercado,lun,1.21,0
2144.17,16,mobile_ios,1733,False,1,6,0,vestimenta,vie,0.78,0
7857.6,17,mobile_ios,1213,False,2,7,1,supermercado,mar,1.21,0
2556.48,22,mobile_android,874,False,1,8,0,cripto,mie,1.7,0
9703.0,17,web,120,False,1,2,0,vestimenta,sab,0.67,0
1114.18,11,mobile_android,613,False,1,4,0,juegos_online,sab,1.6,0
1807.89,23,web,123,False,1,6,0,transferencia_p2p,vie,0.52,0
6405.68,12,mobile_android,87,False,3,7,0,gastronomia,jue,0.92,0
5640.19,19,mobile_ios,1513,False,1,5,0,transferencia_p2p,dom,1.28,0
2076.66,11,mobile_android,1739,False,0,3,0,supermercado,dom,1.18,0
8659.1,19,mobile_android,1123,False,2,12,0,supermercado,mie,1.71,0
16235.27,18,mobile_ios,667,False,0,6,0,electronicos,lun,1.07,0
2561.43,9,mobile_android,1194,False,1,5,0,gastronomia,vie,1.21,0
3195.84,14,web,498,False,3,9,0,supermercado,mie,1.12,0
20000.0,19,web,728,False,2,10,1,supermercado,vie,3.19,1
9087.22,14,mobile_ios,344,False,1,4,1,gastronomia,sab,0.83,0
3040.24,11,mobile_ios,1074,False,2,6,0,vestimenta,dom,1.04,0
662.42,12,mobile_ios,771,False,0,2,0,electronicos,sab,0.79,0
3776.23,19,mobile_ios,973,False,0,2,0,gastronomia,jue,0.81,0
11311.43,21,mobile_ios,800,False,1,5,0,vestimenta,mie,0.89,0
848.11,11,mobile_android,543,False,1,8,0,viajes,jue,1.53,0
1764.15,20,mobile_ios,245,False,1,7,1,supermercado,sab,1.2,0
5156.09,11,mobile_ios,3251,False,1,6,0,supermercado,sab,0.41,0
6364.87,18,mobile_android,1260,False,1,5,0,gastronomia,vie,0.41,0
14890.06,12,web,1289,False,4,10,0,supermercado,mar,0.77,0
4360.6,15,mobile_ios,1907,False,0,7,0,supermercado,mie,1.55,0
5451.18,14,mobile_ios,208,False,1,5,0,vestimenta,sab,0.54,0
6349.14,23,mobile_ios,467,False,0,5,0,gastronomia,lun,0.82,0
13920.63,18,mobile_ios,5,True,1,8,0,transferencia_p2p,lun,2.93,1
1451.78,14,mobile_android,1124,False,1,8,0,gastronomia,dom,0.55,0
532.99,15,mobile_android,2214,False,1,6,0,vestimenta,sab,1.35,0
3786.94,20,mobile_android,705,False,2,3,0,transferencia_p2p,sab,1.38,0
1271.7,17,mobile_ios,783,False,1,4,0,viajes,sab,1.55,0
566.89,14,mobile_android,1564,False,2,9,0,supermercado,lun,0.86,0
1411.37,11,mobile_ios,588,False,1,3,1,supermercado,dom,1.46,0
5116.42,20,mobile_android,1382,False,1,5,0,supermercado,dom,1.6,0
3569.21,13,mobile_ios,901,False,0,5,0,supermercado,mar,1.34,0
16844.49,19,mobile_ios,2276,False,0,3,0,supermercado,mar,1.37,0
761.18,20,mobile_ios,2292,False,2,3,0,vestimenta,sab,1.4,0
14932.82,12,mobile_android,1420,False,1,4,0,supermercado,vie,0.78,0
2779.0,13,mobile_android,1909,False,2,4,1,viajes,lun,1.0,0
1337.7,13,mobile_android,1450,False,1,5,0,supermercado,mie,1.38,0
1264.11,18,mobile_android,1722,False,1,8,0,supermercado,sab,0.81,0
10068.6,22,mobile_ios,589,True,1,3,0,cripto,vie,1.05,0
3881.5,17,mobile_ios,376,False,0,6,0,vestimenta,sab,1.05,0
4149.59,19,mobile_android,1534,False,2,5,0,cripto,jue,0.41,0
3556.66,12,mobile_android,999,False,0,1,0,supermercado,mie,0.56,0
824.24,20,mobile_android,1580,False,2,3,0,vestimenta,sab,1.3,0
10186.12,19,mobile_ios,457,False,0,1,0,vestimenta,vie,0.84,0
648.31,10,mobile_ios,872,False,0,3,0,gastronomia,mar,1.9,0
8608.71,9,mobile_ios,962,False,2,6,0,supermercado,dom,0.89,0
2219.98,23,mobile_android,991,False,4,11,0,transferencia_p2p,vie,0.62,0
3018.21,12,mobile_android,350,False,4,7,1,electronicos,lun,1.94,1
9297.71,12,mobile_android,474,False,0,3,0,supermercado,vie,1.22,0
3013.19,20,mobile_android,868,False,0,2,0,supermercado,mie,1.14,0
3996.26,0,web,384,True,6,9,1,gastronomia,sab,1.58,1
11272.25,12,mobile_ios,348,False,1,4,0,supermercado,vie,1.27,0
5227.04,17,mobile_ios,1104,False,0,4,0,supermercado,lun,1.19,0
1859.67,20,mobile_ios,295,False,0,4,1,juegos_online,lun,1.19,0
2463.99,12,mobile_android,2429,False,3,7,0,supermercado,lun,1.1,0
613.55,22,mobile_android,279,False,1,4,0,transferencia_p2p,mie,0.38,0
4307.9,11,mobile_android,479,False,2,9,0,juegos_online,mie,1.41,0
7463.1,11,web,520,False,1,5,0,electronicos,dom,0.78,0
1365.0,23,mobile_ios,640,False,0,3,0,vestimenta,dom,0.89,0
1706.82,21,mobile_android,532,False,0,2,0,vestimenta,vie,1.27,0
18232.06,9,mobile_android,2546,False,0,4,0,supermercado,jue,1.44,0
1783.13,13,mobile_android,548,True,1,3,0,juegos_online,lun,0.94,0
765.57,9,mobile_android,893,False,1,5,1,juegos_online,mar,1.11,0
3989.89,12,mobile_ios,318,False,1,4,0,transferencia_p2p,mar,0.05,0
3231.28,10,mobile_ios,608,False,3,8,0,cripto,vie,0.58,0
12934.11,17,mobile_android,1992,False,2,3,3,supermercado,vie,1.13,0
7999.1,22,mobile_android,1273,False,1,6,0,gastronomia,dom,1.7,0
1579.95,20,mobile_android,812,False,0,3,0,supermercado,vie,1.45,0
1550.36,22,mobile_ios,435,False,2,4,1,gastronomia,dom,0.97,0
1710.36,12,mobile_ios,402,False,2,3,0,supermercado,vie,1.15,0
1943.84,20,mobile_android,1488,False,1,5,0,supermercado,jue,0.81,0
12917.06,13,mobile_android,1066,False,1,4,0,vestimenta,vie,1.14,0
1722.01,21,mobile_android,751,False,0,7,0,supermercado,jue,1.27,0
3895.51,19,web,583,False,1,5,0,supermercado,vie,1.01,0
5507.4,0,mobile_ios,1112,False,0,5,0,gastronomia,lun,1.65,0
838.6,22,web,1068,False,1,4,1,supermercado,mar,0.93,0
524.81,21,web,1873,False,0,3,1,juegos_online,mie,0.84,0
2894.9,19,mobile_android,1333,False,0,7,0,supermercado,sab,1.46,0
1309.92,18,mobile_ios,1018,False,1,5,1,supermercado,mie,0.56,0
5681.34,12,mobile_android,577,True,0,6,0,supermercado,mie,0.8,0
1357.99,22,mobile_android,1673,False,4,9,0,gastronomia,sab,0.93,0
5713.37,1,web,1092,True,5,8,0,transferencia_p2p,vie,2.13,1
39614.55,11,mobile_android,1842,False,1,2,0,transferencia_p2p,sab,0.9,0
5369.41,18,mobile_android,780,False,2,3,1,supermercado,vie,0.18,0
11313.92,13,mobile_android,1752,False,1,6,1,gastronomia,dom,0.84,0
1450.33,20,mobile_android,1433,False,2,5,0,viajes,dom,1.25,0
8999.45,10,mobile_android,724,False,1,10,0,viajes,mie,1.38,0
1226.03,11,mobile_ios,229,False,3,6,0,electronicos,vie,1.52,1
2335.77,13,mobile_android,293,False,2,6,0,gastronomia,mie,1.33,0
4711.19,21,mobile_android,2218,False,1,2,1,transferencia_p2p,jue,1.71,0
6099.48,14,mobile_android,1261,False,1,1,0,electronicos,lun,1.35,0
4676.58,13,mobile_android,1316,False,1,6,0,electronicos,mar,0.47,0
9997.23,12,web,823,False,1,6,0,supermercado,mie,0.58,0
1349.05,8,mobile_android,1937,True,1,4,0,gastronomia,lun,1.14,0
4000.53,12,mobile_ios,650,False,0,4,0,supermercado,mie,1.49,0
4826.17,11,mobile_ios,1451,False,0,5,0,vestimenta,sab,2.02,0
889.07,17,mobile_android,917,False,3,7,0,gastronomia,lun,1.38,0
25860.83,17,mobile_android,851,False,0,5,0,supermercado,mar,1.49,0
3609.07,10,mobile_android,2121,False,1,5,0,vestimenta,vie,1.18,0
2620.04,21,mobile_ios,1159,True,0,4,0,vestimenta,lun,1.16,0
2072.54,12,web,1032,False,0,6,0,vestimenta,lun,0.66,0
3093.94,18,web,1483,False,1,4,0,supermercado,mar,0.57,0
4321.32,5,mobile_android,715,False,4,7,0,cripto,lun,2.76,1
11259.55,19,mobile_ios,2093,False,1,3,0,gastronomia,dom,0.32,0
5177.11,18,mobile_ios,667,False,1,2,0,vestimenta,jue,1.32,0
1380.5,21,mobile_android,1894,False,2,6,0,supermercado,lun,0.82,0
1422.88,13,web,563,False,1,5,0,vestimenta,dom,0.91,0
17524.16,12,web,982,False,4,5,0,supermercado,sab,1.09,0
2307.32,21,mobile_ios,294,False,0,7,0,vestimenta,jue,0.83,0
5688.15,21,web,442,False,1,7,1,vestimenta,sab,0.41,0
966.43,10,mobile_ios,268,False,1,3,0,electronicos,mar,0.49,0
15929.84,8,mobile_android,172,False,1,2,0,supermercado,sab,1.34,0
8487.11,15,mobile_android,333,False,2,5,0,supermercado,mar,1.04,0
1297.21,0,mobile_android,1567,False,1,6,0,viajes,vie,1.21,0
6933.7,22,web,1587,False,0,2,1,gastronomia,sab,0.66,0
1281.24,12,mobile_ios,334,False,0,4,0,supermercado,sab,1.27,0
1305.82,22,mobile_android,898,False,0,3,0,viajes,jue,1.22,0
724.53,20,mobile_ios,1117,False,0,4,0,supermercado,dom,0.92,0
15347.46,21,mobile_android,712,False,4,8,0,viajes,mie,1.22,0
4713.78,10,mobile_ios,1136,False,1,2,0,supermercado,sab,1.28,0
736.53,7,mobile_ios,864,False,2,6,0,supermercado,mie,0.9,0
6490.89,20,mobile_ios,273,False,0,6,0,viajes,sab,0.83,0
5527.4,20,web,658,True,2,6,0,viajes,lun,0.75,0
6459.86,18,mobile_ios,265,False,1,5,0,supermercado,jue,1.44,0
914.2,22,web,1145,False,1,4,0,transferencia_p2p,dom,0.53,0
1702.98,0,mobile_ios,1785,False,0,4,0,gastronomia,sab,0.22,0
8576.61,19,mobile_android,1678,False,1,7,0,supermercado,sab,1.2,0
6940.39,16,mobile_android,599,False,0,1,1,transferencia_p2p,sab,0.88,0
1966.38,12,mobile_android,1358,False,1,4,0,gastronomia,jue,0.51,0
2192.71,11,mobile_android,511,False,1,6,0,juegos_online,mie,1.43,0
7142.33,18,mobile_android,1374,False,3,6,0,gastronomia,dom,1.03,0
3805.54,16,mobile_android,499,False,0,2,0,supermercado,vie,1.06,0
1391.18,10,mobile_android,913,False,0,2,0,supermercado,lun,1.11,0
5510.49,19,mobile_android,655,False,2,6,1,juegos_online,jue,1.06,0
1233.45,11,mobile_ios,1498,False,1,5,0,transferencia_p2p,dom,0.05,0
7714.59,20,mobile_ios,569,False,1,7,0,transferencia_p2p,vie,1.18,0
4861.58,18,mobile_ios,1125,False,2,5,1,supermercado,sab,0.57,0
2949.26,11,web,1430,False,0,5,0,transferencia_p2p,mar,0.12,0
1239.9,5,mobile_android,1274,True,1,4,1,electronicos,dom,2.86,1
3078.28,21,mobile_ios,1560,False,1,4,0,electronicos,lun,0.68,0
2499.62,23,mobile_ios,1625,False,0,7,0,vestimenta,jue,1.52,0
3499.02,20,mobile_android,921,True,2,5,0,supermercado,mie,1.01,0
14160.11,21,mobile_android,2095,False,2,5,1,viajes,lun,1.26,0
2541.06,18,mobile_android,572,False,0,6,0,vestimenta,sab,1.44,0
2065.83,20,mobile_ios,820,False,1,8,0,vestimenta,sab,0.79,0
2441.7,19,mobile_ios,430,False,0,5,0,transferencia_p2p,mie,0.42,0
3237.18,21,mobile_android,816,False,1,8,0,supermercado,sab,1.17,0
3291.91,16,mobile_ios,1852,False,1,7,0,supermercado,vie,1.09,0
3651.87,10,web,715,False,0,3,0,vestimenta,sab,1.62,0
3799.49,14,mobile_ios,1063,False,3,8,0,electronicos,dom,0.88,0
1582.82,14,mobile_ios,695,False,1,8,0,supermercado,sab,1.06,0
17600.41,23,mobile_android,329,False,2,4,1,gastronomia,sab,1.39,0
2236.99,22,mobile_android,298,False,3,8,0,supermercado,mar,1.09,0
1617.12,14,mobile_ios,408,False,2,9,1,gastronomia,dom,0.86,0
512.43,20,mobile_android,840,False,2,7,0,electronicos,lun,1.01,0
4085.42,19,mobile_ios,1485,False,3,6,0,supermercado,mar,1.15,0
1871.49,23,mobile_ios,1035,False,1,4,0,cripto,jue,0.92,0
1457.93,20,mobile_android,753,False,2,6,0,vestimenta,mar,0.43,0
1629.21,13,web,2987,False,2,5,0,gastronomia,vie,0.81,0
2621.43,9,mobile_ios,549,False,1,5,0,viajes,mar,0.39,0
1722.12,20,mobile_ios,632,False,3,4,0,transferencia_p2p,vie,1.18,0
8955.29,19,mobile_android,1941,False,1,3,0,electronicos,mar,0.94,0
3355.69,23,mobile_android,885,False,0,2,0,viajes,mie,0.98,0
4224.38,17,mobile_ios,1084,False,1,5,0,transferencia_p2p,mie,1.27,0
17427.06,15,mobile_android,868,False,1,5,0,juegos_online,sab,0.57,0
1466.89,13,mobile_android,588,False,2,7,0,gastronomia,vie,0.45,0
4670.0,14,mobile_ios,530,False,1,3,0,gastronomia,mar,0.93,0
379.78,13,mobile_android,1459,False,1,6,0,transferencia_p2p,lun,1.2,0
13494.53,17,mobile_ios,1104,False,0,3,0,vestimenta,sab,1.17,0
1759.23,19,mobile_android,1171,False,1,5,0,juegos_online,sab,0.93,0
2494.79,15,web,436,False,2,5,1,vestimenta,mie,1.24,0
411.49,18,mobile_ios,1864,False,2,6,0,supermercado,vie,1.12,0
4150.68,12,mobile_android,2276,False,1,7,0,juegos_online,dom,1.14,0
2611.18,23,mobile_android,890,False,0,5,0,gastronomia,mie,0.26,0
2150.58,9,mobile_android,612,False,0,6,0,supermercado,jue,0.56,0
6806.79,19,mobile_android,1292,False,2,8,0,supermercado,jue,0.59,0
4135.5,9,mobile_ios,769,False,0,4,0,supermercado,vie,0.41,0
7933.34,0,mobile_ios,403,False,1,3,0,supermercado,mie,0.58,0
10399.35,8,mobile_android,739,False,3,7,0,supermercado,lun,0.89,0
2801.46,14,mobile_android,889,False,1,2,0,juegos_online,vie,1.25,0
3424.38,19,web,1654,False,0,0,1,gastronomia,sab,0.1,0
1873.14,18,mobile_ios,455,False,2,5,1,cripto,mie,0.26,0
5028.1,23,mobile_ios,1076,False,0,6,0,supermercado,lun,1.29,0
13181.77,10,mobile_android,1054,False,2,3,1,supermercado,vie,0.49,0
386.52,19,mobile_android,486,False,0,4,0,supermercado,lun,1.07,0
15310.62,10,mobile_ios,1468,False,2,10,0,electronicos,sab,0.83,0
882.71,22,web,558,False,2,7,0,viajes,vie,0.89,0
7305.71,9,mobile_ios,386,False,2,5,0,gastronomia,mie,1.65,0
2851.7,19,mobile_ios,1601,False,2,5,0,electronicos,sab,1.59,0
4413.49,14,mobile_ios,2737,False,2,9,1,supermercado,vie,1.11,0
3171.48,20,mobile_android,1256,False,1,5,0,supermercado,mie,1.17,0
15333.22,7,mobile_android,836,False,0,3,0,supermercado,jue,1.04,0
2865.59,22,mobile_android,514,False,2,7,0,gastronomia,vie,1.02,0
24660.42,12,mobile_android,710,False,1,3,1,supermercado,mar,1.18,0
423.11,22,mobile_android,1142,False,2,7,0,juegos_online,mie,1.43,0
2535.55,19,mobile_android,1715,False,0,2,0,vestimenta,dom,0.81,0
3431.38,12,mobile_ios,1021,False,1,4,0,juegos_online,sab,1.57,0
2753.92,9,mobile_android,1392,True,2,4,1,electronicos,sab,0.51,0
8764.37,16,mobile_android,1419,False,2,5,0,gastronomia,sab,1.34,0
9641.38,11,mobile_ios,485,True,2,6,0,gastronomia,mar,0.62,0
3648.24,16,mobile_ios,703,False,1,3,0,vestimenta,vie,0.05,0
5732.84,9,mobile_android,469,False,0,1,0,electronicos,vie,1.74,0
1750.6,9,mobile_ios,1400,False,0,7,0,gastronomia,mie,1.09,0
6852.55,12,mobile_android,525,False,1,7,0,supermercado,lun,0.82,0
1899.94,12,mobile_android,621,False,2,9,0,vestimenta,jue,0.37,0
570.93,11,mobile_ios,642,False,1,5,0,electronicos,sab,1.53,0
8860.39,15,mobile_ios,917,False,2,6,0,gastronomia,dom,0.51,0
16291.1,15,mobile_android,310,True,0,2,0,vestimenta,jue,1.68,0
7341.88,11,mobile_ios,897,False,1,4,0,vestimenta,mie,0.47,0
2928.7,21,web,1333,False,3,6,0,electronicos,sab,0.39,0
10159.76,21,mobile_ios,1156,False,4,5,0,cripto,vie,0.73,0
1784.61,13,mobile_android,1147,False,1,5,0,electronicos,mie,0.47,0
5317.95,21,mobile_android,809,False,1,4,0,transferencia_p2p,mie,0.61,0
339.61,10,mobile_android,653,False,1,5,0,vestimenta,dom,0.43,0
8062.12,11,mobile_ios,514,False,1,6,1,vestimenta,lun,1.26,0
743.3,16,web,1159,False,2,5,0,vestimenta,lun,0.63,0
5242.35,19,mobile_android,1533,False,0,1,1,gastronomia,vie,0.8,0
33327.98,21,web,2800,False,0,2,0,transferencia_p2p,lun,1.57,0
1118.79,12,mobile_android,401,False,1,6,1,juegos_online,vie,0.91,0
1515.4,21,mobile_ios,1214,False,1,6,0,electronicos,dom,0.8,0
1690.51,14,mobile_android,1440,False,0,6,0,electronicos,dom,0.78,0
14291.23,21,mobile_android,269,False,2,5,0,gastronomia,jue,0.86,0
18328.45,10,mobile_ios,2778,False,4,8,0,gastronomia,mie,0.96,0
5602.98,21,mobile_android,352,False,0,6,0,juegos_online,lun,1.21,0
894.02,15,mobile_android,994,False,0,2,0,supermercado,jue,1.89,0
6404.2,18,web,968,False,2,7,0,gastronomia,jue,0.73,0
4268.84,20,mobile_ios,484,False,4,7,0,cripto,dom,0.92,0
3924.24,9,mobile_android,484,False,0,4,0,supermercado,mar,0.95,0
4785.38,15,mobile_ios,244,False,1,3,0,vestimenta,sab,0.65,0
1872.33,20,mobile_android,958,False,0,5,0,vestimenta,dom,1.71,0
13908.49,8,mobile_android,1387,False,2,5,0,vestimenta,mie,0.95,0
491.99,20,mobile_android,1026,False,0,6,1,transferencia_p2p,lun,1.25,0
12200.89,9,mobile_android,1928,False,0,0,0,gastronomia,lun,0.98,0
16073.36,0,mobile_ios,1478,True,3,8,0,supermercado,mie,0.15,0
5925.22,23,mobile_android,1403,False,1,8,0,gastronomia,jue,1.54,0
2656.66,20,mobile_android,561,False,0,5,0,supermercado,sab,0.4,0
7103.38,11,mobile_android,1766,False,1,3,0,transferencia_p2p,jue,1.28,0
207.05,21,mobile_android,906,False,1,4,0,gastronomia,vie,1.1,0
4084.42,15,mobile_android,1037,False,0,5,0,electronicos,vie,1.15,0
2273.73,20,mobile_ios,2028,False,2,6,0,transferencia_p2p,vie,0.96,0
1280.44,9,mobile_android,888,False,1,3,0,gastronomia,mar,0.91,0
1920.32,0,mobile_ios,1793,False,2,2,0,viajes,mar,0.99,0
2490.69,12,mobile_android,1391,False,0,2,0,viajes,dom,0.97,0
10426.18,9,mobile_ios,1797,False,1,5,0,electronicos,lun,1.26,0
8843.88,1,mobile_android,1077,False,3,8,0,electronicos,dom,0.29,1
2084.47,15,mobile_android,1434,True,0,5,0,juegos_online,lun,1.12,0
2172.65,20,mobile_android,320,False,1,4,0,vestimenta,jue,0.5,0
3365.27,18,mobile_android,870,False,1,4,0,supermercado,jue,1.08,0
2824.36,12,mobile_android,2740,False,1,5,1,transferencia_p2p,vie,0.84,0
13360.32,12,mobile_ios,1161,False,0,4,0,gastronomia,mie,0.97,0
1211.8,1,mobile_ios,880,False,2,4,0,viajes,vie,1.38,0
10173.9,10,mobile_ios,240,False,1,6,0,supermercado,jue,0.56,0
5412.61,14,mobile_android,1058,False,1,2,0,supermercado,mie,0.94,0
5303.09,14,web,2171,False,2,6,0,viajes,sab,1.19,0
2008.76,19,mobile_ios,1032,False,1,6,0,transferencia_p2p,lun,0.95,0
1469.07,20,mobile_ios,932,False,2,8,0,supermercado,mar,1.66,0
2642.44,17,mobile_android,1484,False,2,11,0,viajes,vie,1.07,0
2411.13,0,mobile_android,939,False,0,2,0,cripto,mar,1.04,0
35654.58,9,mobile_android,299,False,1,4,0,electronicos,jue,0.82,0
6236.13,18,mobile_android,1652,False,2,5,0,juegos_online,vie,0.76,0
1531.96,20,mobile_ios,496,False,1,3,0,vestimenta,dom,0.91,0
43122.88,11,mobile_android,1037,False,0,8,0,vestimenta,jue,1.63,0
17186.51,11,mobile_android,2895,False,0,4,0,vestimenta,lun,0.79,0
749.69,22,mobile_ios,2219,False,1,6,0,electronicos,jue,0.43,0
1551.63,21,web,1574,True,1,9,0,supermercado,jue,0.36,0
5355.32,22,mobile_android,1417,False,0,2,0,vestimenta,jue,0.38,0
7083.94,20,mobile_android,1656,False,1,3,0,gastronomia,dom,0.77,0
3635.88,0,mobile_android,1744,False,0,3,0,supermercado,dom,0.79,0
6413.68,21,mobile_ios,622,False,2,5,2,vestimenta,jue,0.96,0
5811.62,13,web,1379,False,1,5,0,vestimenta,mar,1.02,0
7756.2,22,mobile_android,443,False,2,5,0,supermercado,dom,1.21,0
2012.38,16,mobile_android,953,False,1,5,0,gastronomia,dom,1.25,0
1912.52,14,mobile_android,355,False,1,5,0,juegos_online,mar,1.17,0
1786.38,19,web,1243,False,0,5,1,gastronomia,sab,1.12,0
4650.28,12,mobile_android,1780,False,1,6,0,supermercado,dom,1.47,0
6024.86,13,mobile_android,1809,False,4,7,0,electronicos,dom,1.34,0
4098.38,15,web,438,False,0,3,0,electronicos,vie,1.69,0
60636.31,10,mobile_ios,727,False,1,2,0,gastronomia,mar,1.53,0
2259.46,12,mobile_ios,230,False,2,7,0,cripto,sab,1.03,0
636.14,10,mobile_android,1050,False,2,3,1,gastronomia,sab,0.4,0
19469.31,12,mobile_android,749,False,2,3,0,supermercado,vie,1.05,0
2972.2,21,mobile_ios,2138,False,1,3,0,gastronomia,mie,0.53,0
3221.89,19,mobile_ios,129,False,2,8,0,supermercado,sab,0.05,1
9176.1,21,mobile_ios,1480,False,1,5,0,electronicos,mie,1.82,0
3488.81,20,mobile_ios,680,False,2,6,0,juegos_online,vie,0.6,0
5029.54,0,mobile_android,982,False,3,8,0,cripto,sab,0.58,0
1516.17,12,mobile_ios,1123,False,1,6,0,transferencia_p2p,jue,1.54,0
7022.11,14,mobile_ios,1012,False,1,4,0,supermercado,mie,1.09,0
15540.1,12,mobile_android,110,True,1,7,0,electronicos,dom,1.35,0
4706.19,17,mobile_ios,1209,False,1,3,0,vestimenta,sab,1.06,0
6042.56,1,mobile_ios,1276,False,0,3,0,electronicos,mie,0.57,0
1859.55,23,mobile_ios,837,False,1,8,0,supermercado,dom,1.27,0
8860.99,18,mobile_android,479,False,1,6,0,gastronomia,lun,1.05,0
1189.98,9,mobile_android,728,False,0,1,0,supermercado,jue,0.91,0
5144.72,1,mobile_ios,861,False,0,5,0,gastronomia,dom,1.44,0
759.62,20,mobile_ios,1336,False,0,5,1,supermercado,jue,1.14,0
3507.82,20,mobile_ios,229,False,2,7,0,supermercado,mar,1.37,0
13249.12,12,mobile_android,303,False,4,7,0,gastronomia,mie,1.4,0
3694.79,13,mobile_android,334,True,2,4,0,viajes,sab,0.58,0
2121.27,2,mobile_android,1024,False,2,5,0,juegos_online,vie,2.19,1
9027.79,20,web,858,False,1,2,0,transferencia_p2p,mar,0.37,0
12492.73,18,mobile_android,1143,True,1,6,0,electronicos,sab,0.78,0
4683.75,21,mobile_android,435,False,0,2,0,supermercado,vie,0.81,0
43010.35,10,mobile_ios,2301,False,2,3,0,gastronomia,sab,0.45,0
849.95,21,mobile_android,1381,False,0,7,0,gastronomia,mar,0.64,0
7743.77,23,mobile_ios,830,False,1,4,1,supermercado,mar,1.25,0
74890.43,10,mobile_ios,2185,True,2,5,0,supermercado,sab,1.87,0
2385.31,10,mobile_android,817,False,2,5,0,gastronomia,sab,1.86,0
2313.6,22,mobile_ios,204,False,1,6,0,supermercado,mie,0.97,0
659.58,15,mobile_ios,343,False,1,4,0,vestimenta,lun,1.13,0
776.43,12,mobile_ios,433,False,2,5,1,gastronomia,mie,0.74,0
12011.49,15,mobile_ios,219,False,1,11,0,vestimenta,jue,1.1,0
860.66,14,mobile_ios,454,False,1,6,0,supermercado,vie,1.11,0
577.65,12,mobile_ios,568,False,2,7,0,gastronomia,lun,0.75,0
5667.22,10,mobile_android,746,True,1,5,0,gastronomia,mie,1.12,0
5297.88,13,mobile_ios,969,False,1,6,0,juegos_online,mie,1.16,0
9558.35,14,mobile_android,667,False,0,5,0,supermercado,jue,0.94,0
2028.01,22,mobile_android,922,False,2,5,0,electronicos,vie,1.04,0
3641.26,8,web,523,True,0,8,0,cripto,vie,1.11,0
326.11,20,mobile_ios,610,False,1,4,0,supermercado,jue,0.69,0
1201.34,20,mobile_android,3496,False,2,3,0,gastronomia,sab,1.67,0
2227.11,11,mobile_android,1426,False,1,2,1,electronicos,sab,1.43,0
14911.77,12,mobile_ios,318,False,2,9,0,supermercado,dom,1.05,0
20482.99,18,web,413,False,3,7,0,supermercado,vie,1.33,0
3547.99,10,mobile_ios,893,False,1,3,0,electronicos,dom,0.68,0
16588.09,18,mobile_android,1390,False,2,5,2,electronicos,mar,1.45,0
3592.43,20,mobile_ios,390,False,1,4,0,supermercado,mie,1.12,0
7047.6,6,mobile_android,524,False,1,4,0,vestimenta,jue,0.98,0
1866.14,14,mobile_android,931,False,0,4,0,supermercado,jue,0.65,0
3411.66,9,mobile_android,171,False,0,5,0,transferencia_p2p,mie,1.52,0
4440.75,2,mobile_ios,1678,False,0,2,0,gastronomia,sab,0.33,0
5247.17,12,mobile_android,971,False,2,7,0,supermercado,dom,0.93,0
3073.01,18,web,573,False,3,11,0,juegos_online,dom,0.21,0
3172.0,19,mobile_ios,1707,False,1,5,0,gastronomia,mar,1.53,0
15176.22,8,mobile_ios,669,False,0,4,0,transferencia_p2p,dom,0.91,0
8554.73,20,mobile_android,520,False,1,7,0,gastronomia,mie,0.5,0
11953.56,18,mobile_android,808,False,1,4,0,cripto,sab,1.0,0
5000.0,11,mobile_android,55,False,3,8,4,electronicos,lun,2.71,1
810.37,21,mobile_android,157,False,0,5,0,electronicos,lun,0.83,0
5882.23,20,mobile_ios,1359,False,0,3,1,juegos_online,sab,1.0,0
3678.45,14,mobile_android,1888,False,1,3,0,supermercado,jue,1.23,0
4055.71,19,mobile_ios,727,False,0,2,0,viajes,vie,0.61,0
4588.38,8,mobile_ios,1040,False,2,6,0,gastronomia,vie,1.14,0
10709.42,11,mobile_ios,848,False,3,8,0,gastronomia,vie,1.58,0
15996.08,20,web,187,False,1,3,0,gastronomia,sab,0.66,0
26753.71,23,mobile_ios,661,False,3,9,1,gastronomia,mar,0.97,0
1475.08,12,web,2307,False,0,5,0,juegos_online,vie,0.82,0
3633.97,19,mobile_android,3520,False,1,6,0,vestimenta,lun,0.87,0
15985.9,14,mobile_android,876,False,2,5,0,vestimenta,sab,1.04,0
6336.72,14,mobile_android,543,False,1,4,0,vestimenta,vie,0.69,0
4053.96,11,mobile_android,795,False,1,7,0,electronicos,mar,1.13,0
8025.19,15,mobile_ios,1225,False,2,7,0,cripto,vie,1.12,0
337.63,21,mobile_android,655,False,2,4,0,vestimenta,sab,1.21,0
8655.66,21,mobile_android,913,False,1,4,0,supermercado,sab,0.9,0
473.02,15,mobile_ios,1021,False,1,4,0,vestimenta,mie,0.88,0
4935.21,11,mobile_android,198,True,1,7,0,transferencia_p2p,mie,1.33,0
1913.02,9,mobile_android,1099,False,1,5,0,gastronomia,mar,0.8,0
9288.84,8,mobile_ios,1190,False,1,4,0,viajes,jue,0.53,0
4373.6,12,mobile_ios,725,False,1,4,0,vestimenta,mar,1.4,0
10486.4,13,web,529,False,0,3,0,gastronomia,lun,0.36,0
12204.02,18,mobile_ios,318,False,1,5,0,supermercado,dom,1.48,0
6190.02,18,web,1720,False,2,4,0,viajes,vie,1.23,0
17408.57,11,web,182,False,4,5,0,supermercado,jue,1.47,0
3243.24,19,mobile_ios,344,False,1,4,1,electronicos,dom,0.99,0
3011.15,19,mobile_android,967,True,1,5,0,electronicos,dom,0.93,0
6591.62,22,mobile_android,778,False,1,4,0,viajes,dom,1.55,0
16911.62,13,mobile_ios,737,False,0,3,0,transferencia_p2p,jue,1.94,0
6118.69,18,mobile_ios,620,False,0,7,0,vestimenta,mar,1.4,0
5324.23,20,mobile_android,277,True,1,5,0,transferencia_p2p,vie,0.27,0
15706.02,21,mobile_ios,1555,False,1,3,0,supermercado,sab,1.29,0
3139.84,1,mobile_android,382,False,3,7,1,gastronomia,mie,0.8,0
36303.31,22,mobile_android,1723,False,0,6,1,supermercado,mie,0.74,0
5221.77,12,mobile_ios,518,False,0,4,0,supermercado,vie,1.08,0
6155.47,19,mobile_android,1860,False,1,3,0,gastronomia,sab,0.65,0
1246.56,13,web,53,False,2,5,3,supermercado,dom,1.48,1
1394.89,21,mobile_android,116,True,1,9,1,vestimenta,jue,1.23,0
2506.29,16,mobile_android,592,False,0,1,0,electronicos,vie,0.54,0
5287.24,11,mobile_android,419,False,2,6,0,gastronomia,lun,1.21,0
13663.79,10,mobile_android,1020,False,0,6,0,electronicos,dom,0.84,0
5699.3,19,mobile_android,887,False,2,5,0,transferencia_p2p,sab,0.97,0
10675.67,20,mobile_ios,477,False,1,8,0,electronicos,lun,1.23,0
6911.84,21,mobile_ios,148,False,2,5,0,electronicos,lun,1.5,0
1614.22,17,mobile_android,781,False,2,5,0,vestimenta,sab,0.82,0
14336.17,20,mobile_ios,1744,False,0,3,0,supermercado,vie,0.55,0
14362.02,15,mobile_ios,378,True,1,5,0,electronicos,jue,1.3,0
21826.9,11,mobile_android,1169,False,0,4,0,transferencia_p2p,mar,1.48,0
7536.65,19,web,1266,False,4,8,0,supermercado,dom,1.86,0
4563.57,19,web,358,False,0,9,1,supermercado,lun,1.04,0
4758.91,10,mobile_android,298,False,0,1,0,vestimenta,jue,0.35,0
2455.93,20,mobile_android,342,False,2,3,0,supermercado,lun,1.36,0
891.66,14,mobile_android,776,False,0,5,1,electronicos,vie,1.12,0
1980.59,14,mobile_ios,849,False,0,2,0,supermercado,mar,1.27,0
4524.55,20,mobile_android,108,False,2,7,0,gastronomia,mar,0.91,0
2209.9,19,web,2023,False,1,5,0,cripto,vie,1.55,0
2226.65,13,web,678,False,0,7,0,vestimenta,vie,1.11,0
6272.17,11,mobile_android,570,False,2,7,0,gastronomia,vie,1.39,0
5832.79,13,mobile_android,569,False,1,4,0,supermercado,lun,0.68,0
3141.82,8,mobile_ios,1485,False,1,4,0,supermercado,vie,1.18,0
2057.11,11,mobile_android,632,False,3,11,0,gastronomia,mie,1.09,0
2101.59,10,mobile_android,619,False,0,5,0,supermercado,vie,0.94,0
281.26,9,mobile_ios,720,False,0,2,0,gastronomia,mar,0.82,0
3311.1,19,mobile_android,1185,False,0,4,0,supermercado,jue,0.95,0
2584.31,15,mobile_ios,1159,False,0,6,2,vestimenta,jue,0.56,0
2565.78,22,mobile_ios,72,False,3,5,2,supermercado,dom,0.82,1
21702.19,23,mobile_android,821,False,2,6,0,vestimenta,vie,0.73,0
3012.26,20,mobile_android,1163,False,2,4,0,viajes,jue,0.44,0
3451.96,17,web,741,False,0,3,0,vestimenta,lun,0.76,0
5000.0,19,web,1044,True,3,7,1,supermercado,jue,2.6,1
1768.71,18,mobile_android,479,False,3,11,0,gastronomia,jue,1.12,0
5648.17,22,mobile_android,986,False,1,3,0,electronicos,lun,0.44,0
7382.37,21,mobile_ios,1768,False,1,6,0,supermercado,sab,1.32,0
5426.79,13,mobile_ios,947,False,4,8,0,supermercado,vie,0.99,0
63416.1,21,mobile_android,1629,False,1,6,1,supermercado,vie,1.11,0
934.26,9,mobile_ios,97,False,2,10,0,gastronomia,mar,1.01,0
2605.93,19,mobile_android,750,False,0,5,0,supermercado,vie,0.66,0
3962.62,11,mobile_android,384,False,2,7,0,transferencia_p2p,mar,1.2,0
1592.87,20,mobile_android,1343,False,0,10,0,transferencia_p2p,lun,1.0,0
4230.52,12,mobile_ios,1358,False,0,3,0,vestimenta,sab,1.61,0
1316.56,20,mobile_android,317,False,2,10,0,supermercado,sab,1.62,0
2355.7,10,mobile_android,1197,False,5,10,1,viajes,mie,1.47,0
1490.5,20,web,862,False,1,4,1,vestimenta,vie,0.69,0
1574.95,20,mobile_ios,1736,False,1,7,1,gastronomia,sab,0.95,0
1578.05,1,mobile_android,209,False,2,5,0,supermercado,mar,0.63,0
9987.6,18,mobile_android,685,False,1,3,0,viajes,mar,0.83,0
3254.64,12,mobile_ios,450,False,1,4,0,gastronomia,lun,1.47,0
1815.87,20,mobile_ios,1027,False,2,4,1,electronicos,mar,0.48,0
1626.33,15,mobile_android,298,False,0,8,0,gastronomia,mie,0.91,0
2159.4,19,mobile_ios,2162,False,0,4,0,supermercado,vie,1.02,0
4443.68,18,mobile_ios,909,False,3,7,0,supermercado,mie,0.54,0
3689.46,16,web,196,False,1,5,0,transferencia_p2p,lun,1.15,0
2744.09,18,web,643,False,2,10,0,juegos_online,mie,0.67,0
11240.08,9,mobile_ios,188,False,0,3,1,transferencia_p2p,jue,1.24,0
3877.72,13,mobile_android,928,False,0,2,0,gastronomia,lun,1.09,0
2646.24,11,mobile_ios,2540,False,1,5,0,viajes,dom,0.62,0
10145.21,13,mobile_android,1169,False,1,8,0,electronicos,mie,0.4,0
8028.93,20,mobile_ios,352,False,2,6,0,vestimenta,lun,1.77,0
21712.01,7,mobile_ios,267,False,0,0,0,supermercado,vie,1.96,0
995.78,15,mobile_ios,876,False,4,7,0,vestimenta,lun,0.83,0
5963.61,14,mobile_android,1491,False,2,8,0,supermercado,mie,1.46,0
3357.3,22,mobile_ios,328,False,0,4,0,vestimenta,dom,1.35,0
1076.19,20,mobile_android,889,False,1,7,0,gastronomia,mar,1.11,0
3342.23,15,mobile_ios,1462,False,0,5,1,gastronomia,dom,1.44,0
5080.02,19,mobile_ios,2292,False,0,2,0,gastronomia,mie,1.54,0
2688.66,10,mobile_android,181,False,0,2,0,supermercado,dom,1.04,0
794.57,18,web,657,False,3,6,0,supermercado,sab,0.86,0
24721.65,13,mobile_android,315,False,1,5,0,transferencia_p2p,mar,1.31,0
5621.89,0,mobile_ios,1943,False,1,1,0,supermercado,dom,1.3,0
2302.13,0,mobile_android,660,False,1,8,0,cripto,dom,0.9,0
1390.43,20,mobile_ios,113,True,5,9,0,supermercado,mar,0.9,0
4029.7,14,mobile_ios,1276,False,0,5,0,cripto,jue,1.11,0
3251.37,13,mobile_android,927,False,1,5,1,gastronomia,vie,0.9,0
1941.19,11,mobile_ios,1021,False,1,3,0,gastronomia,vie,1.49,0
2220.88,11,mobile_ios,2153,False,1,2,0,electronicos,mie,1.45,0
4897.2,19,mobile_android,682,False,3,9,1,supermercado,sab,0.88,0
11168.37,12,mobile_android,928,False,2,8,0,gastronomia,lun,1.02,0
5521.3,11,mobile_ios,1584,False,0,3,0,supermercado,mar,1.41,0
2446.03,21,mobile_ios,261,False,1,4,1,gastronomia,dom,0.91,0
4909.45,12,mobile_ios,429,False,1,3,0,vestimenta,lun,0.9,0
12422.83,17,web,1827,False,2,8,0,supermercado,mar,0.17,0
1105.0,20,mobile_ios,641,False,2,5,0,electronicos,dom,1.34,0
2669.15,16,web,1079,False,0,3,0,vestimenta,dom,0.74,0
964.5,10,mobile_ios,952,False,1,2,0,viajes,sab,1.3,0
3891.48,21,mobile_ios,152,False,3,10,0,gastronomia,sab,0.35,0
5868.83,20,mobile_android,629,False,1,2,0,supermercado,jue,0.56,0
3670.16,11,mobile_ios,1290,False,1,2,1,vestimenta,vie,0.58,0
3216.96,14,mobile_android,774,False,2,4,0,cripto,jue,1.16,0
20348.65,21,mobile_android,112,False,1,4,0,supermercado,mie,1.06,0
8739.91,19,mobile_android,900,False,2,5,0,vestimenta,mie,0.88,0
2964.79,13,web,452,True,1,4,1,supermercado,mie,1.19,0
3232.37,18,mobile_android,845,False,1,4,0,supermercado,vie,1.04,0
431.8,0,mobile_android,933,False,3,11,0,vestimenta,jue,0.98,0
1966.13,12,mobile_android,1656,False,2,5,0,transferencia_p2p,sab,1.45,0
2899.33,21,mobile_ios,1224,False,0,2,1,transferencia_p2p,sab,0.75,0
5690.37,13,mobile_ios,335,False,2,7,0,vestimenta,mar,0.87,0
1313.22,21,mobile_android,695,False,3,7,0,supermercado,sab,0.78,0
7640.98,20,mobile_android,309,False,4,7,0,supermercado,mar,0.71,0
1626.21,23,mobile_android,1336,False,1,3,0,cripto,lun,0.88,0
7917.32,18,mobile_android,2333,False,2,4,0,electronicos,sab,0.46,0
4143.97,10,mobile_android,1595,False,0,4,1,supermercado,jue,0.49,0
6859.72,14,mobile_ios,105,False,0,5,0,supermercado,vie,1.59,0
2619.64,10,mobile_android,930,False,1,4,1,supermercado,dom,0.73,0
26929.11,22,web,1948,False,0,5,1,gastronomia,lun,0.96,0
1454.25,12,mobile_ios,831,False,0,1,0,vestimenta,mar,1.01,0
2340.56,5,mobile_android,537,False,1,5,0,gastronomia,sab,0.89,0
6845.01,21,mobile_ios,1202,False,0,4,0,transferencia_p2p,dom,1.93,0
1286.93,11,mobile_android,246,False,2,7,0,gastronomia,mie,0.69,0
2085.64,21,mobile_android,413,False,3,7,1,vestimenta,mar,1.24,0
10000.0,1,web,39,False,1,6,0,transferencia_p2p,mar,0.05,1
4653.48,11,mobile_ios,116,True,0,3,0,supermercado,dom,0.76,0
6565.26,21,mobile_android,1110,False,1,6,0,supermercado,lun,0.37,0
2803.37,21,mobile_ios,770,False,1,4,0,gastronomia,dom,0.63,0
4340.31,12,mobile_ios,1055,False,1,2,0,supermercado,lun,1.07,0
3712.0,21,mobile_ios,357,False,0,5,1,viajes,mie,1.0,0
8435.63,8,mobile_android,729,False,0,2,0,gastronomia,lun,1.38,0
13487.59,14,mobile_ios,1626,False,1,8,0,vestimenta,lun,0.67,0
4670.57,12,web,377,False,2,5,0,supermercado,sab,1.19,0
5487.41,20,mobile_android,751,False,0,5,0,supermercado,vie,1.07,0
748.96,21,web,30,False,4,7,0,supermercado,mar,0.93,0
622.06,20,mobile_ios,1378,False,3,6,0,transferencia_p2p,vie,0.49,0
14611.44,14,mobile_ios,1453,False,0,5,0,gastronomia,mie,0.91,0
481.81,13,mobile_ios,780,False,2,6,0,transferencia_p2p,vie,0.77,0
3749.67,22,web,1477,False,1,3,0,supermercado,sab,0.92,0
3736.71,16,mobile_ios,571,False,1,4,1,vestimenta,mie,0.95,0
2243.59,11,mobile_android,192,False,0,4,0,supermercado,sab,0.93,0
3867.59,21,web,1230,False,1,4,0,vestimenta,mar,1.25,0
1552.84,10,mobile_android,1004,False,0,6,0,viajes,mar,0.58,0
609.89,12,mobile_android,873,False,0,5,0,supermercado,mie,0.71,0
1696.9,13,mobile_android,548,False,0,7,0,supermercado,dom,0.38,0
7992.02,9,mobile_android,295,False,1,4,0,gastronomia,lun,1.67,0
4918.28,21,web,406,False,2,7,0,gastronomia,mar,1.63,0
18922.6,0,mobile_android,531,False,1,5,0,gastronomia,lun,0.66,0
2848.36,20,mobile_ios,888,False,0,5,0,gastronomia,jue,1.05,0
4281.5,20,mobile_android,572,False,0,2,0,vestimenta,mar,1.11,0
1475.97,12,mobile_android,915,False,0,2,0,viajes,sab,0.67,0
2031.39,10,mobile_ios,2056,False,2,7,0,gastronomia,dom,0.89,0
5402.4,11,mobile_ios,2458,True,1,7,0,transferencia_p2p,mie,0.69,0
10000.0,1,mobile_android,835,False,3,5,2,transferencia_p2p,dom,1.6,1
2150.13,17,mobile_android,1493,False,0,5,0,supermercado,lun,1.58,0
3604.02,9,mobile_android,3166,False,0,5,0,electronicos,lun,1.65,0
29530.19,10,mobile_ios,520,False,2,4,0,gastronomia,jue,0.52,0
1172.29,13,web,103,False,0,4,0,supermercado,jue,0.68,0
2407.62,15,mobile_android,982,False,1,7,0,electronicos,mie,1.37,0
777.73,20,mobile_ios,1027,False,1,6,0,viajes,sab,1.25,0
7346.31,20,mobile_android,749,False,1,3,0,gastronomia,dom,0.9,0
1246.22,16,mobile_ios,670,False,3,6,0,gastronomia,mie,0.27,0
13747.76,15,mobile_ios,361,False,0,4,1,electronicos,mar,0.98,0
4206.64,4,mobile_android,1640,False,4,13,2,transferencia_p2p,sab,2.01,1
2341.82,20,web,1215,False,1,3,0,viajes,dom,1.31,0
642.28,14,mobile_android,613,False,1,3,0,gastronomia,dom,0.79,0
695.69,19,mobile_android,1393,False,1,7,0,gastronomia,mar,0.86,0
20000.0,2,mobile_android,1045,False,5,9,1,cripto,lun,3.17,1
774.46,19,mobile_android,2087,False,0,3,0,juegos_online,dom,0.9,0
26402.13,12,mobile_ios,741,False,1,9,0,gastronomia,vie,1.08,0
4650.72,12,web,686,False,3,10,1,supermercado,jue,1.45,0
13453.57,22,mobile_ios,1386,False,1,8,0,vestimenta,mie,0.85,0
1265.02,11,mobile_android,594,False,1,3,0,transferencia_p2p,lun,0.05,0
585.0,11,mobile_android,369,False,1,3,0,supermercado,mie,1.58,0
2247.94,20,web,884,False,3,4,0,vestimenta,lun,1.29,0
9032.52,20,mobile_ios,736,False,2,4,0,cripto,mie,1.08,0
336.55,19,mobile_android,1008,False,1,6,0,electronicos,mar,0.84,0
1879.82,23,mobile_android,387,False,0,3,0,transferencia_p2p,mar,0.14,0
22048.3,14,web,260,False,0,1,0,supermercado,mar,1.15,0
15600.3,14,web,350,False,0,5,1,electronicos,mar,0.59,0
8671.31,13,mobile_android,1756,False,3,7,0,viajes,mie,1.44,0
18034.6,6,mobile_android,1148,False,1,4,0,electronicos,lun,1.94,0
491.02,19,mobile_ios,134,False,5,12,0,supermercado,sab,1.18,0
3146.95,10,mobile_android,843,True,1,4,0,gastronomia,vie,1.36,0
9497.72,21,mobile_android,1234,False,1,5,0,transferencia_p2p,mie,1.83,0
2875.18,0,mobile_android,1280,False,2,4,0,viajes,mar,0.39,0
34263.56,12,web,1498,False,0,3,0,vestimenta,sab,0.9,0
748.75,12,mobile_ios,342,False,1,6,0,supermercado,mie,0.76,0
2856.58,14,mobile_android,854,False,1,6,0,transferencia_p2p,jue,1.11,0
748.32,21,mobile_ios,541,False,0,5,1,gastronomia,mar,0.66,0
1167.25,20,mobile_ios,265,False,4,5,0,gastronomia,mar,0.51,0
3090.37,17,mobile_android,1622,False,1,10,0,vestimenta,sab,0.64,0
1051.79,21,mobile_ios,1330,False,1,4,0,vestimenta,lun,0.47,0
1072.37,10,mobile_ios,501,False,1,6,1,supermercado,vie,1.35,0
18563.21,14,mobile_android,685,False,3,6,0,electronicos,mie,1.23,0
6034.62,11,web,1251,False,1,4,0,juegos_online,dom,0.9,0
5096.19,17,mobile_android,228,False,3,6,1,viajes,mar,1.75,0
4499.47,14,web,169,False,3,4,0,juegos_online,dom,0.95,0
3873.51,11,mobile_android,646,False,0,5,0,supermercado,sab,0.45,0
1636.54,21,mobile_ios,594,False,2,10,0,supermercado,lun,1.09,0
3389.9,16,web,564,False,1,2,0,supermercado,vie,1.18,0
6671.0,21,mobile_ios,527,False,0,4,0,supermercado,sab,0.61,0
4710.93,19,mobile_android,1535,False,1,6,0,transferencia_p2p,mar,0.71,0
9516.04,9,mobile_android,695,False,1,8,0,cripto,mie,0.96,0
1042.82,18,mobile_android,1277,False,3,12,0,juegos_online,vie,0.92,0
6070.66,22,web,664,False,0,2,1,supermercado,mar,1.52,0
1621.93,11,mobile_android,1862,False,1,2,0,juegos_online,dom,0.05,0
1822.69,10,mobile_ios,438,False,0,3,0,transferencia_p2p,dom,1.53,0
8555.97,23,mobile_ios,1246,False,5,7,0,supermercado,mie,1.33,0
4318.33,19,mobile_android,1780,False,1,4,0,supermercado,jue,0.86,0
8688.55,8,mobile_ios,1093,False,2,3,0,supermercado,sab,0.4,0
1286.14,15,mobile_ios,1515,True,3,7,0,electronicos,vie,1.47,0
3749.35,3,web,117,False,3,7,1,gastronomia,dom,2.85,1
1855.94,11,mobile_ios,2249,False,3,9,0,supermercado,sab,1.16,0
6344.61,12,mobile_ios,323,False,3,11,0,gastronomia,vie,0.87,0
2395.03,20,mobile_ios,1513,False,0,2,0,gastronomia,mar,1.44,0
3923.65,19,mobile_android,1706,False,0,4,0,electronicos,jue,1.63,0
4315.74,20,mobile_android,1168,False,2,6,0,vestimenta,vie,1.17,0
2485.58,22,mobile_ios,1116,False,2,4,0,gastronomia,sab,0.7,0
2028.65,13,mobile_android,1883,False,1,6,0,gastronomia,vie,1.13,0
6985.14,12,web,198,False,0,1,0,viajes,sab,0.47,0
3026.43,23,mobile_android,547,False,1,6,0,juegos_online,mie,1.31,0
60745.45,20,mobile_ios,409,False,0,3,0,supermercado,mar,1.33,0
7155.29,1,mobile_android,431,False,1,8,0,electronicos,vie,0.93,0
4970.98,21,web,664,False,2,4,2,gastronomia,sab,1.07,0
1609.09,14,web,1054,False,1,5,0,vestimenta,mie,1.72,0
1662.13,19,mobile_ios,236,False,1,3,0,supermercado,mar,1.52,0
1674.93,12,mobile_ios,2078,False,0,3,0,viajes,sab,0.82,0
6746.74,14,mobile_ios,500,False,1,9,1,supermercado,sab,0.99,0
2036.61,17,mobile_android,1025,False,1,3,0,juegos_online,mie,1.73,0
11655.06,20,mobile_android,888,False,1,2,0,vestimenta,lun,0.61,0
2018.52,19,mobile_android,864,False,0,2,0,viajes,lun,1.11,0
917.73,12,mobile_android,703,False,0,4,0,vestimenta,lun,0.76,0
9639.88,14,web,826,False,3,11,0,viajes,vie,1.46,0
964.94,12,mobile_android,899,False,1,6,0,supermercado,vie,0.75,0
1873.22,13,mobile_android,845,False,0,2,0,electronicos,mie,1.29,0
12644.12,17,mobile_ios,2459,False,0,2,0,supermercado,vie,0.44,0
6682.03,19,mobile_android,720,False,1,7,1,cripto,jue,1.33,1
1831.81,23,mobile_android,1829,True,3,5,0,cripto,jue,0.9,0
2557.8,12,mobile_ios,305,False,1,2,0,gastronomia,sab,1.11,0
7460.28,17,mobile_ios,2014,False,2,8,1,vestimenta,jue,1.48,0
2285.67,20,mobile_android,200,False,1,10,0,gastronomia,mar,0.71,0
5139.16,23,mobile_android,256,False,2,6,0,transferencia_p2p,mie,0.62,0
1204.74,12,mobile_ios,1234,False,2,5,0,vestimenta,vie,0.93,0
8160.07,12,mobile_android,407,False,3,4,0,gastronomia,mie,0.75,0
2452.24,9,mobile_android,1231,False,1,4,0,electronicos,lun,1.42,0
4534.19,12,mobile_android,1410,False,1,7,0,viajes,vie,0.53,0
8045.33,20,mobile_android,315,False,0,5,0,gastronomia,vie,1.3,0
16675.58,12,mobile_android,1651,False,0,4,0,electronicos,mar,0.78,0
2240.83,19,mobile_android,1478,False,1,4,0,vestimenta,vie,1.13,0
33074.75,10,web,905,False,0,3,0,supermercado,mie,1.17,0
8108.91,14,mobile_ios,779,False,0,3,0,supermercado,mar,0.48,0
4686.54,12,web,538,False,1,3,0,supermercado,mar,0.85,0
2906.1,11,mobile_android,1197,False,4,7,0,electronicos,mie,1.06,0
2457.62,11,mobile_ios,400,False,0,3,0,supermercado,jue,1.71,0
11939.82,12,web,639,False,1,5,1,supermercado,vie,0.54,0
5212.4,12,mobile_ios,828,False,1,7,0,supermercado,dom,0.66,0
3580.16,19,mobile_android,766,False,2,7,0,supermercado,mie,1.04,0
194.3,0,web,887,False,0,7,0,transferencia_p2p,sab,1.19,0
1584.84,20,mobile_ios,588,False,0,3,0,electronicos,mar,0.85,0
21697.41,19,mobile_android,1187,False,0,6,0,supermercado,dom,1.13,0
1079.34,11,web,650,False,2,4,0,gastronomia,dom,1.25,0
5301.42,18,mobile_android,399,False,0,6,0,supermercado,sab,1.72,0
8028.89,18,mobile_android,712,False,1,2,0,supermercado,sab,0.96,0
3439.38,20,mobile_android,2524,True,3,10,0,supermercado,dom,0.75,0
7817.46,14,mobile_android,1407,False,2,6,1,supermercado,mar,1.19,0
4436.21,22,mobile_android,1049,False,1,8,0,supermercado,mie,0.52,0
4659.59,11,mobile_android,519,False,0,3,1,gastronomia,mar,1.24,0
1113.56,17,mobile_ios,1971,False,1,6,0,electronicos,lun,0.38,0
4382.29,23,mobile_android,2400,False,2,6,0,gastronomia,lun,1.58,0
1842.85,20,web,586,True,1,4,0,supermercado,mie,0.6,0
721.21,9,mobile_ios,664,False,4,9,0,cripto,vie,0.63,0
4860.6,21,mobile_android,1016,False,0,3,0,vestimenta,sab,0.87,0
7855.47,12,mobile_ios,402,False,0,4,0,supermercado,lun,0.91,0
6182.1,18,mobile_android,837,False,4,9,0,electronicos,lun,0.77,0
1020.6,9,mobile_android,309,False,2,7,0,supermercado,vie,1.57,0
1935.62,18,mobile_ios,2873,False,1,6,0,supermercado,sab,0.49,0
2683.9,15,mobile_android,1579,False,0,4,0,electronicos,vie,1.34,0
3967.93,13,mobile_android,1671,False,1,3,0,vestimenta,mie,1.08,0
6641.49,12,mobile_ios,544,False,1,6,0,gastronomia,jue,0.96,0
3243.8,11,mobile_android,547,False,4,5,0,supermercado,vie,1.45,0
6507.93,0,mobile_ios,763,False,2,5,0,supermercado,sab,0.88,0
2273.51,12,mobile_android,634,False,1,4,0,vestimenta,jue,1.43,0
1743.63,20,web,323,False,0,4,0,gastronomia,jue,1.14,0
13697.32,21,mobile_ios,1609,False,3,7,0,gastronomia,dom,0.98,0
1197.02,14,mobile_ios,296,True,0,4,1,supermercado,jue,1.72,0
2690.23,13,mobile_ios,1937,False,1,3,0,electronicos,mie,0.9,0
10121.4,12,mobile_android,852,False,2,6,0,gastronomia,sab,0.58,0
3897.09,19,mobile_android,913,False,0,5,0,viajes,sab,0.59,0
786.14,23,mobile_android,790,False,0,6,0,vestimenta,mie,1.81,0
3401.66,23,web,1218,False,1,3,1,viajes,jue,1.85,0
3349.45,21,mobile_ios,2170,False,2,3,0,gastronomia,lun,0.48,0
13559.03,17,mobile_ios,1015,False,0,5,0,gastronomia,mar,0.86,0
1266.15,18,mobile_ios,2363,False,1,5,0,viajes,mar,1.76,0
9687.51,10,web,1687,False,0,3,0,gastronomia,jue,1.36,0
26830.55,14,mobile_ios,982,False,0,5,0,electronicos,jue,1.57,0
1470.07,19,mobile_ios,805,False,3,5,1,vestimenta,dom,1.42,0
4120.54,21,mobile_android,1106,False,0,6,0,transferencia_p2p,vie,0.79,0
3264.48,12,mobile_ios,3185,False,3,9,0,gastronomia,vie,1.8,0
2502.78,12,mobile_ios,1246,False,2,4,0,transferencia_p2p,vie,1.48,0
8398.5,11,mobile_ios,805,False,1,4,0,gastronomia,vie,1.29,0
663.3,14,mobile_ios,353,False,0,2,0,vestimenta,sab,0.43,0
2127.93,19,mobile_ios,975,False,1,6,0,gastronomia,vie,1.28,0
2613.67,11,mobile_android,308,False,0,7,0,supermercado,vie,0.52,0
15231.17,18,mobile_ios,1133,False,0,5,0,gastronomia,vie,1.04,0
5415.56,10,mobile_android,1128,False,3,6,0,supermercado,mie,2.09,0
1667.05,18,mobile_ios,1861,False,0,2,0,electronicos,vie,0.56,0
3141.55,18,mobile_ios,460,False,0,2,0,supermercado,lun,1.19,0
2673.06,18,mobile_android,1027,False,0,4,0,electronicos,lun,0.6,0
3665.55,11,mobile_ios,806,False,0,2,0,gastronomia,mie,1.03,0
4757.8,13,mobile_ios,611,False,1,4,0,juegos_online,sab,1.08,0
2132.8,22,mobile_android,653,False,1,8,0,cripto,vie,1.15,0
10353.34,21,mobile_ios,863,False,0,3,0,supermercado,mie,0.47,0
6318.21,10,web,509,False,1,5,0,transferencia_p2p,vie,0.66,0
597.23,11,mobile_ios,1374,False,4,10,0,vestimenta,mar,1.26,0
2724.73,9,web,879,False,1,7,0,cripto,lun,1.19,0
2873.11,13,mobile_android,433,False,1,4,1,juegos_online,mar,1.27,0
1630.69,11,mobile_android,1026,False,2,3,0,vestimenta,lun,0.65,0
7036.02,19,mobile_android,359,False,4,9,0,supermercado,lun,0.05,0
4607.54,11,mobile_android,983,False,1,5,0,vestimenta,dom,1.25,0
2803.81,21,mobile_ios,260,False,3,7,1,gastronomia,vie,0.4,0
1812.46,17,mobile_ios,1878,False,0,5,0,supermercado,lun,1.1,0
10598.44,11,mobile_ios,401,False,0,3,0,supermercado,dom,0.97,0
714.09,9,mobile_android,299,False,1,7,0,supermercado,mie,0.66,0
1478.77,14,mobile_android,1901,False,1,4,0,gastronomia,mar,1.22,0
1229.01,12,mobile_android,1256,False,0,3,0,vestimenta,jue,0.66,0
2545.25,12,mobile_ios,142,False,1,5,0,viajes,mie,0.72,0
3337.71,14,web,58,False,2,8,0,transferencia_p2p,mie,0.93,0
918.45,22,mobile_ios,929,True,1,6,0,gastronomia,mar,1.34,0
1346.45,12,mobile_ios,1665,False,1,4,0,gastronomia,mar,1.16,0
5006.43,12,mobile_ios,204,False,3,10,1,supermercado,jue,0.46,0
1713.81,14,mobile_android,333,False,0,4,0,vestimenta,dom,0.57,0
2326.53,23,mobile_ios,903,False,2,7,0,supermercado,lun,0.66,0
3897.54,14,mobile_android,874,False,0,5,1,gastronomia,lun,0.77,0
11041.59,12,mobile_ios,110,False,1,3,0,vestimenta,lun,0.62,0
3700.15,17,mobile_android,1238,False,2,4,1,supermercado,mar,1.05,0
5577.23,14,mobile_ios,355,False,1,7,0,supermercado,mie,0.97,0
4595.71,22,mobile_ios,622,False,1,2,0,vestimenta,vie,1.39,0
7708.83,19,mobile_android,608,False,0,8,0,supermercado,lun,0.7,0
2031.07,18,mobile_android,792,False,1,5,0,transferencia_p2p,vie,1.53,0
4085.22,0,mobile_android,1566,False,2,6,0,transferencia_p2p,lun,0.97,0
11836.63,18,mobile_android,482,False,0,5,1,viajes,vie,1.56,0
1370.26,16,mobile_ios,299,False,2,4,0,gastronomia,dom,0.87,0
689.28,12,mobile_android,1231,False,0,6,0,vestimenta,vie,1.37,0
4613.89,15,mobile_ios,936,False,0,3,0,supermercado,vie,1.45,0
77616.18,21,mobile_android,467,False,0,4,0,supermercado,sab,1.33,0
1683.74,11,mobile_android,1079,False,0,5,0,viajes,dom,1.58,0
2330.72,18,mobile_android,321,False,0,1,0,supermercado,lun,0.87,0
12824.53,19,mobile_android,176,False,1,2,0,supermercado,dom,1.22,0
1151.02,11,mobile_ios,814,False,0,3,0,viajes,lun,1.13,0
2171.09,14,mobile_ios,679,False,0,7,0,viajes,vie,1.62,0
33999.23,21,mobile_ios,1002,False,0,4,0,gastronomia,sab,0.46,0
4485.7,12,mobile_ios,608,False,0,7,0,electronicos,lun,1.13,0
4677.16,19,mobile_android,1020,False,0,4,0,transferencia_p2p,jue,1.29,0
692.57,16,mobile_android,518,True,2,7,0,transferencia_p2p,lun,1.29,0
6805.6,1,mobile_ios,911,False,6,11,3,electronicos,mie,0.72,1
41219.54,14,mobile_ios,897,False,0,6,0,juegos_online,jue,1.1,0
2280.21,23,mobile_ios,2094,False,0,1,0,viajes,jue,1.19,0
6265.78,10,mobile_android,1250,False,1,9,1,supermercado,mar,0.65,0
3895.02,19,web,944,False,2,5,0,gastronomia,dom,0.78,0
888.94,10,mobile_android,739,False,1,4,0,electronicos,vie,0.53,0
5048.48,21,mobile_ios,108,False,3,5,0,transferencia_p2p,jue,1.15,0
695.5,17,mobile_android,1651,False,0,3,1,electronicos,mar,0.83,0
13375.21,14,mobile_ios,556,False,1,2,1,gastronomia,sab,1.24,0
2340.43,0,web,1398,False,4,10,0,supermercado,sab,0.77,0
813.94,18,mobile_android,1639,False,0,4,0,gastronomia,mie,0.05,0
1223.6,23,mobile_ios,1841,False,2,11,0,transferencia_p2p,vie,1.15,0
21153.22,11,mobile_android,2011,False,1,3,1,supermercado,vie,0.46,0
12276.99,17,mobile_ios,2126,False,1,7,2,vestimenta,sab,1.29,0
3779.05,16,mobile_ios,828,True,3,4,0,supermercado,jue,1.76,0
736.2,13,mobile_android,2137,False,3,4,0,transferencia_p2p,mar,1.09,0
4551.09,22,mobile_ios,730,False,1,4,0,vestimenta,mar,1.12,0
3220.58,13,mobile_android,568,False,0,2,0,supermercado,mar,0.85,0
1069.14,20,web,287,False,2,9,1,transferencia_p2p,sab,0.88,0
374.0,23,mobile_ios,945,False,4,5,0,gastronomia,dom,0.68,0
2206.98,20,mobile_ios,790,False,1,3,1,juegos_online,dom,1.64,0
3248.84,18,mobile_android,987,False,0,5,0,supermercado,mie,0.62,0
29056.01,22,web,997,False,1,6,0,gastronomia,mie,1.09,0
1954.39,11,mobile_ios,612,True,1,2,0,supermercado,vie,0.88,0
8609.47,20,mobile_ios,317,False,2,7,0,electronicos,lun,0.39,0
1263.6,21,web,1049,False,0,1,0,vestimenta,lun,0.35,0
1951.59,9,mobile_android,333,False,1,4,1,viajes,sab,0.66,0
317.59,13,mobile_android,1262,False,2,4,0,juegos_online,sab,1.18,0
1571.59,22,mobile_ios,964,False,0,4,0,transferencia_p2p,dom,1.23,0
1339.82,11,web,1379,False,1,4,0,gastronomia,sab,1.23,0
10493.94,17,mobile_android,969,False,1,2,1,electronicos,mie,0.59,0
7597.57,13,mobile_android,972,False,3,10,0,viajes,jue,1.25,0
721.82,14,mobile_android,126,True,1,6,0,vestimenta,mie,1.57,0
397.31,11,mobile_android,949,False,1,4,0,supermercado,jue,0.83,0
9615.57,12,mobile_android,926,False,1,6,0,gastronomia,mar,0.81,0
552.49,13,mobile_android,503,False,0,7,0,transferencia_p2p,vie,1.18,0
2460.11,19,mobile_ios,959,False,1,8,0,gastronomia,mar,1.07,0
6978.52,10,mobile_ios,3650,False,2,6,0,supermercado,mie,0.27,0
8760.94,19,web,1367,False,0,4,0,vestimenta,mar,1.5,0
12528.77,20,mobile_android,30,False,1,3,0,viajes,dom,0.91,0
3495.52,17,web,941,False,3,4,0,gastronomia,sab,0.3,0
5803.27,21,mobile_android,1298,False,0,8,0,gastronomia,sab,0.93,0
4001.68,12,mobile_android,793,False,3,6,0,vestimenta,jue,0.39,0
1895.44,21,web,517,False,0,4,0,juegos_online,jue,1.08,0
1273.26,15,mobile_android,1231,False,0,4,0,electronicos,vie,1.31,0
15211.2,14,mobile_ios,1548,False,3,5,0,vestimenta,mie,1.05,0
9854.02,16,mobile_android,850,False,0,2,0,vestimenta,lun,1.89,0
7520.02,16,mobile_android,798,False,3,5,0,supermercado,mar,0.85,0
1387.5,22,mobile_android,570,False,2,8,0,gastronomia,mar,1.64,0
836.21,10,mobile_android,179,False,3,5,0,vestimenta,mar,1.13,0
4314.37,9,mobile_android,996,False,0,4,0,supermercado,mar,0.28,0
12407.22,20,web,3281,False,2,7,0,juegos_online,lun,0.79,0
13273.3,13,mobile_ios,2233,False,1,2,0,juegos_online,vie,1.31,0
5236.74,12,mobile_android,472,False,1,7,0,electronicos,mie,1.23,0
18452.84,13,mobile_android,590,False,2,11,1,gastronomia,sab,0.53,0
3457.95,16,mobile_android,1977,False,0,7,0,viajes,sab,0.66,0
13470.35,22,mobile_android,348,False,1,3,0,juegos_online,vie,1.63,0
2420.21,18,mobile_ios,1126,False,1,7,0,electronicos,dom,1.44,0
39492.3,11,mobile_ios,3356,False,2,9,0,transferencia_p2p,vie,0.91,0
3459.24,10,mobile_android,1202,False,2,6,0,juegos_online,jue,1.18,0
1113.27,10,web,1064,False,0,3,0,supermercado,vie,1.05,0
7711.37,20,mobile_android,896,False,1,4,0,transferencia_p2p,jue,0.75,0
2995.96,21,mobile_ios,175,False,0,9,0,electronicos,mie,1.39,0
975.62,12,mobile_ios,930,False,0,5,0,supermercado,mar,1.17,0
4497.99,19,mobile_android,1145,False,0,5,0,supermercado,vie,0.91,0
9595.0,18,mobile_ios,341,False,1,7,0,gastronomia,sab,1.71,0
2878.0,14,mobile_android,1221,False,1,4,0,vestimenta,dom,1.28,0
2343.71,12,mobile_ios,1000,False,1,9,0,electronicos,sab,0.51,0
15207.32,22,mobile_ios,957,False,1,2,0,supermercado,sab,0.93,0
5018.32,21,mobile_ios,1163,False,1,7,1,gastronomia,mie,1.36,0
946.9,17,mobile_android,2047,False,2,6,0,supermercado,mie,0.27,0
196.93,20,mobile_ios,501,False,2,6,0,juegos_online,sab,1.42,0
4031.63,12,mobile_android,492,False,4,8,0,vestimenta,dom,0.95,0
1505.88,12,mobile_ios,1181,False,1,5,0,gastronomia,lun,0.63,0
14240.57,12,mobile_android,359,False,1,5,0,transferencia_p2p,vie,1.06,0
1415.98,13,mobile_android,562,False,1,8,0,vestimenta,lun,0.92,0
3045.52,18,mobile_ios,1520,False,1,7,1,gastronomia,dom,0.89,0
1335.77,18,mobile_ios,943,False,4,7,0,supermercado,jue,1.52,0
2644.74,18,mobile_ios,1835,False,0,7,1,transferencia_p2p,dom,2.47,0
2624.63,10,mobile_android,2183,False,1,7,0,electronicos,lun,0.96,0
6062.16,11,mobile_android,331,False,0,3,0,supermercado,vie,1.13,0
25219.71,21,mobile_android,503,False,2,3,0,electronicos,sab,1.43,0
452.58,11,mobile_android,867,False,2,3,0,transferencia_p2p,jue,1.53,0
2808.44,11,mobile_ios,1237,False,1,4,0,supermercado,lun,0.69,0
1606.37,21,mobile_android,767,True,0,4,0,vestimenta,mar,1.07,0
2685.68,18,mobile_ios,824,False,0,7,0,vestimenta,mar,1.6,0
565.75,20,mobile_android,3008,False,1,4,0,supermercado,vie,1.31,0
387.34,15,mobile_ios,279,False,2,5,0,gastronomia,mie,0.9,0
6816.56,13,mobile_android,1862,False,1,5,0,transferencia_p2p,jue,1.31,0
8307.7,12,mobile_android,808,False,2,4,0,electronicos,sab,0.42,0
1457.06,16,mobile_ios,2809,False,4,6,0,supermercado,vie,1.17,0
14490.94,13,mobile_ios,338,False,0,3,0,vestimenta,dom,1.03,0
844.11,3,web,16,False,2,10,0,transferencia_p2p,mie,2.43,1
1220.09,21,mobile_android,154,True,2,5,0,electronicos,vie,1.17,0
263.71,13,mobile_android,1237,False,1,6,0,vestimenta,vie,1.79,0
4426.05,20,mobile_android,240,False,0,6,0,vestimenta,lun,1.15,0
5313.31,21,mobile_android,893,True,1,7,0,supermercado,lun,0.79,0
14174.79,19,web,1573,False,0,3,1,vestimenta,mar,0.96,0
8297.59,10,mobile_android,3175,False,1,5,0,vestimenta,mie,0.86,0
2543.74,15,mobile_ios,3240,False,3,7,0,vestimenta,mar,1.75,0
9030.77,13,mobile_android,1039,False,1,9,0,supermercado,mar,0.95,0
2512.97,21,mobile_android,445,False,1,6,0,transferencia_p2p,vie,0.86,0
2420.35,12,mobile_ios,1771,False,1,4,0,gastronomia,sab,0.85,0
8772.68,14,mobile_android,712,False,0,1,0,supermercado,jue,0.82,0
1693.42,17,mobile_ios,987,False,0,6,2,supermercado,mar,0.84,0
9580.32,19,web,686,False,0,7,0,supermercado,vie,0.95,0
1244.26,17,mobile_ios,2462,False,1,4,0,electronicos,sab,1.34,0
5765.84,23,mobile_android,1327,False,2,11,0,viajes,sab,1.02,0
3189.98,20,mobile_android,700,False,0,5,0,supermercado,sab,1.37,0
4874.69,21,mobile_ios,1965,False,2,7,0,supermercado,dom,1.44,0
1954.7,21,mobile_android,1382,True,2,6,0,supermercado,mar,0.74,0
949.66,15,mobile_android,2964,True,3,12,0,gastronomia,dom,0.88,0
1639.01,21,mobile_android,546,False,3,5,0,supermercado,jue,0.91,0
6631.49,22,mobile_ios,596,False,0,7,0,electronicos,lun,0.05,0
19119.86,12,web,71,False,3,10,0,electronicos,mie,1.53,1
1445.95,8,mobile_android,1695,False,2,9,0,gastronomia,mie,0.77,0
3423.72,21,mobile_android,339,False,3,4,0,supermercado,vie,1.16,0
3262.58,11,mobile_ios,1548,False,0,5,0,supermercado,vie,0.77,0
3887.54,21,mobile_ios,1734,False,5,10,1,vestimenta,mar,0.77,0
7768.07,17,web,522,False,0,1,0,gastronomia,mar,0.3,0
6186.13,15,mobile_ios,1116,False,1,1,0,transferencia_p2p,sab,1.03,0
3443.75,18,mobile_android,1836,True,1,4,0,viajes,lun,1.14,0
20000.0,3,mobile_android,1055,False,3,5,1,vestimenta,dom,1.08,1
1085.66,20,web,931,False,4,11,0,supermercado,jue,0.24,0
10395.97,21,mobile_android,474,False,3,9,1,transferencia_p2p,sab,1.58,0
5852.93,11,web,398,False,0,2,0,electronicos,vie,0.46,0
15858.99,16,mobile_ios,2457,False,2,5,0,supermercado,mar,1.29,0
20000.0,10,mobile_android,53,True,3,9,2,supermercado,mie,1.65,1
2403.41,20,mobile_ios,1791,False,2,4,0,juegos_online,mie,0.76,0
1446.4,23,mobile_android,1654,False,2,6,0,supermercado,vie,0.82,0
2448.15,19,mobile_ios,1397,False,2,5,0,electronicos,sab,0.62,0
2289.88,22,web,2488,False,1,4,0,gastronomia,mar,0.89,0
1539.42,19,mobile_ios,1068,False,1,5,0,juegos_online,dom,1.01,0
2853.99,18,mobile_android,228,False,0,3,0,gastronomia,dom,1.73,0
7839.01,20,mobile_android,1694,False,0,2,0,supermercado,jue,1.24,0
2096.4,21,mobile_ios,1556,False,2,6,2,cripto,vie,0.84,0
2270.06,8,mobile_android,260,False,2,6,0,transferencia_p2p,vie,1.46,0
6692.63,12,web,927,False,0,7,0,supermercado,lun,0.63,0
4897.02,11,mobile_ios,796,False,2,5,0,supermercado,lun,1.24,0
1485.57,11,mobile_android,2180,False,0,4,1,supermercado,sab,1.39,0
2030.36,18,web,1200,False,3,7,1,vestimenta,mie,1.6,0
10023.78,12,mobile_ios,1215,False,3,4,0,gastronomia,lun,0.91,0
4027.64,22,web,1249,False,2,5,0,supermercado,jue,0.51,0
8068.94,13,mobile_android,1203,False,1,7,0,supermercado,mar,1.15,0
3912.84,11,mobile_ios,897,False,1,10,0,supermercado,mie,0.75,0
903.4,20,mobile_android,842,False,2,6,0,transferencia_p2p,mar,0.84,0
4996.51,13,web,2051,False,2,5,0,supermercado,jue,0.75,0
357.68,23,mobile_ios,1047,False,0,5,0,supermercado,mar,0.5,0
6101.55,12,web,1258,False,2,5,0,supermercado,sab,1.11,0
30615.05,11,mobile_ios,1237,False,0,4,0,transferencia_p2p,sab,0.53,0
1812.71,13,mobile_ios,149,False,0,2,0,electronicos,jue,0.88,0
10549.69,8,mobile_android,1110,False,0,5,0,vestimenta,mar,1.79,0
7040.85,20,mobile_ios,641,True,0,6,0,juegos_online,mar,1.23,0
34300.68,21,web,1489,False,3,5,0,gastronomia,mar,1.11,0
3419.31,22,mobile_android,591,False,3,4,0,vestimenta,sab,1.39,0
2199.63,11,mobile_android,747,False,0,2,0,electronicos,vie,0.51,0
21899.78,11,mobile_ios,980,False,3,9,0,supermercado,lun,0.81,0
11971.76,22,web,770,False,0,3,0,gastronomia,lun,2.04,0
3449.29,20,mobile_ios,511,False,2,8,0,cripto,mar,0.5,0
4748.24,20,web,283,False,0,1,0,supermercado,jue,1.11,0
1879.17,12,mobile_ios,502,False,0,5,0,gastronomia,lun,0.83,0
1070.3,12,mobile_ios,1580,False,1,4,0,cripto,lun,1.54,0
3993.22,14,mobile_ios,558,False,1,6,1,transferencia_p2p,jue,1.45,0
6902.41,12,web,1183,False,1,10,0,gastronomia,mar,1.75,0
2519.34,20,mobile_android,2006,False,2,6,0,electronicos,mar,0.95,0
979.29,20,mobile_android,2590,False,0,4,0,gastronomia,dom,0.41,0
3105.14,12,web,1117,False,2,6,0,gastronomia,sab,1.27,0
1552.01,21,mobile_android,954,False,0,3,0,gastronomia,mie,0.69,0
720.63,19,mobile_ios,959,True,1,5,0,cripto,vie,1.02,0
11818.39,14,mobile_android,1027,False,2,10,1,gastronomia,mie,0.18,0
5298.12,14,web,1300,False,1,5,0,electronicos,mie,1.58,0
12902.29,13,mobile_ios,885,False,1,7,0,viajes,mie,1.11,0
2798.75,23,mobile_ios,1935,False,3,10,0,supermercado,vie,1.99,0
2011.79,12,mobile_ios,1279,False,2,7,0,viajes,mie,0.63,0
2661.66,0,web,1327,False,2,5,0,viajes,jue,2.66,1
1541.8,17,mobile_ios,1529,False,2,4,0,viajes,sab,1.41,0
1242.29,21,mobile_ios,902,False,0,6,0,transferencia_p2p,lun,1.25,0
7862.78,18,mobile_ios,1444,False,1,3,0,electronicos,mie,0.73,0
15079.27,12,mobile_android,2262,False,0,3,0,juegos_online,sab,0.97,0
2649.41,21,mobile_ios,632,False,2,7,1,juegos_online,lun,1.42,0
4783.63,16,mobile_ios,1752,False,1,6,0,supermercado,sab,0.08,0
5458.09,16,mobile_ios,1013,False,1,3,1,electronicos,vie,1.27,0
4461.35,12,mobile_android,1595,False,0,2,0,gastronomia,lun,0.29,0
3478.8,23,mobile_ios,685,False,1,5,0,supermercado,mar,0.34,0
617.12,23,mobile_ios,1673,False,0,6,0,vestimenta,mar,0.91,0
1596.42,12,mobile_android,1089,False,1,3,0,vestimenta,mar,2.13,0
1263.28,12,mobile_android,1436,False,1,4,0,electronicos,mie,0.73,0
4319.69,20,web,1221,True,2,4,0,supermercado,jue,1.67,0
2414.08,8,web,1440,False,2,4,0,supermercado,sab,0.45,0
5203.72,17,mobile_ios,1447,False,0,7,0,supermercado,vie,1.2,0
4718.7,19,mobile_ios,1982,False,0,5,0,electronicos,jue,0.78,0
25179.7,19,mobile_android,967,False,2,5,0,viajes,vie,1.43,0
14306.5,9,mobile_ios,1453,False,1,7,1,vestimenta,vie,1.65,0
570.89,20,mobile_android,1850,False,0,3,0,electronicos,mar,1.75,0
3652.29,19,mobile_ios,786,False,4,9,0,vestimenta,vie,1.53,0
1281.85,22,mobile_android,1694,False,3,5,0,supermercado,vie,0.84,0
2775.6,20,mobile_ios,1259,False,1,5,0,supermercado,mar,1.52,0
1067.67,11,mobile_ios,1147,False,1,4,1,transferencia_p2p,jue,1.15,0
575.87,20,mobile_android,1787,False,1,2,0,vestimenta,dom,0.46,0
1635.64,12,mobile_ios,468,False,2,8,0,supermercado,mie,0.65,0
3537.09,18,mobile_ios,915,False,2,6,0,viajes,lun,1.34,0
13112.67,11,mobile_android,1947,True,1,5,0,vestimenta,sab,0.58,0
1625.22,20,web,530,True,0,4,0,vestimenta,mie,0.38,0
14857.52,14,web,1065,True,5,7,0,cripto,sab,2.87,1
1005.87,13,mobile_android,975,False,3,6,0,viajes,vie,1.05,0
4432.75,14,mobile_android,1519,False,0,1,0,supermercado,sab,0.29,0
1495.47,11,mobile_android,1314,False,5,8,0,gastronomia,mar,2.8,0
4962.28,20,mobile_android,976,False,1,3,0,supermercado,vie,0.92,0
355.28,13,mobile_android,520,False,0,2,0,electronicos,vie,0.89,0
1806.25,15,mobile_android,1398,True,0,6,0,electronicos,lun,3.7,1
4972.18,3,web,2936,False,5,14,0,cripto,mar,2.55,1
3334.55,19,mobile_android,1586,False,0,2,0,gastronomia,jue,0.58,0
9581.13,10,mobile_ios,1734,False,1,10,1,juegos_online,mie,0.61,0
4829.93,20,mobile_android,1734,False,2,2,1,vestimenta,lun,0.05,0
3755.28,18,mobile_android,901,False,1,4,0,supermercado,mar,0.82,0
232.83,18,mobile_ios,1122,False,0,4,0,supermercado,sab,0.52,0
8377.92,3,mobile_ios,1151,False,2,6,2,electronicos,mar,0.63,1
1726.56,0,mobile_ios,258,False,0,2,0,supermercado,mie,1.22,0
4981.64,12,mobile_ios,254,False,2,8,0,vestimenta,vie,0.68,0
3464.8,13,web,2331,False,2,5,0,supermercado,sab,0.96,0
1286.16,13,mobile_android,274,False,1,2,0,supermercado,dom,0.31,0
3762.29,18,mobile_android,962,False,2,4,0,vestimenta,lun,0.72,0
361.37,13,mobile_ios,796,False,3,6,0,viajes,mie,0.58,0
6707.64,20,mobile_android,1065,False,0,3,0,transferencia_p2p,vie,0.53,0
50000.0,4,mobile_android,1053,False,1,1,0,supermercado,vie,1.96,1
3047.8,13,mobile_ios,1955,True,1,3,0,viajes,jue,0.66,0
9252.41,23,mobile_android,258,False,2,5,0,viajes,jue,1.44,0
3042.36,19,web,3252,True,0,6,0,electronicos,mie,1.16,0
3591.6,11,mobile_ios,1537,False,0,2,0,transferencia_p2p,sab,0.75,0
7168.14,23,mobile_android,866,False,0,3,1,supermercado,mie,1.11,0
1468.41,11,mobile_android,846,False,0,2,0,electronicos,dom,1.8,0
4296.74,14,mobile_android,774,False,0,4,0,supermercado,sab,1.36,0
8703.05,13,mobile_ios,241,False,2,8,0,gastronomia,lun,1.32,0
4187.77,21,web,1508,False,0,7,0,gastronomia,mie,1.25,0
2377.76,10,mobile_android,1649,False,4,12,0,transferencia_p2p,mie,1.18,0
3326.52,9,mobile_ios,863,False,3,10,1,supermercado,jue,1.48,0
4575.45,14,mobile_ios,1131,False,2,7,0,supermercado,mar,1.34,0
8551.07,13,web,119,True,1,4,2,electronicos,mie,0.95,1
1150.27,12,mobile_ios,1188,False,3,8,1,vestimenta,vie,0.8,0
8142.73,15,mobile_ios,1102,False,1,5,0,supermercado,sab,1.23,0
7994.56,14,mobile_android,1039,False,1,4,0,supermercado,mar,1.33,0
7962.98,12,mobile_ios,512,False,0,4,0,supermercado,mie,1.24,0
4651.47,20,mobile_android,371,False,0,5,1,supermercado,dom,0.52,0
1699.02,13,mobile_ios,704,False,2,9,1,viajes,lun,0.54,0
2749.75,12,mobile_ios,363,False,0,4,0,gastronomia,jue,1.25,0
26836.39,14,mobile_android,1414,False,0,4,0,supermercado,sab,0.87,0
1678.22,11,web,1047,False,0,4,1,transferencia_p2p,sab,0.72,0
1315.55,12,mobile_android,520,False,2,5,0,supermercado,sab,1.54,0
6312.87,20,mobile_ios,312,False,1,9,0,gastronomia,mie,1.46,0
2337.85,13,mobile_android,828,False,0,9,0,supermercado,mar,1.24,0
11560.07,12,mobile_ios,1827,False,0,7,0,electronicos,jue,1.13,0
9924.46,9,mobile_android,285,False,3,12,0,supermercado,jue,1.03,0
4987.78,10,mobile_android,417,False,1,3,0,gastronomia,mie,0.99,0
5584.76,18,mobile_ios,498,False,1,7,0,gastronomia,jue,1.02,0
7925.11,15,mobile_ios,773,False,0,4,0,supermercado,vie,1.26,0
1024.53,0,mobile_android,1607,False,0,8,0,supermercado,sab,1.22,0
768.28,0,mobile_android,292,False,1,5,0,gastronomia,jue,0.94,0
5823.91,11,mobile_android,749,False,0,4,0,supermercado,mie,0.54,0
906.41,0,mobile_ios,1484,True,0,2,0,supermercado,mie,1.38,0
2792.35,19,mobile_ios,406,False,2,8,0,electronicos,dom,1.59,0
1228.96,10,mobile_ios,592,False,0,3,0,supermercado,mie,1.58,0
7698.75,21,mobile_ios,1376,False,1,3,0,vestimenta,mar,1.14,0
4391.68,12,mobile_android,659,False,3,6,0,vestimenta,vie,0.65,0
11387.29,12,mobile_ios,434,False,2,5,0,electronicos,mar,1.36,0
6904.55,21,mobile_ios,1170,False,0,5,0,vestimenta,jue,0.8,0
389.54,15,mobile_android,294,False,2,2,0,transferencia_p2p,sab,0.59,0
13349.42,12,mobile_android,583,False,1,5,0,viajes,dom,1.04,0
6428.16,21,mobile_android,1817,False,2,7,0,supermercado,lun,1.33,0
21705.44,16,mobile_ios,282,True,1,8,0,supermercado,dom,0.57,0
5687.76,13,mobile_ios,1420,False,2,5,1,viajes,mar,1.12,0
2594.03,13,mobile_ios,1621,False,1,3,0,cripto,vie,1.46,0
4833.31,13,mobile_android,293,False,3,9,0,supermercado,mar,1.03,0
8525.87,11,mobile_android,300,False,1,6,0,vestimenta,vie,1.92,0
1350.5,13,mobile_android,876,True,3,7,1,viajes,sab,3.5,1
5716.36,13,mobile_android,976,False,0,4,0,gastronomia,mar,1.73,0
1942.23,12,mobile_android,440,True,3,8,0,supermercado,vie,1.16,0
7436.19,12,web,333,False,0,2,0,electronicos,vie,1.04,0
1339.45,10,mobile_android,488,False,2,7,0,electronicos,dom,0.51,0
1295.51,19,web,890,False,1,7,1,electronicos,mar,0.68,0
676.63,19,web,1170,False,1,2,0,juegos_online,mar,1.45,0
13055.71,23,web,1115,False,1,6,1,electronicos,sab,1.6,0
1281.89,19,mobile_android,945,False,2,5,0,electronicos,dom,1.18,0
1401.37,16,web,1041,False,3,7,0,supermercado,sab,0.72,0
2520.98,11,mobile_android,587,False,4,6,0,gastronomia,jue,0.83,0
1818.08,13,mobile_android,79,False,2,4,0,vestimenta,jue,0.56,0
6343.24,19,mobile_android,1270,False,1,5,0,transferencia_p2p,sab,1.42,0
2381.62,13,mobile_android,197,False,1,3,0,cripto,dom,1.45,0
3790.82,10,mobile_android,561,False,0,6,0,supermercado,mar,1.19,0
2238.79,20,mobile_ios,1772,False,0,7,0,supermercado,vie,0.26,0
3447.12,11,mobile_android,289,False,3,4,0,electronicos,jue,1.16,0
15263.42,21,mobile_ios,1497,False,0,6,0,supermercado,dom,1.24,0
14879.78,10,mobile_ios,936,False,0,4,0,vestimenta,jue,0.55,0
3641.93,21,mobile_android,867,False,3,5,0,transferencia_p2p,sab,1.23,0
6358.68,20,mobile_ios,695,False,2,7,0,transferencia_p2p,jue,0.82,0
3333.42,15,web,523,False,1,6,0,transferencia_p2p,lun,0.84,0
1036.85,21,mobile_android,1729,False,0,1,0,gastronomia,lun,1.34,0
8631.3,13,web,265,False,0,7,1,transferencia_p2p,mar,0.11,0
1938.98,19,mobile_ios,1557,False,3,5,0,gastronomia,mie,0.98,0
8630.8,18,mobile_android,1583,False,1,4,0,supermercado,vie,1.29,0
9643.08,16,mobile_ios,358,True,1,7,0,electronicos,lun,0.74,0
3682.88,11,mobile_ios,613,False,3,12,0,supermercado,jue,0.88,0
2791.85,22,mobile_ios,1121,False,0,1,1,vestimenta,dom,1.32,0
12245.13,20,mobile_ios,1569,False,0,5,0,electronicos,lun,0.86,0
1021.22,9,mobile_ios,1500,False,0,5,1,transferencia_p2p,mar,1.2,0
1865.14,20,mobile_android,2918,False,4,13,0,transferencia_p2p,lun,0.72,0
5470.52,12,mobile_android,298,False,0,9,0,cripto,mie,0.84,0
2791.02,9,mobile_android,2022,False,1,10,0,transferencia_p2p,dom,0.68,0
8561.4,16,mobile_ios,913,False,2,5,0,gastronomia,sab,0.8,0
7380.03,11,mobile_android,805,False,1,5,0,transferencia_p2p,sab,0.46,0
7266.74,18,web,1243,False,4,5,0,viajes,mar,0.28,0
927.27,13,mobile_android,905,False,0,0,1,gastronomia,sab,1.13,0
1343.12,11,web,2158,False,2,3,0,transferencia_p2p,dom,1.17,0
4769.97,23,mobile_android,482,False,2,6,0,supermercado,sab,1.06,0
2844.42,17,mobile_android,530,False,4,7,0,supermercado,sab,1.0,0
3266.46,16,mobile_android,1309,False,0,8,1,gastronomia,mar,1.54,0
1600.56,10,mobile_ios,132,False,0,7,0,vestimenta,lun,0.79,0
4373.13,21,mobile_ios,940,False,2,4,0,viajes,lun,0.53,0
34160.72,10,mobile_ios,652,False,1,5,0,juegos_online,vie,0.23,0
4357.47,11,web,2422,False,1,3,1,gastronomia,vie,1.44,0
3423.21,0,mobile_android,236,True,2,8,0,supermercado,vie,1.34,0
1992.77,17,mobile_android,1019,False,0,4,1,electronicos,sab,1.44,0
11973.05,20,web,1959,False,2,5,0,vestimenta,mie,0.99,0
10572.17,18,web,1504,False,1,4,0,vestimenta,lun,1.34,0
5501.26,22,mobile_ios,490,False,1,7,0,viajes,mar,0.66,0
3146.0,10,web,815,False,1,2,0,supermercado,vie,1.24,0
11687.65,20,mobile_android,3418,False,4,9,1,gastronomia,mie,0.74,0
1438.96,11,mobile_android,784,False,0,2,0,supermercado,lun,1.64,0
9433.79,11,mobile_ios,975,True,3,7,0,transferencia_p2p,sab,1.51,0
6064.08,23,mobile_android,877,False,2,2,0,electronicos,vie,1.31,0
1470.81,19,mobile_android,615,False,2,6,0,vestimenta,sab,1.31,0
12692.39,19,web,2065,True,0,3,0,gastronomia,lun,1.46,0
474.5,21,mobile_ios,1054,False,0,2,0,gastronomia,mar,1.13,0
3114.85,11,mobile_android,170,False,2,9,0,juegos_online,lun,0.74,0
1441.48,21,mobile_ios,427,False,2,6,1,vestimenta,vie,0.94,0
1251.89,19,mobile_android,1508,False,3,8,1,gastronomia,lun,0.9,0
6841.76,21,mobile_ios,2419,False,3,7,0,supermercado,mar,1.02,0
8078.36,10,mobile_android,1519,True,1,8,0,electronicos,vie,1.3,0
2849.62,10,mobile_ios,546,True,1,3,0,vestimenta,vie,0.79,0
2546.49,18,mobile_android,1615,False,1,3,0,electronicos,dom,0.92,0
1570.35,16,mobile_ios,2349,False,2,5,0,gastronomia,dom,0.19,0
3524.61,9,mobile_android,690,False,1,1,0,supermercado,mar,1.22,0
8467.06,11,mobile_ios,1301,False,2,8,0,electronicos,sab,0.61,0
10146.88,13,mobile_ios,851,False,0,2,0,juegos_online,sab,0.13,0
294.1,0,web,1809,False,1,5,0,supermercado,jue,1.27,0
3902.53,18,mobile_android,238,False,0,3,0,vestimenta,sab,1.27,0
3883.88,12,mobile_android,294,True,3,6,0,vestimenta,sab,1.29,0
9160.35,22,mobile_ios,894,False,1,3,1,supermercado,dom,0.32,0
996.91,10,mobile_ios,597,False,1,4,0,vestimenta,sab,0.36,0
5251.84,0,mobile_ios,1485,True,4,8,0,electronicos,lun,1.13,0
6235.63,22,mobile_android,608,False,1,4,0,electronicos,jue,1.47,0
5350.53,14,mobile_ios,1123,True,1,4,1,supermercado,mar,1.12,0
5697.68,11,mobile_ios,311,False,0,6,0,gastronomia,lun,0.77,0
1944.34,14,mobile_ios,547,False,1,3,1,supermercado,jue,0.77,0
1313.45,10,mobile_ios,1444,False,0,5,0,electronicos,vie,1.54,0
3852.57,0,mobile_android,505,False,2,5,1,vestimenta,mar,0.81,0
3060.21,13,mobile_ios,920,False,2,8,0,gastronomia,vie,0.99,0
3461.74,8,mobile_ios,1540,False,0,4,0,gastronomia,dom,0.73,0
7799.81,18,mobile_ios,409,False,1,4,0,electronicos,dom,1.33,0
1575.83,22,mobile_ios,1397,False,1,6,0,vestimenta,lun,0.75,0
2633.36,22,mobile_ios,3022,False,4,8,0,transferencia_p2p,dom,0.85,0
2506.11,18,mobile_ios,1210,False,3,7,0,gastronomia,jue,1.56,0
4698.89,0,mobile_ios,400,False,1,4,1,viajes,dom,0.9,0
1178.56,10,mobile_android,330,False,4,11,1,gastronomia,jue,0.28,0
4247.48,17,mobile_ios,2204,False,3,4,0,vestimenta,jue,0.77,0
4369.44,10,mobile_ios,819,False,0,7,0,gastronomia,mar,0.49,0
17072.63,20,mobile_ios,1215,True,2,7,0,supermercado,vie,0.62,0
7656.07,21,web,1927,True,0,5,0,electronicos,lun,0.93,0
15892.64,19,mobile_android,204,False,1,10,1,gastronomia,sab,0.94,0
5812.81,11,mobile_android,805,False,1,7,0,viajes,mie,1.0,0
3834.13,11,web,470,False,1,5,0,cripto,lun,0.79,0
12188.68,18,mobile_ios,928,False,0,5,0,transferencia_p2p,mar,0.54,0
4931.84,14,mobile_ios,53,False,1,6,0,vestimenta,lun,1.09,0
4198.26,18,mobile_ios,446,False,3,5,1,vestimenta,vie,0.65,0
815.12,22,web,1647,False,2,8,0,vestimenta,dom,1.24,0
586.97,21,mobile_android,1067,True,3,7,1,gastronomia,mie,1.03,1
1407.35,10,mobile_android,860,False,0,4,0,viajes,jue,1.0,0
1356.88,16,mobile_android,189,False,5,9,0,cripto,sab,1.13,0
3517.57,15,mobile_ios,910,False,0,4,1,supermercado,mie,1.16,0
5057.67,10,mobile_ios,1009,False,1,4,0,supermercado,dom,1.82,0
3297.07,20,mobile_ios,1071,False,0,2,0,supermercado,lun,0.96,0
1069.87,9,mobile_ios,1554,False,0,8,0,gastronomia,sab,0.89,0
5473.8,12,mobile_android,955,False,1,9,0,supermercado,sab,1.78,0
5911.43,22,web,744,False,0,7,0,transferencia_p2p,sab,0.51,0
452.87,21,mobile_android,561,False,0,4,0,gastronomia,vie,1.36,0
4005.56,19,web,827,False,2,4,0,electronicos,mie,0.24,0
4336.48,18,web,771,False,0,4,0,gastronomia,jue,0.29,0
731.39,14,mobile_android,875,False,2,5,0,supermercado,sab,0.49,0
2832.45,19,mobile_ios,716,False,0,3,0,gastronomia,lun,1.21,0
425.26,21,mobile_android,1234,False,0,6,0,cripto,dom,0.66,0
10283.44,20,mobile_ios,715,False,1,4,0,supermercado,jue,1.35,0
1380.02,18,mobile_android,1792,False,2,5,0,transferencia_p2p,sab,0.79,0
4371.73,21,mobile_ios,101,False,0,2,0,gastronomia,mar,1.18,0
20819.01,15,web,588,False,0,5,0,gastronomia,sab,1.7,0
1364.99,11,mobile_ios,72,False,2,4,0,supermercado,mar,0.86,0
8314.15,13,web,631,False,0,2,0,electronicos,jue,1.2,0
4264.67,23,mobile_ios,202,False,0,2,0,supermercado,jue,0.4,0
4761.7,10,mobile_android,68,True,0,4,0,gastronomia,sab,0.47,0
10000.0,0,mobile_ios,382,False,2,9,0,juegos_online,jue,2.12,1
14777.81,0,mobile_ios,1293,False,1,8,0,gastronomia,vie,1.34,0
5733.01,20,mobile_ios,359,False,1,4,0,vestimenta,lun,1.29,0
851.71,8,web,391,True,1,3,0,gastronomia,sab,1.39,0
722.73,13,mobile_android,567,False,1,5,0,supermercado,sab,1.16,0
22500.64,12,mobile_ios,1977,False,1,6,0,electronicos,mar,1.76,0
7737.66,12,mobile_ios,428,False,0,3,0,supermercado,mar,0.68,0
1228.36,21,web,2309,False,0,1,0,cripto,lun,1.35,0
5223.91,19,mobile_ios,2794,False,4,8,0,supermercado,lun,0.86,0
2875.03,12,mobile_android,714,False,1,1,0,transferencia_p2p,jue,1.08,0
507.75,23,mobile_ios,918,False,1,7,0,viajes,jue,0.6,0
10142.73,23,web,341,False,0,3,0,vestimenta,sab,0.75,0
17783.1,13,mobile_android,1472,True,2,7,0,cripto,vie,0.83,0
1126.8,20,mobile_android,965,False,2,7,2,cripto,lun,2.97,1
3425.75,0,mobile_ios,1025,False,2,5,1,transferencia_p2p,sab,1.0,0
1954.31,11,mobile_android,682,False,1,4,0,supermercado,vie,1.53,0
2363.47,21,mobile_android,2223,False,2,6,0,supermercado,mar,1.49,0
2927.7,17,mobile_android,2613,False,1,3,0,vestimenta,mar,1.13,0
18909.01,14,mobile_android,616,False,2,5,0,gastronomia,vie,1.27,0
5000.0,11,mobile_android,589,False,4,7,2,supermercado,mie,2.34,1
13240.41,18,mobile_android,676,False,1,2,2,viajes,mar,1.42,0
1942.3,11,mobile_android,634,False,0,4,0,viajes,lun,1.05,0
813.3,20,mobile_ios,358,False,0,6,0,electronicos,jue,0.69,0
878.26,21,mobile_ios,363,False,2,4,0,supermercado,jue,0.7,0
420.63,12,mobile_ios,1133,False,4,9,0,supermercado,vie,0.41,0
1464.73,21,mobile_android,676,False,2,9,0,vestimenta,vie,1.14,0
11016.61,23,mobile_ios,930,False,2,6,0,gastronomia,vie,0.51,0
8595.95,10,web,1070,True,0,1,0,supermercado,jue,1.25,0
9235.76,20,mobile_ios,295,False,2,10,0,vestimenta,jue,0.75,0
2498.4,14,mobile_android,1220,False,0,3,1,supermercado,sab,1.61,0
1633.34,21,mobile_android,612,False,0,2,0,transferencia_p2p,jue,0.67,0
3468.63,13,mobile_ios,1617,False,2,9,0,gastronomia,vie,0.64,0
1663.37,21,mobile_ios,786,False,2,8,1,supermercado,dom,1.35,0
10013.21,16,mobile_ios,2867,False,1,5,0,cripto,mar,1.79,0
3340.58,18,mobile_android,1212,False,3,6,0,supermercado,jue,0.97,0
1878.21,22,mobile_ios,1258,False,0,3,1,vestimenta,dom,0.85,0
13172.83,3,mobile_android,322,False,2,9,0,viajes,lun,2.45,1
226.33,10,mobile_android,2040,False,1,7,0,vestimenta,vie,1.4,0
2098.93,16,mobile_ios,1318,True,3,5,0,gastronomia,vie,0.41,0
9773.26,13,mobile_ios,588,False,1,4,0,cripto,vie,0.61,0
25358.44,21,mobile_android,210,False,2,6,0,transferencia_p2p,dom,2.11,0
1652.83,11,mobile_android,1244,False,1,4,0,supermercado,mar,0.6,0
2294.03,12,mobile_ios,304,False,2,5,0,electronicos,mie,1.16,0
52668.0,22,mobile_android,1056,False,1,9,0,supermercado,sab,0.98,0
2936.14,14,mobile_ios,778,False,2,6,0,electronicos,vie,1.29,0
1392.71,12,mobile_ios,917,False,1,3,0,supermercado,lun,0.33,0
3685.1,10,mobile_android,359,False,2,5,0,vestimenta,mar,1.16,0
2168.35,20,mobile_ios,947,False,0,2,0,vestimenta,sab,1.13,0
5252.46,23,mobile_ios,1546,False,2,5,0,electronicos,vie,0.77,0
1870.8,14,mobile_ios,445,False,1,6,0,electronicos,jue,1.37,0
12092.08,12,mobile_android,1090,False,0,2,0,gastronomia,jue,1.8,0
1139.02,16,web,1865,False,1,2,0,supermercado,mar,0.64,0
4397.15,20,mobile_ios,1902,True,3,9,0,vestimenta,lun,0.82,0
1241.1,12,mobile_android,1582,False,1,8,0,vestimenta,sab,1.06,0
3681.16,11,mobile_ios,2010,False,0,6,1,electronicos,dom,1.46,0
4534.1,9,mobile_android,794,False,1,4,0,supermercado,vie,0.7,0
8421.04,22,web,391,False,1,7,0,vestimenta,mie,1.13,0
3015.79,18,mobile_android,1975,False,2,4,1,electronicos,jue,0.94,0
5160.43,18,mobile_ios,1379,False,1,3,0,gastronomia,dom,0.64,0
6730.74,20,mobile_android,1212,False,2,4,0,electronicos,vie,1.37,0
4454.44,18,mobile_ios,2709,False,1,4,0,gastronomia,mie,0.68,0
7442.83,20,mobile_ios,1575,False,0,4,0,supermercado,sab,1.41,0
8140.2,12,mobile_ios,1406,False,0,4,0,supermercado,vie,1.06,0
4624.62,12,web,604,False,2,5,0,cripto,jue,1.17,0
2774.78,20,mobile_android,888,False,1,5,0,electronicos,sab,0.9,0
12617.38,12,mobile_android,1126,False,1,3,0,viajes,sab,0.55,0
3569.72,15,mobile_android,689,False,3,7,0,electronicos,mar,0.82,0
2871.93,18,mobile_android,526,False,3,8,0,supermercado,vie,0.41,0
3557.33,11,mobile_android,1559,False,1,5,0,gastronomia,jue,0.74,0
5098.1,11,mobile_ios,643,False,1,5,0,supermercado,jue,1.09,0
1579.11,12,web,769,False,0,6,0,supermercado,jue,0.31,0
1932.84,18,mobile_ios,985,False,2,5,0,supermercado,sab,0.81,0
3073.76,19,mobile_android,566,False,1,6,0,supermercado,vie,1.17,0
3313.89,13,mobile_ios,639,False,0,4,0,viajes,dom,1.67,0
6312.29,11,web,602,False,0,5,0,vestimenta,vie,0.79,0
2194.77,20,mobile_ios,1234,False,0,6,0,gastronomia,mie,0.98,0
5217.18,8,mobile_android,1385,False,1,4,0,vestimenta,dom,1.09,0
6352.58,15,mobile_ios,1191,False,0,4,0,juegos_online,lun,0.75,0
3405.16,14,mobile_ios,956,True,2,5,0,viajes,mar,1.32,0
693.44,21,mobile_android,517,False,0,2,0,supermercado,dom,1.54,0
8228.15,23,web,1672,False,1,3,0,transferencia_p2p,lun,2.13,0
3313.65,11,mobile_android,651,False,1,3,0,gastronomia,lun,0.62,0
1198.79,19,mobile_android,1450,False,2,6,0,supermercado,jue,0.27,0
5395.8,19,mobile_ios,318,False,0,7,0,gastronomia,sab,0.99,0
1791.92,10,mobile_android,1339,False,1,2,0,juegos_online,vie,1.72,0
20825.52,12,mobile_ios,536,False,0,8,2,transferencia_p2p,sab,0.81,0
1178.76,19,web,3650,False,2,6,0,gastronomia,lun,1.06,0
10384.08,14,mobile_ios,1509,False,2,8,0,viajes,vie,1.06,0
2545.27,12,web,1178,False,1,6,0,supermercado,mie,1.07,0
977.47,23,mobile_ios,811,False,0,2,0,vestimenta,mar,0.12,0
2239.05,10,mobile_android,748,False,1,7,1,gastronomia,mie,0.75,0
13107.56,19,mobile_ios,647,False,0,1,0,gastronomia,mie,2.01,0
10393.68,18,mobile_ios,598,False,0,4,1,viajes,jue,0.97,0
3235.75,19,web,1476,False,2,7,1,transferencia_p2p,mie,0.05,1
1637.94,12,mobile_android,2852,False,0,3,0,gastronomia,mie,0.8,0
7362.76,0,mobile_ios,1266,False,2,4,0,electronicos,jue,1.18,0
2358.54,12,mobile_android,848,True,0,5,1,viajes,sab,1.07,0
10628.61,15,mobile_ios,1139,False,0,6,1,juegos_online,vie,1.47,0
6395.26,13,mobile_android,1381,False,1,5,0,vestimenta,vie,0.67,0
5415.34,18,mobile_android,960,False,1,3,0,viajes,dom,0.3,0
3785.42,21,mobile_android,544,False,3,6,0,viajes,lun,1.61,0
1666.05,12,mobile_android,508,False,1,2,0,supermercado,sab,1.16,0
1575.26,14,web,1624,False,1,10,0,gastronomia,mar,1.04,0
2274.75,17,mobile_android,855,False,2,8,0,gastronomia,lun,1.51,0
3530.72,20,mobile_android,554,False,3,5,0,supermercado,mie,1.95,0
2748.0,17,mobile_ios,950,False,1,6,0,supermercado,jue,1.12,0
1219.58,13,mobile_android,532,False,1,3,0,vestimenta,sab,0.55,0
1539.66,17,mobile_ios,1946,False,2,6,0,supermercado,lun,1.29,0
3433.09,11,mobile_ios,234,False,3,6,0,transferencia_p2p,jue,1.69,0
5094.12,21,mobile_android,1474,False,0,6,0,vestimenta,vie,0.6,0
2222.97,19,web,1628,False,2,6,0,electronicos,mar,0.42,0
6335.69,21,mobile_ios,1750,False,2,8,0,supermercado,mar,0.91,0
1416.64,12,mobile_android,1332,False,3,9,0,gastronomia,dom,1.76,0
3872.69,17,mobile_android,207,False,0,6,0,viajes,sab,0.25,0
5069.72,19,mobile_ios,322,True,1,4,0,supermercado,sab,0.52,0
6001.64,12,mobile_android,895,False,2,6,0,viajes,sab,0.97,0
15700.44,0,mobile_ios,1244,True,3,6,0,electronicos,mie,0.62,0
2265.36,16,mobile_android,1472,False,2,11,0,vestimenta,sab,1.33,0
1565.86,20,mobile_android,855,False,2,5,0,transferencia_p2p,jue,0.87,0
560.47,16,mobile_android,730,True,0,2,0,viajes,lun,1.36,0
2939.65,11,mobile_ios,1742,False,1,7,0,gastronomia,mar,0.61,0
1012.48,15,mobile_ios,965,False,0,6,1,supermercado,vie,1.73,0
594.32,23,mobile_android,3429,False,0,6,0,viajes,vie,0.84,0
12558.59,12,web,1331,False,0,3,0,viajes,mar,0.67,0
3491.91,14,mobile_android,518,False,2,7,0,vestimenta,dom,1.05,0
5804.15,11,mobile_ios,2215,False,0,4,0,supermercado,mar,1.2,0
2272.13,1,web,1195,False,2,6,1,cripto,sab,0.89,0
4185.24,0,web,340,False,1,6,0,gastronomia,sab,1.31,1
913.99,11,mobile_android,2811,False,1,3,0,vestimenta,mar,1.06,0
14770.19,22,mobile_android,776,False,2,4,0,gastronomia,vie,0.54,0
4725.62,10,mobile_android,958,False,3,8,0,electronicos,mie,0.77,0
4280.9,10,mobile_android,676,False,1,5,0,supermercado,sab,0.78,0
1458.08,19,web,188,False,0,5,0,gastronomia,mie,1.2,0
2184.55,11,mobile_ios,599,False,4,5,0,supermercado,jue,0.8,0
372.14,0,web,1862,False,2,4,0,gastronomia,dom,1.16,0
5720.25,19,mobile_ios,725,False,0,3,0,vestimenta,mie,1.29,0
1822.54,20,mobile_ios,157,False,0,5,0,gastronomia,lun,1.64,0
5700.5,22,mobile_android,1007,False,2,6,0,supermercado,lun,0.3,0
4180.58,12,mobile_android,987,False,3,7,0,viajes,mie,1.28,0
2246.68,10,mobile_ios,632,False,1,2,1,cripto,mie,1.14,0
7362.45,10,mobile_android,1136,False,0,6,0,gastronomia,jue,1.17,0
3906.59,20,web,603,False,0,4,0,viajes,lun,1.55,0
7792.72,21,mobile_android,544,False,4,9,0,vestimenta,sab,0.75,0
755.94,13,mobile_ios,1061,False,1,4,0,gastronomia,vie,0.8,0
8326.29,15,mobile_android,914,False,0,3,1,supermercado,mie,0.52,0
3088.22,13,mobile_android,1377,False,3,10,0,supermercado,vie,1.19,0
11241.36,10,mobile_ios,1222,False,0,3,0,gastronomia,lun,1.85,0
899.55,16,mobile_ios,1984,False,4,5,0,viajes,jue,1.34,0
601.56,23,mobile_ios,674,False,1,5,0,gastronomia,sab,0.76,0
4936.28,12,mobile_ios,1022,False,1,7,0,vestimenta,vie,1.3,0
1492.89,20,web,1043,False,2,4,0,gastronomia,jue,1.14,0
3162.79,8,mobile_ios,1640,False,4,6,0,gastronomia,mar,0.31,0
2301.14,23,mobile_android,554,False,2,5,0,viajes,lun,1.04,0
2589.2,21,mobile_android,1287,False,1,4,0,supermercado,lun,0.94,0
1644.84,14,mobile_android,756,True,0,4,0,transferencia_p2p,dom,1.03,0
1794.96,14,mobile_android,511,False,2,7,0,juegos_online,vie,1.26,0
2819.09,14,mobile_android,680,False,2,5,0,supermercado,sab,0.72,0
1264.39,14,mobile_ios,2131,False,2,8,1,supermercado,dom,1.37,0
1953.66,11,mobile_ios,645,False,0,3,0,supermercado,mar,1.04,0
2421.81,11,web,1035,False,0,2,0,cripto,jue,1.42,0
6666.11,12,mobile_android,432,False,3,9,1,electronicos,dom,0.44,0
1164.2,14,mobile_android,919,False,0,2,0,supermercado,lun,0.96,0
3577.56,14,mobile_android,278,False,2,5,0,supermercado,sab,0.79,0
2405.53,17,web,713,False,3,4,0,viajes,jue,0.41,0
4284.47,19,mobile_ios,584,False,2,4,0,vestimenta,sab,1.41,0
1199.39,21,mobile_ios,1113,False,1,5,0,vestimenta,lun,1.17,0
1212.38,19,mobile_ios,347,True,1,3,0,supermercado,vie,1.63,0
5553.52,22,mobile_android,2861,False,0,2,0,juegos_online,sab,0.91,0
716.17,18,mobile_android,218,False,3,8,0,viajes,mie,0.06,0
5235.74,20,mobile_android,893,False,2,5,0,electronicos,lun,0.95,0
8810.39,13,mobile_ios,45,True,1,6,0,supermercado,vie,1.96,1
3286.58,12,web,1506,False,2,5,0,gastronomia,jue,1.24,0
5381.51,10,web,859,False,0,7,0,supermercado,mar,0.79,0
2372.44,12,mobile_ios,713,False,1,5,0,supermercado,jue,0.5,0
8514.26,13,mobile_ios,986,True,3,7,3,gastronomia,mie,2.14,1
1672.17,19,mobile_ios,647,False,1,3,0,supermercado,dom,0.73,0
1307.32,14,mobile_android,264,False,1,10,0,cripto,jue,0.51,0
7631.31,21,mobile_ios,1559,False,1,4,0,supermercado,mie,1.42,0
513.58,19,mobile_android,588,False,0,2,0,juegos_online,mie,1.81,0
3278.74,20,mobile_android,2460,False,2,3,0,supermercado,mar,1.29,0
9323.46,15,mobile_android,729,False,2,4,0,supermercado,jue,0.98,0
2864.73,8,mobile_ios,1101,False,0,1,0,gastronomia,jue,1.18,0
9587.79,16,mobile_android,2731,False,1,9,0,supermercado,lun,1.25,0
1498.97,10,mobile_ios,1628,False,3,8,1,transferencia_p2p,sab,1.07,0
4354.18,18,mobile_android,374,False,3,7,0,supermercado,mar,1.0,0
1247.88,19,mobile_ios,633,False,2,8,0,cripto,dom,2.16,1
7683.63,20,mobile_android,791,False,6,11,0,supermercado,dom,1.34,0
6010.17,14,mobile_android,689,False,2,3,0,supermercado,jue,1.27,0
1645.61,1,mobile_ios,1441,False,4,10,0,electronicos,vie,0.52,0
5011.82,18,mobile_ios,740,False,1,6,0,gastronomia,vie,1.2,0
769.15,11,web,326,False,3,5,0,vestimenta,jue,1.06,0
5686.94,17,web,1894,False,3,6,0,electronicos,jue,0.56,0
2124.37,10,mobile_ios,1621,False,4,9,0,supermercado,mar,0.26,0
11401.28,23,mobile_ios,1213,False,1,5,0,gastronomia,lun,1.38,0
8828.02,19,mobile_android,396,False,4,13,0,supermercado,mar,0.38,0
1013.63,20,mobile_ios,963,False,0,5,0,supermercado,sab,0.64,0
1151.86,20,mobile_ios,1210,False,2,7,0,electronicos,mar,0.14,0
17059.28,15,mobile_android,502,False,1,3,1,viajes,sab,0.99,0
5038.44,14,mobile_ios,399,False,1,3,0,vestimenta,dom,0.65,0
17500.74,20,mobile_android,1833,False,1,4,0,cripto,mie,0.65,0
5697.11,13,mobile_android,1341,False,0,10,0,transferencia_p2p,lun,1.79,0
14875.66,22,web,1236,False,0,2,0,vestimenta,sab,0.65,0
10105.98,9,mobile_ios,533,False,0,3,0,supermercado,lun,1.09,0
8747.68,12,mobile_ios,1173,False,2,4,0,gastronomia,mar,1.01,0
1937.28,20,mobile_ios,857,False,1,4,0,vestimenta,jue,0.62,0
6876.35,12,mobile_android,253,False,2,7,0,gastronomia,jue,0.81,0
4925.88,19,mobile_android,1736,False,1,3,1,gastronomia,dom,1.17,0
5228.15,11,mobile_android,603,False,0,4,0,vestimenta,vie,0.86,0
5855.45,22,mobile_ios,867,False,2,7,0,supermercado,dom,0.99,0
1608.39,22,mobile_android,376,False,2,10,0,gastronomia,jue,1.59,0
1244.37,23,web,1465,False,1,4,0,electronicos,lun,1.1,0
3295.01,23,mobile_android,125,False,3,6,1,gastronomia,vie,1.14,0
1855.27,22,mobile_ios,1137,False,2,6,2,supermercado,lun,0.73,0
3840.88,12,mobile_android,792,False,0,3,0,transferencia_p2p,vie,1.0,0
9362.02,10,mobile_android,1181,False,2,6,0,supermercado,mar,0.54,0
429.45,20,mobile_android,999,True,1,2,0,transferencia_p2p,mar,1.51,0
6855.92,12,mobile_ios,1194,False,2,2,0,electronicos,vie,0.76,0
4787.88,22,mobile_ios,274,False,1,4,1,gastronomia,jue,0.76,0
1267.2,19,mobile_ios,875,False,0,4,0,supermercado,mie,0.64,0
4930.04,18,mobile_ios,559,False,0,7,0,supermercado,mar,0.87,0
2743.08,12,mobile_ios,1957,False,1,5,0,viajes,dom,1.22,0
5176.74,17,mobile_ios,938,False,1,6,0,transferencia_p2p,vie,1.01,0
3506.05,15,mobile_ios,1156,False,0,4,0,vestimenta,dom,1.67,0
1943.82,10,mobile_android,366,False,1,4,1,juegos_online,mie,1.91,0
2340.94,21,mobile_ios,237,False,0,7,0,supermercado,lun,0.77,0
4866.51,19,mobile_ios,910,False,1,4,0,electronicos,sab,0.93,0
15729.65,17,mobile_android,937,False,2,9,0,vestimenta,jue,0.39,0
1184.2,16,web,798,False,2,7,0,viajes,vie,1.06,0
235.21,23,mobile_android,373,False,1,7,1,cripto,dom,1.39,0
3020.69,10,mobile_ios,1332,False,3,5,0,electronicos,vie,0.24,0
1130.47,21,mobile_ios,1847,False,0,3,2,viajes,vie,1.11,0
3236.96,21,mobile_android,599,False,0,1,0,supermercado,sab,0.34,0
2969.71,21,web,676,False,1,5,1,cripto,jue,1.07,0
5294.3,21,mobile_ios,309,False,1,2,0,gastronomia,vie,1.19,0
7852.63,21,mobile_android,1556,False,3,5,0,vestimenta,lun,1.57,0
20000.0,1,mobile_ios,55,False,5,15,1,cripto,lun,0.05,1
27198.75,13,mobile_android,103,False,0,6,1,electronicos,jue,1.31,0
2385.86,19,mobile_android,1067,False,1,6,0,cripto,lun,0.99,0
7628.85,22,mobile_ios,403,False,0,4,0,vestimenta,mar,0.43,0
9895.39,8,mobile_ios,1420,True,1,11,0,supermercado,lun,1.4,0
7703.71,15,mobile_android,286,False,1,5,0,vestimenta,mie,1.59,0
462.55,9,mobile_ios,645,False,2,8,0,supermercado,vie,0.39,0
1942.89,19,mobile_ios,880,False,1,7,0,gastronomia,mie,0.96,0
2584.16,20,mobile_ios,412,False,0,2,0,gastronomia,vie,0.88,0
961.37,20,mobile_android,853,False,0,8,0,electronicos,dom,0.83,0
1509.12,10,mobile_android,807,False,0,1,0,supermercado,mie,1.25,0
4836.3,19,mobile_android,1256,False,2,6,0,supermercado,mie,1.66,0
324.21,20,mobile_android,689,False,4,10,0,supermercado,lun,0.72,0
3876.54,12,mobile_android,907,False,0,3,0,gastronomia,mie,0.19,0
6494.18,20,mobile_android,337,False,2,6,0,vestimenta,jue,0.05,0
5384.42,14,mobile_android,780,False,1,4,0,supermercado,dom,0.83,0
28252.9,0,mobile_android,47,False,5,10,0,cripto,mar,2.94,1
2865.17,15,mobile_ios,407,False,1,4,0,electronicos,mar,1.82,0
673.62,19,mobile_android,349,False,0,7,0,cripto,vie,0.28,0
2984.44,9,mobile_ios,300,False,0,3,0,transferencia_p2p,lun,1.15,0
5550.35,10,mobile_android,1174,False,0,2,0,supermercado,sab,0.69,0
2868.55,20,web,1855,False,2,3,0,supermercado,mar,0.32,0
643.36,22,mobile_ios,330,False,0,3,0,gastronomia,lun,1.54,0
6178.48,12,mobile_ios,1219,False,3,7,1,gastronomia,mie,0.61,0
6738.45,14,mobile_android,260,False,2,9,1,juegos_online,lun,0.59,0
4644.31,2,mobile_ios,1154,False,4,12,0,electronicos,dom,0.68,0
3636.88,18,mobile_ios,759,False,1,5,0,vestimenta,jue,1.01,0
4260.89,12,mobile_ios,611,False,0,1,0,supermercado,vie,1.16,0
10339.67,16,mobile_android,312,False,2,4,0,supermercado,mie,1.72,0
3113.74,12,web,837,False,1,8,0,supermercado,mar,1.69,0
9344.97,17,mobile_ios,1275,False,1,3,0,electronicos,mar,1.12,0
57955.8,19,mobile_ios,914,False,2,6,0,supermercado,dom,1.09,0
649.72,13,mobile_android,1391,False,2,6,0,gastronomia,jue,0.88,0
29048.19,0,mobile_android,682,False,1,6,0,vestimenta,vie,0.62,0
5711.96,13,mobile_ios,2118,False,1,7,0,supermercado,lun,1.47,0
4850.76,20,mobile_android,2172,False,0,4,1,supermercado,vie,1.42,0
10730.62,10,mobile_android,708,False,3,12,0,gastronomia,mar,0.75,0
14095.15,22,mobile_ios,1839,False,1,5,0,transferencia_p2p,lun,1.57,0
4101.98,20,mobile_android,1382,False,1,4,0,supermercado,lun,0.16,0
1762.71,17,mobile_ios,503,False,3,6,0,supermercado,vie,0.47,0
1162.19,0,mobile_ios,431,False,1,9,0,transferencia_p2p,mar,2.06,0
7607.09,18,mobile_ios,693,False,0,2,0,supermercado,mie,0.5,0
5542.64,14,mobile_ios,1475,False,2,5,0,viajes,sab,1.0,0
14087.93,19,mobile_android,371,False,2,7,0,viajes,sab,1.28,0
6506.93,21,mobile_ios,1221,False,1,6,1,vestimenta,lun,0.82,0
2876.03,12,mobile_android,907,False,0,3,0,gastronomia,mar,1.58,0
4606.02,0,web,1833,False,1,6,0,cripto,jue,1.73,0
2641.28,14,mobile_ios,553,False,3,5,0,transferencia_p2p,sab,1.01,0
7566.55,20,mobile_android,943,False,1,6,0,transferencia_p2p,vie,1.12,0
5583.0,20,mobile_ios,705,False,2,8,0,juegos_online,vie,0.8,0
3322.46,18,web,2550,True,2,3,2,viajes,dom,1.49,0
6600.84,11,mobile_ios,585,False,0,4,0,gastronomia,jue,1.28,0
2318.85,10,mobile_android,2404,False,2,2,0,electronicos,dom,0.44,0
3066.94,10,mobile_ios,1272,False,1,3,0,gastronomia,dom,0.95,0
1340.58,19,mobile_ios,871,False,2,6,0,supermercado,mie,1.23,0
3378.65,22,mobile_android,1617,False,2,4,0,supermercado,lun,0.97,0
21902.81,12,web,825,False,1,7,0,vestimenta,sab,0.42,0
7525.84,15,web,656,False,1,3,0,vestimenta,vie,0.79,0
4929.77,12,mobile_android,1269,False,0,6,0,juegos_online,sab,0.94,0
2056.71,19,web,3567,False,1,6,0,gastronomia,vie,0.84,0
824.64,20,mobile_android,411,False,2,8,0,gastronomia,jue,1.41,0
10138.54,10,mobile_ios,3650,False,2,8,0,gastronomia,jue,1.04,0
3015.18,14,mobile_android,708,False,0,7,0,gastronomia,jue,0.65,0
8259.37,12,mobile_ios,515,False,1,4,0,vestimenta,mie,0.69,0
4670.09,22,mobile_android,1708,False,4,8,0,supermercado,mie,0.42,0
3428.05,19,mobile_android,1643,False,1,6,0,transferencia_p2p,mie,0.98,0
4730.98,18,mobile_android,654,False,2,10,0,vestimenta,dom,2.73,1
1838.87,19,mobile_android,1624,False,1,6,0,electronicos,sab,0.81,0
4266.46,15,mobile_android,1026,False,0,6,0,gastronomia,vie,1.65,0
1536.4,20,mobile_android,761,False,0,4,0,supermercado,jue,0.36,0
6409.01,20,mobile_ios,1347,False,1,2,0,viajes,mie,1.01,0
1168.76,7,mobile_ios,1711,False,1,6,0,vestimenta,mie,1.53,0
7512.19,16,mobile_android,51,False,1,8,0,gastronomia,mie,1.67,0
6575.5,13,mobile_ios,935,False,1,5,0,vestimenta,sab,1.18,0
3684.58,8,web,639,False,2,6,0,supermercado,vie,1.26,0
735.13,14,mobile_ios,1011,False,1,4,0,gastronomia,lun,1.06,0
647.68,11,mobile_ios,141,False,0,4,0,supermercado,vie,0.56,0
5213.24,11,mobile_ios,414,False,1,3,0,supermercado,mar,1.08,0
8275.39,22,mobile_ios,560,True,3,7,0,cripto,dom,1.31,1
12178.47,22,mobile_android,1006,False,3,8,0,vestimenta,mie,0.5,0
17347.2,21,web,405,False,1,4,0,gastronomia,vie,1.18,0
37333.75,19,mobile_android,168,False,3,9,0,electronicos,jue,1.06,0
2275.97,12,mobile_android,1928,False,2,3,0,transferencia_p2p,mar,0.87,0
16790.37,22,mobile_ios,1226,False,0,5,0,supermercado,mar,1.03,0
968.37,0,mobile_ios,1594,False,1,4,0,transferencia_p2p,vie,0.44,0
6868.57,20,mobile_ios,1002,False,2,4,1,supermercado,dom,1.02,0
2664.16,21,mobile_android,2026,False,3,8,0,gastronomia,sab,0.7,0
5177.28,20,mobile_android,638,False,1,3,0,supermercado,mar,1.44,0
6706.56,14,mobile_android,825,False,2,6,0,juegos_online,dom,1.54,0
1083.15,23,mobile_android,425,False,1,6,0,vestimenta,sab,1.87,0
4479.11,0,mobile_ios,877,False,2,5,0,gastronomia,sab,2.14,1
4378.09,21,mobile_android,291,False,0,4,0,supermercado,mie,0.96,0
3975.35,20,mobile_ios,574,False,2,4,0,electronicos,vie,1.0,0
41567.5,12,mobile_ios,3405,False,4,6,0,cripto,lun,1.12,1
1718.66,22,mobile_ios,755,True,0,5,0,supermercado,mar,0.93,0
6029.65,14,mobile_ios,387,False,1,7,0,supermercado,vie,0.73,0
5647.63,16,mobile_android,158,False,0,3,0,gastronomia,lun,1.62,0
7961.32,13,mobile_android,988,False,2,3,0,vestimenta,sab,1.48,0
1702.43,16,mobile_ios,1088,False,1,2,0,supermercado,mar,1.04,0
3946.59,13,mobile_android,597,False,2,6,0,gastronomia,dom,1.27,0
856.62,12,web,629,False,1,6,0,electronicos,mie,0.88,0
824.22,19,mobile_ios,1847,False,1,5,0,gastronomia,mie,0.57,0
5710.26,16,mobile_android,1283,False,1,5,0,vestimenta,mie,1.12,0
2869.31,20,mobile_android,712,False,1,2,0,transferencia_p2p,mar,0.98,0
4971.16,12,web,943,False,1,7,0,supermercado,lun,1.27,0
4888.27,12,mobile_android,2083,False,0,3,1,gastronomia,sab,1.14,0
4034.16,16,web,498,False,3,7,0,gastronomia,jue,1.22,0
59856.02,12,mobile_ios,3034,False,0,5,0,transferencia_p2p,mie,0.95,0
6407.04,14,mobile_android,1133,False,1,4,0,supermercado,mar,0.48,0
10151.21,1,web,433,False,0,4,0,supermercado,mie,1.65,0
1516.09,13,web,540,False,2,5,1,gastronomia,vie,1.35,0
3594.14,14,mobile_android,689,False,1,4,0,electronicos,mie,1.63,0
1139.22,15,mobile_ios,1554,False,2,3,0,electronicos,sab,1.15,0
11182.75,11,mobile_android,1457,True,0,3,0,vestimenta,jue,0.91,0
3985.79,18,mobile_android,750,False,0,3,0,electronicos,sab,1.26,0
815.14,17,mobile_ios,632,False,1,5,1,supermercado,mar,0.65,0
1917.9,13,mobile_ios,1012,False,3,5,0,supermercado,sab,1.27,0
357.95,9,mobile_android,786,False,0,1,0,vestimenta,dom,1.19,0
2135.55,11,mobile_ios,815,False,1,4,1,supermercado,lun,0.68,0
87452.73,9,web,500,False,1,7,0,gastronomia,mie,0.96,0
3267.45,12,mobile_android,1651,False,1,3,0,transferencia_p2p,jue,0.94,0
943.48,12,web,1277,False,1,6,0,gastronomia,dom,0.96,0
3721.39,20,mobile_ios,914,False,5,8,0,gastronomia,mar,0.57,0
3158.96,12,mobile_android,580,False,0,2,0,transferencia_p2p,lun,1.19,0
9326.03,20,mobile_ios,1017,False,1,8,0,supermercado,dom,1.04,0
10525.11,23,mobile_android,2388,False,0,2,0,supermercado,lun,1.74,0
25266.41,21,mobile_android,639,False,0,7,0,supermercado,sab,0.99,0
990.11,14,mobile_ios,480,False,0,8,1,supermercado,lun,0.72,0
555.13,19,web,1123,False,2,6,0,supermercado,vie,1.34,0
1599.26,10,mobile_android,1713,False,3,8,0,vestimenta,mar,1.24,0
11296.35,19,mobile_ios,1360,True,1,6,0,vestimenta,lun,1.3,0
1582.46,10,web,377,False,1,3,0,viajes,lun,0.6,0
627.83,23,mobile_android,1896,False,0,5,0,viajes,mar,0.93,0
1110.9,17,web,879,False,0,6,0,gastronomia,sab,0.31,0
576.2,9,mobile_ios,690,False,0,5,1,supermercado,vie,0.68,0
2330.4,14,mobile_android,1771,False,0,5,0,supermercado,vie,0.77,0
3031.17,23,web,367,False,1,2,0,transferencia_p2p,vie,1.64,0
3428.6,17,mobile_ios,542,False,3,4,0,transferencia_p2p,vie,1.35,0
3244.33,12,mobile_ios,602,False,2,10,0,gastronomia,mie,1.04,0
19582.34,9,mobile_android,3149,False,0,4,0,supermercado,mar,0.22,0
14159.22,10,web,915,False,0,1,0,supermercado,dom,0.69,0
13145.64,8,mobile_ios,1037,False,0,2,0,vestimenta,lun,1.2,0
335.83,17,mobile_android,442,False,2,7,0,viajes,mie,0.93,0
3250.77,15,web,262,False,2,6,0,supermercado,lun,1.53,0
1320.72,23,mobile_android,699,False,0,5,0,electronicos,jue,0.46,0
1853.6,8,web,1048,False,2,8,0,vestimenta,dom,1.06,0
2125.37,10,mobile_ios,589,False,1,6,0,vestimenta,mie,0.83,0
2149.84,14,mobile_android,1189,False,0,5,0,vestimenta,jue,0.85,0
3348.2,10,mobile_ios,3650,False,1,4,0,supermercado,vie,1.23,0
2559.93,22,mobile_ios,724,False,2,7,0,transferencia_p2p,dom,0.56,0
7862.48,21,mobile_android,329,False,0,2,0,electronicos,dom,1.29,0
5201.78,20,mobile_ios,79,False,2,6,1,supermercado,mar,1.17,0
1673.03,22,mobile_android,648,False,0,2,0,transferencia_p2p,mar,1.16,0
14648.17,12,mobile_android,1122,False,1,5,0,supermercado,mie,0.22,0
3486.98,14,mobile_android,1183,True,0,4,0,supermercado,mie,0.78,0
5053.05,16,mobile_ios,1221,False,0,6,0,vestimenta,jue,0.61,0
5823.73,18,mobile_ios,596,False,3,6,0,vestimenta,lun,1.12,0
1246.75,21,mobile_android,628,False,5,9,0,supermercado,sab,0.92,0
3673.3,12,mobile_ios,1695,False,1,6,0,supermercado,mie,0.97,0
7168.74,12,mobile_android,472,False,0,3,0,supermercado,dom,0.37,0
2531.12,13,mobile_android,1450,False,3,4,0,vestimenta,mie,0.7,0
8177.3,0,mobile_android,1569,False,1,7,0,transferencia_p2p,vie,1.16,0
4992.07,11,mobile_ios,895,False,1,8,0,supermercado,mar,0.69,0
2569.01,11,mobile_android,270,False,4,8,0,supermercado,lun,1.47,0
878.52,11,mobile_ios,527,False,1,3,0,viajes,vie,1.49,0
13420.16,17,mobile_ios,568,False,2,8,0,supermercado,vie,1.42,0
2374.27,12,mobile_android,233,False,1,4,0,transferencia_p2p,mie,1.04,0
5202.38,21,mobile_android,1473,False,1,9,0,supermercado,jue,0.82,0
753.24,21,mobile_ios,214,False,0,1,0,supermercado,sab,0.64,0
548.3,21,mobile_android,2082,False,2,12,0,electronicos,lun,1.07,0
3103.82,19,web,428,False,1,2,1,gastronomia,vie,1.09,0
3491.48,22,mobile_android,2548,True,2,8,0,supermercado,sab,1.59,0
1006.13,16,mobile_ios,297,False,1,4,1,supermercado,mie,0.64,0
1139.41,12,mobile_android,297,False,4,12,0,supermercado,jue,1.17,0
5210.65,20,mobile_ios,2253,False,0,5,1,viajes,vie,0.75,0
2886.02,19,web,1214,False,1,7,0,transferencia_p2p,vie,0.77,0
9761.23,19,mobile_android,2597,False,0,1,0,gastronomia,mar,1.28,0
2814.33,21,web,1132,False,1,5,2,supermercado,lun,1.44,0
14234.57,8,mobile_android,189,False,3,4,0,electronicos,jue,0.24,0
3231.92,20,mobile_android,576,True,2,4,0,gastronomia,dom,1.24,0
3213.1,19,mobile_ios,1400,False,2,6,0,viajes,dom,1.07,0
10649.39,21,mobile_ios,290,False,0,2,0,transferencia_p2p,jue,1.09,0
4416.85,11,mobile_ios,984,False,2,13,0,juegos_online,vie,1.18,0
5201.55,11,mobile_android,1070,False,2,7,0,supermercado,sab,1.34,0
2338.97,19,mobile_ios,628,False,1,7,0,gastronomia,dom,0.53,0
1922.0,13,web,1343,False,1,6,0,electronicos,mie,1.27,0
6500.02,21,mobile_ios,1431,False,4,10,0,gastronomia,sab,1.66,0
8637.15,16,mobile_ios,144,False,1,8,0,gastronomia,jue,1.12,0
589.13,13,mobile_ios,61,False,1,8,0,supermercado,sab,0.93,0
1998.7,19,mobile_android,180,False,1,5,0,supermercado,lun,1.36,0
6523.12,22,mobile_ios,1184,False,3,6,1,supermercado,dom,0.78,0
2768.35,20,mobile_ios,586,False,1,5,0,supermercado,mar,0.52,0
2488.35,11,mobile_ios,297,False,0,2,0,supermercado,jue,1.06,0
1585.59,21,mobile_ios,945,False,1,5,0,gastronomia,jue,0.65,0
6251.7,8,mobile_android,1392,True,1,7,0,vestimenta,lun,0.67,0
7313.58,21,mobile_android,366,False,3,5,0,vestimenta,sab,1.91,0
1661.08,12,mobile_android,2996,False,2,5,0,supermercado,jue,0.51,0
47691.93,20,web,709,False,0,4,0,viajes,jue,1.02,0
2068.05,11,mobile_android,686,False,0,4,0,viajes,dom,0.53,0
2367.39,13,web,1149,False,1,4,0,supermercado,sab,1.41,0
1155.28,12,mobile_ios,582,True,2,8,0,vestimenta,vie,1.7,0
3123.69,11,mobile_android,487,False,2,6,0,electronicos,dom,1.3,0
4958.21,12,mobile_ios,1234,False,0,3,0,viajes,lun,1.6,0
3006.87,20,mobile_ios,2117,False,2,8,1,supermercado,mie,1.16,0
6921.01,20,mobile_ios,478,False,3,5,0,gastronomia,vie,0.87,0
7242.0,19,mobile_android,1170,True,1,6,1,supermercado,mar,0.79,0
5224.94,21,web,1621,False,3,7,0,electronicos,dom,0.7,0
8075.13,19,mobile_android,970,False,0,1,2,vestimenta,dom,0.87,0
4780.83,21,mobile_android,1207,False,4,4,1,supermercado,sab,1.25,0
1758.87,11,mobile_ios,1086,False,1,8,1,supermercado,vie,1.66,0
723.67,17,mobile_android,238,False,1,6,1,gastronomia,sab,1.11,0
3748.23,19,mobile_ios,2492,False,1,6,0,transferencia_p2p,lun,1.26,0
4445.44,13,mobile_android,978,False,1,4,1,vestimenta,mar,1.36,0
232.89,19,mobile_android,993,False,1,2,0,vestimenta,jue,0.5,0
5884.89,8,mobile_android,900,False,1,6,0,supermercado,sab,1.39,0
954.91,7,mobile_ios,527,False,3,9,0,electronicos,mar,1.05,0
5555.08,20,mobile_ios,283,False,0,6,0,supermercado,vie,1.11,0
783.96,18,mobile_android,511,False,0,4,0,gastronomia,vie,0.9,0
13427.01,11,mobile_android,66,False,5,9,0,supermercado,dom,2.18,1
12703.91,20,mobile_ios,651,False,0,4,1,supermercado,mar,1.69,0
3760.74,10,mobile_ios,1231,False,4,11,1,gastronomia,lun,0.36,0
3528.56,11,mobile_ios,1098,False,0,6,0,supermercado,lun,0.66,0
2949.18,18,mobile_android,723,False,1,7,0,electronicos,lun,1.11,0
1327.23,12,web,123,False,0,1,0,electronicos,sab,0.94,0
17332.71,22,mobile_ios,115,False,3,11,0,vestimenta,vie,0.69,0
2337.02,17,mobile_android,542,False,1,1,0,supermercado,sab,0.68,0
7427.89,15,mobile_android,181,False,2,6,0,supermercado,lun,0.69,0
2905.71,17,mobile_android,892,False,0,2,1,supermercado,dom,1.52,0
6450.15,14,mobile_ios,975,False,3,5,0,vestimenta,dom,0.83,0
955.71,18,mobile_android,175,False,0,1,0,viajes,mie,0.91,0
9609.41,12,mobile_android,123,False,0,7,0,supermercado,dom,1.86,0
10889.15,14,mobile_android,704,False,0,5,0,supermercado,mie,1.11,0
8417.99,21,web,383,False,1,5,0,supermercado,dom,1.3,0
30367.96,20,mobile_ios,1105,False,0,4,0,juegos_online,dom,1.08,0
5554.09,7,mobile_android,1505,True,1,4,1,supermercado,jue,1.59,0
4346.47,21,mobile_android,54,False,1,6,0,transferencia_p2p,mar,1.07,0
3043.71,19,mobile_ios,812,False,0,3,0,supermercado,dom,0.76,0
11148.8,20,mobile_android,1039,False,2,6,2,viajes,dom,0.94,0
2079.06,19,mobile_android,300,False,2,3,1,viajes,lun,2.08,0
1242.94,19,mobile_ios,1859,False,1,14,0,supermercado,jue,0.05,0
1881.27,13,mobile_android,844,False,1,5,0,vestimenta,sab,1.54,0
4525.31,21,mobile_android,476,False,3,6,0,vestimenta,mie,1.2,0
2415.5,15,mobile_ios,1720,False,2,4,0,electronicos,dom,1.72,0
7646.7,13,mobile_ios,270,False,0,2,0,vestimenta,mie,0.58,0
3416.91,9,mobile_ios,2137,False,1,6,0,vestimenta,sab,1.15,0
1621.12,19,mobile_ios,538,False,0,5,0,viajes,jue,1.24,0
2819.63,11,web,827,False,0,8,0,electronicos,sab,0.79,0
1641.05,15,mobile_android,1726,False,3,5,0,electronicos,jue,1.38,0
1692.03,10,mobile_ios,183,False,0,8,0,cripto,mar,1.12,0
3610.93,18,mobile_ios,1612,False,2,5,0,gastronomia,sab,0.68,0
3667.29,21,mobile_android,1126,False,2,3,1,transferencia_p2p,vie,0.93,0
2478.6,19,mobile_ios,155,False,2,7,0,viajes,mie,0.67,0
3308.06,21,mobile_ios,699,False,1,8,0,supermercado,mie,0.89,0
4799.53,23,mobile_android,878,False,1,5,0,supermercado,dom,0.73,0
1892.88,11,mobile_android,1216,False,0,7,0,viajes,mie,0.56,0
60428.18,12,mobile_ios,317,False,1,6,0,vestimenta,mar,0.87,0
1659.09,13,web,589,False,1,6,0,electronicos,mie,0.41,0
2005.46,20,mobile_android,636,False,1,5,0,cripto,vie,0.56,0
6105.78,20,mobile_android,856,False,1,7,0,gastronomia,lun,1.05,0
20516.72,19,mobile_ios,674,False,1,5,1,gastronomia,sab,0.78,0
12672.78,11,mobile_ios,230,False,0,4,0,vestimenta,sab,0.37,0
975.71,20,mobile_ios,2250,False,0,3,0,juegos_online,lun,1.25,0
1128.26,15,web,773,False,1,4,1,electronicos,sab,0.53,0
850.99,19,mobile_android,1159,False,0,6,0,transferencia_p2p,vie,0.67,0
12436.54,22,mobile_ios,1364,False,1,5,0,viajes,lun,1.65,0
5361.82,10,mobile_ios,679,False,2,5,1,supermercado,dom,0.79,0
6936.54,0,mobile_android,867,False,1,4,0,electronicos,sab,2.25,0
762.44,14,mobile_ios,475,False,2,6,0,supermercado,mar,0.86,0
23222.22,11,mobile_ios,281,False,1,4,0,vestimenta,jue,0.62,0
4032.96,22,web,675,False,3,7,1,transferencia_p2p,vie,0.97,0
445.9,17,mobile_android,205,False,2,9,0,supermercado,jue,0.85,0
2027.63,19,mobile_android,1168,False,3,5,0,transferencia_p2p,mar,1.56,0
5005.83,20,mobile_ios,199,False,2,5,0,vestimenta,vie,0.71,0
9537.25,14,mobile_ios,1311,False,1,3,0,viajes,mar,0.21,0
4826.88,14,mobile_android,762,False,2,4,0,supermercado,jue,0.58,0
6896.43,13,mobile_android,1224,False,1,5,0,supermercado,jue,0.62,0
2317.05,9,mobile_ios,106,False,0,6,0,gastronomia,dom,0.78,0
6131.33,22,web,1079,False,1,5,0,vestimenta,lun,0.78,0
734.16,20,mobile_android,141,False,3,7,0,supermercado,vie,0.78,0
5251.86,17,mobile_ios,483,False,0,8,0,transferencia_p2p,dom,0.84,0
1561.27,18,web,882,False,1,4,0,gastronomia,lun,0.49,0
3579.44,20,mobile_ios,1007,False,1,7,0,supermercado,mar,0.77,0
6038.34,21,mobile_android,804,False,1,4,0,vestimenta,sab,1.43,0
8851.64,12,mobile_android,778,False,0,4,0,supermercado,vie,1.09,0
10429.81,20,mobile_android,1069,False,1,7,0,supermercado,sab,1.54,0
1231.04,18,mobile_android,1561,False,3,6,0,gastronomia,sab,0.75,0
3777.45,20,mobile_android,1761,False,1,4,0,supermercado,sab,0.84,0
12910.23,23,mobile_ios,828,False,0,4,0,transferencia_p2p,mie,1.52,0
1510.74,21,mobile_ios,518,False,0,5,0,supermercado,vie,0.61,0
7651.1,17,mobile_ios,1508,False,2,9,1,gastronomia,dom,0.84,0
10500.98,13,mobile_android,1286,False,0,4,0,gastronomia,mar,1.66,0
1849.16,13,mobile_android,162,False,0,4,0,vestimenta,dom,1.24,0
1551.47,20,mobile_android,502,False,1,3,1,cripto,vie,0.61,0
2490.71,21,mobile_android,761,False,1,5,0,supermercado,jue,1.51,0
15966.99,19,mobile_android,379,False,1,4,0,supermercado,lun,1.19,0
7921.51,11,mobile_ios,375,False,4,8,0,electronicos,jue,0.57,0
1455.23,21,mobile_ios,1054,False,2,3,0,supermercado,jue,1.25,0
3124.33,23,mobile_android,796,False,2,2,0,vestimenta,mar,0.81,0
6193.3,16,web,1111,False,1,8,0,transferencia_p2p,vie,0.52,0
3083.57,21,mobile_android,984,False,1,8,0,vestimenta,sab,1.18,0
817.2,21,web,382,False,3,11,1,viajes,mie,1.37,0
9002.52,18,web,2291,False,0,2,0,transferencia_p2p,lun,0.67,0
1427.5,19,mobile_ios,676,False,0,7,0,supermercado,lun,0.33,0
14514.05,15,mobile_android,361,False,2,9,0,vestimenta,jue,0.97,0
1324.95,20,mobile_android,773,False,2,2,0,transferencia_p2p,dom,1.35,0
1658.11,10,mobile_ios,298,False,1,6,0,cripto,vie,0.29,0
11615.47,19,mobile_android,1077,False,2,4,0,cripto,sab,0.77,0
4630.51,9,mobile_android,648,False,1,5,0,electronicos,mar,1.06,0
18810.33,14,web,776,False,0,4,0,supermercado,lun,0.87,0
7259.78,13,mobile_android,1822,False,2,5,0,transferencia_p2p,dom,0.92,0
5896.22,13,mobile_ios,917,False,0,4,0,vestimenta,jue,1.2,0
471.19,22,mobile_android,1859,False,0,3,0,gastronomia,vie,1.07,0
4771.15,6,mobile_ios,203,False,1,3,0,transferencia_p2p,mie,1.02,0
9707.69,14,mobile_ios,791,False,1,5,0,supermercado,vie,1.31,0
10572.14,12,mobile_ios,2432,False,3,7,0,vestimenta,mar,0.75,0
5180.35,19,web,266,False,1,5,0,gastronomia,jue,1.02,0
5154.93,21,mobile_ios,870,False,1,6,0,supermercado,sab,0.05,0
11922.02,12,mobile_android,1056,False,2,9,0,supermercado,lun,1.77,0
3710.76,9,mobile_android,1228,False,2,7,0,juegos_online,sab,1.45,0
13854.7,13,mobile_android,246,False,0,5,0,electronicos,mie,1.29,0
6651.86,13,mobile_android,1172,False,1,9,1,electronicos,vie,1.04,0
4959.21,11,mobile_ios,278,False,1,7,0,supermercado,mar,1.12,0
19806.52,14,mobile_android,495,False,0,3,0,cripto,jue,0.95,0
6803.63,7,mobile_android,607,False,1,3,0,cripto,mar,0.98,0
7899.03,11,mobile_android,882,False,2,5,0,viajes,jue,1.13,0
1947.64,21,mobile_android,651,False,1,4,0,gastronomia,sab,0.57,0
9578.72,13,web,635,False,1,3,0,gastronomia,mar,1.22,0
1988.96,19,mobile_ios,390,False,1,4,2,supermercado,vie,0.96,0
19488.3,0,mobile_android,1165,False,0,0,0,juegos_online,jue,1.33,0
1736.25,15,mobile_android,1397,False,1,2,0,electronicos,mar,1.09,0
10471.22,17,mobile_android,764,True,1,10,0,supermercado,mar,0.77,0
2184.46,16,mobile_ios,366,False,1,3,0,juegos_online,vie,0.32,0
2699.07,11,web,339,False,0,4,0,gastronomia,mie,1.17,0
1152.75,12,web,1257,False,9,12,1,transferencia_p2p,mie,3.18,1
2181.87,10,mobile_android,432,False,4,5,0,transferencia_p2p,sab,1.66,0
2915.44,19,mobile_android,1074,False,0,4,0,gastronomia,jue,0.52,0
2886.3,13,mobile_android,103,False,0,8,1,vestimenta,sab,1.06,0
438.49,18,mobile_android,1509,False,2,4,1,vestimenta,jue,1.17,0
1384.66,14,mobile_android,739,False,2,8,0,supermercado,sab,1.24,0
4961.14,19,mobile_android,1773,False,1,4,1,electronicos,vie,1.21,0
256.8,19,mobile_android,410,False,0,2,0,supermercado,mie,1.28,0
187.82,10,mobile_ios,596,False,2,10,0,transferencia_p2p,jue,1.78,0
19777.8,20,mobile_ios,864,False,2,9,0,viajes,dom,0.71,0
4933.67,10,mobile_ios,919,False,0,3,0,electronicos,vie,1.4,0
756.65,12,mobile_android,753,False,0,2,0,gastronomia,jue,0.46,0
2734.31,23,mobile_ios,776,False,0,3,1,vestimenta,sab,0.65,0
631.38,12,mobile_ios,478,False,0,5,0,juegos_online,mie,0.92,0
2665.78,12,mobile_android,1883,False,1,7,0,viajes,mar,1.28,0
4273.51,22,mobile_android,703,False,2,6,0,supermercado,sab,0.05,0
22401.13,14,web,1023,False,3,6,1,electronicos,vie,1.74,1
2756.58,14,mobile_ios,1598,False,4,7,0,supermercado,sab,1.61,0
55898.27,12,mobile_ios,166,False,1,3,0,vestimenta,mie,0.62,0
11590.82,17,mobile_ios,241,False,1,7,0,transferencia_p2p,vie,0.49,0
2664.39,19,mobile_ios,864,False,1,2,1,gastronomia,lun,1.08,0
1270.56,21,mobile_ios,515,False,2,5,0,gastronomia,dom,0.2,0
907.3,10,mobile_android,2413,False,3,7,0,supermercado,jue,0.58,0
3597.22,12,mobile_android,1963,False,0,4,0,supermercado,vie,1.05,0
5429.08,11,mobile_android,1919,False,2,4,0,supermercado,jue,0.95,0
1530.86,11,mobile_ios,993,False,2,7,0,juegos_online,sab,0.64,0
1911.31,9,mobile_android,495,False,2,3,0,viajes,sab,0.71,0
516.56,10,mobile_android,1742,False,2,7,0,cripto,dom,0.73,0
7577.27,18,web,718,False,1,4,0,electronicos,dom,1.29,0
75490.52,19,mobile_ios,322,False,0,3,0,transferencia_p2p,lun,0.81,0
17306.13,22,mobile_android,1936,False,0,5,0,gastronomia,mie,1.18,0
4066.81,12,mobile_android,1180,False,2,5,1,viajes,vie,0.66,0
4576.87,15,mobile_ios,518,False,1,4,0,vestimenta,dom,1.68,0
3802.64,12,mobile_ios,188,False,0,8,0,gastronomia,mie,1.26,0
764.36,9,mobile_android,778,False,2,6,0,gastronomia,dom,1.38,0
811.86,22,mobile_ios,1733,False,1,3,0,gastronomia,lun,0.95,0
816.43,18,mobile_android,739,False,2,6,0,supermercado,sab,0.72,0
1458.91,15,web,411,False,2,9,0,supermercado,mie,1.23,0
3075.89,19,mobile_android,1559,False,2,5,1,transferencia_p2p,jue,0.35,0
5096.97,16,mobile_ios,776,False,0,4,1,vestimenta,mie,1.17,0
4821.57,18,web,401,False,1,4,0,gastronomia,dom,1.3,0
728.65,12,mobile_ios,567,False,0,1,0,vestimenta,dom,0.8,0
10908.83,13,mobile_ios,197,True,1,9,0,vestimenta,lun,1.45,0
2804.84,11,web,1397,False,3,7,0,supermercado,dom,0.85,0
383.84,21,mobile_android,808,False,2,9,1,gastronomia,vie,1.4,0
2917.27,21,mobile_ios,1439,False,0,7,0,gastronomia,vie,1.25,0
39744.34,11,mobile_ios,475,False,3,4,1,supermercado,lun,1.31,0
9971.74,11,mobile_android,673,False,1,6,0,supermercado,sab,0.36,0
4614.48,0,mobile_ios,278,False,2,9,0,supermercado,lun,1.65,0
28618.23,19,mobile_ios,602,False,2,8,0,supermercado,sab,1.1,0
9046.21,6,mobile_android,2232,False,0,6,0,supermercado,lun,0.91,0
6844.76,17,mobile_android,727,False,2,3,0,viajes,dom,0.69,0
1138.62,23,mobile_android,675,False,3,8,0,viajes,mie,0.92,0
22854.31,11,mobile_ios,1744,False,2,5,0,supermercado,sab,0.84,0
6302.73,18,web,1854,False,1,2,0,gastronomia,sab,1.44,0
3645.83,10,mobile_android,676,False,2,6,0,vestimenta,mar,1.0,0
2032.47,21,mobile_android,559,False,0,4,0,supermercado,dom,0.67,0
2994.04,14,mobile_android,888,False,2,4,0,electronicos,dom,0.83,0
5077.29,10,mobile_ios,3558,False,3,8,0,gastronomia,dom,1.09,0
2306.6,13,mobile_android,435,False,0,0,0,supermercado,lun,1.02,0
3613.5,15,mobile_android,644,False,1,6,0,supermercado,vie,0.74,0
22064.87,13,mobile_android,449,False,1,4,1,gastronomia,vie,1.58,0
691.25,21,mobile_ios,876,False,2,4,0,gastronomia,lun,1.5,0
2797.3,21,mobile_ios,526,False,0,2,0,transferencia_p2p,mie,1.21,0
2437.54,13,mobile_ios,381,False,0,10,0,supermercado,mar,1.28,0
1475.15,14,mobile_android,524,False,1,4,0,electronicos,lun,1.34,0
3013.19,11,mobile_ios,644,False,2,4,0,supermercado,mar,0.69,0
4758.61,16,mobile_ios,1201,False,1,4,0,supermercado,mar,0.57,0
4385.47,14,mobile_ios,365,False,0,7,1,vestimenta,lun,0.05,0
6009.43,22,mobile_android,326,True,1,7,1,transferencia_p2p,mar,1.28,0
7228.23,19,mobile_android,2148,False,2,5,1,electronicos,vie,0.91,0
2805.04,8,mobile_ios,500,False,2,6,0,vestimenta,mie,0.75,0
9983.29,10,mobile_ios,846,False,1,6,0,viajes,vie,0.64,0
5179.49,10,mobile_ios,1274,False,2,5,0,juegos_online,jue,1.02,0
6681.2,14,mobile_ios,1962,False,1,1,0,transferencia_p2p,lun,0.7,0
4180.73,11,mobile_ios,970,False,3,7,0,transferencia_p2p,lun,1.11,0
485.55,10,mobile_ios,154,False,1,8,0,viajes,mie,0.68,0
1745.4,16,mobile_android,162,False,1,3,0,juegos_online,jue,1.41,0
5307.88,9,mobile_ios,1503,False,2,2,1,gastronomia,vie,0.68,0
8034.49,16,mobile_android,531,False,2,8,0,supermercado,dom,0.7,0
2383.66,17,mobile_ios,1058,False,0,5,0,supermercado,lun,0.86,0
3407.75,12,mobile_android,427,False,3,7,0,transferencia_p2p,mar,0.86,0
5204.95,13,web,663,False,1,4,0,gastronomia,vie,0.2,0
395.65,13,web,779,True,1,9,1,transferencia_p2p,vie,0.91,0
9179.24,12,mobile_ios,648,False,2,3,1,viajes,mar,0.91,0
26430.14,22,mobile_android,809,False,1,11,0,vestimenta,mie,1.33,0
1733.65,19,mobile_ios,331,False,1,1,0,supermercado,dom,1.15,0
5165.58,19,web,447,False,1,6,1,supermercado,lun,0.75,0
17083.98,11,mobile_android,526,False,1,7,0,viajes,jue,0.65,0
5400.45,18,mobile_ios,582,False,1,6,0,gastronomia,vie,0.53,0
2922.12,19,web,916,False,0,1,1,supermercado,jue,1.61,0
2186.42,11,mobile_ios,2046,False,3,11,1,supermercado,vie,1.16,0
1720.18,18,mobile_android,1528,False,0,6,0,electronicos,lun,0.84,0
3680.49,11,web,725,False,2,6,0,supermercado,lun,1.13,0
1841.59,10,mobile_ios,1470,False,2,7,1,gastronomia,jue,0.94,0
12304.56,23,web,520,False,1,3,0,juegos_online,jue,1.17,0
28678.26,12,mobile_android,1123,False,1,3,0,gastronomia,mie,0.68,0
5163.4,21,mobile_ios,896,True,1,2,0,supermercado,sab,0.57,0
4809.43,21,mobile_android,173,False,1,6,0,gastronomia,dom,0.2,0
6243.55,6,mobile_ios,1523,False,1,6,0,supermercado,vie,0.76,0
1164.26,10,mobile_ios,426,False,0,2,1,gastronomia,mie,1.2,0
1847.77,14,web,760,False,2,8,0,vestimenta,sab,1.37,0
8396.88,10,mobile_ios,182,False,0,3,0,vestimenta,sab,1.23,0
1781.34,20,mobile_android,411,False,4,10,0,supermercado,vie,1.1,0
3748.5,0,web,220,False,2,4,0,vestimenta,dom,0.48,0
3501.93,22,mobile_ios,951,False,0,5,0,supermercado,vie,0.59,0
1866.2,19,mobile_android,1334,False,1,6,0,transferencia_p2p,mie,0.5,0
7434.01,13,mobile_ios,774,False,4,7,0,electronicos,mar,0.28,0
3913.27,14,mobile_ios,44,False,1,9,0,viajes,sab,1.15,0
13734.77,10,mobile_android,1150,False,4,10,0,juegos_online,mie,0.96,0
1563.5,11,mobile_ios,637,False,1,3,0,supermercado,mie,0.98,0
11294.29,9,mobile_ios,767,False,2,2,0,gastronomia,lun,1.61,0
50000.0,14,mobile_ios,2469,False,3,9,0,cripto,vie,3.88,1
5347.23,11,mobile_ios,817,False,3,6,0,supermercado,vie,0.74,0
9689.92,13,mobile_android,1021,False,2,6,0,gastronomia,dom,0.74,0
2330.58,18,mobile_ios,371,False,2,6,0,supermercado,mar,0.78,0
1148.63,14,mobile_android,1387,False,2,4,0,supermercado,sab,0.91,0
28247.37,18,mobile_android,635,False,2,8,0,supermercado,jue,0.78,0
2665.4,20,mobile_android,1124,False,1,5,0,viajes,sab,0.79,0
1293.72,13,mobile_android,1027,False,0,3,0,vestimenta,mie,1.32,0
2030.65,19,mobile_android,371,False,0,4,0,supermercado,jue,1.13,0
13049.05,11,mobile_android,554,False,2,3,0,juegos_online,vie,0.93,0
8261.35,19,mobile_android,1974,False,5,9,0,transferencia_p2p,sab,0.54,0
25457.41,16,mobile_ios,373,False,1,5,0,transferencia_p2p,mie,0.37,0
1246.43,7,mobile_android,859,False,1,6,0,juegos_online,mie,0.76,0
972.21,11,mobile_android,638,False,1,3,0,cripto,jue,0.64,0
2888.68,13,web,1772,False,2,4,0,transferencia_p2p,lun,1.12,0
42541.85,21,mobile_android,693,False,0,1,0,supermercado,mie,1.39,0
4690.08,13,mobile_ios,506,False,1,3,0,transferencia_p2p,lun,0.5,0
7553.12,22,mobile_ios,416,False,1,6,0,transferencia_p2p,sab,1.2,0
2045.0,20,mobile_ios,1559,False,2,7,0,transferencia_p2p,lun,0.81,0
687.62,9,mobile_ios,676,False,2,8,0,viajes,jue,0.89,0
1987.34,22,mobile_android,440,False,1,4,0,supermercado,dom,0.91,0
4665.49,18,mobile_android,458,False,0,5,0,electronicos,vie,0.53,0
2231.1,16,mobile_android,1643,False,4,8,0,supermercado,mar,1.18,0
18132.9,11,mobile_android,944,False,2,3,0,gastronomia,dom,0.61,0
10397.7,17,web,1444,False,1,9,0,supermercado,vie,0.94,0
4628.89,18,mobile_ios,1440,False,1,6,0,gastronomia,jue,1.26,0
1078.62,19,mobile_android,588,False,2,7,0,electronicos,jue,0.13,0
3926.09,12,mobile_android,1943,False,1,9,0,viajes,vie,1.39,0
1472.38,23,mobile_android,1882,False,2,6,0,vestimenta,lun,1.39,0
9099.1,22,mobile_android,835,False,1,6,0,transferencia_p2p,mar,0.78,0
1311.54,15,mobile_ios,763,False,0,2,0,supermercado,vie,0.57,0
843.49,19,mobile_android,979,False,2,5,0,gastronomia,lun,1.11,0
1586.41,13,mobile_android,784,False,0,3,0,viajes,dom,0.62,0
3632.77,13,mobile_android,649,False,2,4,0,electronicos,sab,1.15,0
1744.54,17,mobile_android,2569,False,0,7,0,vestimenta,lun,0.27,0
3481.67,13,mobile_android,177,False,0,6,0,supermercado,sab,0.96,0
4980.26,17,mobile_ios,1665,False,1,6,0,transferencia_p2p,sab,1.65,0
2585.95,11,web,1089,False,1,3,0,supermercado,mie,1.04,0
949.34,13,mobile_android,1808,False,0,3,0,gastronomia,jue,0.97,0
935.79,21,mobile_android,902,False,5,9,1,cripto,dom,2.13,1
10769.95,23,mobile_android,1235,False,1,7,0,vestimenta,lun,1.54,0
2751.58,15,mobile_android,1422,False,2,8,0,vestimenta,mar,1.36,0
8017.38,12,mobile_android,830,False,2,7,0,transferencia_p2p,mar,1.13,0
25615.26,11,mobile_ios,730,False,0,2,0,supermercado,lun,1.22,0
2719.56,20,mobile_android,877,False,1,6,0,gastronomia,dom,0.59,0
2655.03,19,mobile_android,1386,False,0,3,0,electronicos,jue,1.25,0
2611.9,21,mobile_android,832,False,2,5,0,supermercado,mar,1.71,0
1596.98,10,mobile_ios,993,False,2,4,0,supermercado,vie,1.1,0
11265.3,14,mobile_ios,1226,False,1,3,0,supermercado,dom,0.3,0
3135.88,20,mobile_android,544,False,1,4,1,supermercado,sab,1.43,0
1955.77,19,mobile_ios,2122,False,1,4,0,cripto,dom,0.64,0
10092.13,9,mobile_ios,776,False,2,8,0,supermercado,jue,0.75,0
3037.44,12,mobile_android,1454,False,0,3,0,gastronomia,dom,1.01,0
2750.12,19,mobile_ios,1075,False,1,5,1,transferencia_p2p,mar,1.12,0
15766.78,16,web,336,False,1,7,0,juegos_online,mar,1.02,0
3248.94,11,mobile_ios,170,True,0,4,0,electronicos,sab,1.12,0
11671.96,11,mobile_android,484,False,1,5,0,viajes,vie,1.78,0
327.04,11,mobile_android,75,False,3,6,0,supermercado,sab,0.74,0
4062.22,20,mobile_android,331,False,1,5,0,vestimenta,jue,1.76,0
2923.12,8,mobile_android,1018,False,2,7,1,transferencia_p2p,vie,0.86,0
7959.55,12,mobile_ios,1091,False,2,5,0,electronicos,vie,0.68,0
13201.24,10,web,481,False,1,6,2,supermercado,dom,1.01,0
6419.98,12,mobile_ios,345,False,0,3,0,supermercado,vie,1.66,0
1496.98,15,mobile_ios,1274,False,1,7,0,cripto,sab,1.58,0
9662.27,21,mobile_android,784,False,2,6,0,juegos_online,vie,0.84,0
4021.77,13,mobile_ios,507,False,1,4,0,vestimenta,jue,1.22,0
3129.89,20,mobile_android,133,False,1,11,0,vestimenta,sab,1.38,0
11984.74,13,mobile_android,2402,False,2,5,0,gastronomia,sab,0.7,0
2206.7,12,mobile_android,350,False,3,4,0,transferencia_p2p,jue,1.74,0
2431.85,18,mobile_android,600,False,2,9,0,gastronomia,dom,0.23,0
4376.73,9,mobile_ios,333,False,2,3,0,supermercado,mar,1.29,0
12044.21,11,mobile_ios,1429,False,2,6,0,electronicos,lun,0.64,0
4594.78,12,mobile_android,1664,False,0,4,1,vestimenta,sab,0.91,0
9914.42,23,mobile_ios,1353,False,1,1,0,supermercado,vie,1.43,0
26290.83,22,mobile_ios,1139,False,4,8,0,transferencia_p2p,jue,1.15,0
26200.18,0,mobile_ios,1176,False,1,8,0,electronicos,dom,1.2,0
5409.62,21,web,2825,False,3,5,0,electronicos,sab,1.36,0
2865.92,8,mobile_android,838,False,1,6,0,vestimenta,dom,0.43,0
14570.89,0,mobile_android,1749,False,2,7,0,cripto,dom,2.13,1
8211.23,20,mobile_android,1289,False,4,7,0,juegos_online,mar,0.11,0
2734.7,14,mobile_android,1009,False,0,1,0,transferencia_p2p,sab,0.8,0
6238.52,15,mobile_android,965,False,0,3,0,gastronomia,vie,0.57,0
408.95,21,mobile_android,486,False,1,4,0,gastronomia,mie,1.14,0
4842.2,15,mobile_ios,1733,False,2,7,0,juegos_online,jue,1.26,0
15982.9,11,mobile_ios,1865,False,1,3,0,vestimenta,sab,0.88,0
3596.37,13,mobile_android,781,False,1,3,0,supermercado,vie,1.38,0
517.48,13,mobile_ios,710,False,0,6,0,supermercado,mie,1.02,0
1430.47,20,mobile_android,536,False,0,2,0,supermercado,mar,0.98,0
4640.81,18,mobile_ios,3293,False,1,5,0,vestimenta,mar,1.16,0
1328.35,18,mobile_android,1085,False,1,6,0,viajes,sab,1.6,0
1804.85,9,mobile_android,1075,False,0,5,0,supermercado,jue,1.24,0
3989.92,20,web,268,False,2,6,1,vestimenta,dom,0.51,0
4132.33,20,mobile_android,1034,False,0,5,0,transferencia_p2p,lun,1.27,0
10087.41,12,mobile_ios,1126,False,2,6,0,supermercado,lun,1.39,0
1221.48,18,mobile_ios,1754,False,3,11,0,supermercado,vie,0.05,0
4402.13,12,web,813,False,0,4,1,vestimenta,mie,0.61,0
7711.16,14,web,1306,False,1,5,0,transferencia_p2p,dom,0.82,0
2234.96,15,mobile_ios,1415,False,3,5,1,supermercado,sab,1.43,0
4001.08,20,mobile_android,815,False,1,6,0,viajes,vie,0.68,0
3755.91,12,mobile_android,937,False,1,6,0,electronicos,sab,0.62,0
3755.76,22,mobile_ios,183,False,1,4,0,supermercado,lun,0.59,0
2374.25,23,mobile_android,573,False,1,9,0,vestimenta,sab,0.98,0
42507.0,9,web,1012,False,0,6,0,supermercado,mar,0.32,0
3274.16,10,mobile_ios,894,False,4,7,0,supermercado,lun,1.18,0
1197.46,20,mobile_ios,3650,False,1,4,0,electronicos,mie,1.01,0
922.37,11,mobile_ios,1623,False,1,6,0,supermercado,sab,1.51,0
56359.39,23,mobile_android,194,False,1,7,0,vestimenta,jue,0.96,0
1505.38,18,mobile_ios,1173,False,1,5,0,electronicos,lun,0.45,0
1980.77,13,mobile_android,385,False,3,6,0,supermercado,mar,1.59,0
1691.68,14,mobile_ios,961,False,2,7,0,supermercado,sab,0.41,0
1130.4,10,mobile_android,811,False,2,5,0,supermercado,vie,0.66,0
14821.31,11,mobile_ios,1516,False,0,2,1,transferencia_p2p,mie,0.92,0
3982.21,0,mobile_ios,289,False,0,3,0,gastronomia,sab,1.27,0
3681.17,14,mobile_android,274,False,0,2,0,vestimenta,dom,1.44,0
11473.7,19,web,653,False,3,9,0,vestimenta,vie,0.84,0
20458.06,21,mobile_android,195,False,0,3,1,electronicos,dom,0.82,0
11178.91,15,mobile_android,767,False,1,8,0,transferencia_p2p,vie,1.09,0
625.6,16,mobile_ios,1811,False,0,5,0,transferencia_p2p,jue,1.42,0
3682.86,18,mobile_android,1373,False,1,7,0,vestimenta,vie,0.91,0
7431.33,10,mobile_ios,1767,False,0,4,1,gastronomia,sab,0.73,0
6082.67,21,mobile_android,2158,False,1,5,0,supermercado,vie,0.57,0
719.15,18,web,866,False,2,9,0,supermercado,lun,1.25,0
3450.3,15,mobile_android,631,False,0,4,0,supermercado,sab,0.81,0
7628.38,13,mobile_ios,656,False,1,5,1,supermercado,sab,0.85,0
2125.33,17,web,354,False,1,4,0,viajes,mie,0.95,0
892.03,9,mobile_ios,844,False,1,5,0,supermercado,dom,1.0,0
388.14,11,mobile_ios,14,False,5,9,0,gastronomia,sab,1.71,1
18821.11,15,mobile_ios,189,False,2,5,0,electronicos,mar,0.84,0
2293.1,13,mobile_ios,1089,False,1,7,0,vestimenta,jue,1.01,0
2035.32,20,mobile_android,106,False,0,1,0,transferencia_p2p,jue,0.57,0
4393.9,22,mobile_ios,2010,False,1,2,0,supermercado,vie,1.09,0
7075.22,22,mobile_ios,1314,False,0,3,0,gastronomia,vie,1.04,0
3062.94,11,mobile_android,931,False,1,6,0,gastronomia,mar,0.83,0
1109.03,22,mobile_ios,183,False,2,7,0,gastronomia,jue,1.14,0
6527.55,15,mobile_ios,1035,False,1,4,0,supermercado,mie,0.97,0
3882.12,11,mobile_android,569,False,2,5,0,gastronomia,lun,1.33,0
8813.14,4,web,543,False,1,1,3,juegos_online,lun,1.27,1
5004.03,20,mobile_android,81,False,1,5,0,viajes,dom,1.22,0
5787.0,13,web,1268,False,2,5,0,supermercado,jue,0.62,0
2230.05,22,mobile_ios,1829,False,2,5,0,viajes,vie,1.33,0
20407.66,22,mobile_ios,852,False,0,6,0,cripto,mar,1.27,0
3654.8,12,mobile_ios,1202,False,0,7,0,transferencia_p2p,jue,1.21,0
2977.67,20,mobile_android,1043,False,0,5,0,gastronomia,mar,1.5,0
2569.88,23,mobile_ios,1343,False,1,8,1,supermercado,dom,0.16,0
7808.17,20,mobile_android,790,False,3,8,0,supermercado,vie,1.38,0
7833.65,13,mobile_ios,420,False,1,8,0,gastronomia,dom,0.71,0
785.36,23,mobile_ios,399,False,0,4,0,transferencia_p2p,mar,1.39,0
3670.17,11,mobile_ios,1103,False,0,5,1,gastronomia,mar,0.73,0
2273.33,11,mobile_ios,484,False,2,7,0,supermercado,mar,1.08,0
3122.27,16,mobile_ios,3585,False,2,8,0,juegos_online,sab,1.31,0
1420.07,22,mobile_ios,1323,False,2,5,0,supermercado,vie,1.15,0
5514.83,12,web,18,False,4,6,0,gastronomia,sab,1.16,1
3369.92,10,mobile_android,1336,False,2,8,1,transferencia_p2p,mie,0.91,0
24174.39,21,mobile_android,1436,True,2,6,0,transferencia_p2p,jue,0.45,0
2712.57,11,mobile_ios,316,False,0,1,0,supermercado,sab,0.66,0
2140.99,11,web,838,False,4,10,0,juegos_online,sab,1.42,0
5264.55,15,web,494,False,4,6,0,supermercado,mar,1.09,0
5082.45,14,mobile_ios,1279,False,0,7,0,supermercado,lun,1.5,0
8786.08,11,mobile_android,440,False,1,4,0,viajes,dom,1.56,0
4971.38,17,mobile_ios,307,False,1,5,0,transferencia_p2p,lun,1.01,0
5626.56,11,mobile_ios,1436,False,1,6,0,cripto,sab,1.15,0
3897.03,10,mobile_android,1617,False,1,3,0,vestimenta,mie,0.89,0
5475.49,18,mobile_android,285,False,0,6,1,transferencia_p2p,dom,0.86,0
4574.39,10,mobile_android,145,False,2,6,1,gastronomia,lun,1.63,0
2578.19,11,mobile_ios,563,False,0,3,0,supermercado,vie,0.4,0
3247.62,20,mobile_android,444,False,2,7,0,supermercado,lun,0.72,0
3832.0,14,mobile_ios,1466,False,1,4,0,vestimenta,lun,0.93,0
1898.13,23,mobile_android,138,False,1,6,0,juegos_online,dom,0.6,0
2139.06,16,mobile_ios,210,False,1,9,0,supermercado,sab,0.85,0
1541.94,10,mobile_android,1371,False,0,2,0,supermercado,lun,0.28,0
2389.08,18,web,609,False,0,4,0,electronicos,lun,1.32,0
4097.38,23,mobile_ios,155,False,2,8,0,vestimenta,vie,1.28,0
1786.29,13,mobile_android,2316,False,3,8,0,vestimenta,mar,1.28,0
11294.06,21,web,9,False,3,8,0,vestimenta,sab,1.99,1
2433.82,12,mobile_android,1315,False,1,4,0,cripto,jue,0.74,0
10910.95,17,mobile_ios,661,False,3,6,0,gastronomia,dom,2.81,1
3627.54,20,mobile_android,476,False,2,9,0,gastronomia,dom,0.05,0
2026.75,14,mobile_android,376,False,1,4,0,gastronomia,sab,0.97,0
1101.73,22,mobile_ios,1273,False,1,3,0,supermercado,sab,1.26,0
3070.55,12,mobile_android,1164,False,1,3,1,supermercado,jue,1.77,0
5652.9,8,mobile_ios,1506,False,0,5,1,viajes,vie,1.11,0
3840.98,11,mobile_ios,549,False,1,4,0,supermercado,mie,0.89,0
2711.15,14,mobile_android,606,False,3,8,1,gastronomia,mie,3.37,1
1386.98,15,mobile_android,894,False,2,7,1,supermercado,mie,1.68,0
3378.67,14,mobile_android,1754,False,0,3,1,viajes,sab,1.07,0
2243.9,17,mobile_ios,1135,False,1,2,0,gastronomia,sab,1.12,0
17132.38,14,mobile_ios,1022,False,1,10,0,gastronomia,mar,1.08,0
2242.33,13,web,430,False,0,7,0,vestimenta,jue,1.71,0
6452.63,20,mobile_android,1934,False,1,4,0,electronicos,lun,1.31,0
5766.96,20,mobile_android,1444,False,0,2,0,supermercado,mar,1.55,0
5313.27,19,mobile_ios,757,False,0,3,0,cripto,sab,1.39,0
3542.42,13,mobile_ios,74,False,2,3,1,gastronomia,lun,1.19,0
2122.74,23,mobile_ios,2386,False,1,3,0,gastronomia,mar,0.55,0
5430.43,17,mobile_android,2201,False,1,4,1,gastronomia,vie,1.15,0
8430.14,8,mobile_android,486,False,2,6,0,supermercado,sab,1.52,0
6405.53,18,mobile_android,1168,False,3,10,0,cripto,dom,0.5,0
1357.15,13,mobile_android,797,False,0,2,0,supermercado,sab,1.61,0
7085.69,12,mobile_android,1177,False,0,1,0,transferencia_p2p,mie,1.06,0
5005.49,14,web,1818,False,2,8,0,transferencia_p2p,mie,0.48,0
4866.06,14,mobile_ios,122,False,0,5,0,electronicos,mar,0.78,0
3045.27,8,web,860,False,0,3,0,viajes,vie,1.13,0
1952.31,21,mobile_ios,489,False,2,8,0,transferencia_p2p,mar,1.43,0
2548.83,18,mobile_android,728,False,0,8,0,transferencia_p2p,lun,0.75,0
1294.51,21,mobile_android,714,False,0,3,0,viajes,vie,1.28,0
2285.25,11,mobile_android,1788,False,3,8,0,gastronomia,mie,1.39,0
1600.65,12,mobile_ios,1030,False,1,3,0,gastronomia,lun,1.02,0
2207.87,20,web,744,False,2,4,0,cripto,sab,0.63,0
7315.98,8,web,2454,False,1,5,0,vestimenta,jue,1.33,0
1116.05,10,mobile_ios,783,False,1,3,1,electronicos,mar,0.99,0
2126.41,17,mobile_android,400,False,0,1,1,electronicos,vie,0.96,0
10553.46,16,mobile_ios,2461,False,1,3,0,gastronomia,lun,1.01,0
2224.17,11,mobile_ios,929,False,2,7,0,electronicos,dom,1.25,0
35473.41,17,mobile_ios,1023,False,2,6,0,supermercado,mie,0.39,0
998.74,20,mobile_android,422,False,0,3,0,gastronomia,lun,0.59,0
4174.11,11,mobile_ios,862,False,0,2,0,transferencia_p2p,mar,1.26,0
9056.41,23,mobile_ios,394,False,0,4,0,supermercado,mie,1.08,0
1184.46,20,mobile_ios,410,False,1,4,0,vestimenta,jue,0.99,0
1905.67,11,mobile_android,362,False,2,5,0,supermercado,mie,0.92,0
1124.38,0,web,43,False,1,5,0,electronicos,dom,3.5,1
1959.28,20,web,261,False,3,9,0,transferencia_p2p,vie,2.03,0
4592.45,12,mobile_ios,702,False,0,6,0,supermercado,lun,1.54,0
4124.49,14,mobile_android,670,False,2,6,1,gastronomia,dom,1.48,0
10546.07,12,mobile_ios,1718,False,1,3,0,viajes,vie,1.43,0
2685.37,22,mobile_ios,1257,False,1,8,0,viajes,lun,1.16,0
1667.13,18,mobile_ios,63,False,0,6,2,vestimenta,sab,0.89,0
20323.86,18,web,670,False,3,7,0,supermercado,mar,1.48,1
1970.25,22,mobile_ios,587,False,0,7,0,supermercado,vie,0.51,0
2026.26,14,mobile_android,1016,False,0,5,0,supermercado,mie,0.76,0
1661.94,10,mobile_android,1656,False,4,6,0,viajes,sab,1.48,0
1553.81,8,web,468,False,1,6,0,gastronomia,sab,0.71,0
814.54,19,mobile_android,704,False,0,7,0,supermercado,mie,1.51,0
2172.19,9,mobile_ios,962,False,1,4,0,vestimenta,mie,0.91,0
24050.81,11,mobile_android,189,True,3,8,0,transferencia_p2p,jue,0.35,0
9915.3,22,mobile_android,1210,False,0,2,0,supermercado,lun,0.81,0
1974.17,17,web,498,True,2,9,1,gastronomia,sab,1.57,0
4439.87,21,mobile_android,1181,True,1,4,0,supermercado,mie,1.01,0
9505.16,17,mobile_android,192,False,1,5,1,transferencia_p2p,sab,0.54,0
2528.98,22,web,765,False,3,5,0,supermercado,mie,1.03,0
2633.87,12,mobile_ios,1349,False,1,4,0,cripto,lun,0.88,0
571.26,21,mobile_android,980,False,0,4,2,gastronomia,mie,1.06,0
20065.71,21,mobile_android,2080,False,1,4,0,gastronomia,lun,0.86,0
2806.72,13,mobile_ios,1238,False,1,4,1,supermercado,mar,1.29,0
8085.76,23,mobile_ios,470,False,1,4,0,supermercado,dom,0.99,0
2479.36,20,mobile_ios,1113,False,1,7,0,supermercado,sab,0.52,0
3048.86,9,mobile_android,1533,False,1,4,0,supermercado,vie,1.13,0
674.79,21,mobile_android,882,False,1,7,0,supermercado,mie,0.74,0
3938.09,19,mobile_ios,1397,False,1,9,0,supermercado,sab,0.8,0
652.52,21,mobile_android,1245,False,0,4,0,supermercado,sab,1.04,0
2453.8,12,mobile_android,1064,False,2,4,0,juegos_online,lun,0.93,0
8687.81,2,mobile_ios,959,False,2,5,1,viajes,jue,0.75,0
15834.36,19,web,1705,False,2,8,0,electronicos,mie,1.11,0
17980.23,12,mobile_ios,1460,False,1,3,2,gastronomia,mar,0.96,0
3958.5,20,mobile_android,800,False,2,5,0,supermercado,lun,0.83,0
2256.28,20,mobile_android,672,False,0,9,0,transferencia_p2p,dom,1.51,0
20314.88,20,mobile_android,693,False,4,10,0,vestimenta,mar,1.82,0
5125.6,18,mobile_ios,660,False,5,13,0,supermercado,jue,1.21,0
3986.17,10,mobile_android,993,False,1,5,1,supermercado,sab,0.76,0
6067.54,10,mobile_ios,938,False,2,8,0,supermercado,lun,1.2,0
860.94,13,mobile_ios,3287,False,2,7,0,electronicos,dom,0.97,0
2289.75,10,web,911,False,3,6,0,vestimenta,lun,1.0,0
4721.15,10,web,1235,False,0,3,0,electronicos,jue,0.31,0
983.29,13,web,891,False,2,4,0,electronicos,mar,0.24,0
4810.59,10,mobile_ios,1872,False,0,3,0,supermercado,jue,0.99,0
8953.73,18,mobile_android,357,False,1,4,0,supermercado,mar,1.9,0
8247.88,19,mobile_ios,73,False,1,6,0,viajes,vie,1.29,0
2161.29,22,mobile_android,1319,False,1,6,0,gastronomia,vie,0.98,0
1458.03,20,mobile_ios,1292,False,1,9,0,gastronomia,jue,1.03,0
10000.0,19,web,849,False,4,7,0,electronicos,dom,2.51,1
2606.8,21,mobile_ios,1982,False,0,2,0,electronicos,vie,0.93,0
1809.4,21,web,729,False,2,3,0,supermercado,mar,0.83,0
623.15,11,web,1373,True,1,6,0,electronicos,sab,1.07,0
1417.77,20,web,295,False,1,3,0,viajes,lun,1.24,0
28411.38,23,mobile_ios,747,False,2,4,1,transferencia_p2p,vie,0.56,0
2347.12,11,mobile_android,3650,False,0,5,2,supermercado,mie,1.08,0
1415.26,15,mobile_android,305,False,2,5,1,electronicos,dom,0.62,0
7130.34,20,web,1725,False,4,7,0,supermercado,mie,1.4,0
6570.34,20,web,425,False,3,5,1,supermercado,lun,0.27,0
79898.49,11,web,2984,False,0,4,0,gastronomia,dom,0.05,0
2482.68,2,web,425,False,2,7,3,supermercado,jue,1.34,1
6848.64,11,mobile_ios,2139,False,2,6,0,supermercado,sab,0.58,0
2620.39,18,mobile_ios,358,False,0,4,0,viajes,vie,1.34,0
2141.32,19,mobile_android,777,False,1,2,0,supermercado,vie,1.09,0
2585.46,9,mobile_ios,2545,False,1,10,0,supermercado,vie,0.85,0
3757.71,22,mobile_ios,1768,False,1,4,0,supermercado,sab,0.47,0
1760.01,12,mobile_android,460,False,0,3,0,vestimenta,sab,0.36,0
1716.38,14,mobile_ios,1596,False,2,5,2,electronicos,jue,1.1,0
3016.95,11,mobile_ios,1194,False,0,4,0,gastronomia,vie,1.63,0
6956.87,21,mobile_ios,291,False,1,4,0,juegos_online,vie,1.29,0
485.85,10,mobile_android,1868,False,0,4,0,vestimenta,vie,1.07,0
5247.4,8,mobile_ios,532,False,0,4,0,vestimenta,vie,1.5,0
4431.06,22,mobile_android,620,False,1,5,0,viajes,dom,0.48,0
1344.24,23,mobile_ios,646,False,0,4,0,supermercado,lun,1.43,0
3326.94,11,mobile_android,1381,False,0,1,0,supermercado,sab,1.18,0
9315.36,19,mobile_ios,513,True,2,4,1,supermercado,sab,0.81,0
1347.9,19,mobile_ios,1024,False,1,4,0,juegos_online,jue,0.89,0
6749.89,19,mobile_ios,1120,False,2,8,0,electronicos,mar,1.24,0
21988.78,22,mobile_ios,262,False,3,7,0,supermercado,sab,1.19,0
17495.05,17,web,23,False,3,6,3,gastronomia,jue,1.89,1
50000.0,2,web,83,False,5,7,2,electronicos,mie,0.3,1
1442.2,15,mobile_ios,2737,False,1,6,0,supermercado,jue,1.1,0
2525.72,11,mobile_ios,1145,False,3,7,0,supermercado,sab,1.02,0
11830.67,10,mobile_android,1125,False,0,2,0,supermercado,vie,1.46,0
4622.08,20,mobile_android,376,False,5,12,0,vestimenta,mar,1.07,0
1028.2,13,mobile_android,1547,False,1,7,0,gastronomia,sab,1.22,0
3117.75,12,mobile_android,448,False,1,5,0,gastronomia,dom,0.64,0
2797.62,20,mobile_ios,836,False,1,5,0,gastronomia,mar,1.05,0
10801.65,12,mobile_ios,1447,False,1,4,0,supermercado,dom,1.33,0
1876.75,20,web,321,False,3,4,0,electronicos,lun,0.94,0
5680.12,13,mobile_ios,1199,False,2,5,0,electronicos,jue,1.51,0
157.01,23,mobile_ios,501,True,4,7,1,vestimenta,sab,1.25,0
4719.89,21,mobile_android,382,False,3,7,0,viajes,vie,1.04,0
1761.61,15,mobile_android,640,False,1,5,0,vestimenta,lun,1.29,0
35159.29,20,mobile_android,353,False,3,10,0,supermercado,mie,1.34,0
8282.81,20,mobile_android,1660,False,0,1,0,supermercado,dom,0.9,0
1693.35,18,mobile_ios,427,False,1,5,0,transferencia_p2p,mie,0.94,0
15987.95,19,mobile_android,2989,False,1,6,1,cripto,vie,0.71,0
3959.93,23,mobile_ios,2180,False,1,3,0,transferencia_p2p,jue,0.48,0
7923.67,20,mobile_ios,2276,False,1,7,0,viajes,sab,0.95,0
1566.77,8,mobile_ios,2619,False,2,8,0,transferencia_p2p,sab,1.32,0
5583.86,21,mobile_ios,1263,False,0,4,0,electronicos,mar,1.24,0
4811.98,13,web,792,False,2,4,0,electronicos,lun,0.6,0
1380.47,22,web,1519,False,0,4,0,juegos_online,mie,1.84,0
1773.16,11,mobile_ios,828,False,0,7,0,electronicos,mie,1.02,0
3624.12,18,mobile_ios,1087,False,2,2,0,electronicos,lun,0.73,0
913.48,19,mobile_ios,911,False,0,6,0,supermercado,dom,1.59,0
1012.83,23,mobile_android,2060,False,2,4,0,supermercado,sab,0.96,0
3733.6,13,mobile_ios,750,False,1,7,1,cripto,jue,0.38,0
3090.96,18,mobile_ios,471,False,0,7,1,vestimenta,mar,1.31,0
990.36,20,mobile_ios,944,False,1,4,0,supermercado,sab,0.98,0
13191.54,10,mobile_ios,470,False,0,6,0,gastronomia,vie,1.57,0
831.05,21,mobile_ios,2322,False,0,6,0,gastronomia,vie,0.58,0
2415.03,12,mobile_ios,928,False,2,2,0,electronicos,dom,0.65,0
11855.26,21,mobile_android,2792,False,2,11,0,electronicos,jue,1.06,0
3392.37,13,mobile_android,2048,False,2,9,0,transferencia_p2p,vie,1.34,0
4960.9,23,web,40,False,2,3,1,transferencia_p2p,jue,2.81,1
5102.95,19,mobile_android,519,False,0,6,0,supermercado,mar,0.45,0
6576.91,10,web,676,False,1,8,0,supermercado,dom,1.16,0
2107.93,23,web,801,False,2,6,0,supermercado,vie,0.98,0
4078.04,12,mobile_android,1836,False,1,5,0,electronicos,mar,1.15,0
1847.61,13,mobile_android,1889,False,2,5,0,supermercado,dom,0.48,0
3988.99,13,mobile_ios,1263,False,0,5,0,electronicos,mar,1.35,0
3844.33,13,mobile_ios,1243,False,3,11,0,electronicos,vie,0.68,0
1207.14,12,mobile_android,2214,False,0,4,0,vestimenta,sab,1.13,0
9455.47,17,mobile_android,1424,False,1,1,0,juegos_online,vie,1.21,0
269.92,22,mobile_ios,550,False,0,5,0,vestimenta,mie,1.78,0
596.08,11,mobile_android,2448,False,0,2,0,vestimenta,jue,1.0,0
7414.75,12,mobile_android,1086,False,2,6,0,gastronomia,sab,1.66,0
1710.18,13,mobile_ios,1239,False,1,6,0,vestimenta,mar,0.65,0
4783.19,12,mobile_ios,1159,False,4,9,0,supermercado,jue,1.59,0
2734.63,15,mobile_android,169,False,0,5,0,cripto,vie,2.21,0
2303.77,19,mobile_android,480,False,0,6,0,gastronomia,sab,0.56,0
3399.08,17,mobile_android,391,True,2,6,0,supermercado,vie,0.29,1
1825.61,12,mobile_ios,354,False,2,7,0,gastronomia,mar,1.43,0
18430.5,9,web,36,False,5,11,0,juegos_online,dom,0.94,1
13616.17,13,mobile_android,429,True,0,3,1,gastronomia,mie,1.35,0
3283.22,23,mobile_ios,101,False,1,3,1,gastronomia,mar,1.05,0
4974.15,12,mobile_android,374,False,2,5,0,cripto,sab,0.68,0
3835.95,11,mobile_ios,584,False,0,5,0,vestimenta,dom,1.29,0
3726.99,18,mobile_android,2115,False,2,5,0,cripto,sab,0.82,0
8427.04,10,mobile_ios,430,False,1,5,0,electronicos,lun,0.95,0
1849.11,6,mobile_android,605,False,0,7,0,supermercado,sab,0.98,0
19683.84,9,mobile_ios,1830,False,4,5,0,transferencia_p2p,mie,1.42,0
4379.4,21,mobile_android,1017,False,2,4,1,supermercado,lun,2.04,1
5180.83,17,mobile_android,407,False,0,2,0,vestimenta,mie,1.07,0
2078.81,12,web,320,False,1,4,1,supermercado,mie,0.71,0
1882.78,21,mobile_ios,941,False,3,8,0,viajes,mar,0.68,0
1763.0,16,mobile_ios,152,False,1,6,0,electronicos,mar,0.86,0
2327.47,10,mobile_android,753,False,2,6,0,supermercado,jue,1.16,0
2066.69,20,web,1762,False,1,7,0,gastronomia,mar,1.05,0
23166.52,23,mobile_android,560,False,0,5,0,electronicos,sab,1.13,0
2459.65,21,web,1090,False,1,5,0,gastronomia,mar,0.91,0
886.57,17,web,475,False,5,11,0,supermercado,vie,1.06,0
4994.28,17,web,2212,False,0,3,1,transferencia_p2p,sab,0.74,0
7869.1,21,mobile_android,1453,True,0,4,0,gastronomia,lun,0.85,0
7354.19,12,mobile_ios,976,False,2,13,0,supermercado,mar,0.91,0
719.88,21,web,1934,True,2,3,0,vestimenta,sab,1.27,0
1306.98,11,mobile_android,576,False,2,7,0,gastronomia,mar,1.13,0
5533.08,8,mobile_android,674,False,1,6,1,transferencia_p2p,dom,0.5,0
6741.11,15,mobile_android,232,False,0,3,0,gastronomia,mie,1.43,0
4319.76,21,mobile_android,484,False,2,9,0,viajes,vie,1.51,0
4459.52,9,mobile_android,1674,False,3,5,0,supermercado,sab,0.91,0
446.21,22,web,1458,True,1,5,1,supermercado,jue,1.3,0
2463.46,18,mobile_android,1002,False,1,9,0,supermercado,sab,1.28,0
8621.38,19,mobile_android,366,False,2,6,0,gastronomia,dom,1.34,0
1992.25,1,mobile_android,327,False,0,2,0,electronicos,vie,1.06,0
3674.5,23,mobile_ios,2333,False,2,7,0,supermercado,dom,0.82,0
7044.75,13,mobile_android,779,False,2,10,0,supermercado,sab,1.25,0
3313.42,22,mobile_ios,254,False,1,6,0,vestimenta,sab,0.51,0
20381.03,12,mobile_android,223,False,4,9,0,viajes,dom,0.67,0
5886.01,11,mobile_ios,977,False,1,5,0,vestimenta,mar,1.26,0
6096.14,11,mobile_ios,905,False,1,5,0,supermercado,dom,1.01,0
1396.87,19,mobile_ios,1589,False,0,4,0,gastronomia,sab,0.81,0
2447.46,19,mobile_android,838,False,2,6,0,vestimenta,lun,0.84,0
6736.24,18,web,1185,False,1,7,0,electronicos,mar,0.89,0
1079.76,14,mobile_android,1080,False,0,5,0,supermercado,lun,0.64,0
2946.74,19,mobile_ios,884,False,1,2,0,electronicos,sab,0.48,0
2680.61,17,mobile_ios,848,False,1,6,0,transferencia_p2p,dom,1.27,0
430.65,21,mobile_ios,1010,False,3,4,0,transferencia_p2p,jue,1.37,0
7059.16,20,mobile_ios,200,False,0,1,0,supermercado,mie,0.53,0
1241.73,17,mobile_ios,1558,False,0,1,1,supermercado,lun,0.68,0
1956.65,19,mobile_android,426,False,0,7,0,gastronomia,vie,1.2,0
2292.68,18,mobile_android,700,False,0,7,0,supermercado,jue,0.67,0
3548.79,19,mobile_android,415,False,0,9,0,supermercado,mar,0.45,0
18975.96,18,mobile_android,557,False,3,8,0,juegos_online,vie,1.12,0
5866.63,20,mobile_android,758,False,2,9,0,electronicos,mie,0.94,0
1284.87,11,mobile_ios,1032,False,1,8,0,gastronomia,vie,1.28,0
2275.91,21,mobile_ios,841,False,2,5,0,vestimenta,jue,0.05,0
5990.46,10,mobile_ios,1205,False,2,6,0,supermercado,mie,1.13,0
15290.79,15,mobile_android,1534,False,1,6,0,supermercado,dom,0.47,0
5611.62,12,mobile_android,884,False,3,4,0,supermercado,sab,0.91,0
6762.66,12,mobile_ios,365,False,1,6,0,supermercado,sab,1.41,0
2418.98,12,mobile_ios,698,False,4,8,0,transferencia_p2p,mie,1.11,0
1165.43,21,web,896,False,1,8,0,supermercado,mar,1.18,0
9649.46,18,mobile_android,467,False,0,5,0,gastronomia,lun,1.0,0
5575.43,18,mobile_ios,1381,True,1,6,0,gastronomia,mie,1.82,0
18464.17,23,mobile_ios,444,False,2,7,0,electronicos,sab,0.68,0
3602.42,13,web,462,False,1,3,0,electronicos,lun,0.92,0
4033.83,21,mobile_ios,740,False,0,3,0,gastronomia,vie,1.49,0
7375.87,0,mobile_ios,625,False,1,4,0,transferencia_p2p,lun,1.19,0
19571.24,20,mobile_ios,197,False,0,1,1,cripto,sab,1.03,0
6906.47,17,mobile_android,702,False,1,11,0,supermercado,mar,0.85,0
2465.6,14,mobile_ios,460,False,3,7,0,supermercado,jue,0.56,0
9064.78,16,mobile_android,1924,False,2,5,0,supermercado,jue,1.01,0
7248.95,13,mobile_ios,549,False,1,2,0,cripto,lun,0.86,0
11003.91,23,mobile_android,805,False,1,6,0,supermercado,dom,0.73,0
4318.45,17,web,220,False,2,4,0,electronicos,vie,0.58,0
2715.71,13,web,748,False,1,6,0,vestimenta,mie,1.09,0
9296.35,20,mobile_ios,923,False,1,5,0,gastronomia,mar,1.17,0
5543.39,23,mobile_android,320,False,1,9,0,viajes,mie,1.03,0
1363.73,12,mobile_android,751,False,0,2,0,gastronomia,dom,1.3,0
