usuario_id,anio_nacimiento,ciudad,ingreso_estimado,fecha_alta,dias_desde_ultimo_pedido,gasto_restaurantes,gasto_mercados,gasto_bebidas,gasto_farmacia,gasto_kioscos,gasto_premium,pedidos_con_descuento,pedidos_app,pedidos_web,pedidos_local,visitas_app_mes,cupon_hot_sale,cupon_dia_del_amigo,cupon_cyber_monday,cupon_navidad,cupon_finde_largo,reclamo,respuesta_ultima_campania
1402,1954,Córdoba,1674775.0,2024-09-11,2,496000,460000,60000,189000,36000,12000,3,8,4,6,3,0,0,0,0,0,0,0
10623,1961,Córdoba,1208250.0,2025-11-15,25,28000,4000,0,0,0,0,1,0,1,3,5,0,0,0,0,0,0,0
182,1946,GBA,1103100.0,2025-05-11,23,284000,55000,6000,0,0,52000,4,2,6,5,8,0,0,0,0,0,0,0
5991,1949,Córdoba,1203750.0,2025-06-08,57,173000,39000,2000,3000,2000,47000,3,1,5,4,7,0,0,0,0,0,0,0
9904,1956,CABA,1784775.0,2025-03-29,14,336000,274000,123000,46000,123000,141000,5,5,6,12,3,0,0,0,0,0,0,0
500,1977,CABA,2421900.0,2025-08-06,22,908000,735000,194000,40000,43000,21000,1,7,7,9,2,1,0,0,1,1,0,1
6457,1976,CABA,1622300.0,2026-05-29,9,527000,230000,24000,32000,24000,65000,2,4,6,12,4,0,0,0,0,0,0,0
9999,1965,CABA,1881900.0,2024-09-27,5,610000,125000,42000,137000,105000,21000,1,4,9,9,5,0,0,0,0,0,0,0
967,1976,CABA,1151225.0,2025-07-21,20,342000,112000,14000,19000,9000,19000,10,2,5,9,7,0,0,0,0,0,0,1
4554,1965,CABA,1175225.0,2025-10-01,4,171000,73000,10000,59000,45000,90000,4,2,3,8,4,0,0,0,0,0,0,0
702,1975,Rosario,1192050.0,2025-02-15,4,162000,83000,57000,97000,61000,61000,4,3,4,8,5,0,0,0,0,0,0,0
10659,1979,Rosario,187500.0,2025-05-07,60,2000,11000,8000,3000,8000,21000,4,2,3,2,7,0,0,0,0,0,0,0
143,1970,CABA,1530225.0,2025-08-25,22,466000,224000,49000,119000,0,99000,1,3,5,4,2,0,0,0,0,0,0,0
4491,1949,Córdoba,1571125.0,2024-10-01,22,1099000,45000,0,0,0,34000,11,4,3,10,8,0,0,0,1,0,0,0
3011,1965,CABA,1728475.0,2026-01-27,37,86000,75000,15000,33000,12000,6000,1,1,4,5,4,0,0,0,0,0,0,0
1745,1962,GBA,2142400.0,2025-05-03,29,714000,395000,0,116000,76000,12000,1,6,4,9,1,0,0,0,0,0,0,1
2711,1976,Córdoba,764000.0,2025-06-27,84,9000,5000,5000,4000,1000,7000,1,0,1,3,7,0,0,0,0,0,0,0
7381,1968,CABA,1892325.0,2024-12-06,15,797000,293000,97000,72000,153000,30000,1,4,11,6,4,1,0,0,1,1,0,1
574,1964,CABA,1063075.0,2026-04-23,72,14000,11000,26000,3000,36000,35000,1,1,1,4,2,0,0,0,0,0,0,0
1137,1964,CABA,2031150.0,2025-12-29,7,398000,537000,156000,61000,190000,37000,1,5,4,7,1,1,0,1,0,0,0,0
577,1976,Rosario,672675.0,2025-08-20,13,9000,7000,3000,0,1000,2000,2,0,1,3,7,0,0,0,0,0,0,0
9080,1972,GBA,964450.0,2025-06-22,31,38000,22000,3000,3000,4000,3000,3,0,3,3,8,0,0,0,0,0,0,0
3856,1960,CABA,1584525.0,2024-10-05,7,571000,142000,50000,33000,50000,159000,4,5,4,13,2,0,0,0,0,0,0,0
7375,1976,CABA,1284225.0,2024-10-25,8,297000,79000,11000,0,7000,182000,2,2,8,4,8,0,0,0,0,0,0,0
7786,1986,GBA,749975.0,2025-02-13,16,68000,59000,5000,10000,7000,11000,4,1,3,4,8,0,0,0,0,0,0,0
6233,1976,CABA,1649775.0,2024-09-07,4,507000,364000,47000,25000,19000,9000,3,5,9,10,7,0,0,0,0,0,0,0
7212,1966,CABA,1119850.0,2026-06-08,4,54000,7000,0,0,0,4000,1,0,2,3,6,0,0,0,0,0,0,0
7023,1953,GBA,1155775.0,2024-11-26,66,189000,55000,5000,0,2000,12000,4,1,6,4,9,0,0,0,0,0,0,0
4646,1951,Rosario,1962425.0,2025-12-01,24,207000,447000,0,75000,26000,223000,1,7,5,12,2,1,0,0,0,0,0,0
2928,1975,GBA,1315350.0,2024-12-01,26,789000,142000,9000,12000,0,38000,2,4,2,8,8,0,0,0,0,0,0,0
10971,1977,CABA,944350.0,2024-09-03,16,173000,107000,2000,7000,8000,176000,4,2,7,3,9,0,0,1,0,0,1,1
4817,1956,CABA,557600.0,2024-08-04,55,3000,7000,4000,0,2000,2000,1,0,1,2,8,0,0,0,0,0,0,0
5177,1974,Córdoba,1462350.0,2025-12-12,23,298000,68000,0,4000,7000,19000,2,2,6,6,6,0,0,0,0,0,0,0
1160,1970,CABA,331500.0,2025-08-23,23,9000,17000,2000,10000,4000,7000,4,0,3,3,8,0,0,0,0,0,0,0
1204,1970,GBA,1688400.0,2025-05-22,23,1253000,447000,71000,23000,0,35000,3,5,11,11,8,1,0,0,0,0,0,0
9166,1968,CABA,1599175.0,2025-08-09,14,387000,141000,35000,73000,84000,162000,3,4,4,12,2,0,0,0,0,0,0,0
10424,1968,CABA,1898050.0,2025-12-09,25,265000,553000,23000,224000,138000,92000,1,4,4,9,1,0,0,0,0,0,0,0
4329,1984,GBA,474700.0,2026-05-23,24,6000,6000,1000,2000,0,1000,2,0,1,3,7,0,0,0,0,0,0,0
3726,1986,GBA,858000.0,2026-02-16,38,4000,9000,0,3000,1000,0,1,0,1,2,8,0,0,0,0,0,0,0
291,1970,CABA,1823500.0,2025-06-19,12,182000,298000,149000,162000,74000,116000,1,3,3,6,1,0,0,0,0,0,0,0
8132,1975,GBA,1515775.0,2025-04-05,16,565000,65000,6000,0,6000,19000,5,2,9,8,7,0,0,0,1,0,0,0
8720,1978,Rosario,,2024-08-12,3,32000,1607000,4000,12000,2000,22000,0,0,0,1,0,0,0,0,1,0,0,0
4500,1991,GBA,1717050.0,2025-10-06,7,919000,505000,30000,99000,0,45000,1,9,4,10,2,0,0,0,0,0,0,0
3130,1964,CABA,467525.0,2025-06-04,64,12000,2000,6000,10000,4000,10000,4,0,2,4,5,0,0,0,0,0,0,0
1993,1949,GBA,1465175.0,2024-12-23,16,867000,86000,0,0,0,19000,3,3,2,9,8,0,0,0,1,0,0,0
2747,1988,GBA,1688650.0,2024-08-31,6,864000,768000,38000,150000,134000,172000,1,10,4,5,3,0,0,0,0,0,0,0
5675,1960,GBA,1265275.0,2024-10-04,10,459000,24000,0,6000,0,4000,6,5,4,7,6,0,0,0,1,0,0,0
2066,1949,CABA,970575.0,2024-08-30,14,70000,11000,8000,2000,0,23000,1,1,2,3,6,0,0,0,0,0,0,0
8475,1973,GBA,3931075.0,2026-03-01,1,20000,1582000,2000,1000,2000,1000,15,22,0,0,0,0,0,0,0,0,0,0
425,1985,CABA,1383925.0,2025-02-19,13,374000,116000,25000,84000,64000,64000,3,2,6,11,5,0,0,0,0,0,0,0
10680,1986,CABA,830875.0,2026-02-05,39,45000,16000,1000,2000,0,6000,1,0,3,3,7,0,0,0,0,0,0,0
1577,1946,CABA,1964225.0,2026-02-19,5,558000,622000,175000,207000,79000,95000,1,6,4,4,1,0,0,0,0,1,0,1
9478,1985,CABA,1662575.0,2024-08-14,18,91000,128000,3000,65000,64000,50000,2,3,4,6,3,0,0,0,0,0,0,0
8780,1950,GBA,1482300.0,2025-06-13,11,378000,68000,14000,19000,14000,14000,2,5,3,8,3,0,0,0,0,0,0,0
810,1975,CABA,1854750.0,2026-05-12,23,151000,86000,91000,168000,81000,64000,2,2,4,11,2,0,0,0,0,0,0,0
7129,1962,GBA,1367325.0,2025-02-17,3,686000,142000,26000,23000,17000,35000,8,4,6,13,6,0,0,0,0,0,0,0
6605,1944,GBA,1390350.0,2025-11-27,21,504000,131000,0,8000,13000,26000,1,4,9,6,7,0,0,0,1,0,0,0
6682,1973,Rosario,474450.0,2024-12-11,98,2000,1000,7000,4000,8000,15000,1,0,1,3,8,0,0,0,0,0,0,0
10323,1952,CABA,1235325.0,2025-10-25,26,205000,41000,2000,3000,7000,46000,2,2,4,5,5,0,0,0,0,0,0,0
3599,1970,CABA,1592100.0,2024-11-26,2,575000,428000,93000,208000,80000,80000,3,4,8,8,5,0,0,0,0,0,0,0
4756,1952,Rosario,1599950.0,2025-12-20,25,176000,818000,33000,0,29000,112000,1,6,7,11,4,0,0,0,0,0,0,1
3334,1951,CABA,2366050.0,2026-02-12,10,879000,797000,143000,106000,143000,143000,0,7,5,9,1,1,0,0,0,1,0,0
5346,1973,Rosario,588975.0,2025-07-03,75,25000,19000,0,7000,5000,23000,3,0,3,3,7,0,0,0,0,0,0,0
716,1949,GBA,1697775.0,2026-05-22,1,529000,356000,28000,63000,0,0,3,7,6,11,3,0,0,0,0,0,0,0
4188,1957,CABA,921600.0,2024-08-13,84,204000,39000,0,17000,5000,89000,3,2,5,4,8,0,0,0,0,0,0,1
2326,1990,CABA,473225.0,2025-02-16,71,32000,8000,4000,23000,0,18000,1,0,1,4,6,0,0,0,0,0,0,0
7787,1960,CABA,1570175.0,2024-08-31,10,526000,135000,21000,10000,28000,99000,3,3,5,12,5,0,0,0,0,0,0,0
10637,1964,CABA,1020000.0,2025-01-01,75,24000,27000,30000,8000,0,10000,2,0,3,3,7,0,0,0,0,0,1,0
10827,1967,GBA,923675.0,2024-08-07,15,88000,21000,1000,4000,3000,29000,4,0,3,4,9,0,0,0,0,0,0,0
5726,1983,Córdoba,794700.0,2026-03-20,67,16000,23000,8000,0,7000,6000,3,0,3,4,5,0,0,0,0,0,1,0
6575,1981,CABA,1409650.0,2024-10-27,22,230000,214000,32000,13000,48000,75000,8,1,9,7,9,0,0,0,0,0,0,0
8726,1964,Rosario,1042825.0,2026-04-29,14,77000,44000,10000,10000,8000,25000,5,1,3,4,6,0,0,0,0,0,0,0
7408,1952,GBA,1363725.0,2026-03-03,37,216000,6000,0,0,2000,9000,2,1,5,4,7,0,0,0,0,0,0,0
4607,1959,CABA,1784175.0,2025-08-23,10,227000,389000,21000,42000,23000,75000,1,5,4,7,2,0,0,0,0,0,0,0
6310,1978,CABA,825975.0,2025-09-09,19,30000,12000,8000,8000,8000,12000,1,0,2,4,5,0,0,0,0,0,0,0
274,1973,CABA,871325.0,2025-12-23,56,9000,15000,3000,2000,3000,2000,2,0,2,3,6,0,0,0,0,0,0,0
4220,1970,GBA,1497300.0,2025-11-02,70,73000,13000,1000,0,0,0,1,1,2,3,3,0,0,0,0,0,0,0
6460,1982,CABA,717950.0,2025-07-13,68,12000,6000,8000,11000,4000,16000,2,0,2,3,8,0,0,0,0,0,0,0
1407,1986,Rosario,510625.0,2024-10-29,28,4000,5000,16000,3000,12000,17000,2,0,2,3,7,0,0,0,0,0,0,0
916,1972,GBA,1041100.0,2026-05-09,82,20000,4000,0,2000,3000,2000,2,0,1,3,3,0,0,0,0,0,0,0
1419,1950,CABA,850650.0,2025-08-05,59,18000,15000,8000,12000,6000,17000,3,1,2,3,5,0,0,0,0,0,0,0
9064,1982,CABA,1727725.0,2024-11-09,18,823000,459000,29000,124000,25000,95000,1,6,6,7,4,0,0,0,0,1,0,1
2075,1969,CABA,1811500.0,2025-11-14,32,377000,540000,30000,80000,10000,10000,1,5,3,7,1,0,0,0,0,0,0,0
2525,1974,GBA,960250.0,2024-09-14,29,153000,123000,64000,116000,64000,14000,2,2,5,9,6,0,0,0,0,0,0,1
544,1954,CABA,1570500.0,2025-05-11,4,398000,265000,61000,138000,61000,53000,1,4,3,6,1,0,0,0,0,0,0,0
1998,1976,CABA,942425.0,2026-02-07,24,34000,21000,4000,11000,6000,8000,1,1,2,3,6,0,0,0,0,0,0,0
9135,1950,CABA,680075.0,2024-08-06,87,13000,21000,0,4000,2000,24000,2,1,1,2,8,0,0,0,0,0,0,0
3006,1976,CABA,774800.0,2025-04-22,85,17000,14000,3000,7000,0,2000,1,0,1,3,7,0,0,0,0,0,0,0
6211,1976,GBA,934875.0,2026-05-02,11,18000,9000,1000,0,0,11000,1,0,1,3,6,0,0,0,0,0,0,0
7247,1960,CABA,1197900.0,2024-11-22,31,505000,26000,0,0,0,75000,5,4,7,6,6,0,0,0,1,0,0,0
1307,1978,CABA,1049650.0,2026-02-09,31,27000,8000,3000,8000,5000,12000,3,0,3,4,4,0,0,0,0,0,0,0
9256,1971,CABA,1458750.0,2025-01-04,16,493000,206000,80000,116000,26000,80000,4,3,8,12,6,0,0,0,0,0,0,0
2875,1978,CABA,1675575.0,2026-03-04,1,444000,382000,8000,11000,44000,17000,1,7,3,13,2,0,0,0,0,0,1,0
8492,1978,CABA,1885925.0,2025-11-09,8,795000,545000,58000,95000,0,0,1,4,8,10,6,1,0,0,0,0,0,0
3855,1963,CABA,560475.0,2025-04-18,23,30000,47000,21000,19000,3000,42000,1,2,3,2,8,0,0,0,0,0,0,0
6983,1950,Córdoba,951350.0,2026-05-01,18,23000,17000,1000,2000,2000,0,2,0,2,3,7,0,0,0,0,0,0,0
5794,1974,GBA,1159350.0,2026-03-17,28,408000,21000,0,0,0,17000,3,1,7,7,8,1,0,0,1,0,0,1
7141,1986,Córdoba,547200.0,2024-12-29,22,88000,46000,3000,2000,10000,64000,4,1,5,2,10,0,0,0,0,0,0,1
25,1958,CABA,1628700.0,2024-11-16,26,460000,422000,12000,33000,35000,153000,2,6,6,7,4,0,0,0,0,0,0,0
4865,1974,Córdoba,1334175.0,2025-08-31,9,229000,140000,3000,10000,7000,11000,7,1,5,8,7,0,0,0,0,0,0,1
3967,1971,GBA,1973275.0,2025-10-25,6,331000,170000,152000,58000,197000,35000,1,8,2,13,1,0,0,0,0,0,0,0
9855,1952,GBA,1550000.0,2025-08-25,21,899000,101000,0,0,0,20000,1,6,6,13,4,1,0,0,0,0,0,0
1321,1974,CABA,651675.0,2025-11-04,32,22000,18000,2000,0,2000,12000,3,0,3,3,8,0,0,0,0,0,0,0
5517,1969,CABA,632325.0,2025-09-15,67,15000,11000,2000,0,0,9000,1,1,1,2,8,0,0,0,0,0,0,0
3066,1975,GBA,1547625.0,2026-02-04,77,167000,43000,2000,6000,0,13000,2,2,4,4,5,0,0,0,0,0,0,0
2561,1966,CABA,1595250.0,2024-11-11,16,977000,253000,12000,16000,12000,101000,4,3,4,12,8,0,0,0,1,0,0,0
11100,1972,CABA,1295325.0,2025-04-11,80,51000,7000,1000,0,2000,2000,2,0,2,3,7,0,0,0,0,0,0,0
6940,1966,GBA,1168350.0,2025-10-21,28,100000,39000,1000,6000,1000,76000,4,2,3,3,6,0,0,1,0,0,0,0
5790,1985,CABA,778950.0,2025-01-27,19,25000,16000,0,20000,6000,5000,2,0,2,3,8,0,0,0,0,0,0,0
9624,1958,GBA,1637200.0,2026-06-13,26,603000,207000,18000,36000,45000,54000,1,4,3,6,1,0,0,0,0,0,0,0
4501,1965,Córdoba,1747050.0,2025-11-10,1,292000,635000,127000,132000,127000,165000,1,7,3,9,1,0,0,0,0,0,0,0
6072,1970,Córdoba,1883625.0,2025-02-02,28,918000,842000,38000,99000,57000,133000,1,8,5,6,3,1,0,0,0,0,0,1
1685,1967,GBA,1574525.0,2025-03-17,20,796000,590000,44000,38000,14000,0,1,5,4,13,3,0,0,0,1,0,0,0
6730,1954,CABA,974950.0,2024-11-03,11,34000,14000,0,0,1000,5000,3,0,2,3,8,0,0,0,0,0,1,0
1072,1965,GBA,1019000.0,2025-08-30,13,70000,17000,0,0,0,6000,2,1,2,3,6,0,0,0,0,0,0,0
7373,1952,GBA,1165250.0,2024-10-29,17,96000,96000,22000,33000,12000,43000,6,1,4,6,6,0,0,0,0,0,0,1
2453,1960,CABA,1570175.0,2024-08-31,32,526000,135000,21000,10000,28000,99000,3,3,5,12,5,0,0,0,0,0,0,0
2295,1954,GBA,1566750.0,2026-02-02,2,539000,92000,46000,80000,30000,38000,1,3,5,13,3,0,0,0,0,0,0,0
9460,1963,CABA,560475.0,2025-04-18,95,30000,47000,21000,19000,3000,42000,1,2,3,2,8,0,0,0,0,0,0,0
10858,1975,CABA,1913300.0,2025-09-09,21,355000,177000,138000,90000,30000,30000,4,5,9,7,5,0,0,0,0,0,0,0
6147,1971,CABA,645450.0,2024-10-18,16,5000,8000,2000,2000,2000,9000,1,1,0,2,7,0,0,0,0,0,0,0
4324,1989,CABA,1059675.0,2024-10-29,4,235000,235000,4000,19000,0,191000,5,1,8,7,8,0,0,0,0,0,0,0
11010,1984,GBA,406725.0,2025-08-30,36,19000,18000,1000,3000,3000,0,3,0,3,3,8,0,0,0,0,0,0,0
2870,1973,CABA,1227350.0,2024-09-21,29,376000,38000,8000,11000,0,69000,5,3,6,6,6,0,0,0,0,0,0,0
4093,1975,Córdoba,1331325.0,2025-02-11,28,216000,57000,9000,20000,9000,125000,7,3,4,5,5,0,0,0,0,0,0,0
873,1949,Córdoba,1571125.0,2024-10-01,17,1099000,45000,0,0,0,34000,11,4,3,10,8,0,0,0,1,0,0,1
9653,1975,CABA,894925.0,2024-10-16,62,27000,14000,1000,4000,1000,21000,2,0,2,3,8,0,0,0,0,0,0,0
5758,1982,CABA,1629225.0,2026-01-14,6,1074000,69000,0,0,0,46000,1,4,10,13,6,1,1,1,0,1,0,1
5922,1974,GBA,1008600.0,2025-10-13,29,210000,6000,0,0,0,2000,2,1,4,5,7,0,0,0,0,0,0,0
6690,1966,Córdoba,954475.0,2025-03-14,7,38000,22000,2000,4000,4000,20000,4,1,3,3,7,0,0,0,0,0,0,0
8162,1956,Córdoba,366525.0,2025-01-01,38,4000,11000,2000,6000,1000,2000,1,0,1,3,6,0,0,0,0,0,0,0
3921,1952,Rosario,711425.0,2024-10-28,97,24000,108000,29000,29000,1000,14000,1,1,4,4,8,0,0,0,0,0,0,0
9665,1957,GBA,1355925.0,2025-04-27,6,267000,30000,0,4000,3000,57000,4,2,5,5,6,0,0,0,0,0,0,0
11101,1991,CABA,2247275.0,2025-04-15,8,412000,132000,28000,59000,22000,183000,1,6,11,8,4,0,0,0,0,1,0,0
10172,1988,CABA,1716375.0,2024-08-10,19,456000,832000,118000,75000,19000,38000,1,5,4,11,3,0,0,0,0,0,0,0
7019,1963,CABA,1360350.0,2025-01-23,21,109000,16000,26000,24000,18000,18000,4,1,3,5,4,0,0,0,0,0,0,0
5389,1964,CABA,1223000.0,2025-10-20,28,238000,68000,10000,8000,17000,6000,3,2,6,5,7,0,0,0,1,0,0,0
9596,1980,GBA,1632375.0,2025-12-23,6,365000,117000,110000,34000,32000,6000,1,3,3,13,2,0,0,0,0,0,0,0
3628,1987,Rosario,375950.0,2025-01-29,26,4000,11000,12000,19000,8000,26000,2,1,2,2,9,0,0,0,0,0,0,0
2589,1972,CABA,668975.0,2026-02-07,92,25000,16000,5000,8000,3000,2000,2,1,2,3,6,0,0,0,0,0,0,0
2931,1978,CABA,1796175.0,2024-09-21,19,737000,106000,63000,55000,21000,210000,0,7,6,9,3,1,0,0,0,0,0,0
2736,1978,CABA,1845175.0,2025-01-02,17,366000,156000,78000,71000,124000,54000,2,5,5,11,2,0,0,0,0,0,0,0
8953,1965,Córdoba,894775.0,2025-05-06,79,27000,5000,0,0,0,3000,2,0,1,3,8,0,0,0,0,0,0,0
1473,1960,Rosario,1195575.0,2025-07-23,36,53000,5000,1000,2000,1000,10000,2,0,2,3,8,0,0,0,0,0,0,0
9323,1949,Córdoba,1247800.0,2024-09-07,27,520000,223000,49000,32000,8000,42000,4,5,10,7,8,0,0,1,0,0,0,1
2995,1957,Córdoba,1665900.0,2025-08-17,25,291000,689000,10000,84000,10000,0,1,4,3,9,1,0,0,0,0,0,0,0
7453,1954,CABA,903250.0,2025-02-02,32,157000,127000,56000,68000,43000,37000,6,8,3,4,4,0,0,1,0,0,0,1
640,1951,CABA,1432600.0,2025-03-11,15,356000,329000,17000,138000,80000,106000,2,6,7,10,5,0,0,0,0,0,0,0
24,1960,Córdoba,428600.0,2026-02-15,63,18000,19000,2000,0,2000,6000,5,0,3,4,7,0,0,0,0,0,0,0
503,1985,Córdoba,513975.0,2025-03-12,12,13000,29000,0,3000,1000,7000,2,0,2,3,8,0,0,0,0,0,0,0
10446,1957,GBA,2050425.0,2024-11-07,14,184000,446000,23000,30000,23000,23000,1,4,5,7,2,1,0,0,1,1,0,1
1142,1953,GBA,1392675.0,2025-12-22,23,208000,82000,66000,30000,7000,35000,2,2,3,9,3,0,0,0,0,0,0,0
4692,1976,CABA,187500.0,2024-08-01,11,7000,12000,7000,13000,0,32000,5,1,4,2,9,0,0,1,0,0,0,1
9286,1960,Córdoba,2078775.0,2024-10-10,9,407000,100000,74000,120000,28000,18000,1,9,5,4,3,0,0,0,0,0,0,0
2963,1979,CABA,1887675.0,2026-05-02,5,709000,374000,80000,104000,93000,80000,1,6,8,6,3,0,0,0,0,0,0,0
1506,1975,CABA,1054000.0,2025-06-28,39,48000,45000,15000,3000,9000,20000,4,1,2,4,6,0,0,0,0,0,0,1
4611,1970,CABA,2636775.0,2025-01-21,12,1009000,104000,21000,202000,181000,207000,0,8,9,13,3,1,0,0,0,1,0,1
10448,1956,CABA,1174950.0,2024-10-22,89,172000,86000,6000,45000,41000,27000,5,3,5,5,7,0,0,1,0,0,0,0
7892,1969,CABA,464725.0,2025-01-02,34,6000,25000,12000,15000,4000,13000,2,1,2,3,7,0,0,0,0,0,0,0
8164,1978,GBA,2054250.0,2025-11-25,33,1023000,651000,55000,49000,93000,37000,1,6,5,7,2,0,0,0,0,0,0,0
375,1954,CABA,1919325.0,2025-02-25,33,516000,449000,33000,86000,56000,16000,1,2,2,11,1,0,0,0,0,0,0,0
6431,1964,GBA,1143975.0,2025-02-23,73,42000,18000,0,3000,1000,4000,2,0,2,3,7,0,0,0,0,0,0,0
6646,1984,CABA,413225.0,2026-03-01,5,3000,5000,0,13000,0,1000,1,0,1,3,6,0,0,0,0,0,0,0
10091,1956,CABA,1505750.0,2025-05-20,16,520000,367000,81000,39000,20000,40000,2,3,6,6,5,0,0,0,0,0,0,0
7327,1959,GBA,918300.0,2025-12-29,77,21000,3000,1000,10000,5000,7000,3,1,1,4,2,0,0,0,0,0,0,0
11004,1893,Rosario,1504550.0,2026-05-17,55,8000,5000,0,7000,0,2000,1,0,1,2,4,0,0,0,0,0,0,0
5527,1987,CABA,560850.0,2025-02-13,10,4000,11000,13000,3000,12000,15000,2,0,2,3,8,0,0,0,0,0,0,0
2886,1971,Córdoba,1857250.0,2025-08-12,28,1121000,72000,12000,0,0,12000,4,8,10,10,6,1,0,0,1,0,0,0
9120,1962,CABA,1664125.0,2024-12-05,28,747000,161000,40000,65000,10000,42000,4,2,4,9,8,0,0,0,0,0,0,0
7300,1952,CABA,1728550.0,2026-06-29,2,448000,34000,4000,6000,4000,39000,3,1,8,7,5,0,0,0,1,0,0,0
9216,1971,CABA,894700.0,2026-01-23,95,23000,11000,1000,3000,2000,4000,2,0,2,3,6,0,0,0,0,0,0,0
1911,1987,CABA,1685750.0,2024-09-05,25,595000,291000,133000,127000,97000,121000,1,5,11,12,6,0,0,0,0,0,0,0
1050,1952,CABA,708300.0,2026-04-30,6,14000,13000,15000,4000,10000,9000,1,1,2,4,2,0,0,0,0,0,0,0
10099,1984,CABA,1385850.0,2025-10-05,2,238000,215000,69000,169000,115000,76000,3,3,5,13,4,0,0,0,0,0,0,0
8629,1956,CABA,1174600.0,2025-03-26,28,19000,10000,1000,2000,1000,8000,1,0,1,3,5,0,0,0,0,0,0,0
7822,1976,CABA,1351450.0,2025-06-04,26,198000,252000,108000,32000,18000,54000,2,6,4,8,3,0,0,0,0,0,0,0
3745,1988,Rosario,583275.0,2024-09-04,94,5000,7000,10000,0,36000,45000,2,0,3,3,8,0,0,0,0,0,0,0
4767,1965,Rosario,1773100.0,2026-04-07,4,635000,254000,152000,132000,114000,76000,1,6,6,7,3,0,0,0,0,1,0,0
8595,1973,CABA,1060725.0,2026-02-11,5,55000,6000,0,2000,0,4000,2,1,1,3,5,0,0,0,0,0,0,0
5029,1946,CABA,452500.0,2025-08-06,22,3000,2000,3000,4000,1000,1000,1,0,0,3,5,0,0,0,0,0,0,0
10451,1965,CABA,741800.0,2025-03-12,9,9000,3000,4000,0,1000,8000,1,0,0,3,6,0,0,0,0,0,0,0
4508,1952,CABA,1878175.0,2026-05-22,13,203000,305000,17000,46000,35000,227000,1,11,2,5,1,0,0,0,0,0,0,0
6281,1966,CABA,1392150.0,2025-02-14,32,673000,199000,47000,37000,0,26000,2,3,6,5,4,0,0,1,0,0,0,0
2632,1954,CABA,1262525.0,2025-06-18,4,297000,38000,0,13000,0,152000,7,4,5,4,6,0,0,1,0,0,0,1
7798,1972,Rosario,1158600.0,2024-12-14,3,233000,57000,20000,8000,20000,91000,4,1,7,5,7,0,0,0,0,0,0,0
2447,1979,CABA,763625.0,2024-10-17,98,4000,15000,7000,19000,12000,12000,2,0,2,3,7,0,0,0,0,0,0,0
4944,1959,CABA,1784175.0,2025-08-23,16,227000,389000,21000,42000,23000,75000,1,5,4,7,2,0,0,0,0,0,0,0
6637,1988,CABA,1673775.0,2025-11-02,20,277000,305000,76000,173000,162000,124000,1,4,3,7,1,0,0,0,0,0,0,0
4828,1954,CABA,1996625.0,2026-06-18,11,71000,278000,121000,185000,99000,38000,1,10,5,5,1,0,0,0,0,0,0,0
4127,1967,GBA,1944150.0,2025-02-22,13,1004000,265000,59000,115000,59000,27000,2,10,11,11,6,0,0,1,0,0,0,1
2798,1977,GBA,2554000.0,2024-11-02,14,763000,138000,176000,76000,29000,58000,0,9,7,10,4,1,0,0,1,1,0,1
1833,1974,GBA,979750.0,2026-04-26,23,68000,18000,8000,19000,8000,12000,2,1,2,4,5,0,0,0,0,0,0,0
9239,1961,Córdoba,1548075.0,2025-07-26,34,92000,18000,3000,3000,4000,6000,1,1,2,4,3,0,0,0,0,0,0,0
7264,1978,Rosario,1304875.0,2026-05-12,8,12000,4000,0,0,0,1000,1,0,1,2,8,0,0,0,0,0,0,0
4391,1968,Córdoba,1596025.0,2025-04-21,7,635000,100000,7000,20000,15000,131000,1,3,9,9,6,0,0,0,0,0,0,0
9432,1977,CABA,16666650.0,2025-06-02,6,9000,18000,1000,8000,14000,12000,4,1,3,3,6,0,0,0,0,0,0,0
3565,1955,Córdoba,961300.0,2026-03-30,9,56000,14000,0,0,0,2000,3,0,3,3,7,0,0,0,0,0,0,0
5370,1973,GBA,816100.0,2025-01-16,33,239000,141000,7000,0,3000,23000,4,1,7,6,8,0,0,1,0,0,0,0
10509,1955,Córdoba,923175.0,2026-06-02,6,51000,16000,0,0,0,4000,2,0,3,3,8,0,0,0,0,0,0,0
7712,1946,GBA,1553975.0,2026-04-28,10,182000,259000,70000,77000,17000,29000,1,2,6,10,4,0,0,0,0,0,0,0
4065,1976,GBA,1238600.0,2025-02-12,11,308000,73000,0,0,0,23000,2,1,5,8,7,0,0,0,0,0,0,0
2131,1959,GBA,1571475.0,2024-12-30,8,1063000,102000,12000,16000,89000,25000,4,4,9,6,6,0,0,0,0,0,0,0
2639,1966,CABA,1090050.0,2026-01-10,85,19000,12000,3000,10000,5000,19000,3,1,3,2,6,0,0,0,0,0,0,0
8405,1979,CABA,1706850.0,2025-09-30,19,135000,51000,25000,23000,25000,46000,2,2,4,5,3,0,0,0,0,0,0,0
5247,1955,GBA,968125.0,2026-05-10,25,31000,6000,1000,2000,0,5000,2,0,1,4,4,0,0,0,0,0,0,0
6853,1982,Córdoba,1894425.0,2025-07-04,26,712000,538000,13000,69000,26000,80000,1,6,3,11,1,0,0,0,1,1,0,1
3312,1988,CABA,854400.0,2026-05-12,32,5000,24000,14000,19000,7000,20000,4,0,3,4,6,0,0,0,0,0,0,0
2002,1958,CABA,1799100.0,2025-05-20,24,587000,932000,34000,180000,51000,86000,1,6,5,5,3,0,0,0,0,0,0,0
5079,1971,CABA,,2025-03-03,8,71000,16000,0,0,1000,9000,4,1,2,3,8,0,0,0,0,0,0,0
1100,1960,Córdoba,1031875.0,2026-03-24,56,24000,22000,2000,0,4000,9000,4,1,3,3,5,0,0,0,0,0,0,0
4961,1974,Córdoba,531375.0,2026-01-21,97,29000,25000,2000,2000,0,3000,4,1,2,4,4,0,0,0,0,0,0,0
762,1981,Rosario,1894350.0,2026-05-02,6,340000,134000,14000,258000,21000,56000,1,5,7,8,4,0,0,0,0,0,0,0
6097,1959,CABA,1266600.0,2025-01-16,29,313000,104000,4000,6000,8000,126000,9,1,8,6,9,0,0,0,0,0,0,0
3491,1975,CABA,1397850.0,2025-04-29,20,384000,364000,101000,119000,60000,232000,4,6,11,8,7,0,0,0,0,0,0,0
11056,1974,CABA,1802475.0,2024-10-27,19,546000,410000,0,119000,91000,22000,1,4,3,10,1,0,0,0,0,0,0,0
7793,1976,CABA,1551525.0,2025-08-31,12,641000,84000,30000,0,7000,38000,3,4,10,7,6,0,0,0,1,0,0,0
2964,1981,CABA,671800.0,2025-10-16,92,3000,8000,16000,3000,10000,32000,1,1,1,2,6,0,0,0,0,0,0,0
5519,1956,CABA,1602250.0,2025-08-07,3,316000,161000,51000,76000,58000,135000,1,9,6,4,5,0,0,0,0,0,0,1
11178,1972,Córdoba,1059850.0,2026-03-23,9,15000,10000,1000,0,2000,4000,1,0,1,3,7,0,0,0,0,0,0,0
2157,1972,CABA,657250.0,2025-01-12,11,15000,16000,5000,11000,8000,22000,4,0,2,4,6,0,0,0,0,0,0,0
2811,1963,GBA,1222950.0,2026-04-12,76,52000,9000,0,0,0,1000,2,0,1,4,4,0,0,0,0,0,0,0
4086,1959,CABA,467250.0,2024-12-28,21,6000,7000,4000,23000,1000,19000,1,1,1,2,8,0,0,0,0,0,0,0
3762,1986,GBA,1746675.0,2025-04-02,8,196000,512000,130000,33000,0,54000,1,5,3,8,1,1,0,0,0,0,0,1
10897,1974,CABA,1686125.0,2024-08-12,2,757000,217000,80000,29000,80000,11000,5,6,9,12,6,0,0,0,0,0,0,0
5989,1959,Rosario,1958825.0,2025-04-16,13,752000,476000,153000,39000,122000,34000,1,2,10,11,8,0,0,0,0,0,0,0
1966,1965,GBA,2115450.0,2025-11-22,13,684000,801000,66000,21000,100000,0,1,9,6,10,2,0,0,0,0,1,0,0
7235,1975,Rosario,425075.0,2025-12-09,25,2000,12000,8000,4000,5000,7000,3,0,2,4,5,0,0,0,0,0,0,0
4927,1971,CABA,415650.0,2026-01-15,59,8000,22000,1000,21000,3000,13000,3,0,3,3,9,0,0,0,0,0,0,0
10245,1986,Rosario,2022750.0,2024-10-31,31,160000,369000,39000,67000,80000,41000,1,3,3,8,1,0,0,0,0,0,0,0
8686,1979,Rosario,593100.0,2025-01-08,66,5000,15000,18000,0,23000,14000,2,0,2,3,8,0,0,0,0,0,0,0
10711,1945,CABA,1743875.0,2025-10-02,6,217000,373000,23000,111000,77000,93000,1,6,3,12,1,0,0,0,0,0,0,0
10067,1976,Rosario,629400.0,2025-08-10,8,4000,4000,0,0,0,5000,1,0,1,2,7,0,0,0,0,0,0,0
1139,1984,GBA,1833900.0,2026-02-06,20,1050000,322000,14000,0,14000,112000,1,11,5,5,2,1,0,1,0,1,0,1
6875,1965,GBA,818175.0,2024-08-28,21,167000,180000,13000,86000,13000,70000,2,3,7,5,8,0,0,0,0,0,0,0
3386,1992,CABA,873375.0,2025-06-21,91,34000,66000,10000,3000,4000,20000,1,1,2,4,7,0,0,0,0,0,0,0
4442,1961,CABA,1163100.0,2025-04-05,72,31000,35000,14000,26000,19000,52000,2,1,1,5,3,0,0,0,0,0,0,0
8867,1988,GBA,1688650.0,2024-08-31,18,864000,768000,38000,150000,134000,172000,1,10,4,5,3,0,0,0,0,0,0,0
8430,1957,CABA,549850.0,2024-12-24,63,9000,6000,1000,3000,0,3000,1,0,0,3,5,0,0,0,0,0,0,0
3706,1978,CABA,716175.0,2025-08-21,97,19000,29000,12000,0,8000,26000,1,2,2,2,7,0,0,1,0,0,0,1
10524,1963,Córdoba,1236900.0,2025-06-20,17,386000,95000,41000,54000,23000,196000,4,11,2,5,2,0,0,0,0,0,0,0
6770,1985,CABA,533875.0,2025-08-20,87,5000,14000,5000,0,13000,31000,2,1,2,2,6,0,0,1,0,0,0,1
6141,1972,Córdoba,1237350.0,2025-04-25,28,191000,97000,6000,0,9000,82000,2,1,6,5,7,0,0,0,0,0,0,0
1646,1972,Rosario,630600.0,2026-03-16,61,4000,12000,2000,11000,9000,8000,2,1,1,3,3,0,0,0,0,0,0,0
10609,1962,GBA,1069225.0,2025-10-12,32,71000,13000,1000,3000,0,0,2,1,1,4,4,0,0,0,0,0,0,0
2863,1970,CABA,,2025-08-23,27,738000,172000,50000,52000,20000,20000,6,3,2,10,7,1,0,0,1,0,0,0
1802,1971,CABA,1619875.0,2025-01-17,30,412000,119000,29000,38000,5000,77000,3,3,3,12,2,0,0,0,0,0,0,0
9703,1970,GBA,952425.0,2024-10-15,16,77000,35000,1000,0,2000,69000,4,2,3,2,7,0,0,1,0,0,0,1
6859,1987,CABA,730900.0,2025-10-08,64,37000,24000,9000,16000,4000,9000,2,0,4,3,9,0,0,0,0,0,0,0
4743,1969,GBA,1406050.0,2025-03-03,17,689000,167000,8000,11000,8000,88000,5,4,8,11,6,0,0,0,0,0,0,0
8147,1960,CABA,786350.0,2025-07-06,5,28000,11000,0,0,0,9000,3,0,2,3,8,0,0,0,0,0,0,0
2882,1975,Rosario,1697325.0,2024-10-01,12,711000,142000,18000,49000,28000,47000,2,2,3,9,8,0,0,0,0,0,0,0
9422,1989,CABA,959000.0,2025-05-31,85,36000,42000,21000,20000,2000,10000,2,1,2,4,3,0,0,0,0,0,0,0
3498,1976,GBA,1385600.0,2024-11-25,4,462000,184000,53000,10000,61000,107000,4,5,7,9,6,0,0,1,0,0,0,1
10339,1954,Córdoba,,2025-06-23,78,161000,22000,0,0,0,24000,2,1,4,4,6,0,0,0,0,0,0,0
10260,1965,Córdoba,1128575.0,2025-08-26,71,202000,74000,5000,11000,5000,14000,3,1,6,5,7,0,0,0,0,0,0,0
5236,1979,CABA,1939200.0,2024-08-25,13,1230000,396000,178000,232000,0,158000,1,2,10,8,5,1,0,0,1,1,0,0
9972,1955,GBA,1150375.0,2026-04-13,65,38000,2000,0,0,0,6000,1,0,1,3,7,0,1,1,0,0,0,0
6497,1960,CABA,1291275.0,2024-11-07,5,293000,23000,6000,13000,6000,92000,4,2,6,5,8,0,0,0,0,0,0,0
304,1981,Córdoba,573600.0,2025-12-23,30,19000,19000,5000,4000,3000,26000,3,0,3,3,7,0,0,0,0,0,0,0
6173,1979,CABA,1932450.0,2025-11-02,16,425000,292000,35000,23000,115000,79000,1,6,6,11,3,0,0,0,0,0,0,0
6119,1963,GBA,918400.0,2025-05-10,7,10000,3000,0,0,0,4000,1,0,1,2,6,0,0,0,0,0,0,0
9240,1971,GBA,1512600.0,2026-02-07,24,458000,24000,4000,6000,0,34000,2,2,6,8,6,0,0,0,0,0,0,0
10037,1993,CABA,1857325.0,2026-05-04,29,375000,335000,91000,93000,152000,81000,1,4,5,6,2,0,0,0,0,0,0,0
4278,1983,GBA,2179700.0,2025-06-03,16,910000,724000,74000,49000,111000,55000,1,2,10,6,3,0,0,0,0,0,0,1
241,1952,CABA,2096100.0,2025-05-12,27,901000,345000,31000,75000,31000,191000,1,4,4,11,1,0,0,0,0,1,0,0
5125,1960,CABA,1988250.0,2025-05-17,7,333000,815000,42000,129000,0,29000,1,10,4,11,2,0,0,0,0,0,0,0
9516,1971,Rosario,1227950.0,2024-08-18,17,620000,239000,98000,99000,54000,119000,2,7,9,10,7,0,1,0,1,0,0,1
4832,1979,CABA,681100.0,2026-03-07,67,6000,17000,24000,3000,5000,46000,2,2,2,2,7,0,0,0,0,0,0,0
3887,1970,CABA,681050.0,2024-11-11,6,3000,26000,1000,20000,17000,39000,2,0,2,3,9,0,0,0,0,0,0,1
4268,1959,CABA,1328850.0,2026-06-09,30,129000,21000,1000,0,0,7000,1,1,3,4,4,0,0,0,0,0,0,0
2375,1972,CABA,756525.0,2024-09-25,93,8000,5000,3000,0,0,6000,1,0,0,3,8,0,0,0,0,0,0,0
405,1964,CABA,1040950.0,2025-02-13,32,315000,31000,0,4000,0,91000,4,5,5,3,8,0,0,1,0,0,0,0
9595,1961,CABA,1606500.0,2025-01-11,13,539000,816000,0,20000,169000,30000,1,5,4,4,3,0,0,0,0,0,0,1
6200,1951,CABA,1897575.0,2025-04-08,9,340000,185000,38000,130000,108000,100000,2,6,6,9,3,0,0,0,0,0,0,0
7617,1974,CABA,1059325.0,2025-08-15,95,67000,61000,8000,3000,5000,19000,5,1,2,5,5,0,0,0,0,0,0,0
11176,1970,GBA,1649200.0,2026-05-12,1,376000,83000,4000,19000,9000,4000,2,4,5,7,3,0,0,0,0,0,0,0
49,1970,CABA,514675.0,2026-05-11,30,2000,6000,1000,4000,3000,9000,1,1,1,2,7,0,0,0,0,0,0,0
3479,1950,CABA,420325.0,2025-07-19,98,4000,11000,2000,12000,8000,13000,1,0,2,3,7,0,0,1,0,0,0,0
1600,1965,Córdoba,1424050.0,2025-10-11,26,292000,77000,3000,10000,3000,26000,7,3,6,5,7,0,0,0,0,0,0,0
9206,1968,CABA,1934550.0,2026-01-07,9,491000,231000,105000,112000,48000,134000,2,7,5,12,1,0,0,0,0,1,0,0
7679,1985,GBA,757450.0,2026-05-19,86,6000,12000,1000,6000,3000,0,1,1,1,3,3,0,0,0,0,0,0,0
2829,1955,CABA,1630250.0,2026-03-10,11,626000,70000,7000,0,0,28000,2,3,9,8,6,1,0,0,1,0,0,0
8180,1952,Córdoba,1483850.0,2025-11-15,27,233000,53000,5000,3000,2000,14000,3,1,6,5,6,0,0,0,0,0,0,0
5684,1971,Córdoba,1115875.0,2025-10-11,9,56000,9000,0,0,0,3000,2,0,2,3,7,0,0,0,0,0,0,0
5863,1953,CABA,1192575.0,2025-05-29,19,359000,134000,26000,13000,0,123000,4,3,6,8,5,0,0,0,0,0,0,0
10157,1965,CABA,1492150.0,2026-01-25,8,89000,89000,42000,34000,15000,5000,1,1,4,6,4,0,0,0,0,0,0,0
10703,1975,Córdoba,1152450.0,2024-08-18,89,57000,27000,0,0,0,36000,4,2,3,2,8,0,0,0,0,0,0,0
8080,1986,CABA,670400.0,2024-08-17,86,5000,6000,4000,3000,1000,3000,1,0,0,3,4,0,0,0,0,0,0,0
3254,1971,CABA,1772150.0,2025-10-14,25,407000,239000,88000,103000,70000,53000,1,4,5,4,2,0,0,0,0,0,0,0
4406,1970,CABA,1685475.0,2025-01-16,15,846000,352000,56000,91000,84000,42000,4,4,9,8,5,0,0,0,0,0,0,0
1604,1960,Córdoba,1183825.0,2025-11-13,7,184000,19000,8000,8000,2000,4000,3,2,2,6,5,0,0,0,0,0,0,0
6982,1976,CABA,1851700.0,2025-03-19,18,783000,537000,76000,140000,30000,15000,1,10,4,9,2,0,0,0,0,0,0,0
0,1985,CABA,1773775.0,2025-05-04,30,239000,554000,87000,254000,10000,54000,1,4,3,9,1,0,0,0,0,0,0,0
1215,1978,CABA,1761000.0,2025-10-08,2,690000,499000,102000,76000,117000,88000,1,10,5,7,3,1,0,0,0,0,0,0
7503,1976,CABA,1895625.0,2024-10-12,4,1032000,779000,105000,137000,105000,51000,0,8,5,9,4,0,0,1,0,0,0,1
9988,1976,Córdoba,1759475.0,2025-03-03,24,553000,142000,67000,65000,25000,8000,3,3,6,13,4,0,0,0,0,0,0,0
3376,1970,Córdoba,1382050.0,2025-12-13,37,125000,73000,4000,8000,6000,19000,1,1,3,6,4,0,0,0,0,0,0,0
1291,1978,GBA,692075.0,2024-08-04,93,152000,121000,12000,12000,9000,45000,4,2,6,4,8,0,0,0,0,0,0,0
3225,1984,Córdoba,1055175.0,2025-04-01,22,116000,72000,17000,3000,11000,46000,4,1,4,5,6,0,0,1,0,0,0,1
8151,1990,Rosario,606975.0,2024-12-29,67,16000,21000,62000,20000,36000,108000,1,1,4,3,8,0,0,0,0,0,0,0
8416,1981,CABA,725225.0,2025-11-29,77,6000,15000,5000,10000,6000,2000,2,0,2,3,6,0,0,0,0,0,0,0
7426,1971,Rosario,1367250.0,2025-11-07,83,111000,37000,9000,7000,16000,18000,3,1,3,5,3,0,0,0,0,0,0,0
9014,1975,CABA,927125.0,2026-06-26,18,39000,16000,0,2000,1000,3000,4,0,3,3,8,0,0,0,0,0,0,0
10995,1988,Rosario,392900.0,2024-11-12,69,16000,30000,7000,8000,5000,26000,3,0,3,4,8,0,0,0,0,0,1,0
4390,1954,CABA,1882875.0,2026-04-15,26,459000,171000,23000,142000,15000,31000,2,4,5,12,2,0,0,0,0,0,0,0
3571,1961,GBA,1583550.0,2024-10-16,10,918000,118000,10000,13000,21000,21000,3,3,8,5,6,0,0,0,1,0,0,1
6507,1980,CABA,770700.0,2025-10-04,64,16000,15000,0,2000,11000,12000,2,1,1,4,3,0,0,0,0,0,0,0
1357,1970,CABA,1871350.0,2025-04-08,29,856000,487000,29000,58000,59000,73000,7,5,2,5,5,0,0,0,0,0,0,0
8858,1972,GBA,1108125.0,2025-03-07,15,516000,21000,0,0,0,5000,4,2,8,7,8,0,0,0,1,0,0,0
7488,1963,Córdoba,1604775.0,2025-01-22,33,420000,186000,38000,151000,15000,15000,3,3,5,13,3,0,0,0,0,0,0,0
11166,1961,CABA,1241950.0,2025-02-02,74,229000,56000,2000,3000,5000,20000,2,2,6,4,7,0,0,0,0,0,0,0
2429,1954,CABA,1801775.0,2025-02-14,24,531000,300000,138000,150000,69000,150000,3,4,5,8,2,0,0,0,0,0,0,0
5138,1950,CABA,708000.0,2025-01-14,61,19000,14000,2000,3000,1000,4000,1,0,1,3,8,0,0,0,0,0,0,0
9265,1953,CABA,1875675.0,2025-01-09,31,925000,179000,12000,133000,64000,77000,2,4,9,6,5,0,0,0,0,0,0,0
6168,1963,CABA,1128650.0,2025-07-15,16,33000,5000,0,0,0,15000,2,1,1,2,4,0,0,0,0,0,0,0
7321,1962,CABA,1902025.0,2026-05-23,33,292000,415000,33000,63000,30000,200000,1,5,4,4,2,1,0,0,0,0,0,0
5302,1986,CABA,1959850.0,2025-02-15,31,298000,697000,24000,216000,27000,166000,1,6,4,5,2,0,0,0,0,0,0,1
5585,1972,CABA,533975.0,2025-04-20,25,12000,17000,1000,6000,2000,10000,2,0,2,3,8,0,0,0,0,0,0,1
4945,1953,CABA,1341325.0,2024-11-07,15,815000,239000,10000,28000,10000,108000,2,4,10,12,6,0,0,0,0,0,0,0
5555,1975,CABA,3848100.0,2026-02-07,97,1000,1000,1000,1000,1000,1000,0,0,0,0,0,0,0,0,0,0,0,0
8911,1967,GBA,1408000.0,2025-04-08,1,201000,172000,77000,116000,53000,83000,3,4,5,9,4,0,0,0,0,0,0,0
8314,1982,CABA,1997700.0,2025-04-05,23,557000,761000,185000,29000,129000,111000,1,6,5,7,2,0,0,0,0,1,0,0
3463,1975,GBA,1732075.0,2026-06-14,5,674000,134000,26000,0,62000,8000,4,3,7,13,5,0,0,0,0,0,0,0
6274,1948,Córdoba,2094750.0,2025-11-15,17,1076000,417000,48000,42000,16000,16000,1,10,8,6,3,0,0,0,1,1,0,0
2613,1960,Córdoba,1354925.0,2026-04-03,89,162000,37000,13000,6000,6000,13000,2,3,1,6,1,0,0,0,0,0,0,0
3524,1971,Córdoba,994075.0,2025-08-04,22,80000,60000,6000,4000,1000,16000,2,1,5,2,9,0,0,0,0,0,0,1
10164,1958,CABA,2361800.0,2026-04-03,26,1017000,417000,100000,108000,33000,16000,1,5,5,5,5,0,0,0,1,1,0,0
3056,1978,CABA,1592325.0,2025-10-14,22,587000,337000,87000,42000,43000,54000,3,6,11,9,6,0,0,0,0,0,0,0
4259,1986,Córdoba,487125.0,2025-09-24,25,6000,4000,0,0,0,0,1,0,1,2,7,0,0,0,0,0,0,0
7620,1990,Rosario,404625.0,2025-08-05,22,5000,16000,8000,21000,11000,45000,2,2,2,2,8,0,0,0,0,0,0,0
2625,1954,Rosario,1065175.0,2025-11-17,24,156000,56000,32000,30000,29000,47000,2,2,3,7,3,0,0,0,0,0,0,0
10219,1972,CABA,789750.0,2025-06-18,65,6000,15000,6000,6000,2000,3000,1,0,1,3,8,0,0,0,0,0,0,0
642,1980,Rosario,400125.0,2024-08-14,21,1000,2000,30000,20000,3000,47000,3,1,2,2,8,0,0,0,0,0,0,0
6237,1966,GBA,178600.0,2025-12-07,27,81000,33000,2000,5000,4000,291000,0,1,23,1,0,0,0,0,0,0,0,0
8717,1975,GBA,2010675.0,2024-09-12,6,1149000,449000,71000,69000,71000,26000,1,8,11,8,5,0,0,0,0,0,0,0
10490,1969,GBA,1275975.0,2024-12-10,1,100000,79000,0,65000,64000,109000,2,2,6,4,7,0,0,0,0,0,0,0
7143,1955,Rosario,1870125.0,2025-11-06,33,209000,209000,162000,41000,162000,37000,5,7,4,10,2,0,0,0,0,0,0,0
2712,1956,CABA,1796650.0,2025-12-25,19,184000,178000,39000,103000,178000,33000,1,3,6,10,3,0,0,0,0,0,0,0
8933,1983,Rosario,803650.0,2026-05-12,94,26000,23000,7000,4000,3000,3000,2,0,2,4,6,0,0,0,0,0,0,0
8082,1971,CABA,643025.0,2025-05-21,18,1000,6000,6000,3000,3000,15000,1,1,1,2,7,0,0,0,0,0,0,1
1734,1968,GBA,1017650.0,2025-01-17,58,59000,11000,2000,4000,0,5000,4,0,3,4,7,0,0,0,0,0,0,0
10486,1948,CABA,1928550.0,2025-05-29,5,476000,162000,151000,29000,75000,97000,1,4,4,8,2,0,0,0,0,0,0,0
5140,1985,GBA,1608875.0,2024-08-24,3,1047000,140000,38000,67000,0,153000,2,3,4,12,8,0,0,0,0,0,0,0
453,1956,GBA,883500.0,2026-06-29,66,27000,12000,1000,0,0,5000,2,0,2,3,5,0,0,0,0,0,0,0
5117,1963,Rosario,815800.0,2024-08-02,23,63000,137000,19000,153000,151000,53000,2,4,4,8,5,0,0,0,0,0,0,0
10983,1952,CABA,1881950.0,2025-01-29,21,304000,230000,74000,150000,98000,74000,1,3,6,13,3,0,0,0,0,0,0,0
194,1965,CABA,1200150.0,2026-06-09,12,23000,11000,2000,3000,0,2000,1,0,1,3,6,0,0,0,0,0,0,0
2782,1961,GBA,1361400.0,2025-07-11,3,352000,27000,0,10000,0,15000,3,1,6,7,6,0,0,0,0,0,0,0
4098,1973,CABA,615975.0,2026-01-28,98,20000,16000,4000,0,3000,1000,3,0,2,4,6,0,0,0,0,0,0,0
3153,1957,GBA,1018425.0,2025-12-08,24,11000,4000,0,0,0,2000,1,0,1,2,8,0,0,0,0,0,0,0
9449,1958,GBA,1994025.0,2025-10-04,25,415000,124000,35000,15000,5000,11000,1,2,5,11,3,0,0,0,0,0,0,0
7540,1952,CABA,1257500.0,2026-05-25,30,143000,60000,23000,24000,15000,5000,2,1,2,8,2,0,0,0,0,0,0,0
8461,1962,CABA,1152550.0,2026-03-10,16,14000,1000,0,0,0,1000,1,0,1,2,7,0,0,0,0,0,0,0
7734,1993,CABA,1981100.0,2024-12-19,3,471000,125000,61000,212000,102000,245000,1,10,4,7,1,1,0,0,0,1,0,1
4297,1969,CABA,580700.0,2026-01-26,58,13000,18000,1000,6000,2000,0,2,0,2,3,8,0,0,0,0,0,0,0
10914,1970,CABA,604075.0,2025-10-12,66,4000,7000,1000,2000,1000,2000,2,0,1,3,4,0,0,0,0,0,0,0
8805,1960,CABA,1222600.0,2024-12-02,27,283000,38000,13000,0,10000,27000,4,2,7,4,8,0,0,0,0,0,0,0
8159,1968,CABA,1282175.0,2026-04-01,15,117000,22000,0,13000,0,30000,3,1,4,3,7,0,0,0,0,0,0,0
5633,1980,CABA,1254575.0,2026-06-25,75,97000,84000,10000,13000,12000,15000,7,1,3,6,5,0,0,0,0,0,0,0
564,1981,GBA,1423425.0,2024-08-04,6,746000,125000,8000,11000,8000,8000,7,6,8,9,6,0,0,0,1,0,0,1
3099,1970,CABA,1106675.0,2025-02-25,34,183000,65000,5000,3000,5000,49000,5,2,5,4,9,0,0,0,0,0,0,0
9576,1982,GBA,807825.0,2025-02-11,75,86000,56000,4000,2000,4000,7000,3,0,4,4,9,0,0,0,0,0,0,0
339,1972,GBA,1427275.0,2024-11-23,29,462000,24000,0,6000,0,4000,2,2,9,5,7,0,0,0,1,0,0,1
7987,1969,CABA,1643675.0,2026-03-07,18,346000,48000,13000,23000,17000,13000,4,1,8,6,6,0,0,0,1,0,0,0
2166,1960,Rosario,1169475.0,2025-07-12,73,12000,3000,0,0,1000,7000,1,1,0,2,4,0,0,0,0,0,0,0
10738,1951,Córdoba,1234725.0,2025-08-29,78,40000,19000,1000,2000,0,3000,1,0,2,3,7,0,0,0,0,0,0,0
5967,1952,CABA,835050.0,2025-07-18,62,26000,19000,5000,10000,2000,8000,3,1,2,3,8,0,0,0,0,0,0,0
1542,1975,CABA,1406075.0,2025-12-30,14,347000,35000,3000,4000,0,7000,6,2,4,8,5,0,0,0,0,0,0,0
7500,1967,CABA,1978650.0,2026-04-24,25,245000,223000,43000,21000,16000,16000,2,1,8,8,6,0,0,0,0,0,0,0
9242,1990,CABA,1612725.0,2025-08-17,3,836000,575000,25000,24000,185000,77000,1,3,6,9,4,0,0,1,0,0,0,1
4827,1956,GBA,1374950.0,2025-03-10,4,154000,202000,30000,39000,22000,8000,5,2,4,9,4,0,0,0,0,0,0,1
2457,1975,Rosario,770025.0,2024-10-26,39,8000,5000,2000,15000,4000,11000,2,0,1,3,7,0,0,0,0,0,0,0
10556,1959,CABA,1374600.0,2026-05-24,19,173000,131000,3000,32000,13000,6000,4,1,6,6,7,1,0,0,0,0,0,0
7072,1973,CABA,1685800.0,2025-03-29,3,432000,341000,136000,177000,79000,170000,2,5,8,4,4,0,0,0,0,0,0,0
2296,1975,Córdoba,934200.0,2025-12-16,98,3000,11000,2000,2000,2000,10000,1,0,1,2,6,0,0,1,0,0,0,0
4557,1970,CABA,551750.0,2025-10-04,82,10000,19000,2000,8000,7000,21000,2,2,2,2,6,0,0,0,0,0,0,0
4609,1966,GBA,1442625.0,2026-01-11,10,383000,53000,4000,6000,0,40000,3,1,8,6,6,0,0,0,0,0,0,0
591,1957,CABA,1650825.0,2025-01-20,14,293000,179000,59000,46000,35000,65000,2,3,8,7,7,0,0,0,0,0,0,0
7628,1973,Rosario,1076250.0,2026-03-18,4,30000,24000,3000,6000,5000,8000,2,0,2,4,5,0,0,0,0,0,0,0
4478,1979,CABA,1594425.0,2025-03-24,3,457000,106000,17000,15000,5000,53000,8,1,11,6,8,0,0,0,0,0,0,0
2392,1972,CABA,1008025.0,2025-07-29,7,44000,21000,0,6000,4000,27000,2,0,3,3,7,0,0,0,0,0,0,0
2894,1985,CABA,1822575.0,2025-10-29,6,1067000,750000,19000,0,138000,39000,1,5,7,8,4,1,0,0,1,1,0,1
5286,1987,Córdoba,1025500.0,2025-10-28,85,112000,54000,7000,7000,1000,36000,1,2,3,4,3,0,0,0,0,0,0,0
6295,1977,CABA,1355825.0,2025-02-04,31,652000,158000,0,21000,8000,142000,4,6,11,5,8,0,0,0,0,0,0,0
5046,1958,CABA,1958275.0,2026-01-23,15,756000,354000,169000,160000,138000,61000,2,6,10,7,4,0,0,0,0,0,0,0
6201,1978,CABA,966075.0,2025-11-29,67,22000,14000,1000,0,2000,10000,2,0,2,3,7,0,0,0,0,0,1,0
6262,1962,Córdoba,1805425.0,2025-04-10,28,816000,450000,56000,55000,42000,154000,1,10,3,8,2,0,0,0,0,0,0,0
10870,1967,CABA,1530575.0,2025-06-13,11,709000,182000,118000,42000,43000,247000,2,3,9,4,5,0,0,0,0,0,0,0
5798,1973,Córdoba,,2025-11-23,26,445000,359000,28000,98000,37000,18000,1,4,2,8,1,0,0,0,0,0,0,0
3665,1977,Rosario,632875.0,2025-11-07,12,1000,8000,3000,11000,9000,22000,3,0,3,3,8,0,0,0,0,0,0,0
4415,1961,CABA,421500.0,2024-09-12,35,10000,4000,3000,3000,4000,14000,3,1,1,3,7,0,0,0,0,0,0,0
1184,1968,GBA,1741850.0,2025-05-22,30,554000,215000,0,11000,41000,24000,3,2,10,10,5,0,0,0,0,0,0,0
5332,1960,Rosario,2062600.0,2025-07-27,24,362000,431000,35000,134000,50000,54000,1,6,3,7,1,0,0,0,0,0,0,0
2154,1971,CABA,759300.0,2024-12-25,89,15000,12000,3000,7000,0,7000,3,0,2,3,7,0,0,0,0,0,0,0
4954,1956,CABA,1204875.0,2026-01-21,11,106000,68000,7000,52000,27000,5000,6,2,4,5,6,0,0,0,0,0,0,0
9292,1952,CABA,2044875.0,2024-10-26,3,324000,693000,118000,27000,132000,88000,1,11,4,7,2,0,0,0,0,0,0,0
3389,1970,CABA,1725400.0,2024-11-22,23,726000,363000,107000,123000,53000,161000,4,9,8,13,5,0,0,0,0,0,0,0
3381,1953,Córdoba,1358700.0,2026-06-08,17,70000,16000,0,0,0,4000,2,0,2,4,6,0,0,0,0,0,0,0
8562,1969,CABA,1354125.0,2025-05-28,88,127000,73000,6000,15000,4000,11000,1,1,2,7,2,0,0,0,0,0,0,0
7422,1987,CABA,1173075.0,2024-08-22,37,85000,54000,78000,102000,44000,6000,3,1,5,7,7,0,0,0,0,0,0,0
5847,1969,CABA,1747525.0,2025-05-29,33,312000,206000,92000,102000,21000,149000,3,3,7,10,5,0,0,0,0,0,0,0
2186,1977,Rosario,2058150.0,2026-03-10,2,938000,754000,81000,159000,142000,183000,1,10,5,6,2,1,0,0,1,1,0,1
6715,1948,GBA,1505000.0,2025-01-02,27,502000,132000,6000,0,19000,26000,6,2,6,11,6,0,0,0,0,0,0,0
3332,1985,CABA,744000.0,2024-08-29,73,64000,68000,5000,7000,4000,17000,4,1,3,4,8,0,0,0,0,0,0,0
7600,1992,Rosario,381325.0,2025-10-28,62,1000,3000,1000,8000,3000,13000,2,0,1,3,7,0,0,0,0,0,0,0
9829,1978,CABA,714675.0,2026-02-12,89,22000,17000,10000,12000,4000,13000,3,0,2,4,6,0,0,0,0,0,0,0
8722,1957,Rosario,2058675.0,2024-11-06,2,556000,845000,133000,202000,54000,63000,1,7,7,10,3,1,0,1,0,0,0,1
933,1978,GBA,942925.0,2024-11-23,15,9000,6000,1000,4000,0,5000,1,0,1,2,9,0,0,0,0,0,0,0
3570,1969,GBA,1068275.0,2025-10-21,73,159000,51000,2000,6000,2000,24000,3,1,4,5,5,0,0,0,0,0,0,0
8026,1952,CABA,1574950.0,2025-09-30,28,120000,73000,89000,65000,58000,58000,5,4,5,5,5,0,0,0,0,0,0,0
6609,1966,CABA,675950.0,2024-09-18,30,1000,25000,23000,17000,26000,15000,1,0,3,3,9,0,0,0,0,0,0,1
10766,1964,GBA,1638150.0,2026-04-11,10,397000,69000,0,12000,19000,9000,1,4,4,8,2,0,0,0,0,0,0,0
9710,1969,GBA,1452150.0,2025-01-20,13,708000,62000,0,0,7000,15000,2,3,11,7,8,0,0,0,0,0,0,0
1878,1985,Rosario,578700.0,2026-02-18,36,4000,8000,3000,6000,6000,10000,1,0,2,3,7,0,0,0,0,0,0,0
5577,1983,CABA,1094400.0,2026-05-03,7,8000,9000,1000,2000,0,3000,1,0,1,2,6,0,0,0,0,0,0,0
966,1966,CABA,1113225.0,2025-07-05,20,538000,91000,6000,17000,13000,26000,6,2,6,11,5,0,0,0,1,0,0,0
6222,1967,CABA,564350.0,2025-10-28,37,25000,8000,0,2000,0,2000,2,0,2,3,7,0,0,0,0,0,0,0
7433,1985,CABA,744000.0,2024-08-29,27,64000,68000,5000,7000,4000,17000,4,1,3,4,8,0,0,0,0,0,0,0
9612,1987,Rosario,595750.0,2026-02-07,94,1000,6000,8000,4000,8000,16000,1,0,1,3,7,0,0,0,0,0,0,0
3197,1980,CABA,1933825.0,2025-12-16,12,275000,107000,101000,69000,59000,59000,2,4,6,8,4,0,0,0,0,0,0,0
4148,1972,CABA,974700.0,2024-08-20,70,164000,103000,3000,12000,24000,42000,7,1,5,6,8,0,0,0,0,0,0,0
8945,1970,CABA,1353425.0,2025-08-16,98,171000,11000,1000,0,0,20000,2,1,4,4,6,0,0,0,0,0,0,0
7444,1969,Córdoba,1054225.0,2025-10-19,17,19000,9000,0,0,0,2000,2,0,1,3,8,0,0,0,0,0,0,0
8093,1969,Córdoba,1993350.0,2026-06-28,28,572000,232000,62000,23000,8000,17000,1,3,4,6,1,1,0,0,0,0,0,0
2902,1958,CABA,,2024-09-03,88,19000,12000,2000,2000,4000,6000,1,0,1,3,5,0,0,0,0,0,0,0
4042,1971,CABA,1082500.0,2024-10-13,9,91000,52000,1000,2000,3000,31000,3,0,4,4,8,0,0,0,0,0,0,1
3690,1986,Córdoba,2003525.0,2025-01-11,30,1184000,673000,40000,52000,102000,40000,1,4,7,10,6,0,0,0,0,1,0,1
4211,1986,Rosario,510625.0,2024-10-29,3,4000,5000,16000,3000,12000,17000,2,0,2,3,7,0,0,0,0,0,0,0
2406,1949,CABA,1364775.0,2025-08-05,15,376000,94000,9000,12000,4000,24000,3,2,6,8,5,0,0,0,0,0,0,0
6384,1978,CABA,1775550.0,2026-02-11,25,909000,278000,12000,0,12000,242000,3,2,5,11,8,0,0,1,0,0,0,0
10150,1961,CABA,2160725.0,2025-11-21,9,464000,873000,18000,29000,28000,37000,0,4,7,7,2,1,0,0,0,0,0,1
1606,1971,CABA,964750.0,2025-05-15,21,3000,8000,3000,4000,1000,3000,1,0,1,2,8,0,0,0,0,0,0,0
5015,1976,Córdoba,863225.0,2024-09-14,56,68000,38000,6000,3000,6000,41000,2,2,2,3,7,0,0,0,0,0,0,0
8746,1989,CABA,1885825.0,2026-04-05,24,800000,297000,34000,0,0,57000,2,5,2,10,6,1,0,0,1,0,0,0
4246,1982,Córdoba,164000.0,2025-12-12,66,67000,26000,3000,4000,11000,262000,0,0,1,1,17,0,0,0,0,0,0,0
1064,1971,GBA,1060075.0,2025-12-11,30,22000,11000,5000,0,1000,3000,1,0,1,3,8,0,0,0,0,0,0,0
1241,1984,Rosario,369900.0,2024-09-17,21,13000,8000,4000,7000,3000,16000,2,0,1,3,9,0,0,0,0,0,0,1
983,1984,CABA,1001475.0,2025-09-28,21,110000,92000,10000,28000,29000,145000,1,2,6,3,8,0,0,1,0,0,0,0
1940,1986,CABA,631300.0,2025-07-12,30,1000,4000,2000,2000,3000,6000,1,0,1,2,8,0,0,0,0,0,0,0
4001,1946,GBA,1600350.0,2026-06-10,31,406000,30000,0,0,0,8000,7,2,8,5,7,1,0,0,0,0,0,0
5841,1966,CABA,1522350.0,2025-06-28,32,606000,155000,0,10000,7000,54000,5,3,10,8,7,0,0,0,0,0,0,0
5529,1946,GBA,1600350.0,2026-06-10,26,406000,30000,0,0,0,8000,7,2,8,5,7,1,0,0,0,0,0,0
7610,1983,CABA,932300.0,2025-04-18,17,275000,86000,23000,10000,0,66000,5,3,6,5,8,0,0,0,0,0,0,0
2666,1972,Córdoba,1905850.0,2026-02-06,11,519000,167000,0,130000,50000,41000,1,3,8,11,3,0,0,0,1,0,0,0
2281,1970,CABA,842425.0,2025-09-15,80,4000,7000,3000,0,3000,11000,1,0,1,2,7,0,0,1,0,0,0,0
5350,1991,Córdoba,2265950.0,2026-02-13,19,1156000,915000,144000,94000,120000,96000,1,4,3,10,1,0,0,0,0,1,0,1
1362,1972,CABA,797675.0,2025-03-04,3,33000,64000,16000,175000,87000,74000,1,1,6,6,7,0,0,0,0,0,0,0
3598,1972,CABA,1567750.0,2025-05-23,10,441000,83000,29000,7000,35000,11000,4,2,4,12,4,0,0,0,0,0,0,0
11030,1976,Córdoba,829525.0,2026-01-03,74,9000,3000,0,0,0,4000,1,0,1,2,6,0,0,1,0,0,0,0
6534,1974,CABA,1197225.0,2026-01-04,87,29000,29000,5000,0,0,4000,1,0,2,3,5,0,0,0,0,0,0,0
4754,1966,Córdoba,839625.0,2025-09-25,68,30000,33000,6000,13000,11000,29000,1,0,2,4,4,0,0,0,0,0,0,0
4338,1983,CABA,976550.0,2026-03-25,83,23000,9000,0,0,0,12000,1,0,1,3,4,0,0,1,0,0,0,0
8931,1986,CABA,2075825.0,2026-05-18,15,812000,431000,149000,237000,99000,33000,1,4,11,10,5,1,0,0,0,0,0,0
880,1966,Rosario,565850.0,2025-01-16,4,2000,11000,6000,8000,23000,46000,1,1,2,2,8,0,0,0,0,0,0,0
6214,1982,Córdoba,1095375.0,2025-04-05,31,14000,29000,7000,4000,10000,15000,1,0,2,3,6,0,0,0,0,0,0,0
2021,1975,CABA,1536400.0,2025-03-27,25,563000,384000,192000,84000,76000,89000,4,10,6,13,4,0,0,0,0,0,0,0
10469,1981,CABA,2208125.0,2026-02-05,28,519000,860000,27000,93000,71000,53000,1,2,6,9,2,0,0,0,0,0,0,0
5835,1976,GBA,371225.0,2025-07-02,5,21000,28000,2000,3000,2000,9000,3,0,2,4,8,0,0,0,0,0,0,0
2125,1959,CABA,1575825.0,2025-11-15,5,194000,480000,112000,225000,61000,30000,1,4,3,8,2,0,0,0,0,0,0,0
8299,1989,GBA,849900.0,2025-09-11,23,40000,15000,0,8000,2000,6000,1,1,1,3,4,0,0,0,0,0,0,0
6931,1967,CABA,1924550.0,2026-02-15,2,464000,292000,60000,65000,151000,30000,1,3,8,4,4,0,0,0,0,1,0,1
7366,1982,Córdoba,1894425.0,2025-07-04,23,712000,538000,13000,69000,26000,80000,1,6,3,11,1,0,0,0,1,1,0,1
1755,1988,Rosario,1130100.0,2026-04-11,38,30000,25000,1000,29000,11000,18000,1,1,1,4,3,0,0,0,0,0,0,0
6271,1952,GBA,1271750.0,2026-06-19,38,53000,8000,0,0,0,2000,1,0,2,3,5,0,0,0,0,0,0,0
4119,1963,Córdoba,965500.0,2025-05-11,88,112000,44000,22000,34000,17000,89000,1,5,2,3,3,0,0,0,0,0,0,0
6892,1968,CABA,1541775.0,2026-06-03,26,641000,56000,0,0,7000,28000,8,4,10,6,8,1,0,0,1,0,0,0
5552,1963,Córdoba,1218025.0,2025-05-13,30,81000,113000,13000,47000,18000,21000,6,2,4,5,6,0,0,0,0,0,0,0
3520,1990,Córdoba,2279300.0,2025-03-27,8,162000,818000,28000,0,28000,56000,0,3,4,7,3,1,1,1,0,1,0,1
1773,1978,Rosario,309825.0,2024-12-04,16,5000,15000,7000,11000,6000,13000,1,0,2,3,9,0,0,0,0,0,0,0
5336,1971,Córdoba,3943325.0,2025-06-04,24,39000,9000,0,2000,1000,8000,0,0,1,1,1,0,0,0,0,0,0,0
217,1956,Córdoba,1621425.0,2024-11-23,21,556000,717000,0,210000,14000,43000,1,5,7,10,4,0,0,0,0,0,0,0
2445,1974,GBA,711000.0,2025-07-07,98,38000,24000,0,0,1000,0,1,0,2,3,8,0,0,0,0,0,0,0
9220,1971,CABA,2292500.0,2025-01-17,23,576000,961000,115000,125000,172000,19000,1,6,8,5,3,0,0,0,0,0,0,1
1127,1973,GBA,2146100.0,2026-05-29,27,938000,843000,95000,25000,19000,38000,1,6,6,7,2,0,0,0,0,1,0,0
6945,1952,CABA,2114350.0,2025-06-04,17,387000,713000,54000,38000,20000,163000,1,11,9,11,5,0,0,0,0,0,0,0
7962,1987,GBA,2379225.0,2025-10-09,8,1285000,449000,20000,106000,21000,20000,1,3,4,4,1,1,0,0,0,1,0,1
3537,1981,CABA,777225.0,2024-08-17,59,31000,31000,8000,2000,3000,4000,3,0,3,4,8,0,0,0,0,0,0,0
819,1945,CABA,1582125.0,2025-11-05,28,508000,249000,38000,50000,124000,134000,1,5,6,13,3,0,0,0,0,0,0,0
9483,1959,CABA,1448925.0,2025-08-19,11,290000,177000,5000,77000,59000,29000,7,6,4,8,3,0,0,0,0,0,1,0
7396,1966,CABA,2009950.0,2024-11-10,19,342000,936000,35000,207000,51000,26000,1,8,5,12,3,0,0,0,0,1,0,0
5512,1977,Córdoba,1396050.0,2026-05-23,2,451000,39000,4000,0,0,24000,1,1,7,8,5,0,0,0,0,0,0,0
590,1970,Córdoba,1964475.0,2024-12-22,30,816000,549000,66000,216000,66000,99000,1,6,5,4,3,0,0,0,0,0,0,1
6619,1978,CABA,960375.0,2025-01-02,84,22000,13000,0,4000,1000,4000,2,0,1,3,7,0,0,0,0,0,0,0
9491,1984,CABA,599400.0,2025-12-27,37,14000,21000,3000,2000,1000,25000,3,1,3,3,7,0,0,0,0,0,0,0
3667,1969,CABA,2023800.0,2025-02-28,32,778000,689000,27000,41000,178000,44000,1,5,8,11,8,1,0,0,1,1,0,1
9733,1978,Rosario,622050.0,2024-09-09,62,1000,10000,0,29000,4000,36000,1,1,1,2,6,0,0,1,0,0,0,0
2521,1971,Córdoba,879450.0,2025-01-10,85,23000,13000,2000,2000,1000,18000,1,1,1,2,7,0,0,1,0,0,0,1
8932,1969,Córdoba,1629400.0,2024-10-29,15,960000,183000,70000,220000,28000,70000,4,6,9,6,6,0,0,0,0,0,0,0
4094,1961,CABA,1513600.0,2024-08-25,99,201000,43000,5000,3000,2000,35000,4,1,5,5,6,0,0,0,0,0,0,0
7384,1951,Córdoba,994175.0,2025-07-21,5,113000,204000,26000,34000,61000,47000,2,1,7,7,8,0,0,0,0,0,0,0
10010,1953,GBA,923925.0,2024-09-06,14,100000,16000,1000,2000,2000,31000,4,2,3,2,9,0,0,0,0,0,0,1
8876,1963,GBA,840725.0,2024-08-08,79,132000,16000,0,0,0,4000,5,1,3,4,9,0,0,0,0,0,0,0
8234,1973,Rosario,679750.0,2025-08-15,98,1000,7000,1000,0,6000,3000,1,0,1,2,8,0,0,1,0,0,0,1
6941,1971,CABA,790800.0,2025-07-14,80,17000,12000,15000,11000,8000,32000,1,1,2,2,7,0,0,0,0,0,0,0
322,1978,CABA,1063850.0,2025-01-12,87,29000,11000,0,0,1000,0,2,0,2,3,4,0,0,0,0,0,0,0
5010,1988,CABA,625200.0,2026-02-02,36,2000,8000,1000,6000,8000,9000,2,0,1,3,8,0,0,0,0,0,0,0
3551,1954,Córdoba,1500825.0,2026-03-29,18,62000,57000,11000,19000,1000,48000,2,1,2,5,2,0,0,0,0,0,0,0
4088,1962,GBA,787425.0,2024-12-06,37,108000,28000,1000,13000,1000,4000,2,1,3,4,8,0,0,0,0,0,0,0
8527,1965,Córdoba,1643375.0,2025-12-07,15,239000,119000,15000,4000,7000,11000,5,2,6,6,7,0,0,0,0,0,0,0
4339,1970,GBA,1683825.0,2025-12-31,1,702000,151000,8000,0,17000,35000,5,6,5,12,2,0,0,0,0,0,0,0
55,1963,CABA,1406325.0,2024-12-07,26,509000,65000,11000,7000,0,5000,4,2,7,9,6,0,0,0,0,0,0,0
10379,1962,Córdoba,1481175.0,2025-11-08,33,327000,122000,14000,19000,9000,83000,5,2,5,9,6,0,0,0,0,0,0,0
7034,1978,Rosario,645100.0,2025-09-01,72,8000,9000,6000,13000,7000,12000,2,0,2,3,8,0,0,0,0,0,0,0
4141,1965,CABA,1790325.0,2025-08-21,8,426000,127000,21000,111000,49000,42000,1,2,8,10,4,0,0,0,0,0,0,0
5342,1976,Rosario,238700.0,2024-08-08,69,0,3000,6000,10000,1000,9000,2,0,1,3,8,0,0,0,0,0,0,0
10175,1958,GBA,804325.0,2025-08-01,5,18000,2000,0,0,0,2000,1,0,1,3,4,0,0,0,0,0,0,0
8315,1995,CABA,870600.0,2026-03-26,57,4000,11000,0,2000,2000,4000,1,0,1,2,6,0,0,0,0,0,0,0
1409,1951,CABA,1017225.0,2025-03-18,26,270000,27000,6000,39000,3000,99000,7,1,7,5,8,0,0,0,0,0,0,0
6248,1947,Córdoba,2292800.0,2025-10-17,15,1276000,746000,29000,94000,24000,48000,0,7,9,11,3,0,0,0,0,1,0,1
5371,1989,CABA,536850.0,2026-04-08,63,6000,24000,0,11000,16000,34000,2,1,3,2,7,0,0,1,0,0,0,1
2371,1972,CABA,840550.0,2025-04-13,10,39000,22000,4000,3000,1000,12000,3,0,2,4,7,0,0,0,0,0,0,0
10785,1969,CABA,1101950.0,2026-06-19,5,24000,10000,0,2000,1000,4000,2,0,2,3,5,0,0,0,0,0,0,0
466,1944,CABA,1631875.0,2025-04-03,28,388000,218000,14000,91000,14000,21000,1,3,4,13,2,0,0,0,0,0,0,0
9817,1970,Córdoba,1120050.0,2024-08-21,8,853000,143000,10000,13000,10000,20000,2,4,9,12,8,0,0,0,0,0,0,0
10552,1979,Rosario,1355250.0,2025-05-20,95,70000,109000,9000,80000,54000,45000,2,1,4,7,5,0,0,0,0,0,0,0
2176,1972,CABA,2003350.0,2025-05-20,28,1218000,272000,0,104000,16000,80000,2,3,5,6,6,1,0,0,1,1,0,1
1463,1958,CABA,1129000.0,2026-03-29,88,8000,5000,0,3000,2000,3000,1,0,1,2,7,0,0,0,0,0,0,0
10286,1962,CABA,2092875.0,2026-02-03,22,318000,407000,35000,150000,8000,8000,1,8,2,13,0,0,0,0,0,0,0,0
9392,1971,CABA,673850.0,2026-05-08,28,4000,11000,0,0,1000,1000,1,0,1,2,7,0,0,0,0,0,0,0
1250,1976,CABA,942425.0,2026-02-07,84,34000,21000,4000,11000,6000,8000,1,1,2,3,6,0,0,0,0,0,0,0
3518,1983,CABA,631775.0,2024-12-05,26,10000,18000,4000,10000,1000,7000,1,1,1,2,9,0,0,0,0,0,0,0
9204,1970,CABA,1668275.0,2024-09-12,5,371000,194000,106000,58000,159000,141000,4,3,4,6,3,0,0,0,0,0,0,0
7326,1971,Córdoba,1421250.0,2026-03-23,83,34000,19000,7000,2000,1000,0,1,1,1,3,2,0,0,0,0,0,0,0
7232,1973,CABA,1060725.0,2026-02-11,21,55000,6000,0,2000,0,4000,2,1,1,3,5,0,0,0,0,0,0,0
4452,1957,CABA,1259700.0,2026-05-28,71,292000,37000,3000,0,6000,34000,4,1,6,6,7,1,0,0,1,0,0,1
8524,1974,GBA,637725.0,2024-09-18,31,40000,30000,7000,10000,3000,11000,3,0,3,3,9,0,0,0,0,0,0,1
2320,1978,Rosario,1175625.0,2025-09-12,30,508000,59000,5000,23000,11000,29000,5,1,11,6,9,0,0,0,0,0,0,0
1992,1964,CABA,1514925.0,2026-01-01,29,522000,257000,16000,32000,0,66000,4,2,2,8,7,1,0,0,0,0,0,1
5544,1970,CABA,1684600.0,2024-11-10,30,957000,175000,53000,158000,40000,107000,2,8,7,5,5,0,0,0,1,0,0,0
10951,1968,CABA,1142200.0,2026-01-25,65,279000,18000,0,0,0,9000,2,1,3,8,4,0,0,0,1,0,0,0
2415,1962,CABA,1564200.0,2026-04-07,3,362000,398000,35000,80000,17000,61000,3,3,5,5,4,1,0,0,0,0,0,0
3661,1995,Rosario,2015425.0,2024-10-12,14,594000,631000,55000,72000,51000,32000,1,6,4,8,2,0,0,0,0,0,0,0
2611,1959,Córdoba,2064400.0,2024-08-01,11,1206000,445000,18000,168000,55000,18000,1,4,2,12,1,0,0,0,0,1,0,0
3194,1974,GBA,1786650.0,2026-04-05,29,412000,546000,182000,78000,12000,0,1,4,4,10,1,0,0,0,0,0,0,0
6866,1969,Córdoba,898100.0,2026-03-23,67,8000,14000,3000,2000,0,7000,1,0,1,3,5,0,0,0,0,0,0,0
10264,1979,CABA,382175.0,2024-10-10,15,1000,8000,3000,4000,2000,13000,2,1,1,2,7,0,0,1,0,0,0,1
2495,1974,Córdoba,2097275.0,2026-06-20,6,217000,350000,85000,111000,38000,15000,1,7,4,10,1,0,0,0,0,0,0,0
5510,1977,Córdoba,1081575.0,2024-11-21,20,262000,61000,10000,0,6000,102000,3,2,5,6,5,0,0,0,0,0,0,0
800,1960,CABA,1112800.0,2025-08-30,34,23000,6000,0,0,1000,2000,2,0,1,3,4,0,0,0,0,0,0,0
798,1987,CABA,586050.0,2024-12-24,71,2000,6000,6000,8000,0,5000,1,0,1,3,7,0,0,0,0,0,0,0
1044,1953,CABA,1459950.0,2025-05-14,16,299000,201000,21000,21000,5000,49000,3,4,5,8,4,0,0,0,0,0,0,0
5827,1958,CABA,881150.0,2026-04-16,12,36000,12000,2000,2000,0,10000,4,1,3,3,5,0,0,0,0,0,0,0
1411,1952,CABA,2065575.0,2025-11-10,12,204000,204000,153000,172000,34000,173000,1,9,2,4,1,0,0,0,0,0,0,0
7224,1977,CABA,783825.0,2025-12-29,14,10000,10000,1000,3000,0,7000,2,1,1,2,8,0,0,0,0,0,0,0
5120,1982,Rosario,1666600.0,2024-09-25,7,398000,447000,96000,220000,96000,32000,1,7,5,6,3,0,0,0,0,0,0,0
8534,1952,CABA,1685825.0,2025-07-16,33,615000,259000,48000,12000,28000,30000,4,5,6,13,4,0,0,0,1,0,0,0
6935,1951,Rosario,1962425.0,2025-12-01,7,207000,447000,0,75000,26000,223000,1,7,5,12,2,1,0,0,0,0,0,0
1891,1980,Córdoba,1969725.0,2024-08-08,17,667000,850000,83000,21000,50000,83000,1,6,4,5,2,0,0,0,0,0,0,1
6818,1974,CABA,1124725.0,2024-09-12,28,98000,106000,10000,49000,0,106000,5,1,5,5,6,0,0,0,0,0,0,0
7646,1989,CABA,1611225.0,2026-02-18,20,218000,282000,35000,137000,63000,70000,4,3,5,12,4,0,0,0,0,0,0,0
9499,1954,CABA,2335100.0,2025-05-07,17,1279000,287000,0,20000,15000,15000,3,4,3,7,5,0,0,0,1,1,0,0
3083,1974,CABA,1145925.0,2025-07-26,77,215000,87000,17000,17000,13000,24000,5,2,6,5,7,0,0,0,0,0,0,0
3783,1959,GBA,1321350.0,2026-03-24,5,105000,10000,1000,0,0,0,2,1,2,4,5,0,0,0,0,0,0,0
367,1978,Rosario,913750.0,2025-02-19,6,47000,94000,103000,123000,90000,120000,5,1,9,5,9,0,0,0,0,0,0,0
9503,1980,CABA,701775.0,2024-08-29,78,39000,130000,26000,41000,33000,44000,2,1,5,5,8,0,0,0,0,0,0,0
6354,1984,CABA,383625.0,2024-08-31,88,5000,16000,2000,3000,2000,19000,2,1,1,2,8,0,0,0,0,0,0,1
1655,1979,CABA,858750.0,2025-10-19,73,16000,15000,1000,2000,3000,11000,1,0,1,3,7,0,0,0,0,0,0,0
10641,1978,CABA,187500.0,2024-12-27,4,6000,4000,4000,13000,5000,25000,4,1,2,3,6,0,0,0,0,0,0,0
9094,1955,Rosario,1574300.0,2024-08-03,29,313000,47000,0,20000,15000,192000,2,4,7,3,6,0,0,0,0,0,0,1
9530,1988,CABA,616125.0,2024-11-01,18,5000,4000,1000,4000,3000,0,1,0,1,2,8,0,0,0,0,0,0,0
10741,1951,Córdoba,1183800.0,2025-04-11,56,172000,112000,0,8000,12000,15000,4,1,6,5,7,0,0,0,0,0,0,0
907,1975,CABA,1153725.0,2025-11-29,97,254000,71000,0,4000,6000,27000,5,1,5,7,5,0,0,0,0,0,0,0
10065,1970,Rosario,382875.0,2025-08-03,64,7000,13000,8000,15000,4000,17000,2,0,2,4,5,0,0,0,0,0,0,0
4322,1958,GBA,1946575.0,2025-11-27,16,881000,319000,25000,16000,38000,12000,1,5,4,10,2,0,0,0,0,0,0,0
10832,1958,CABA,1165250.0,2025-07-18,33,288000,30000,10000,4000,10000,125000,1,1,6,6,6,0,0,0,0,0,0,0
9360,1982,CABA,926000.0,2024-08-08,61,86000,73000,38000,69000,2000,48000,1,2,4,5,8,0,0,0,0,0,0,0
9553,1987,CABA,187500.0,2025-01-09,65,0,3000,1000,4000,2000,5000,1,0,0,3,6,0,0,0,0,0,0,0
4838,1978,CABA,569375.0,2025-06-19,11,5000,8000,0,0,1000,1000,1,0,1,2,8,0,0,0,0,0,0,0
5680,1984,Rosario,892100.0,2026-04-22,75,10000,7000,6000,0,4000,3000,1,0,1,3,6,0,0,0,0,0,0,0
1964,1951,CABA,2165250.0,2025-09-05,23,446000,768000,196000,33000,107000,53000,1,6,5,6,2,0,0,0,0,0,0,0
3769,1972,GBA,,2026-03-02,24,25000,13000,0,0,1000,3000,1,0,1,3,7,0,0,0,0,0,0,0
2008,1978,CABA,1939575.0,2026-02-10,31,372000,384000,12000,250000,23000,108000,1,5,4,9,2,1,0,0,0,0,0,0
7451,1960,Córdoba,2469425.0,2026-02-17,1,1000000,711000,115000,125000,19000,38000,0,6,4,9,1,0,0,0,1,0,0,0
4286,1970,GBA,1441050.0,2026-01-09,12,580000,58000,0,8000,6000,27000,3,6,7,6,4,0,0,1,0,0,0,0
3526,1968,GBA,961075.0,2026-01-27,60,32000,5000,0,0,0,1000,2,0,1,3,7,0,0,0,0,0,0,0
2534,1953,CABA,942900.0,2026-04-21,87,97000,41000,2000,6000,1000,41000,2,1,4,3,7,0,0,0,0,0,0,0
7214,1957,CABA,1554675.0,2025-07-05,30,792000,275000,45000,45000,0,126000,1,8,4,5,3,0,0,0,0,0,0,0
5734,1974,GBA,1547925.0,2025-11-20,62,46000,36000,2000,2000,4000,1000,1,0,2,4,5,0,0,0,0,0,0,0
8952,1953,Córdoba,1639225.0,2024-11-05,20,397000,288000,38000,20000,46000,70000,2,5,6,10,3,0,0,0,0,0,0,0
11133,1973,GBA,1210800.0,2024-10-18,25,322000,50000,3000,4000,3000,42000,5,1,7,6,8,0,0,0,0,0,0,1
8537,1949,CABA,1816075.0,2025-02-27,9,526000,553000,94000,123000,80000,53000,1,10,3,7,2,1,0,0,0,0,0,1
5184,1995,CABA,870600.0,2026-03-26,76,4000,11000,0,2000,2000,4000,1,0,1,2,6,0,0,0,0,0,0,0
4837,1965,GBA,1783050.0,2025-02-16,25,753000,226000,10000,69000,43000,204000,2,5,8,13,4,0,0,0,0,0,0,0
2678,1990,CABA,860300.0,2025-02-13,89,52000,50000,36000,4000,12000,55000,3,0,5,3,9,0,0,0,0,0,0,0
3725,1961,GBA,2121625.0,2025-05-09,1,1248000,349000,16000,43000,16000,16000,1,4,2,9,4,1,1,0,1,1,0,1
4405,1956,Córdoba,1597875.0,2025-07-30,24,622000,115000,0,30000,7000,15000,2,3,6,12,5,0,0,0,0,0,0,0
6810,1983,CABA,2050625.0,2025-05-28,11,267000,606000,70000,48000,98000,98000,1,2,3,6,1,0,0,0,0,1,0,1
246,1965,CABA,1662000.0,2026-05-31,63,199000,57000,21000,20000,9000,6000,7,1,4,7,4,0,0,0,0,0,0,0
5154,1972,Córdoba,944000.0,2025-08-11,19,26000,13000,10000,2000,3000,0,1,0,2,3,6,0,0,0,0,0,0,0
10383,1966,CABA,1757175.0,2025-04-02,32,295000,482000,120000,121000,35000,40000,1,5,5,10,3,0,0,0,0,0,0,1
10236,1975,Córdoba,779000.0,2025-09-16,32,16000,25000,1000,6000,3000,13000,2,0,2,3,8,0,0,0,0,0,0,0
9937,1979,CABA,1758425.0,2026-01-02,13,187000,149000,43000,25000,81000,91000,1,2,2,12,1,0,0,0,0,0,0,0
8278,1990,GBA,1855350.0,2024-08-26,5,863000,547000,99000,86000,83000,33000,1,2,8,5,5,0,0,0,0,0,0,0
8643,1971,CABA,1748250.0,2025-05-26,4,252000,827000,70000,219000,98000,196000,1,5,4,12,3,0,0,0,0,0,0,0
10701,1973,CABA,1632700.0,2025-09-11,3,713000,264000,80000,120000,0,34000,1,8,7,12,4,1,0,0,0,1,0,0
3507,1970,CABA,1911675.0,2024-08-17,7,676000,426000,44000,210000,161000,58000,2,5,2,5,6,0,0,0,0,0,0,1
10710,1979,CABA,187500.0,2024-08-29,33,5000,3000,0,3000,2000,5000,1,0,1,2,8,0,0,0,0,0,0,0
11092,1961,CABA,677900.0,2026-03-02,13,12000,21000,2000,2000,1000,3000,2,0,2,3,7,0,0,0,0,0,0,0
6379,1949,Córdoba,1189250.0,2025-05-29,98,67000,20000,2000,0,1000,31000,3,2,2,2,7,0,0,0,0,0,0,1
9909,1996,Rosario,187500.0,2024-11-09,70,3000,14000,22000,15000,18000,50000,3,1,3,3,9,0,0,0,0,0,0,1
10232,1963,GBA,1219975.0,2025-11-05,82,174000,81000,6000,28000,18000,24000,3,2,3,7,3,0,0,0,0,0,0,0
1029,1970,GBA,1610325.0,2025-08-01,37,200000,44000,10000,0,5000,20000,1,1,5,5,5,0,0,0,0,0,0,0
9010,1972,Córdoba,2078775.0,2025-02-10,25,968000,842000,42000,137000,147000,210000,1,7,5,10,2,1,0,1,0,1,0,1
4543,1980,CABA,2062425.0,2024-10-31,4,777000,573000,21000,216000,129000,203000,1,7,2,9,4,0,0,0,0,1,0,0
4058,1955,GBA,1532100.0,2025-10-12,1,618000,106000,7000,20000,15000,45000,1,2,11,8,6,0,0,0,1,0,0,0
8369,1987,CABA,455675.0,2024-11-08,86,1000,7000,3000,4000,2000,11000,1,1,0,2,8,0,0,0,0,0,0,0
2874,1988,Rosario,884700.0,2025-03-07,21,6000,7000,3000,4000,4000,8000,1,0,1,3,7,0,0,0,0,0,0,0
10304,1959,CABA,467250.0,2024-12-28,89,6000,7000,4000,23000,1000,19000,1,1,1,2,8,0,0,0,0,0,0,0
6417,1971,Córdoba,2014325.0,2024-10-14,30,829000,430000,92000,60000,138000,15000,1,6,4,13,2,0,0,0,0,0,0,0
8504,1973,CABA,1989825.0,2026-05-12,21,350000,568000,133000,110000,60000,145000,1,6,5,7,2,0,0,0,0,1,0,0
8842,1971,CABA,759300.0,2024-12-25,5,15000,12000,3000,7000,0,7000,3,0,2,3,7,0,0,0,0,0,0,0
5831,1967,CABA,1946750.0,2024-08-22,10,1017000,500000,50000,65000,50000,133000,3,5,5,5,8,1,0,0,1,0,0,1
203,1975,Córdoba,2029225.0,2025-04-14,21,1288000,613000,61000,80000,20000,27000,1,7,5,9,2,0,0,0,0,0,0,0
3138,1956,CABA,2281225.0,2024-10-20,6,1324000,119000,108000,71000,27000,27000,0,9,7,6,4,1,1,0,1,1,0,1
4399,1969,CABA,1717375.0,2026-06-25,31,458000,356000,50000,106000,81000,40000,1,4,4,7,2,0,0,0,0,0,0,0
10757,1967,GBA,710500.0,2025-12-24,39,4000,5000,0,2000,2000,0,1,0,1,2,6,0,0,0,0,0,0,0
9369,1979,Rosario,2204850.0,2026-03-19,19,688000,309000,24000,201000,14000,38000,1,10,11,10,5,1,0,1,0,0,0,1
5959,1968,CABA,897325.0,2024-10-15,84,158000,23000,0,0,0,18000,6,1,3,5,8,0,0,0,0,0,0,0
8659,1952,GBA,1745125.0,2026-01-21,4,750000,174000,10000,13000,71000,20000,2,8,6,11,2,0,0,0,0,0,0,0
4149,1948,GBA,1903500.0,2026-05-13,31,586000,653000,0,17000,66000,26000,1,9,5,6,2,0,0,0,0,0,0,0
531,1954,GBA,1433325.0,2024-09-22,12,941000,397000,58000,76000,14000,176000,11,5,8,9,6,0,0,0,0,0,0,1
5871,1979,Córdoba,610025.0,2024-08-31,25,73000,217000,24000,10000,28000,115000,3,1,6,6,8,0,0,0,0,0,0,0
2552,1955,GBA,1388025.0,2025-10-22,26,416000,26000,0,0,0,4000,9,3,6,6,7,0,0,0,1,0,0,1
8286,1965,GBA,1292925.0,2025-08-20,77,98000,17000,1000,0,1000,5000,1,0,3,4,7,0,0,0,1,0,0,0
1612,1981,GBA,,2025-05-31,18,23000,15000,2000,0,0,7000,2,0,3,3,6,0,0,0,0,0,0,0
7574,1979,GBA,698050.0,2026-05-10,90,11000,13000,4000,2000,0,11000,1,0,2,3,4,0,0,0,0,0,0,0
1000,1961,Córdoba,1872025.0,2025-03-08,3,505000,270000,27000,36000,72000,54000,4,2,9,12,5,0,0,0,0,0,0,0
236,1951,CABA,870950.0,2025-01-19,36,28000,29000,14000,29000,23000,47000,3,1,2,4,6,0,0,0,0,0,0,0
3033,1963,Córdoba,965500.0,2025-05-11,83,112000,44000,22000,34000,17000,89000,1,5,2,3,3,0,0,0,0,0,0,0
6250,1949,GBA,1358900.0,2024-11-19,12,710000,30000,0,20000,15000,0,3,2,11,8,8,0,0,0,0,0,0,1
2499,1958,Rosario,1883550.0,2025-05-06,21,204000,97000,118000,21000,97000,26000,1,2,5,10,4,0,0,0,0,0,0,0
2591,1959,CABA,1908000.0,2026-06-22,10,526000,214000,53000,69000,35000,35000,2,3,6,4,2,0,0,0,0,0,0,0
5289,1975,Rosario,1041450.0,2024-11-09,19,8000,12000,4000,15000,4000,29000,2,1,1,2,4,0,0,0,0,0,0,0
10356,1957,GBA,1035925.0,2024-09-22,94,29000,2000,0,0,0,1000,1,0,1,3,7,0,0,0,0,0,0,0
10127,1965,CABA,1467300.0,2026-04-06,13,301000,61000,7000,4000,11000,11000,1,2,8,4,7,0,0,0,0,0,0,0
10617,1989,Córdoba,274475.0,2026-05-22,69,8000,10000,2000,2000,4000,4000,2,0,3,3,5,0,0,0,0,0,0,0
988,1965,CABA,2029200.0,2026-05-07,32,410000,592000,22000,147000,0,22000,1,4,6,7,3,1,0,0,0,0,0,0
11187,1978,Rosario,662175.0,2025-05-20,68,2000,10000,14000,12000,8000,23000,3,1,2,3,5,0,0,0,0,0,0,0
641,1967,CABA,1301850.0,2026-04-04,37,59000,12000,0,0,0,48000,1,2,2,2,4,0,0,1,0,0,0,0
6357,1959,Rosario,1476300.0,2025-11-17,6,230000,75000,57000,63000,35000,31000,3,1,7,7,5,0,0,0,0,0,0,0
7192,1955,CABA,1643700.0,2025-04-15,24,172000,93000,78000,95000,73000,34000,2,4,2,10,1,0,0,0,0,0,1,0
1991,1967,CABA,1123275.0,2026-01-18,16,78000,11000,0,0,0,7000,1,1,2,3,5,0,0,0,0,0,0,0
8418,1958,Rosario,968525.0,2026-03-30,70,7000,17000,6000,8000,10000,13000,2,0,2,3,7,0,0,0,0,0,0,0
7494,1950,GBA,1071825.0,2025-01-21,64,209000,40000,2000,3000,0,15000,4,1,6,4,8,0,0,0,0,0,0,0
9,1975,Córdoba,1152450.0,2024-08-18,82,57000,27000,0,0,0,36000,4,2,3,2,8,0,0,0,0,0,0,0
2061,1955,CABA,1268425.0,2025-05-11,10,78000,11000,0,0,0,10000,1,0,2,4,6,0,0,0,1,0,0,0
7446,1967,Córdoba,1562825.0,2025-09-09,1,520000,98000,42000,0,42000,14000,2,4,6,10,6,0,0,0,0,0,0,0
8041,1971,GBA,1177775.0,2024-09-08,4,595000,153000,112000,120000,71000,41000,6,2,3,10,9,0,0,0,0,0,0,0
736,1983,CABA,710675.0,2025-03-21,84,18000,19000,3000,3000,3000,6000,2,0,2,3,8,0,0,0,0,0,0,0
8148,1956,Córdoba,1272450.0,2025-01-08,18,285000,242000,114000,55000,28000,135000,13,2,6,12,5,0,0,0,0,0,0,0
8650,1978,CABA,1354050.0,2025-03-18,83,5000,10000,5000,6000,6000,10000,1,0,1,3,4,0,0,0,0,0,0,0
10691,1960,Córdoba,713000.0,2025-06-14,69,11000,10000,2000,0,0,20000,1,1,1,2,6,0,0,0,0,0,0,0
2683,1969,CABA,1310325.0,2025-02-02,20,295000,271000,98000,75000,106000,65000,4,4,6,12,6,0,0,0,0,0,0,0
5011,1963,CABA,1702950.0,2025-10-18,3,595000,123000,23000,10000,23000,154000,2,9,8,4,6,0,0,0,0,0,0,0
1592,1970,CABA,2269125.0,2026-01-24,6,547000,812000,82000,151000,99000,33000,0,6,4,5,1,1,0,0,0,1,0,0
2225,1977,CABA,2064550.0,2026-06-07,16,510000,550000,40000,156000,120000,241000,1,9,4,7,1,1,0,1,0,0,0,1
5430,1956,CABA,1361250.0,2024-09-14,15,454000,171000,19000,8000,0,32000,12,2,9,8,8,0,0,0,0,0,0,0
5025,1979,CABA,1213150.0,2025-12-24,59,23000,23000,20000,43000,17000,9000,1,1,2,4,3,0,0,0,0,0,0,0
8832,1976,Córdoba,937725.0,2024-09-12,94,37000,56000,8000,12000,5000,5000,2,0,3,4,7,0,0,0,0,0,0,0
9977,1973,CABA,1972525.0,2025-09-17,25,321000,309000,26000,33000,11000,34000,3,3,9,5,4,0,0,0,0,0,0,0
1829,1961,GBA,1373975.0,2025-01-19,24,1148000,60000,0,0,0,24000,3,5,9,4,7,0,0,0,1,0,0,1
310,1970,Córdoba,1546800.0,2025-12-13,14,330000,159000,27000,36000,5000,16000,4,4,4,9,4,0,0,0,0,0,0,0
3158,1973,CABA,807500.0,2025-01-03,59,13000,6000,5000,6000,3000,6000,1,0,1,3,8,0,0,0,0,0,0,0
4856,1957,Rosario,2058675.0,2024-11-06,2,556000,845000,133000,202000,54000,63000,1,7,7,10,3,1,0,1,0,0,0,0
199,1962,Córdoba,1129575.0,2025-01-20,56,219000,60000,9000,12000,3000,12000,1,1,4,7,7,0,0,0,1,0,0,0
5303,1974,GBA,1990800.0,2026-04-08,21,471000,510000,21000,99000,0,12000,1,4,6,9,2,0,0,0,0,0,0,0
6694,1964,CABA,1880900.0,2025-11-25,27,438000,400000,38000,12000,66000,114000,1,3,8,13,4,0,0,0,0,0,0,0
6398,1974,Rosario,459825.0,2026-03-29,90,7000,13000,0,16000,10000,4000,2,0,3,3,8,0,0,0,0,0,0,0
4796,1952,CABA,1240950.0,2026-04-19,21,18000,3000,5000,3000,10000,0,1,0,1,3,2,0,0,0,0,0,0,0
7875,1949,CABA,1800625.0,2026-04-29,32,967000,617000,50000,43000,0,0,1,8,4,13,2,1,0,0,1,1,0,1
7801,1959,CABA,1368825.0,2025-09-12,25,197000,227000,59000,7000,107000,131000,3,2,5,11,4,0,0,0,0,0,0,0
1079,1971,GBA,1799225.0,2024-10-16,6,1000000,76000,0,0,0,10000,3,4,3,9,8,0,0,0,1,0,0,0
9790,1957,CABA,1962475.0,2025-11-23,6,912000,170000,36000,47000,72000,97000,1,3,11,4,4,0,0,0,0,1,0,1
3433,1955,Rosario,1815875.0,2025-06-03,22,390000,323000,35000,104000,22000,107000,1,8,6,6,3,1,0,0,0,0,0,0
255,1951,CABA,556575.0,2026-03-30,94,17000,2000,0,0,0,2000,2,0,1,3,6,0,0,0,0,0,1,0
252,1963,GBA,1025075.0,2025-03-17,14,123000,142000,44000,71000,133000,88000,1,2,6,8,6,0,0,0,0,0,0,0
3933,1980,CABA,1100250.0,2024-10-13,23,186000,234000,72000,86000,36000,48000,6,2,10,6,9,0,0,0,0,0,0,0
807,1969,Córdoba,1115050.0,2026-02-15,80,167000,89000,0,0,2000,34000,6,1,6,4,8,0,0,0,0,0,0,0
7938,1958,GBA,1287950.0,2025-10-03,10,350000,66000,4000,17000,8000,4000,2,2,3,10,3,0,0,0,0,0,0,0
5832,1960,Rosario,2313900.0,2026-04-20,17,493000,352000,23000,184000,183000,28000,0,5,3,13,0,0,0,0,0,0,0,0
5453,1956,Córdoba,2255650.0,2024-09-26,1,1083000,649000,151000,253000,108000,108000,1,7,4,12,2,1,0,0,0,0,0,0
2715,1966,Córdoba,735875.0,2024-08-06,78,70000,37000,2000,4000,3000,64000,4,2,3,2,9,0,0,0,0,0,0,1
1150,1899,GBA,2088300.0,2025-09-26,12,755000,562000,64000,104000,144000,224000,1,6,4,4,1,0,0,0,0,1,0,0
10536,1971,GBA,822300.0,2026-05-25,22,26000,15000,1000,2000,0,2000,2,0,3,3,8,0,0,0,0,0,0,0
7922,1951,GBA,1623750.0,2024-08-12,31,819000,72000,0,12000,0,63000,2,2,11,10,7,0,0,0,1,0,0,0
1501,1982,GBA,4020075.0,2024-08-04,6,55000,1622000,3000,17000,16000,4000,15,28,0,1,0,0,0,0,0,0,0,0
5735,1991,Córdoba,2265950.0,2026-02-13,15,1156000,915000,144000,94000,120000,96000,1,4,3,10,1,0,0,0,0,1,0,0
6958,1977,Córdoba,697225.0,2025-07-05,11,14000,4000,0,0,0,8000,1,1,1,2,6,0,0,0,0,0,0,0
6050,1975,Rosario,1425900.0,2024-12-11,13,1171000,219000,14000,19000,43000,47000,4,3,6,13,9,0,0,1,0,0,0,0
11084,1976,Córdoba,1627600.0,2025-11-14,2,738000,232000,20000,13000,0,50000,2,5,3,7,7,0,0,0,0,0,0,1
9167,1956,CABA,1678275.0,2025-03-26,19,465000,250000,35000,93000,71000,62000,3,2,9,12,6,0,0,0,0,0,0,0
2804,1975,Córdoba,1152450.0,2024-08-18,36,57000,27000,0,0,0,36000,4,2,3,2,8,0,0,0,0,0,0,1
4128,1962,GBA,1401675.0,2025-07-20,2,517000,54000,6000,16000,12000,120000,2,4,7,7,5,0,0,0,0,0,0,0
3434,1951,CABA,2021800.0,2026-05-12,33,483000,567000,12000,94000,72000,108000,1,4,4,10,1,0,0,0,0,0,0,0
3179,1980,CABA,2043525.0,2025-06-16,13,249000,940000,134000,58000,153000,38000,0,6,6,7,2,0,0,0,0,0,0,0
2345,1982,GBA,1750950.0,2025-10-25,10,587000,348000,54000,71000,54000,130000,1,4,4,8,2,0,0,0,0,0,0,0
6255,1952,Córdoba,1763625.0,2026-06-03,7,138000,63000,18000,55000,39000,21000,1,1,4,7,2,0,0,0,0,0,0,0
4712,1991,Rosario,504825.0,2024-11-28,79,8000,22000,11000,24000,8000,9000,1,1,1,4,4,0,0,0,0,0,0,0
3277,1955,CABA,1235775.0,2024-08-03,62,219000,100000,0,26000,3000,17000,2,1,7,5,8,0,0,0,0,0,0,0
1324,1988,CABA,971800.0,2025-05-30,94,23000,21000,19000,3000,3000,22000,2,0,3,3,8,0,0,0,0,0,0,0
2147,1969,CABA,1916325.0,2025-08-16,21,736000,946000,189000,219000,63000,126000,1,7,4,11,2,1,0,0,0,1,0,0
9305,1976,Rosario,1992225.0,2025-05-12,29,311000,640000,37000,180000,26000,121000,1,9,4,13,2,0,0,0,0,0,0,0
10420,1955,Córdoba,1159750.0,2026-05-05,89,95000,64000,9000,2000,14000,38000,1,2,4,3,7,0,0,0,0,0,0,0
10507,1977,Rosario,1490025.0,2025-07-25,29,691000,69000,7000,0,7000,23000,4,2,2,7,8,0,0,0,1,0,0,0
5948,1975,CABA,1433450.0,2026-04-29,16,143000,52000,8000,11000,6000,17000,2,1,4,5,5,0,0,0,0,0,0,0
4376,1960,Rosario,805450.0,2026-02-15,61,10000,15000,1000,13000,24000,30000,1,1,2,3,7,0,0,1,0,0,0,1
4550,1966,Córdoba,839100.0,2026-06-24,99,61000,3000,0,0,0,7000,1,1,1,3,5,0,0,0,0,0,0,0
5068,1971,CABA,570100.0,2025-07-31,89,14000,7000,1000,2000,1000,1000,1,0,2,2,9,0,0,0,0,0,0,0
6086,1955,CABA,2009875.0,2025-11-23,26,445000,706000,76000,80000,25000,48000,1,5,6,12,2,1,0,0,0,0,0,0
6471,1971,Córdoba,905750.0,2025-10-17,98,14000,30000,2000,8000,2000,3000,1,0,2,4,5,0,0,0,0,0,0,0
4808,1956,CABA,393975.0,2025-09-05,22,1000,5000,0,6000,2000,3000,1,0,1,2,7,0,0,0,0,0,0,0
2936,1982,Córdoba,591525.0,2025-12-04,59,18000,4000,0,0,0,1000,1,0,1,3,7,0,0,0,0,0,0,0
7723,1979,CABA,1887675.0,2026-05-02,23,709000,374000,80000,104000,93000,80000,1,6,8,6,3,0,0,0,0,0,0,0
10660,1957,Córdoba,1668150.0,2026-01-12,13,349000,35000,0,0,7000,47000,3,2,8,4,7,0,0,0,1,0,0,0
6642,1961,CABA,680375.0,2025-01-23,36,30000,22000,9000,8000,5000,28000,4,1,2,4,6,0,0,0,0,0,0,0
4860,1970,CABA,605150.0,2025-03-08,35,7000,8000,2000,3000,2000,3000,1,0,1,3,6,0,0,0,0,0,0,0
7437,1988,CABA,698450.0,2026-04-28,93,13000,8000,1000,2000,0,5000,1,0,1,4,3,0,0,0,0,0,0,0
5092,1949,GBA,1289225.0,2025-02-12,33,380000,47000,0,6000,0,34000,4,1,7,7,8,0,0,0,1,0,0,1
3885,1983,GBA,839225.0,2025-10-16,83,16000,18000,0,3000,2000,24000,1,1,1,2,8,0,0,1,0,0,0,1
5304,1974,GBA,772475.0,2024-10-13,28,24000,8000,0,0,0,1000,2,0,1,3,6,0,0,0,0,0,0,0
7386,1976,CABA,774800.0,2025-04-22,75,17000,14000,3000,7000,0,2000,1,0,1,3,7,0,0,0,0,0,0,0
8443,1972,CABA,619050.0,2026-02-10,8,6000,12000,15000,3000,10000,40000,3,1,3,2,8,0,0,1,0,0,0,1
1440,1978,Rosario,1312825.0,2024-09-04,20,367000,241000,188000,104000,17000,232000,2,5,9,9,7,0,0,0,0,0,0,0
9960,1991,Rosario,671700.0,2026-04-30,11,0,1000,3000,8000,0,2000,1,0,1,2,7,0,0,0,0,0,0,0
6652,1965,CABA,1933575.0,2026-06-09,26,227000,573000,54000,98000,151000,31000,1,4,3,9,1,0,0,0,0,0,0,0
451,1989,CABA,231375.0,2025-12-20,8,9000,7000,0,2000,0,4000,1,1,1,2,8,0,0,0,0,0,0,0
10841,1975,GBA,1413975.0,2024-12-25,1,226000,133000,31000,41000,22000,31000,3,3,4,8,4,0,0,0,0,0,0,0
1491,1965,Rosario,1787200.0,2025-02-18,8,162000,124000,28000,40000,33000,172000,2,4,3,7,1,0,0,0,0,0,0,0
3262,1958,CABA,1707025.0,2024-08-07,33,995000,417000,48000,42000,112000,41000,1,9,2,13,5,0,0,0,0,0,0,1
4864,1977,CABA,859500.0,2025-05-02,93,72000,58000,1000,13000,7000,24000,4,1,4,3,8,0,0,0,0,0,0,0
8360,1971,Rosario,1367250.0,2025-11-07,14,111000,37000,9000,7000,16000,18000,3,1,3,5,3,0,0,0,0,0,0,0
6721,1951,CABA,1799125.0,2025-07-29,30,572000,286000,38000,50000,19000,248000,3,3,6,5,3,0,0,0,0,0,0,0
1135,1960,Córdoba,428600.0,2026-02-15,71,18000,19000,2000,0,2000,6000,5,0,3,4,7,0,0,0,0,0,0,0
9185,1966,GBA,1743975.0,2025-10-28,17,452000,514000,30000,13000,20000,0,3,6,4,5,3,0,0,0,0,0,0,1
9672,1970,Rosario,579050.0,2025-12-21,26,8000,9000,4000,19000,3000,22000,3,1,1,3,6,0,0,0,0,0,0,0
9463,1959,CABA,1792650.0,2024-11-13,6,931000,253000,98000,91000,56000,14000,4,5,9,7,5,0,0,0,0,0,0,0
5320,1973,Córdoba,1101275.0,2025-01-29,18,79000,58000,3000,6000,7000,18000,4,1,3,4,6,0,0,0,0,0,0,1
7930,1969,Córdoba,671925.0,2025-08-19,73,101000,76000,18000,20000,13000,40000,2,1,3,6,6,0,0,0,0,0,0,0
8432,1956,CABA,1361250.0,2024-09-14,6,454000,171000,19000,8000,0,32000,12,2,9,8,8,0,0,0,0,0,0,0
4654,1992,CABA,1877850.0,2025-11-07,33,571000,523000,60000,63000,12000,24000,1,10,3,5,2,0,0,0,0,0,0,0
5376,1979,CABA,61175.0,2025-01-06,27,1000,1725000,1000,1000,1000,1000,15,28,0,0,1,0,0,0,0,0,0,0
2245,1969,Córdoba,1091025.0,2025-04-22,82,57000,51000,2000,4000,2000,23000,3,1,2,4,6,0,0,0,0,0,0,0
10095,1975,GBA,1854125.0,2025-05-01,4,1001000,240000,12000,16000,12000,12000,1,4,5,10,2,0,0,0,0,0,0,0
10432,1974,CABA,483650.0,2026-01-30,16,2000,9000,6000,3000,0,2000,1,0,1,3,8,0,0,0,0,0,0,0
4653,1978,CABA,1050275.0,2025-03-26,24,131000,16000,1000,2000,0,39000,4,1,3,4,8,0,0,0,0,0,0,0
6318,1988,CABA,1712175.0,2025-01-13,29,758000,385000,89000,33000,12000,89000,1,7,9,13,4,0,0,0,0,0,0,0
7937,1982,CABA,617775.0,2026-04-18,21,10000,25000,3000,6000,7000,7000,1,0,3,3,7,0,0,0,0,0,0,0
4437,1962,CABA,1632900.0,2025-04-24,88,112000,92000,9000,3000,6000,38000,2,2,3,5,4,0,0,0,0,0,0,0
3076,1975,CABA,1666325.0,2024-09-07,21,452000,102000,18000,16000,18000,6000,4,2,4,12,3,0,0,0,0,0,0,0
1175,1983,Córdoba,906550.0,2025-09-20,25,88000,54000,28000,64000,39000,153000,1,5,3,3,6,0,0,1,0,0,0,1
5462,1974,CABA,1686125.0,2024-08-12,26,757000,217000,80000,29000,80000,11000,5,6,9,12,6,0,0,0,0,0,0,0
6878,1954,CABA,685525.0,2024-12-12,91,43000,96000,40000,78000,12000,55000,3,1,4,6,7,0,0,0,0,0,0,0
10402,1967,CABA,886025.0,2025-02-14,56,25000,9000,1000,2000,1000,1000,2,0,1,3,8,0,0,0,0,0,0,0
3152,1957,CABA,652275.0,2026-02-25,17,15000,19000,17000,8000,10000,20000,3,1,2,3,5,0,0,0,0,0,0,0
9923,1972,Córdoba,1160575.0,2025-09-18,25,68000,16000,0,0,0,8000,3,0,2,4,7,0,0,0,0,0,0,0
6870,1959,GBA,1720125.0,2025-09-17,25,182000,49000,13000,17000,2000,20000,1,1,3,7,2,0,0,0,0,0,0,0
2826,1967,CABA,564350.0,2025-10-28,21,25000,8000,0,2000,0,2000,2,0,2,3,7,0,0,0,0,0,0,0
3766,1959,Córdoba,826275.0,2024-08-16,33,100000,243000,94000,108000,71000,219000,3,1,9,8,9,0,0,0,0,0,0,1
1103,1976,Córdoba,2048225.0,2024-09-29,1,1486000,278000,0,49000,55000,185000,2,4,4,10,6,0,0,1,0,1,0,1
10965,1955,CABA,1900125.0,2025-02-22,10,983000,389000,50000,240000,20000,40000,1,5,3,13,6,1,0,0,0,0,0,0
2139,1975,Córdoba,187500.0,2025-10-02,10,3000,10000,2000,3000,1000,12000,3,0,2,3,5,0,0,0,0,0,0,0
8977,1985,Rosario,414525.0,2025-01-12,61,1000,4000,3000,2000,3000,11000,1,0,0,3,4,0,0,0,0,0,0,0
6565,1949,Córdoba,1924875.0,2025-03-28,17,1012000,498000,16000,0,80000,176000,2,4,11,9,5,1,0,0,0,0,0,0
3698,1983,CABA,1967175.0,2024-08-09,19,817000,687000,55000,145000,185000,241000,1,6,4,8,2,0,0,0,0,1,0,1
2698,1976,CABA,1175625.0,2025-11-07,31,254000,108000,0,20000,7000,26000,3,3,6,5,6,0,0,0,0,0,0,0
1378,1972,Rosario,1258350.0,2025-07-24,15,284000,160000,16000,84000,16000,134000,6,4,7,6,6,0,0,0,0,0,0,0
5513,1966,CABA,943950.0,2024-10-04,32,27000,10000,0,0,2000,1000,2,0,1,3,8,0,0,0,0,0,0,0
4877,1973,Córdoba,964400.0,2026-03-04,71,34000,7000,0,0,0,0,1,0,1,3,7,0,0,0,0,0,0,0
10241,1975,Rosario,286200.0,2025-12-15,88,0,0,2000,6000,0,6000,1,0,1,2,6,0,0,0,0,0,0,0
4122,1975,CABA,1980125.0,2024-08-29,5,504000,117000,28000,179000,23000,44000,1,5,6,4,4,1,0,0,0,0,0,1
4096,1968,Córdoba,1033375.0,2025-12-26,87,112000,21000,14000,16000,19000,5000,3,1,4,4,7,0,0,0,0,0,0,0
8779,1985,Rosario,903625.0,2025-06-16,3,56000,76000,1000,17000,4000,18000,4,1,4,3,9,0,0,1,0,0,0,1
10736,1971,CABA,1806450.0,2025-09-12,22,522000,522000,120000,227000,0,134000,2,9,6,5,2,0,0,0,0,0,0,0
7393,1978,CABA,1039500.0,2024-12-10,67,56000,24000,0,4000,5000,3000,3,1,2,3,5,0,0,0,0,0,0,0
1777,1980,Rosario,649125.0,2024-09-07,30,2000,11000,7000,41000,2000,11000,1,0,2,3,8,0,0,0,0,0,0,0
2607,1953,CABA,1011600.0,2025-01-11,24,424000,118000,23000,7000,17000,41000,6,2,8,8,8,0,0,0,0,0,0,0
10814,1947,CABA,1758025.0,2025-01-16,10,303000,751000,26000,82000,23000,191000,1,5,6,13,4,0,0,0,0,0,0,1
3547,1969,Córdoba,1025525.0,2024-12-30,74,14000,9000,16000,6000,7000,12000,2,0,2,3,6,0,0,0,0,0,0,1
4301,1971,Córdoba,879450.0,2025-01-10,75,23000,13000,2000,2000,1000,18000,1,1,1,2,7,0,0,1,0,0,0,1
8207,1957,Rosario,1330825.0,2026-03-18,25,28000,9000,0,3000,0,0,1,0,1,3,4,0,0,0,0,0,0,0
3283,1972,Rosario,1773300.0,2026-01-19,17,200000,100000,185000,46000,193000,185000,2,2,6,12,3,0,0,0,0,0,0,0
1172,1983,GBA,2312275.0,2025-05-01,23,979000,935000,25000,29000,44000,22000,1,5,7,12,3,1,0,0,1,1,0,1
8775,1969,CABA,959025.0,2025-12-27,98,39000,56000,8000,20000,0,14000,3,1,3,3,7,0,0,0,0,0,0,0
5300,1973,Córdoba,974025.0,2025-12-30,93,19000,19000,1000,0,7000,24000,1,1,2,2,7,0,0,0,0,0,0,0
1048,1972,Córdoba,891025.0,2025-07-14,34,63000,67000,9000,8000,3000,28000,2,1,3,4,7,0,0,0,0,0,0,1
7685,1978,CABA,825975.0,2025-09-09,19,30000,12000,8000,8000,8000,12000,1,0,2,4,5,0,0,0,0,0,0,0
1118,1956,Córdoba,1274125.0,2025-02-20,4,544000,85000,6000,8000,13000,29000,3,4,10,5,8,0,0,1,0,0,0,0
2404,1976,CABA,1333975.0,2025-05-27,74,173000,30000,6000,3000,4000,41000,4,1,5,4,7,0,0,0,0,0,0,0
10128,1958,CABA,1349425.0,2025-06-08,16,620000,165000,24000,0,16000,82000,5,5,5,12,5,0,0,0,0,0,0,0
5272,1965,Córdoba,1346075.0,2025-06-27,12,378000,88000,4000,19000,0,73000,4,5,8,3,7,0,0,0,0,0,0,0
1143,1972,CABA,551575.0,2025-08-08,4,7000,13000,11000,3000,10000,11000,2,0,2,3,7,0,0,0,0,0,0,0
11188,1957,CABA,652275.0,2026-02-25,90,15000,19000,17000,8000,10000,20000,3,1,2,3,5,0,0,0,0,0,0,0
8477,1956,CABA,653750.0,2025-03-11,55,5000,13000,5000,3000,1000,1000,1,0,1,3,7,0,0,0,0,0,0,0
10643,1987,GBA,1050000.0,2025-01-10,13,124000,267000,59000,85000,83000,35000,2,2,5,11,5,0,0,0,0,0,0,1
7683,1968,Córdoba,1769425.0,2026-02-25,5,554000,113000,7000,0,35000,78000,3,3,5,12,3,0,0,0,0,0,0,0
4947,1966,Rosario,2239300.0,2024-09-15,24,606000,974000,194000,197000,24000,64000,1,7,7,9,4,1,0,0,1,0,0,1
4055,1992,Rosario,468650.0,2026-05-29,12,2000,11000,9000,12000,10000,20000,2,0,3,3,6,0,0,0,0,0,0,0
10521,1977,CABA,1370225.0,2025-09-11,20,63000,57000,13000,13000,6000,22000,4,1,2,5,4,0,0,0,0,0,0,1
9493,1980,GBA,1910300.0,2025-05-05,8,840000,804000,71000,23000,53000,17000,1,4,5,8,3,1,0,0,0,1,0,1
6918,1989,CABA,717275.0,2025-07-04,83,5000,13000,0,8000,4000,4000,1,0,1,3,8,0,0,0,0,0,0,0
193,1996,Rosario,360525.0,2026-02-17,23,0,2000,3000,3000,0,8000,1,0,1,2,5,0,0,1,0,0,0,0
10022,1973,GBA,1361650.0,2026-02-09,18,12000,4000,0,0,0,0,1,0,1,2,5,0,0,0,0,0,0,0
1517,1969,CABA,770550.0,2025-06-14,87,3000,13000,12000,2000,9000,12000,1,0,1,3,7,0,0,0,0,0,0,0
4200,1970,Córdoba,1103975.0,2026-06-17,73,167000,62000,13000,24000,2000,7000,4,1,4,6,5,0,0,0,0,0,0,0
153,1953,CABA,581800.0,2025-10-17,36,19000,6000,2000,4000,3000,12000,1,0,1,3,4,0,0,0,0,0,0,0
3749,1973,CABA,1848150.0,2025-03-02,9,627000,597000,91000,159000,91000,15000,1,5,6,12,3,0,0,0,0,0,0,0
1453,1943,GBA,1437825.0,2025-07-06,17,735000,183000,20000,52000,40000,30000,2,3,9,13,6,0,0,0,0,0,0,0
9386,1962,CABA,1253175.0,2026-05-29,19,274000,21000,6000,4000,0,15000,1,1,5,6,6,0,0,0,1,0,0,0
10142,1976,GBA,1661900.0,2025-03-07,11,372000,126000,48000,47000,18000,78000,2,2,5,11,4,0,0,0,0,0,0,0
5955,1962,CABA,1800625.0,2024-11-17,28,833000,549000,133000,151000,33000,233000,1,3,4,8,3,0,0,0,0,0,0,0
8514,1976,CABA,736950.0,2026-01-17,59,8000,7000,1000,3000,0,1000,1,0,1,3,6,0,0,0,0,0,0,0
4487,1969,Córdoba,996450.0,2025-01-24,9,15000,25000,7000,2000,20000,26000,1,0,2,4,6,0,0,0,0,0,0,1
2815,1975,CABA,829575.0,2026-02-24,4,7000,39000,15000,17000,5000,37000,2,0,4,3,7,0,0,0,0,0,0,0
7007,1968,Córdoba,738575.0,2026-04-01,73,17000,18000,4000,3000,3000,18000,2,1,3,2,7,0,0,0,0,0,0,0
7706,1975,Rosario,1169300.0,2024-11-07,33,350000,189000,151000,197000,104000,57000,6,8,11,5,8,0,0,1,0,0,0,0
5909,1964,CABA,1462800.0,2025-09-19,13,895000,101000,0,13000,10000,152000,5,4,3,8,8,0,0,0,0,0,0,0
5424,1983,CABA,998050.0,2025-02-14,34,29000,59000,1000,19000,12000,36000,2,0,3,4,8,0,0,0,0,0,0,0
8230,1980,CABA,830700.0,2026-01-23,59,22000,31000,4000,7000,2000,5000,1,0,2,3,7,0,0,0,0,0,0,0
1379,1992,Córdoba,1066750.0,2025-04-27,18,154000,46000,4000,20000,2000,15000,1,2,4,4,4,0,0,0,0,0,0,0
6862,1971,CABA,43250.0,2026-05-18,89,1000,3000,1000,1000,1000,1000,15,0,0,0,20,0,0,0,0,0,0,0
2909,1974,GBA,1953200.0,2026-02-19,13,934000,230000,24000,16000,24000,36000,2,4,8,6,3,0,0,0,1,1,0,0
5263,1977,Rosario,776400.0,2025-01-22,12,5000,13000,8000,3000,10000,16000,1,0,1,3,8,0,0,0,0,0,0,0
10913,1984,Córdoba,784625.0,2024-12-05,67,3000,12000,1000,0,2000,9000,1,0,1,2,8,0,0,1,0,0,0,1
2471,1965,CABA,1537050.0,2026-06-27,71,48000,68000,66000,16000,58000,43000,1,2,3,6,2,0,0,0,0,0,0,0
9949,1976,CABA,1495225.0,2024-10-18,3,598000,141000,41000,32000,16000,49000,3,3,3,6,8,0,0,0,0,0,0,0
8395,1961,CABA,2050350.0,2024-08-20,12,980000,265000,163000,35000,37000,31000,1,6,3,12,6,0,0,0,0,0,0,1
4673,1963,GBA,2032500.0,2024-10-30,3,1004000,145000,12000,32000,12000,36000,3,3,10,5,5,1,0,0,0,0,0,1
5788,1972,CABA,1151325.0,2025-02-17,27,56000,92000,7000,19000,10000,25000,3,2,3,4,5,0,0,0,0,0,0,0
6991,1951,CABA,1079625.0,2025-04-10,32,537000,42000,6000,16000,6000,30000,2,3,9,6,8,0,0,0,0,0,0,0
8486,1971,Córdoba,763450.0,2024-10-01,58,284000,52000,3000,8000,0,20000,4,0,9,4,10,0,0,0,0,0,0,0
3798,1968,CABA,1028000.0,2025-11-06,3,24000,23000,8000,0,2000,24000,3,1,2,3,6,0,0,0,0,0,0,0
7789,1965,GBA,2115450.0,2025-11-22,1,684000,801000,66000,21000,100000,0,1,9,6,10,2,0,0,0,0,1,0,0
9153,1964,GBA,1482600.0,2025-07-29,31,418000,428000,51000,80000,61000,10000,3,8,7,10,5,0,0,0,0,0,0,0
10530,1959,GBA,1694650.0,2025-12-07,25,431000,441000,20000,80000,82000,102000,1,6,3,6,1,0,0,0,0,0,0,1
2254,1983,CABA,1738000.0,2025-07-07,31,627000,414000,80000,121000,120000,93000,1,6,9,5,5,0,0,0,0,0,0,0
2262,1965,Córdoba,1128575.0,2025-08-26,38,202000,74000,5000,11000,5000,14000,3,1,6,5,7,0,0,0,0,0,0,0
7279,1969,GBA,1736900.0,2025-09-30,25,260000,559000,9000,63000,86000,67000,1,6,4,4,2,0,0,0,0,0,0,0
1729,1961,GBA,1660650.0,2025-10-02,4,1043000,97000,24000,32000,24000,157000,2,5,3,10,6,0,0,0,0,0,0,0
4687,1958,Córdoba,2018475.0,2025-05-23,3,674000,736000,0,39000,92000,92000,1,11,3,9,1,0,0,0,0,0,0,0
8975,1968,CABA,487850.0,2026-01-26,4,14000,21000,1000,2000,3000,28000,4,1,3,2,8,0,0,1,0,0,0,0
2681,1984,Rosario,1634250.0,2025-08-01,27,71000,112000,89000,138000,22000,29000,1,3,2,13,1,0,0,0,0,0,0,0
6710,1951,Córdoba,1455425.0,2024-11-17,11,68000,13000,5000,3000,1000,13000,1,0,2,4,6,0,0,0,0,0,0,0
11096,1952,Rosario,1431175.0,2025-08-08,19,99000,32000,54000,37000,4000,6000,2,1,2,7,2,0,0,0,0,0,0,0
11025,1961,CABA,911075.0,2025-02-03,4,65000,46000,3000,4000,0,20000,4,1,3,3,8,0,0,0,0,0,0,0
5150,1979,Rosario,504850.0,2024-12-17,27,0,7000,10000,11000,4000,15000,2,0,2,3,6,0,0,0,0,0,0,0
2563,1961,Rosario,706225.0,2026-06-15,73,1000,7000,14000,2000,9000,10000,1,0,2,3,6,0,0,0,0,0,0,0
8210,1975,Córdoba,1368250.0,2025-08-15,31,318000,17000,7000,4000,3000,56000,5,1,4,8,4,0,0,0,0,0,0,0
5223,1966,Córdoba,1147575.0,2026-04-23,98,33000,10000,10000,2000,8000,3000,2,1,2,3,4,0,0,0,0,0,0,0
2428,1970,CABA,704100.0,2025-05-04,20,3000,26000,8000,11000,18000,12000,3,0,2,4,7,0,0,0,0,0,0,0
295,1989,CABA,2030425.0,2025-07-19,7,493000,324000,40000,146000,70000,84000,1,7,3,11,1,0,0,0,0,0,0,0
6466,1965,GBA,1430900.0,2026-03-12,98,105000,9000,1000,2000,0,4000,3,1,2,4,3,0,0,0,0,0,0,0
3436,1969,CABA,351125.0,2026-01-26,9,11000,5000,1000,2000,0,1000,1,0,1,3,7,0,0,0,0,0,0,0
6961,1974,CABA,668775.0,2026-05-22,95,1000,5000,3000,0,1000,1000,1,0,1,2,8,0,0,0,0,0,0,0
10102,1966,CABA,1998650.0,2026-05-12,11,395000,565000,141000,166000,183000,28000,1,11,5,5,3,0,0,0,0,0,0,0
11051,1956,GBA,1934400.0,2026-05-10,22,492000,110000,12000,16000,19000,12000,4,3,6,10,4,0,0,0,0,0,0,0
3828,1951,CABA,1777675.0,2025-02-17,20,533000,217000,174000,198000,10000,195000,2,6,7,13,4,0,0,0,0,0,0,0
7516,1983,CABA,752400.0,2026-05-22,20,5000,11000,5000,12000,3000,9000,1,0,2,3,6,0,0,0,0,0,0,0
9303,1976,CABA,132625.0,2025-07-30,70,12000,7000,3000,1000,4000,5000,0,0,1,0,13,0,0,0,0,0,0,0
10133,1970,CABA,2344750.0,2026-02-12,29,1302000,731000,114000,89000,68000,45000,0,7,6,12,2,1,0,0,1,1,0,1
6437,1985,Rosario,1036825.0,2025-06-19,38,21000,20000,3000,15000,8000,9000,1,0,2,3,7,0,0,0,0,0,0,0
8346,1974,CABA,805825.0,2024-08-19,57,138000,35000,11000,25000,15000,72000,2,2,6,2,9,0,0,1,0,0,0,1
5585,1972,CABA,533975.0,2025-04-20,25,12000,17000,1000,6000,2000,10000,2,0,2,3,8,0,0,0,0,0,0,1
9701,1988,CABA,1047075.0,2025-03-19,10,32000,41000,16000,73000,34000,116000,3,2,4,3,7,0,0,0,0,0,0,0
2055,1973,GBA,896500.0,2026-05-19,23,15000,8000,2000,4000,0,20000,2,1,1,2,5,0,0,1,0,0,0,0
7732,1978,CABA,1620325.0,2026-01-02,16,293000,124000,97000,179000,0,52000,1,2,7,10,5,0,0,0,0,0,0,0
4023,1970,CABA,574475.0,2024-09-06,86,16000,19000,21000,20000,17000,22000,3,2,3,2,8,0,0,0,0,0,0,1
7959,1961,CABA,1985250.0,2026-05-29,25,658000,483000,13000,123000,80000,13000,1,2,3,5,1,0,0,0,0,0,0,0
5204,1971,CABA,1863450.0,2025-06-29,14,380000,733000,112000,110000,98000,28000,1,8,8,5,3,0,0,0,0,1,0,1
1404,1968,CABA,872900.0,2025-05-15,36,51000,82000,0,33000,23000,42000,4,1,5,3,9,0,0,0,0,0,0,0
2968,1943,GBA,1223700.0,2025-02-01,2,437000,206000,49000,160000,8000,42000,2,10,7,5,6,0,0,1,0,0,0,1
7281,1959,GBA,,2025-11-05,99,81000,50000,2000,3000,11000,39000,1,3,1,4,2,0,0,0,0,0,0,0
5329,1949,GBA,898650.0,2025-09-27,30,8000,3000,0,0,0,0,1,0,0,3,5,0,0,0,0,0,0,0
11148,1975,CABA,557000.0,2025-05-19,29,2000,4000,1000,3000,1000,2000,1,0,1,2,8,0,0,0,0,0,0,0
5718,1950,CABA,2019075.0,2025-08-15,13,674000,108000,42000,192000,168000,231000,1,11,5,6,3,1,0,0,0,1,0,1
4697,1949,Córdoba,885400.0,2025-06-13,23,248000,81000,3000,4000,3000,51000,3,1,7,5,8,0,0,0,0,0,0,0
5185,1955,CABA,1856700.0,2025-02-14,20,199000,315000,174000,97000,66000,41000,1,3,4,5,2,0,0,0,0,0,0,0
940,1987,CABA,1427500.0,2026-05-18,36,158000,99000,11000,15000,11000,17000,2,2,3,7,3,0,0,0,0,0,0,0
9529,1990,CABA,1842175.0,2025-11-28,29,559000,503000,13000,218000,153000,181000,1,9,3,9,2,1,0,0,0,0,0,1
606,1967,CABA,648250.0,2025-10-10,19,6000,2000,0,2000,1000,4000,1,0,1,2,7,0,0,0,0,0,0,0
3834,1962,CABA,1740675.0,2025-03-17,6,231000,215000,30000,171000,161000,53000,2,2,8,11,5,0,0,0,0,0,0,0
7301,1982,Rosario,590400.0,2024-11-17,91,4000,11000,7000,3000,22000,32000,2,0,3,3,8,0,0,0,0,0,0,1
9150,1963,GBA,1222950.0,2026-04-12,74,52000,9000,0,0,0,1000,2,0,1,4,4,0,0,0,0,0,0,0
6544,1949,GBA,1697775.0,2026-05-22,4,529000,356000,28000,63000,0,0,3,7,6,11,3,0,0,0,0,0,0,0
2488,1956,Rosario,784875.0,2025-03-23,19,23000,25000,8000,0,1000,7000,4,1,2,3,6,0,0,0,0,0,0,0
4690,1953,CABA,1268125.0,2025-02-13,28,443000,75000,10000,0,10000,48000,4,1,8,8,8,0,0,0,0,0,0,0
942,1982,CABA,991500.0,2024-08-08,21,139000,78000,13000,20000,13000,36000,3,1,7,3,9,0,0,0,0,0,0,1
492,1973,GBA,1210800.0,2024-10-18,19,322000,50000,3000,4000,3000,42000,5,1,7,6,8,0,0,0,0,0,0,0
3641,1976,CABA,340600.0,2025-01-20,96,10000,15000,1000,2000,2000,6000,2,0,2,3,6,0,0,0,0,0,0,0
10307,1956,CABA,1259675.0,2025-08-31,8,369000,87000,14000,12000,9000,34000,3,2,6,8,5,0,0,0,0,0,0,0
4418,1983,Córdoba,2240400.0,2025-02-25,17,671000,655000,111000,145000,47000,15000,1,5,7,12,2,0,0,0,0,0,0,1
175,1986,CABA,1798800.0,2025-01-10,7,656000,455000,107000,52000,80000,93000,2,4,8,8,4,0,0,1,0,1,0,0
2945,1955,GBA,1150375.0,2026-04-13,26,38000,2000,0,0,0,6000,1,0,1,3,7,0,1,1,0,0,0,0
1502,1983,CABA,710675.0,2025-03-21,77,18000,19000,3000,3000,3000,6000,2,0,2,3,8,0,0,0,0,0,0,0
2407,1982,CABA,1727725.0,2024-11-09,33,823000,459000,29000,124000,25000,95000,1,6,6,7,4,0,0,0,0,1,0,1
10602,1983,CABA,998050.0,2025-02-14,27,29000,59000,1000,19000,12000,36000,2,0,3,4,8,0,0,0,0,0,0,0
9291,1959,Córdoba,856050.0,2026-03-23,74,8000,4000,0,0,2000,1000,1,0,0,3,5,0,0,0,0,0,0,0
7004,1984,CABA,275300.0,2025-03-16,37,24000,26000,1000,7000,3000,23000,3,1,3,2,9,0,0,1,0,0,0,0
1857,1952,CABA,1178475.0,2026-03-06,88,46000,12000,2000,0,0,23000,2,1,2,2,7,0,0,0,0,0,0,1
1399,1958,CABA,1822625.0,2026-01-21,12,407000,445000,165000,181000,114000,203000,1,7,3,9,1,1,0,0,0,0,0,0
2948,1954,Córdoba,1565925.0,2026-03-01,57,104000,48000,12000,4000,12000,5000,1,2,2,5,2,0,0,0,0,0,0,0
4066,1978,Rosario,532050.0,2026-05-11,13,1000,8000,8000,4000,5000,20000,2,1,2,2,6,0,0,0,0,0,0,0
7094,1975,CABA,1458250.0,2025-12-25,7,445000,213000,98000,104000,53000,151000,1,4,6,13,4,0,0,0,0,0,0,0
9362,1965,CABA,1731575.0,2026-03-05,19,492000,32000,5000,13000,5000,21000,1,1,9,7,6,0,0,0,1,0,0,0
1272,1965,Córdoba,1381250.0,2024-10-21,13,664000,83000,0,32000,58000,66000,4,5,7,10,5,0,0,0,0,0,0,0
4931,1977,CABA,3928650.0,2025-04-29,30,1000,1725000,1000,2000,0,1000,0,28,0,0,1,0,0,0,0,0,0,0
8560,1992,CABA,1219725.0,2024-09-10,17,351000,156000,5000,7000,16000,145000,1,4,6,7,6,0,0,0,0,0,0,0
11074,1977,CABA,2126800.0,2026-04-09,6,494000,391000,11000,194000,92000,241000,1,4,3,10,0,0,0,0,0,0,0,0
5156,1970,Rosario,1561650.0,2026-01-15,3,129000,259000,121000,168000,129000,83000,5,3,6,12,4,0,0,0,0,0,0,0
5885,1973,Rosario,892200.0,2024-08-22,20,73000,90000,1000,12000,3000,32000,7,1,4,4,8,0,0,0,0,0,0,0
5180,1968,GBA,1265400.0,2026-04-18,89,128000,16000,1000,0,0,4000,2,0,4,4,7,0,0,0,0,0,0,0
10749,1991,CABA,200700.0,2024-09-18,34,73000,66000,12000,7000,18000,2000,15,1,0,0,19,0,0,0,0,0,0,0
6663,1940,GBA,1278525.0,2025-07-08,75,144000,7000,0,0,0,6000,1,1,3,4,5,0,0,0,0,0,0,0
1177,1966,Córdoba,1240450.0,2025-01-26,23,80000,26000,2000,4000,3000,14000,4,1,3,3,7,0,0,0,0,0,0,0
3623,1976,CABA,541875.0,2026-06-11,3,4000,16000,4000,17000,0,4000,3,0,4,3,7,0,0,0,0,0,0,0
6568,1984,CABA,967000.0,2025-03-28,23,11000,36000,5000,15000,0,12000,1,0,2,3,7,0,0,0,0,0,0,0
7274,1957,CABA,1965450.0,2024-09-28,28,736000,818000,163000,212000,163000,61000,1,7,4,10,2,0,0,0,1,0,0,0
332,1957,CABA,1193575.0,2025-03-22,75,198000,43000,12000,0,2000,20000,3,1,4,6,6,0,0,0,1,0,0,0
6815,1980,Rosario,2413675.0,2026-05-23,30,448000,125000,101000,52000,21000,62000,0,6,7,8,2,1,0,1,0,1,0,1
1630,1979,CABA,1545625.0,2025-08-07,14,162000,100000,30000,55000,50000,27000,1,2,4,8,4,0,0,0,0,0,0,0
902,1980,CABA,1574850.0,2026-03-04,6,224000,48000,12000,4000,12000,12000,1,2,6,4,6,0,0,0,0,0,0,0
5114,1965,Córdoba,1870150.0,2024-12-19,32,670000,249000,28000,0,9000,9000,2,4,5,5,4,0,0,0,0,0,0,0
1818,1971,GBA,743300.0,2026-03-25,24,25000,8000,1000,0,0,4000,1,0,2,2,9,0,0,0,0,0,0,0
456,1986,Rosario,187500.0,2025-02-07,56,1000,5000,6000,4000,11000,9000,2,0,2,3,8,0,0,0,0,0,0,0
6055,1979,CABA,1790650.0,2024-11-01,33,546000,376000,145000,94000,72000,72000,1,5,5,8,3,0,0,0,1,0,0,0
10955,1964,CABA,2140500.0,2026-01-07,4,416000,925000,107000,60000,46000,46000,1,6,3,4,1,0,0,0,0,0,0,1
999,1991,CABA,2150925.0,2025-01-02,21,490000,125000,20000,29000,44000,22000,1,7,6,11,3,0,0,0,1,1,0,1
7165,1972,CABA,1611850.0,2025-10-22,10,381000,172000,86000,56000,35000,93000,2,2,8,10,5,0,0,0,0,0,0,0
6059,1953,GBA,1612600.0,2025-03-04,8,986000,168000,0,16000,36000,108000,7,3,11,4,7,0,0,0,0,0,0,1
2004,1969,CABA,1816975.0,2025-09-18,18,619000,260000,54000,127000,54000,54000,1,7,4,5,1,0,0,0,0,0,0,0
5602,1989,GBA,1674325.0,2025-05-17,17,466000,432000,113000,147000,22000,102000,1,7,8,12,3,0,0,0,0,0,0,0
10141,1960,Córdoba,980700.0,2025-05-10,16,7000,6000,3000,0,1000,3000,1,0,0,3,4,0,0,0,0,0,0,0
10854,1970,GBA,971325.0,2026-05-23,9,29000,14000,0,0,0,2000,2,0,2,3,7,0,0,0,0,0,0,0
843,1971,CABA,1618050.0,2026-05-26,9,303000,280000,147000,60000,0,15000,4,2,8,11,6,0,0,0,0,0,0,0
1212,1973,CABA,1321125.0,2025-08-13,25,384000,292000,41000,130000,25000,64000,3,8,8,6,6,0,0,1,0,0,0,0
7055,1952,GBA,1525250.0,2024-10-09,31,888000,57000,0,0,0,76000,2,5,8,11,5,0,0,0,0,0,0,0
1071,1976,GBA,1754475.0,2025-07-21,28,532000,168000,44000,69000,88000,133000,3,3,7,13,5,0,0,0,0,0,0,0
8652,1946,CABA,944000.0,2024-08-31,70,84000,38000,12000,150000,5000,28000,2,1,4,6,7,0,0,0,0,0,0,0
10313,1975,CABA,1204450.0,2024-10-28,97,159000,45000,2000,6000,4000,38000,6,1,5,4,8,0,0,0,0,0,0,0
5538,1975,CABA,2095725.0,2025-10-08,12,897000,430000,161000,186000,161000,27000,0,7,4,6,1,1,0,1,0,1,0,1
8553,1965,CABA,1107500.0,2025-06-23,98,30000,9000,0,0,0,3000,2,0,1,3,6,0,0,0,0,0,0,0
10582,1979,CABA,1801575.0,2025-07-03,16,180000,348000,32000,76000,32000,90000,2,2,5,12,2,0,0,0,0,0,0,0
4974,1970,CABA,2081825.0,2024-09-25,14,433000,650000,102000,16000,89000,102000,10,6,4,9,7,0,0,0,0,0,0,0
8268,1961,GBA,,2025-07-11,13,352000,27000,0,10000,0,15000,3,1,6,7,6,0,0,0,0,0,0,0
5564,1969,CABA,1572050.0,2024-08-09,1,509000,497000,24000,78000,133000,97000,2,5,7,6,4,0,0,0,0,0,0,0
1628,1971,CABA,1794900.0,2025-10-24,25,354000,311000,75000,167000,21000,32000,1,3,9,4,4,0,0,0,0,0,0,0
3619,1960,Rosario,2182625.0,2024-09-23,7,345000,501000,138000,63000,25000,80000,1,3,5,8,2,0,0,0,0,1,0,1
7002,1955,CABA,1563375.0,2025-10-03,4,163000,90000,45000,0,48000,52000,1,2,3,8,3,0,0,0,0,0,0,0
9559,1961,GBA,1426800.0,2026-01-24,13,944000,60000,0,0,0,30000,2,5,7,13,5,0,0,1,0,0,0,0
9365,1976,GBA,1500000.0,2024-12-22,24,1048000,217000,0,0,0,12000,5,3,11,5,6,0,0,0,0,0,0,0
3091,1981,Rosario,1894350.0,2026-05-02,13,340000,134000,14000,258000,21000,56000,1,5,7,8,4,0,0,0,0,0,0,0
202,1948,GBA,2050800.0,2026-04-05,14,332000,377000,125000,149000,194000,57000,0,6,4,7,1,0,0,0,0,0,0,0
663,1989,GBA,849900.0,2025-09-11,9,40000,15000,0,8000,2000,6000,1,1,1,3,4,0,0,0,0,0,0,0
326,1973,CABA,1278700.0,2025-02-18,32,235000,45000,9000,8000,6000,12000,4,1,5,6,6,0,0,0,0,0,0,0
1663,1978,GBA,851075.0,2025-10-25,34,20000,14000,0,3000,2000,10000,1,0,2,2,9,0,0,0,0,0,0,0
4012,1972,GBA,1555500.0,2024-08-11,19,799000,375000,12000,16000,12000,12000,5,6,7,5,6,0,0,0,0,0,0,1
273,1970,Córdoba,903450.0,2025-07-16,95,130000,16000,0,0,0,5000,5,1,3,4,7,0,0,0,1,0,0,0
4998,1962,CABA,1902025.0,2026-05-23,23,292000,415000,33000,63000,30000,200000,1,5,4,4,2,1,0,0,0,0,0,0
11114,1970,CABA,491400.0,2025-02-08,57,25000,9000,8000,6000,4000,32000,3,1,2,3,7,0,0,0,0,0,0,0
1581,1980,CABA,935150.0,2025-10-10,67,2000,8000,2000,2000,0,3000,1,0,1,2,8,0,0,0,0,0,0,1
5255,1986,CABA,,2025-02-20,10,5000,3000,263000,3000,1000,362000,0,0,27,0,1,0,0,0,0,0,0,0
10250,1947,Rosario,709725.0,2024-11-20,69,1000,3000,4000,7000,5000,8000,1,0,1,2,7,0,0,0,0,0,0,0
6518,1951,GBA,1692000.0,2025-06-11,3,546000,48000,6000,0,0,6000,1,3,7,8,5,0,0,0,0,0,0,0
3535,1965,CABA,1657350.0,2026-03-17,33,251000,334000,92000,65000,108000,117000,1,3,4,5,2,0,0,0,0,0,0,0
5084,1975,CABA,1458250.0,2025-12-25,9,445000,213000,98000,104000,53000,151000,1,4,6,13,4,0,0,0,0,0,0,0
11171,1965,Córdoba,1424050.0,2025-10-11,12,292000,77000,3000,10000,3000,26000,7,3,6,5,7,0,0,0,0,0,0,0
9121,1972,CABA,2003350.0,2025-05-20,10,1218000,272000,0,104000,16000,80000,2,3,5,6,6,1,0,0,1,1,0,1
8908,1959,CABA,2179875.0,2026-05-08,30,217000,690000,26000,50000,76000,38000,1,11,3,5,1,0,0,0,0,0,0,1
523,1989,CABA,928875.0,2025-01-31,14,23000,26000,15000,7000,0,3000,1,0,2,4,5,0,0,0,0,0,0,0
10882,1976,CABA,1346450.0,2024-11-09,11,407000,221000,150000,58000,53000,26000,4,3,4,6,4,0,0,0,0,0,0,0
610,1953,GBA,1339825.0,2024-08-07,2,349000,78000,0,6000,4000,43000,8,2,7,6,8,0,0,0,0,0,0,0
9592,1983,CABA,550250.0,2025-06-30,77,11000,9000,0,3000,2000,8000,2,0,2,3,8,0,0,0,0,0,0,0
3525,1970,CABA,955000.0,2024-12-07,6,12000,4000,0,0,0,1000,1,0,1,2,7,0,0,0,0,0,0,0
10678,1959,CABA,1780800.0,2025-11-28,32,653000,170000,26000,34000,17000,17000,2,2,11,10,7,0,0,0,0,0,0,0
4988,1948,GBA,861725.0,2026-05-04,99,19000,20000,5000,0,6000,12000,3,1,1,4,4,0,0,0,0,0,0,0
8254,1974,GBA,864900.0,2025-04-13,70,14000,2000,0,0,0,7000,1,0,1,2,8,0,0,0,0,0,0,0
5316,1976,Córdoba,525600.0,2025-07-04,75,36000,18000,2000,6000,4000,18000,1,0,2,4,7,0,0,0,0,0,0,0
3231,1973,CABA,949275.0,2025-11-25,65,5000,10000,2000,2000,4000,7000,1,0,1,3,8,0,0,0,0,0,0,0
9500,1959,CABA,1452825.0,2025-01-25,23,221000,169000,78000,102000,104000,84000,3,2,9,8,7,0,0,0,0,0,1,0
9757,1972,CABA,2122650.0,2025-10-04,29,997000,414000,30000,99000,15000,76000,1,6,5,12,2,0,1,0,1,1,0,0
8091,1956,CABA,1598575.0,2024-09-02,14,423000,368000,97000,13000,184000,21000,1,4,6,6,5,0,0,0,0,0,0,0
10681,1970,Rosario,1561650.0,2026-01-15,3,129000,259000,121000,168000,129000,83000,5,3,6,12,4,0,0,0,0,0,0,0
5393,1977,CABA,594075.0,2024-08-07,71,22000,6000,2000,6000,0,6000,1,0,1,3,7,0,0,0,0,0,0,0
11181,1949,GBA,3923100.0,2025-08-29,4,2000,2000,1000,1000,1000,1000,0,0,0,0,0,0,0,0,0,0,0,0
10164,1958,CABA,2361800.0,2026-04-03,26,1017000,417000,100000,108000,33000,16000,1,5,5,5,5,0,0,0,1,1,0,0
7313,1949,Rosario,1871475.0,2025-06-03,10,570000,614000,102000,133000,73000,73000,1,5,6,11,3,1,0,0,0,0,0,0
8334,1971,Córdoba,832900.0,2025-10-04,92,79000,31000,4000,4000,1000,12000,3,1,2,4,6,0,0,0,0,0,0,0
10598,1967,CABA,698575.0,2025-04-15,79,12000,16000,1000,4000,1000,3000,3,0,2,3,8,0,0,0,0,0,0,0
10196,1978,CABA,1785675.0,2026-03-12,20,212000,177000,64000,15000,123000,23000,2,2,8,8,4,0,0,0,0,0,0,0
7851,1949,CABA,1754125.0,2025-09-22,6,161000,253000,191000,199000,0,122000,1,7,3,11,1,0,0,0,0,0,0,0
448,1978,GBA,1372000.0,2025-03-01,32,308000,137000,45000,102000,85000,118000,2,2,6,11,5,0,0,0,0,0,0,0
8079,1982,CABA,561200.0,2026-02-26,61,3000,8000,2000,23000,1000,18000,3,1,2,3,3,0,0,0,0,0,0,0
6974,1972,GBA,2086075.0,2025-12-31,10,518000,742000,56000,55000,42000,84000,1,10,6,5,2,0,0,0,0,0,0,0
8727,1978,CABA,1592325.0,2025-10-14,27,587000,337000,87000,42000,43000,54000,3,6,11,9,6,0,0,0,0,0,0,0
2005,1990,CABA,894125.0,2025-12-11,69,22000,30000,5000,0,3000,15000,2,0,2,4,6,0,0,0,0,0,0,0
6932,1941,GBA,2325675.0,2025-04-13,3,1285000,716000,0,55000,42000,21000,0,10,7,5,2,0,0,0,0,1,0,0
1672,1974,GBA,1641000.0,2026-03-01,2,204000,149000,15000,20000,7000,66000,1,1,5,8,2,0,0,0,0,0,0,0
7829,1900,Rosario,916000.0,2025-09-26,8,15000,8000,4000,7000,6000,25000,1,1,2,2,5,0,0,0,0,0,1,0
5631,1991,CABA,1244175.0,2025-05-02,27,202000,197000,42000,55000,47000,149000,1,4,5,8,4,0,0,0,0,0,0,0
2036,1973,GBA,1447650.0,2025-06-11,25,243000,119000,3000,10000,11000,15000,3,2,4,8,4,0,0,0,0,0,0,0
1386,1967,CABA,811850.0,2026-05-11,35,10000,1000,0,0,0,0,1,0,1,2,7,0,0,0,0,0,0,0
3536,1960,CABA,493500.0,2025-03-24,89,7000,3000,4000,10000,11000,20000,2,1,1,3,5,0,0,0,0,0,0,0
3711,1944,Córdoba,2004600.0,2026-03-01,5,1035000,670000,38000,25000,134000,0,1,3,6,10,3,1,0,0,0,1,0,0
4331,1978,Córdoba,2143450.0,2026-01-23,26,913000,376000,26000,17000,26000,13000,1,6,3,11,1,0,0,0,1,1,0,0
5386,1953,CABA,2359600.0,2025-03-04,29,1111000,790000,45000,160000,24000,172000,0,8,5,5,2,1,0,0,1,1,0,1
4240,1978,CABA,433625.0,2024-11-03,97,4000,16000,0,17000,9000,12000,2,1,2,2,8,0,0,0,0,0,0,0
3068,1990,CABA,458775.0,2025-10-29,92,1000,9000,14000,0,12000,7000,1,0,2,3,7,0,0,0,0,0,0,0
5454,1979,Córdoba,1126425.0,2025-12-01,69,37000,7000,0,3000,0,3000,1,0,2,3,5,0,0,0,0,0,0,0
2724,1981,Córdoba,903575.0,2026-03-30,73,12000,1000,0,0,0,6000,1,1,0,2,3,0,0,0,0,0,0,0
8420,1970,Rosario,382875.0,2025-08-03,78,7000,13000,8000,15000,4000,17000,2,0,2,4,5,0,0,0,0,0,0,0
9967,1974,CABA,1325850.0,2025-05-30,30,160000,196000,11000,15000,15000,50000,8,1,6,7,8,0,0,0,0,0,0,0
7872,1975,GBA,2170900.0,2024-09-12,1,179000,273000,21000,0,21000,63000,1,10,6,6,5,1,0,1,0,1,0,1
8235,1956,Córdoba,1731125.0,2026-01-24,20,428000,214000,30000,80000,30000,61000,2,5,6,10,3,0,0,0,0,0,0,0
7196,1950,GBA,1028625.0,2026-02-08,90,9000,3000,0,0,0,1000,1,0,0,3,3,0,0,0,0,0,0,0
7284,1953,CABA,1217150.0,2025-12-04,18,10000,7000,0,2000,0,1000,1,0,1,2,8,0,0,0,0,0,0,0
9727,1957,CABA,588475.0,2026-02-28,36,4000,11000,1000,16000,24000,25000,1,0,2,4,6,0,0,0,0,0,0,0
8957,1952,Rosario,1620775.0,2025-06-10,9,480000,249000,86000,75000,86000,144000,8,3,6,5,6,0,0,0,0,0,0,0
7349,1973,Rosario,243050.0,2024-10-02,14,6000,16000,16000,6000,17000,42000,4,1,3,3,8,0,0,0,0,0,0,1
1349,1970,CABA,1261175.0,2026-04-21,80,85000,24000,3000,2000,7000,27000,1,1,3,3,6,0,0,0,0,0,0,0
4992,1975,Córdoba,436475.0,2025-09-19,65,6000,16000,10000,3000,4000,30000,3,1,3,2,7,0,0,0,0,0,0,1
5043,1951,Rosario,674925.0,2024-11-05,15,7000,78000,49000,133000,23000,144000,2,2,4,5,7,0,0,0,0,0,0,0
498,1970,CABA,750375.0,2026-02-02,77,25000,22000,3000,2000,0,5000,2,0,1,4,5,0,0,0,0,0,0,0
6950,1958,Córdoba,1239300.0,2025-12-15,59,35000,16000,1000,0,1000,1000,2,0,2,3,7,0,0,0,0,0,0,0
905,1986,CABA,546150.0,2025-10-22,85,7000,18000,10000,6000,17000,26000,4,0,4,3,8,0,0,0,0,0,0,0
5636,1963,CABA,774575.0,2024-11-09,96,51000,50000,1000,12000,4000,49000,1,0,4,3,8,0,0,0,0,0,0,1
692,1954,CABA,920175.0,2024-12-20,28,4000,5000,0,0,2000,5000,1,0,1,2,6,0,0,0,0,0,0,0
11088,1971,GBA,1966050.0,2025-04-21,1,1396000,322000,35000,46000,0,17000,1,9,4,4,6,0,0,0,0,0,0,0
6024,1953,CABA,2359600.0,2025-03-04,7,1111000,790000,45000,160000,24000,172000,0,8,5,5,2,1,0,0,1,1,0,1
8182,1984,CABA,580700.0,2026-01-05,76,53000,49000,4000,7000,3000,5000,4,0,3,4,8,0,0,0,0,0,0,0
5740,1970,Rosario,648975.0,2025-02-14,94,4000,12000,5000,7000,2000,26000,2,2,1,2,6,0,0,0,0,0,0,1
437,1976,Córdoba,1875300.0,2026-01-25,24,294000,218000,58000,164000,142000,151000,1,8,3,11,1,0,0,0,0,0,0,0
922,1979,Rosario,777150.0,2025-05-04,4,16000,11000,0,3000,2000,16000,2,1,1,2,8,0,0,1,0,0,0,0
2853,1980,CABA,1294150.0,2026-03-11,90,60000,87000,20000,6000,51000,51000,2,2,4,4,5,0,0,0,0,0,0,0
749,1981,CABA,1054050.0,2025-11-19,33,46000,59000,4000,2000,7000,27000,2,1,3,3,6,0,0,1,0,0,0,1
9209,1971,Córdoba,2014325.0,2024-10-14,20,829000,430000,92000,60000,138000,15000,1,6,4,13,2,0,0,0,0,0,0,0
7411,1964,GBA,792150.0,2026-06-05,74,11000,5000,0,0,0,1000,2,0,1,3,6,0,0,0,0,0,0,0
4037,1976,CABA,796475.0,2025-06-14,87,3000,3000,-15000,8000,1000,5000,1,0,1,2,7,0,0,0,0,0,0,0
7573,1978,GBA,790650.0,2025-05-10,32,39000,9000,1000,2000,1000,34000,1,1,2,2,7,0,0,1,0,0,0,1
8910,1955,CABA,1064650.0,2024-10-29,79,194000,56000,0,0,2000,0,5,1,4,6,8,0,0,0,0,0,0,1
2227,1958,Rosario,662250.0,2024-09-22,29,45000,52000,20000,21000,47000,25000,2,1,3,5,6,0,0,0,0,0,0,0
2256,1973,Córdoba,678975.0,2026-03-29,15,17000,3000,0,0,0,1000,2,0,1,3,6,0,0,0,0,0,0,0
6263,1968,CABA,883050.0,2024-08-22,7,28000,37000,7000,12000,9000,13000,3,0,2,4,8,0,0,0,0,0,0,0
6203,1947,CABA,1862125.0,2025-08-24,11,499000,815000,49000,173000,149000,49000,1,7,6,12,3,0,0,0,0,0,0,0
4741,1974,Rosario,1636575.0,2026-01-30,10,391000,70000,32000,21000,32000,16000,2,2,6,9,5,0,0,0,1,0,0,0
455,1946,GBA,1275300.0,2025-04-18,74,102000,63000,9000,2000,9000,24000,1,1,4,4,6,0,0,0,0,0,0,0
10595,1990,CABA,752325.0,2025-07-08,85,2000,28000,4000,13000,6000,16000,1,0,2,3,7,0,0,0,0,0,0,0
6720,1968,Córdoba,1094875.0,2025-10-16,8,314000,53000,3000,4000,11000,107000,3,3,7,4,7,0,0,0,1,0,0,1
7476,1964,Córdoba,1599300.0,2024-12-02,10,928000,254000,12000,0,63000,12000,4,4,5,10,4,0,0,0,1,0,0,0
1915,1951,GBA,1973475.0,2025-12-12,14,794000,243000,0,150000,115000,205000,1,5,8,6,3,0,0,0,0,0,0,0
2150,1958,GBA,2024875.0,2025-05-11,18,860000,409000,56000,73000,28000,56000,1,9,8,4,4,0,0,0,0,0,0,0
3559,1988,Rosario,406200.0,2026-05-10,63,12000,10000,12000,3000,11000,9000,3,1,2,3,6,0,0,0,0,0,0,0
10722,1973,CABA,1389825.0,2025-08-21,25,293000,124000,4000,11000,8000,106000,2,6,6,3,6,0,0,1,0,0,0,0
9860,1959,CABA,1122775.0,2025-03-15,59,159000,22000,1000,2000,0,31000,3,1,4,4,7,0,0,0,0,0,0,0
8581,1971,Córdoba,1237625.0,2025-03-05,3,604000,100000,0,19000,0,28000,9,2,10,8,8,0,0,0,0,0,0,0
9971,1964,GBA,1638150.0,2026-04-11,4,397000,69000,0,12000,19000,9000,1,4,4,8,2,0,0,0,0,0,0,0
5756,1983,CABA,986325.0,2026-04-03,95,46000,7000,0,0,0,2000,2,0,2,3,6,0,0,0,0,0,0,0
9984,1981,Rosario,1408425.0,2025-03-27,17,349000,144000,5000,28000,16000,182000,5,5,8,4,8,1,0,1,0,0,0,1
10669,1981,CABA,1359650.0,2025-05-17,26,277000,64000,21000,62000,21000,25000,2,2,3,10,3,0,0,0,0,0,0,0
6872,1974,GBA,1633800.0,2025-08-21,9,284000,84000,7000,4000,3000,23000,2,2,4,8,4,0,0,0,0,0,0,0
8181,1978,Rosario,964825.0,2025-09-13,89,51000,49000,24000,17000,12000,24000,3,1,4,3,8,0,0,0,0,0,0,0
3515,1952,CABA,1557675.0,2026-02-17,89,87000,34000,6000,10000,13000,10000,1,0,4,4,5,0,0,0,0,0,0,0
5283,1976,GBA,1061825.0,2026-02-17,81,93000,21000,4000,0,1000,25000,3,1,2,4,5,0,0,0,0,0,0,0
7828,1981,Córdoba,1947050.0,2026-04-30,1,68000,396000,22000,188000,129000,15000,1,3,3,5,1,0,0,0,0,0,0,0
4279,1963,Rosario,988700.0,2026-03-31,8,15000,10000,4000,3000,4000,18000,2,1,1,3,3,0,0,0,0,0,0,0
4470,1962,Córdoba,1466150.0,2025-06-10,16,62000,44000,5000,6000,1000,22000,1,1,2,4,4,0,0,0,0,0,0,0
10634,1951,Córdoba,1485300.0,2026-04-19,16,90000,165000,43000,30000,67000,11000,1,2,4,8,3,0,0,0,0,0,0,0
7254,1969,CABA,959025.0,2025-12-27,84,39000,56000,8000,20000,0,14000,3,1,3,3,7,0,0,0,0,0,0,0
8310,1964,CABA,1703550.0,2024-08-29,2,897000,196000,112000,91000,126000,37000,3,4,10,7,6,0,0,0,0,0,0,0
5252,1969,CABA,597750.0,2024-10-26,84,16000,18000,1000,7000,12000,13000,1,0,2,3,7,0,0,0,0,0,0,0
4459,1989,CABA,756975.0,2024-12-30,78,10000,14000,4000,4000,4000,1000,1,0,1,3,8,0,0,0,0,0,0,0
1921,1967,GBA,1476550.0,2025-10-03,74,46000,12000,0,3000,1000,9000,2,0,2,3,4,0,0,0,0,0,0,0
7290,1985,CABA,1764900.0,2024-10-05,7,347000,534000,0,17000,44000,26000,1,5,3,12,2,0,0,0,0,0,0,0
9847,1955,Rosario,1574300.0,2024-08-03,25,313000,47000,0,20000,15000,192000,2,4,7,3,6,0,0,0,0,0,0,0
7441,1973,CABA,1778200.0,2024-10-06,25,958000,447000,0,20000,159000,31000,3,10,2,12,7,0,0,0,0,0,0,0
257,1959,GBA,1875800.0,2025-04-28,8,952000,180000,12000,47000,12000,12000,2,4,5,9,3,0,0,0,0,0,0,0
1618,1965,CABA,1401150.0,2025-01-02,29,577000,64000,0,0,0,51000,2,1,10,8,8,0,0,1,0,0,0,1
9140,1960,Rosario,1263075.0,2025-12-25,7,51000,24000,7000,4000,4000,1000,2,0,2,4,6,0,0,0,0,0,0,0
7250,1978,CABA,1446675.0,2025-10-01,27,344000,178000,23000,15000,35000,17000,7,2,7,9,6,0,0,0,0,0,0,0
1772,1975,GBA,1979350.0,2025-01-11,23,1074000,518000,92000,193000,37000,129000,1,6,5,7,2,1,0,0,0,1,0,1
7119,1982,CABA,1715675.0,2025-01-12,21,395000,263000,54000,60000,15000,38000,1,3,2,6,1,0,0,0,0,0,0,0
9308,1954,CABA,1570500.0,2025-05-11,30,398000,265000,61000,138000,61000,53000,1,4,3,6,1,0,0,0,0,0,0,0
7960,1962,Rosario,2053050.0,2025-08-15,2,734000,350000,25000,151000,22000,100000,1,9,3,13,1,0,0,0,0,1,0,0
7011,1973,CABA,836775.0,2024-10-12,82,43000,27000,9000,0,2000,12000,3,0,3,4,7,0,0,0,0,0,0,0
4785,1970,GBA,1940550.0,2026-04-14,30,520000,154000,0,19000,7000,14000,2,3,6,11,3,0,0,0,0,0,0,0
4749,1968,CABA,1463850.0,2024-09-26,21,368000,68000,0,38000,24000,88000,6,2,8,6,7,0,0,0,0,0,0,0
10925,1983,CABA,1915750.0,2026-01-14,20,255000,446000,56000,40000,31000,175000,1,10,3,11,1,0,0,0,0,0,0,0
5628,1982,CABA,1535400.0,2025-02-08,16,848000,323000,61000,201000,154000,78000,1,3,10,10,6,0,0,1,0,0,0,0
5975,1967,GBA,1007600.0,2025-09-30,38,37000,17000,0,0,0,3000,1,0,2,3,7,0,0,0,0,0,0,0
3107,1976,CABA,1783050.0,2026-05-02,18,121000,124000,15000,24000,24000,42000,1,1,4,7,2,0,0,0,0,0,0,0
10146,1972,GBA,972175.0,2026-03-02,9,25000,13000,0,0,1000,3000,1,0,1,3,7,0,0,0,0,0,0,0
10395,1986,Rosario,223500.0,2024-08-22,95,1000,3000,6000,4000,45000,42000,3,1,3,3,8,0,0,0,0,0,0,0
7270,1981,CABA,1424525.0,2026-01-25,25,908000,217000,12000,32000,48000,24000,1,3,2,13,6,0,0,0,1,0,0,0
1920,1972,CABA,1008025.0,2025-07-29,33,44000,21000,0,6000,4000,27000,2,0,3,3,7,0,0,0,0,0,0,0
2926,1952,Córdoba,1398775.0,2024-08-23,27,1241000,80000,13000,0,0,40000,3,6,3,11,8,0,1,0,1,0,0,0
2202,1978,CABA,1028850.0,2025-04-09,85,44000,11000,3000,2000,2000,7000,1,0,1,4,5,0,0,0,0,0,0,0
4290,1972,CABA,761675.0,2026-03-19,21,1000,8000,5000,2000,3000,5000,1,0,1,2,7,0,0,0,0,0,0,0
10686,1965,GBA,855750.0,2024-12-26,29,15000,4000,0,0,0,2000,1,0,1,2,7,0,0,0,0,0,0,0
3896,1984,CABA,681375.0,2025-11-07,15,22000,11000,1000,0,1000,2000,1,0,1,3,7,0,0,0,0,0,0,0
5331,1977,CABA,1874625.0,2024-09-11,5,587000,898000,0,247000,51000,86000,1,6,3,7,2,0,0,0,0,0,0,0
9743,1955,CABA,1924950.0,2025-01-11,6,1449000,161000,35000,69000,89000,107000,2,8,11,8,6,0,0,0,0,1,0,0
10909,1948,CABA,2308600.0,2026-01-15,19,992000,694000,19000,51000,24000,119000,0,10,5,5,1,0,0,1,0,1,0,0
2849,1979,CABA,1511850.0,2025-04-01,11,265000,303000,9000,234000,199000,170000,7,2,10,12,7,0,0,0,0,0,0,0
340,1970,CABA,1824175.0,2024-12-15,32,158000,179000,0,0,35000,125000,2,2,7,8,5,0,0,1,0,0,0,1
3032,1984,CABA,614250.0,2025-02-27,22,28000,62000,14000,11000,34000,44000,3,0,4,4,9,0,0,0,0,0,0,0
10846,1978,Córdoba,1094575.0,2026-05-29,20,327000,125000,4000,25000,9000,139000,6,1,7,8,7,0,0,1,0,0,0,0
10240,1949,CABA,1734300.0,2025-02-19,25,997000,269000,13000,34000,26000,42000,1,4,10,6,4,0,0,0,1,1,0,1
697,1969,CABA,1872950.0,2025-03-12,32,972000,913000,19000,25000,59000,59000,1,9,5,6,3,0,0,0,0,1,0,0
4271,1989,Rosario,967075.0,2024-10-04,21,46000,69000,41000,84000,35000,66000,6,1,4,6,7,0,0,0,0,0,0,0
247,1971,CABA,917875.0,2024-11-17,29,172000,125000,13000,21000,10000,16000,6,2,7,4,9,0,0,0,0,0,0,1
6292,1986,GBA,2058325.0,2025-03-30,32,1311000,359000,89000,46000,0,17000,1,3,4,10,2,0,0,0,0,1,0,1
6205,1967,Córdoba,813925.0,2026-02-24,86,34000,29000,4000,0,3000,10000,3,1,2,3,5,0,0,0,0,0,0,1
851,1972,Córdoba,1428400.0,2025-07-09,31,306000,109000,109000,21000,5000,92000,9,2,5,10,6,0,0,0,0,0,0,0
4587,1944,Córdoba,1125150.0,2025-07-18,70,162000,53000,0,16000,25000,10000,1,1,3,7,3,0,0,0,0,0,0,0
7000,1972,Rosario,1642600.0,2025-10-13,11,279000,74000,8000,38000,172000,246000,1,10,2,10,1,0,0,0,0,0,0,0
738,1981,Rosario,1059875.0,2026-04-04,76,48000,57000,15000,24000,13000,25000,4,1,3,4,7,0,0,0,0,0,0,0
8397,1951,CABA,1117225.0,2026-01-10,92,18000,5000,0,0,0,11000,2,1,1,2,7,0,0,1,0,0,0,0
1,1961,CABA,1427275.0,2026-06-15,11,464000,64000,0,7000,5000,37000,1,3,7,7,5,0,1,0,0,0,0,1
9477,1954,GBA,1633100.0,2026-01-11,5,384000,102000,32000,21000,0,5000,3,2,6,9,4,0,0,0,0,0,0,0
7037,1974,GBA,927175.0,2025-08-11,20,194000,134000,0,15000,55000,3000,3,2,4,8,6,0,0,0,0,0,0,0
1553,1946,CABA,2066425.0,2025-09-27,3,966000,672000,105000,246000,168000,126000,1,5,7,10,4,1,0,0,1,0,0,0
5866,1974,CABA,1204650.0,2026-03-20,77,97000,66000,7000,12000,3000,34000,3,1,4,4,7,0,0,0,0,0,0,0
8897,1965,CABA,1068000.0,2025-04-24,23,392000,91000,26000,28000,5000,112000,8,3,7,7,8,0,0,0,0,0,0,1
10156,1975,CABA,2104900.0,2025-06-03,1,215000,507000,31000,231000,63000,190000,1,4,8,7,3,0,0,0,0,0,0,0
4698,1983,GBA,1253750.0,2025-06-20,24,135000,92000,61000,65000,46000,11000,2,2,5,7,5,0,0,0,0,0,0,0
4973,1970,CABA,514675.0,2026-05-11,30,2000,6000,1000,4000,3000,9000,1,1,1,2,7,0,0,0,0,0,0,0
8212,1971,Córdoba,994775.0,2025-03-28,79,85000,27000,13000,13000,15000,21000,2,1,3,4,7,0,0,0,0,0,0,0
9736,1980,CABA,1046250.0,2024-12-24,89,53000,19000,13000,2000,5000,4000,3,0,3,3,8,0,0,0,0,0,0,0
8427,1956,Córdoba,1621425.0,2024-11-23,20,556000,717000,0,210000,14000,43000,1,5,7,10,4,0,0,0,0,0,0,0
1081,1957,GBA,1882075.0,2025-03-27,16,733000,180000,19000,12000,9000,66000,11,3,6,5,4,0,0,0,0,0,0,0
11110,1973,CABA,87550.0,2025-04-13,20,2000,1000,0,0,1000,1000,0,0,0,0,14,0,0,0,0,0,0,0
3426,1975,CABA,1757500.0,2025-07-15,24,1045000,338000,46000,60000,61000,46000,3,5,5,13,8,0,0,0,0,0,0,0
6528,1982,Córdoba,462300.0,2026-06-05,10,2000,2000,1000,2000,2000,1000,1,0,1,2,8,0,0,0,0,0,0,0
8402,1953,Córdoba,1677175.0,2025-12-17,13,329000,222000,35000,130000,35000,43000,2,5,7,8,4,0,0,0,0,0,0,0
6376,1979,CABA,1438425.0,2025-06-10,6,191000,139000,8000,51000,56000,100000,4,3,4,8,4,0,0,0,0,0,0,0
10033,1973,Rosario,779075.0,2026-02-13,98,2000,10000,2000,11000,3000,10000,1,0,1,3,6,0,0,0,0,0,0,0
2975,1976,CABA,2140150.0,2024-11-12,25,717000,864000,30000,219000,42000,84000,2,7,6,9,3,1,0,0,0,0,0,0
231,1956,Córdoba,720975.0,2026-03-11,37,24000,7000,0,0,0,1000,2,0,2,3,5,0,0,0,0,0,0,0
938,1981,CABA,1005275.0,2025-07-30,61,51000,7000,1000,2000,1000,25000,2,1,2,2,8,0,0,1,0,0,0,0
9467,1984,CABA,868450.0,2026-05-11,14,3000,10000,0,3000,2000,2000,1,0,1,3,6,0,0,0,0,0,0,0
10704,1969,CABA,1370075.0,2024-08-21,32,404000,92000,27000,28000,0,142000,2,2,6,9,4,0,0,0,0,0,0,0
1726,1970,CABA,564625.0,2025-03-18,58,3000,15000,2000,13000,9000,39000,1,1,1,2,9,0,0,1,0,0,0,1
7919,1976,GBA,1808375.0,2024-08-13,14,1285000,653000,21000,28000,105000,0,1,4,10,8,8,0,0,0,0,0,0,1
17,1971,GBA,1512275.0,2025-09-06,10,637000,237000,19000,12000,47000,76000,4,11,6,7,5,0,0,0,0,0,0,0
1777,1980,Rosario,649125.0,2024-09-07,30,2000,11000,7000,41000,2000,11000,1,0,2,3,8,0,0,0,0,0,0,0
2088,1972,CABA,2122650.0,2025-10-04,17,997000,414000,30000,99000,15000,76000,1,6,5,12,2,0,1,0,1,1,0,0
4483,1993,CABA,1808850.0,2025-04-17,8,315000,473000,12000,220000,26000,182000,1,10,2,6,1,0,0,0,0,0,0,0
2557,1970,Córdoba,738700.0,2025-08-29,18,7000,6000,1000,3000,1000,11000,1,1,1,2,4,0,0,1,0,0,0,0
5077,1979,CABA,1932450.0,2025-11-02,10,425000,292000,35000,23000,115000,79000,1,6,6,11,3,0,0,0,0,0,0,0
5692,1989,Rosario,636075.0,2024-12-22,20,1000,3000,9000,8000,4000,7000,1,0,1,3,8,0,0,0,0,0,0,0
2452,1971,CABA,865000.0,2025-01-01,92,199000,60000,3000,8000,33000,15000,5,2,5,5,8,0,0,0,0,0,0,1
6988,1986,CABA,1798800.0,2025-01-10,24,656000,455000,107000,52000,80000,93000,2,4,8,8,4,0,0,1,0,1,0,0
7101,1963,GBA,1306950.0,2025-01-25,2,953000,71000,0,0,0,174000,6,5,10,10,8,0,0,0,0,0,0,0
7485,1950,GBA,1413775.0,2026-05-07,18,67000,32000,2000,17000,4000,16000,3,1,2,4,4,0,0,0,0,0,0,0
6969,1982,CABA,1256800.0,2025-08-07,25,99000,66000,8000,43000,13000,4000,3,1,4,5,7,0,0,0,0,0,0,0
7409,1970,CABA,1329675.0,2025-10-26,86,211000,30000,7000,7000,2000,10000,2,1,4,6,5,0,0,0,0,0,0,0
1545,1986,CABA,962700.0,2025-08-02,1,120000,206000,19000,25000,19000,54000,6,2,7,5,8,0,0,0,0,0,0,0
4120,1975,Rosario,1237850.0,2025-12-17,18,88000,78000,13000,58000,39000,93000,2,1,6,4,7,0,0,0,0,0,0,0
10381,1979,CABA,1192275.0,2025-07-05,91,14000,3000,0,0,0,4000,1,0,1,2,6,0,0,0,0,0,0,0
1340,1986,CABA,2322750.0,2026-04-24,33,551000,792000,103000,179000,137000,33000,1,7,6,13,1,1,0,0,1,1,0,0
4764,1952,Córdoba,1011050.0,2024-08-19,36,45000,52000,22000,25000,12000,13000,4,1,3,4,7,0,0,0,0,0,0,1
5294,1989,CABA,458950.0,2025-11-20,91,6000,19000,4000,16000,8000,4000,3,0,3,4,7,0,0,0,0,0,0,0
2156,1955,GBA,563850.0,2024-11-03,27,27000,10000,0,0,0,4000,4,0,2,4,5,0,0,0,0,0,0,0
2109,1990,CABA,2421075.0,2025-04-23,16,448000,951000,17000,40000,71000,17000,1,11,6,10,2,0,0,0,0,1,0,1
3220,1983,CABA,998050.0,2025-02-14,34,29000,59000,1000,19000,12000,36000,2,0,3,4,8,0,0,0,0,0,0,0
7215,1983,CABA,2549250.0,2025-03-12,26,722000,102000,72000,44000,27000,168000,0,8,6,13,2,1,0,0,1,1,0,1
6613,1970,Córdoba,1112775.0,2024-10-12,23,513000,133000,14000,46000,7000,14000,6,4,8,8,8,0,0,0,0,0,0,0
2656,1971,CABA,1021275.0,2025-02-21,64,23000,7000,4000,0,1000,24000,1,1,1,2,7,0,0,0,0,0,0,0
7527,1968,Córdoba,593700.0,2024-11-21,25,6000,29000,15000,12000,6000,8000,3,1,2,3,8,0,0,0,0,0,0,0
8439,1964,CABA,1585100.0,2026-06-06,10,734000,70000,44000,11000,26000,17000,2,3,6,4,4,1,0,0,0,0,0,0
2261,1969,CABA,657600.0,2025-06-23,5,4000,5000,0,2000,1000,4000,1,0,1,2,7,0,0,0,0,0,0,0
10413,1984,CABA,1814250.0,2026-04-25,19,274000,216000,141000,151000,83000,224000,1,6,4,12,1,0,0,0,0,0,0,0
6927,1968,GBA,1109425.0,2024-10-05,32,224000,30000,0,0,0,10000,8,1,5,5,8,0,0,0,0,0,0,0
10629,1973,Rosario,,2024-09-14,22,25000,43000,4000,17000,3000,17000,3,0,3,3,8,0,0,0,0,0,0,0
11039,1975,CABA,1298700.0,2025-09-17,28,82000,54000,30000,71000,33000,41000,2,2,5,4,5,0,0,0,0,0,0,0
10466,1965,CABA,1109825.0,2025-08-22,84,24000,20000,2000,2000,2000,10000,2,0,1,4,4,0,0,0,0,0,0,0
1631,1965,GBA,1630500.0,2024-09-03,19,890000,292000,25000,0,63000,12000,4,4,8,7,6,0,0,0,0,0,0,1
5278,1964,CABA,2055600.0,2026-01-25,8,307000,360000,31000,138000,26000,40000,1,9,6,5,3,1,0,0,0,0,0,0
9973,1963,CABA,1260925.0,2024-10-17,5,370000,92000,9000,6000,9000,4000,3,1,7,8,7,0,0,0,0,0,0,0
975,1956,CABA,1356300.0,2025-05-28,63,178000,26000,4000,8000,4000,44000,5,1,4,5,6,0,0,0,0,0,0,0
5181,1982,Rosario,609175.0,2025-03-20,72,2000,2000,11000,0,4000,5000,1,0,1,2,9,0,0,0,0,0,0,0
8233,1950,Córdoba,1621650.0,2026-01-26,27,508000,21000,5000,7000,5000,10000,4,3,7,7,5,0,0,0,1,0,0,0
5147,1948,CABA,2271050.0,2025-07-29,9,774000,118000,187000,182000,70000,93000,1,9,4,13,1,0,0,0,0,0,0,0
1170,1975,CABA,689325.0,2025-03-25,85,50000,110000,15000,39000,15000,15000,4,1,5,4,8,0,0,0,0,0,0,0
5721,1956,GBA,2102925.0,2026-05-11,19,611000,749000,45000,59000,76000,26000,1,10,7,6,2,0,0,0,0,1,0,0
5610,1965,CABA,836400.0,2026-04-21,89,7000,10000,1000,8000,3000,7000,2,0,1,3,7,0,0,0,0,0,0,0
4967,1960,GBA,955025.0,2025-03-29,11,233000,23000,0,0,0,12000,4,1,5,5,8,0,0,0,0,0,0,0
10796,1984,Córdoba,761925.0,2026-01-22,34,47000,6000,0,0,1000,12000,1,1,1,3,6,0,0,0,0,0,0,0
955,1962,Córdoba,1179375.0,2024-10-28,93,167000,44000,2000,6000,2000,19000,7,2,4,4,8,0,0,1,0,0,0,1
1951,1981,Rosario,861125.0,2025-01-27,11,228000,122000,129000,208000,122000,30000,6,2,11,8,9,0,0,0,0,0,0,0
3979,1983,GBA,2267175.0,2025-05-22,19,982000,672000,34000,23000,17000,51000,1,2,6,8,2,0,0,0,0,1,0,1
2437,1989,CABA,,2025-06-03,1,861000,461000,30000,60000,138000,61000,1,5,6,12,3,1,0,0,1,0,0,0
6606,1969,Córdoba,1752275.0,2025-03-31,13,964000,137000,0,15000,34000,11000,2,2,5,10,8,0,0,0,1,0,0,0
4518,1979,CABA,2142325.0,2025-04-20,3,386000,183000,132000,185000,172000,111000,2,5,9,11,5,0,0,0,0,0,0,0
6543,1945,Córdoba,1571175.0,2025-01-15,33,521000,706000,76000,80000,168000,61000,1,6,3,4,2,0,0,0,0,0,0,0
10826,1959,CABA,467250.0,2024-12-28,79,6000,7000,4000,23000,1000,19000,1,1,1,2,8,0,0,0,0,0,0,0
3657,1986,CABA,978650.0,2025-02-14,23,94000,33000,12000,13000,1000,12000,3,0,4,4,8,0,0,0,0,0,0,0
10676,1982,CABA,1580275.0,2024-11-02,7,145000,459000,26000,205000,193000,145000,2,8,3,7,2,0,0,0,0,0,0,1
1859,1972,Córdoba,1881275.0,2024-08-27,2,721000,925000,18000,97000,111000,18000,1,6,7,5,5,0,0,0,0,0,0,1
2173,1952,CABA,1001225.0,2025-10-16,99,13000,7000,3000,0,6000,3000,1,0,1,3,6,0,0,0,0,0,0,0
89,1975,Rosario,555300.0,2025-12-09,76,5000,20000,8000,6000,9000,21000,2,0,2,4,6,0,0,0,0,0,0,0
4971,1962,GBA,787425.0,2024-12-06,70,108000,28000,1000,13000,1000,4000,2,1,3,4,8,0,0,0,0,0,0,0
3421,1968,Córdoba,1596025.0,2025-04-21,13,635000,100000,7000,20000,15000,131000,1,3,9,9,6,0,0,0,0,0,0,0
4426,1975,CABA,1395025.0,2025-09-22,9,367000,51000,4000,6000,4000,95000,6,2,7,6,7,1,0,0,0,0,0,0
6905,1994,CABA,2017125.0,2024-08-22,22,241000,604000,26000,34000,45000,54000,1,4,6,10,2,0,0,0,0,0,0,0
1045,1965,CABA,1302925.0,2024-08-16,10,112000,107000,0,30000,10000,20000,2,2,5,4,7,0,0,0,0,0,0,0
2918,1981,CABA,712750.0,2025-04-13,57,44000,19000,4000,0,5000,19000,3,0,2,4,5,0,0,0,0,0,0,0
9097,1956,CABA,1152150.0,2025-11-03,72,244000,32000,2000,7000,8000,50000,4,1,3,8,4,0,0,0,0,0,0,0
10314,1948,GBA,2095925.0,2024-12-16,24,847000,119000,89000,86000,66000,111000,1,10,9,5,4,1,0,0,1,0,0,1
9405,1954,GBA,1321725.0,2024-10-15,91,84000,61000,1000,2000,3000,21000,3,1,3,4,7,0,0,0,0,0,0,1
6261,1979,CABA,1450625.0,2025-11-26,11,270000,88000,48000,11000,31000,22000,3,2,3,10,4,0,0,0,0,0,0,0
10299,1969,GBA,1206000.0,2024-11-09,11,389000,248000,49000,64000,91000,41000,3,3,6,13,5,0,0,0,0,0,0,1
2565,1955,Córdoba,1765950.0,2025-06-01,23,1016000,215000,12000,16000,12000,63000,1,5,4,10,3,0,0,0,1,0,0,0
2920,1975,GBA,1315350.0,2024-12-01,25,789000,142000,9000,12000,0,38000,2,4,2,8,8,0,0,0,0,0,0,0
5474,1970,CABA,1075500.0,2025-11-30,23,45000,99000,25000,4000,7000,43000,3,1,4,4,6,0,0,0,0,0,0,0
2807,1969,CABA,1419900.0,2025-02-16,9,656000,161000,47000,62000,38000,37000,3,9,8,7,7,0,0,0,0,0,0,0
4070,1969,GBA,2371775.0,2024-09-01,25,169000,553000,0,188000,24000,144000,1,5,8,4,7,0,0,0,1,1,0,1
9606,1965,GBA,1749225.0,2025-08-27,32,882000,514000,29000,38000,29000,44000,1,2,4,6,3,1,0,0,0,1,0,1
1092,1980,CABA,1525350.0,2024-08-11,14,269000,495000,43000,182000,129000,29000,4,3,9,4,7,0,0,0,0,0,0,0
368,1974,CABA,1001225.0,2024-11-29,70,91000,52000,44000,10000,65000,28000,3,2,3,6,5,0,0,0,0,0,0,0
2952,1977,Córdoba,906825.0,2026-04-16,38,29000,30000,2000,3000,3000,9000,2,0,3,3,6,0,0,0,0,0,0,0
7233,1972,CABA,1730225.0,2024-09-17,11,496000,849000,48000,229000,32000,128000,2,3,5,6,4,1,0,0,0,0,0,0
4769,1977,Córdoba,1448850.0,2026-06-18,28,456000,24000,0,0,4000,9000,7,2,8,6,7,0,0,0,1,0,0,0
1406,1975,CABA,1330025.0,2025-02-12,33,280000,81000,0,20000,7000,27000,8,3,6,5,7,0,0,0,0,0,0,0
7042,1983,CABA,919750.0,2025-03-01,24,3000,14000,21000,15000,3000,10000,1,1,2,2,9,0,0,0,0,0,0,1
10664,1949,Córdoba,1288225.0,2025-09-07,23,400000,35000,0,6000,4000,22000,2,1,9,5,8,0,0,0,0,0,0,0
9780,1971,Córdoba,1787475.0,2025-06-25,12,465000,132000,0,136000,25000,37000,2,3,8,13,4,0,0,0,0,0,0,0
3867,1947,GBA,1826475.0,2025-08-31,23,410000,420000,82000,0,112000,71000,1,3,9,13,4,0,0,0,0,0,0,0
1743,1974,CABA,1742975.0,2026-05-26,2,273000,208000,14000,177000,86000,43000,1,3,2,5,1,0,0,0,0,0,0,0
615,1960,CABA,762675.0,2025-03-11,58,65000,74000,20000,38000,36000,110000,1,1,5,4,7,0,0,0,0,0,0,0
4547,1960,CABA,341800.0,2025-04-17,28,6000,9000,1000,2000,2000,5000,2,0,1,3,8,0,0,0,0,0,0,0
9797,1956,CABA,1452900.0,2026-04-13,18,228000,130000,11000,4000,19000,51000,2,3,3,8,2,0,0,0,0,0,0,0
5062,1963,GBA,1351800.0,2025-07-27,30,35000,4000,0,0,0,0,1,0,2,2,8,0,0,0,0,0,0,0
7414,1971,CABA,1095600.0,2024-09-15,33,96000,42000,3000,12000,1000,32000,4,1,3,4,8,0,0,0,0,0,0,0
3870,1978,Rosario,1596375.0,2025-02-09,5,359000,314000,116000,93000,35000,89000,1,3,7,13,4,0,0,0,0,0,0,0
4345,1964,Rosario,,2026-01-12,10,5000,9000,0,2000,1000,4000,1,0,1,2,7,0,0,0,0,0,0,0
5723,1976,GBA,1229675.0,2026-01-11,96,81000,31000,1000,2000,1000,0,1,1,1,5,2,0,0,0,0,0,0,0
7627,1975,Córdoba,2304075.0,2024-12-12,19,817000,797000,163000,106000,183000,20000,0,11,5,5,2,1,0,0,0,1,0,1
5423,1983,CABA,708975.0,2025-10-27,59,6000,5000,1000,2000,0,2000,1,0,1,2,7,0,0,0,0,0,0,0
6825,1953,CABA,1036300.0,2025-03-06,76,13000,3000,0,0,0,0,1,0,1,2,7,0,0,0,0,0,0,0
1403,1975,Rosario,874600.0,2024-09-06,71,8000,15000,5000,3000,4000,3000,2,0,1,3,7,0,0,0,0,0,0,0
9645,1968,CABA,1614750.0,2024-10-14,1,920000,168000,46000,36000,138000,30000,1,4,9,10,6,0,0,0,0,0,0,0
5063,1977,CABA,719225.0,2024-12-18,36,41000,129000,3000,10000,5000,3000,3,1,4,4,9,0,0,0,0,0,0,0
9029,1972,GBA,1752900.0,2025-01-26,31,707000,603000,58000,95000,44000,29000,1,8,2,12,1,0,0,0,0,0,0,0
6566,1954,GBA,1813750.0,2024-11-08,21,826000,317000,38000,50000,50000,38000,9,2,5,12,8,0,0,0,0,0,0,0
9289,1979,CABA,919525.0,2026-04-10,20,29000,17000,3000,0,1000,13000,1,1,2,2,8,0,0,0,0,0,0,1
6303,1986,GBA,2295500.0,2025-11-23,28,410000,747000,161000,76000,73000,30000,0,5,5,12,1,0,0,0,0,0,0,0
3916,1971,GBA,1231725.0,2024-08-15,13,639000,166000,8000,11000,8000,58000,3,3,7,12,7,0,0,0,0,0,0,0
7108,1965,Córdoba,1284750.0,2024-09-08,65,205000,47000,2000,23000,20000,56000,6,2,5,5,5,0,0,0,0,0,0,0
6488,1959,GBA,970725.0,2026-04-06,82,76000,7000,0,0,0,16000,1,2,3,2,5,0,0,0,0,0,0,0
8685,1977,CABA,1050350.0,2024-08-17,9,244000,108000,15000,4000,15000,50000,6,1,7,6,8,0,0,0,0,0,0,1
3602,1958,Córdoba,1285300.0,2025-12-31,10,140000,29000,5000,4000,3000,14000,2,2,3,4,4,0,0,0,0,0,0,0
4552,1991,CABA,1284325.0,2025-06-22,72,83000,101000,26000,64000,2000,117000,1,5,3,3,4,0,0,0,0,0,0,0
234,1979,CABA,382175.0,2024-10-10,86,1000,8000,3000,4000,2000,13000,2,1,1,2,7,0,0,1,0,0,0,1
9671,1968,CABA,487850.0,2026-01-26,16,14000,21000,1000,2000,3000,28000,4,1,3,2,8,0,0,1,0,0,0,1
6312,1959,CABA,1625775.0,2025-03-17,24,258000,291000,37000,84000,107000,86000,4,3,10,13,7,0,0,0,0,0,0,0
3710,1984,GBA,992100.0,2024-10-12,4,19000,35000,4000,6000,0,17000,2,1,2,2,7,0,0,0,0,0,1,1
3363,1974,Rosario,503250.0,2026-03-17,14,0,3000,6000,7000,6000,12000,1,0,1,3,8,0,0,0,0,0,0,0
3934,1966,CABA,1532150.0,2025-08-02,30,356000,107000,9000,19000,0,117000,2,1,7,8,5,0,0,0,0,0,0,0
8373,1979,Rosario,614850.0,2025-12-10,99,1000,6000,0,10000,3000,9000,1,0,1,3,5,0,0,0,0,0,0,0
5237,1950,GBA,1219175.0,2026-01-01,37,28000,21000,0,3000,1000,10000,3,1,2,3,5,0,0,0,0,0,0,0
7352,1957,CABA,1381675.0,2025-10-21,26,161000,136000,3000,32000,28000,45000,4,4,3,6,3,0,0,0,0,0,0,0
6679,1966,CABA,831975.0,2026-06-12,19,10000,3000,0,0,3000,0,1,0,0,3,3,0,0,0,0,0,0,0
11075,1978,CABA,1281675.0,2025-10-29,95,183000,64000,2000,7000,2000,12000,4,3,3,5,4,0,0,0,0,0,0,0
3850,1963,Rosario,372950.0,2024-12-07,22,3000,3000,4000,15000,3000,15000,1,0,1,3,6,0,0,0,0,0,0,0
7053,1966,GBA,1960500.0,2025-06-29,21,604000,674000,28000,91000,28000,28000,1,10,3,8,1,0,0,0,0,0,0,0
6742,1979,CABA,442200.0,2025-01-13,81,2000,1000,1000,3000,2000,2000,1,0,1,2,8,0,0,0,0,0,1,0
4368,1980,CABA,1196250.0,2025-12-03,85,42000,43000,12000,20000,7000,10000,1,0,3,4,6,0,0,0,0,0,0,0
9213,1970,CABA,797000.0,2024-10-31,84,4000,5000,0,2000,1000,3000,1,0,1,2,8,0,0,0,0,0,0,0
2181,1970,CABA,1765425.0,2025-06-23,4,353000,753000,46000,40000,61000,27000,1,3,3,7,2,0,0,0,0,0,0,0
10430,1973,CABA,2242350.0,2025-10-09,16,1126000,211000,28000,37000,28000,42000,3,3,4,4,5,1,0,0,1,1,0,0
8663,1974,CABA,999900.0,2026-05-22,22,11000,3000,0,0,0,1000,1,0,1,2,6,0,0,0,0,0,0,0
1968,1971,CABA,1142100.0,2025-12-02,15,5000,5000,0,10000,1000,7000,1,0,1,2,7,0,0,0,0,0,0,0
9336,1969,GBA,1554675.0,2026-03-22,16,512000,83000,0,0,0,41000,3,2,6,10,4,0,0,0,0,0,0,0
1650,1960,Córdoba,2046075.0,2025-04-22,18,779000,537000,69000,34000,86000,138000,1,9,5,12,3,0,0,0,0,0,0,0
221,1955,CABA,1218150.0,2025-04-27,99,138000,38000,0,4000,3000,59000,3,2,3,4,6,0,0,0,0,0,0,0
8601,1980,CABA,2000275.0,2025-04-29,29,421000,536000,178000,82000,76000,102000,2,6,8,5,4,0,0,0,0,0,0,0
6678,1989,CABA,798200.0,2026-03-28,66,33000,24000,2000,4000,4000,5000,2,0,3,4,7,0,0,0,0,0,0,0
146,1960,GBA,1901125.0,2025-11-15,18,760000,400000,93000,17000,53000,0,1,5,4,11,2,1,0,0,0,0,0,0
11003,1980,Rosario,628250.0,2025-10-02,71,2000,7000,18000,0,5000,18000,2,0,2,3,7,0,0,0,0,0,0,0
7972,1955,CABA,1822650.0,2025-09-17,20,400000,519000,75000,71000,32000,54000,1,4,3,9,1,0,0,0,0,0,0,0
347,1976,CABA,1019500.0,2024-09-08,13,229000,71000,3000,13000,27000,34000,4,1,7,5,9,0,0,0,0,0,0,0
5093,1974,GBA,637725.0,2024-09-18,29,40000,30000,7000,10000,3000,11000,3,0,3,3,9,0,0,0,0,0,0,1
3074,1984,GBA,1766075.0,2024-10-15,16,1218000,304000,143000,23000,107000,33000,1,8,5,4,6,0,0,0,0,0,0,1
3673,1971,CABA,1380975.0,2025-07-14,16,371000,238000,24000,23000,17000,106000,3,5,7,11,5,0,0,0,0,0,0,0
10350,1950,GBA,1360800.0,2025-05-09,17,33000,5000,0,0,0,0,1,0,1,3,4,0,0,0,0,0,0,0
1515,1975,Córdoba,854400.0,2026-01-22,11,11000,7000,2000,4000,2000,2000,1,0,1,3,3,0,0,0,0,0,0,0
10281,1970,CABA,1617825.0,2026-02-07,32,180000,241000,54000,13000,60000,54000,2,5,5,7,4,0,0,0,0,0,0,1
5562,1974,CABA,1502325.0,2025-06-26,2,502000,109000,6000,16000,12000,90000,2,2,7,10,6,0,0,0,0,0,0,0
2445,1974,GBA,711000.0,2025-07-07,98,38000,24000,0,0,1000,0,1,0,2,3,8,0,0,0,0,0,0,0
1016,1959,GBA,863850.0,2026-03-30,63,41000,6000,0,2000,1000,5000,2,0,2,3,6,0,0,0,0,0,0,0
4937,1973,Rosario,1152350.0,2026-06-10,30,12000,20000,2000,3000,2000,5000,1,0,1,3,7,0,0,0,0,0,0,0
6634,1979,Córdoba,836550.0,2025-08-07,74,22000,18000,0,0,3000,11000,1,0,2,3,7,0,0,0,0,0,0,0
6131,1980,Rosario,1770725.0,2025-12-01,25,141000,106000,19000,72000,70000,23000,2,2,4,8,3,0,0,0,0,0,0,0
2569,1987,CABA,433075.0,2024-10-10,77,3000,17000,1000,6000,14000,5000,1,0,1,3,8,0,0,0,0,0,0,0
8175,1992,CABA,873375.0,2025-06-21,65,34000,66000,10000,3000,4000,20000,1,1,2,4,7,0,0,0,0,0,0,0
8104,1951,GBA,1332800.0,2025-08-09,72,241000,12000,0,0,0,25000,1,1,5,5,7,0,0,0,0,0,0,0
7943,1975,GBA,916575.0,2026-04-25,66,18000,6000,3000,3000,0,5000,1,1,1,3,2,0,0,0,0,0,0,0
6382,1953,CABA,1219850.0,2026-06-26,26,25000,11000,0,3000,0,15000,1,0,1,3,4,0,0,0,0,0,0,0
10129,1966,CABA,2060675.0,2026-03-12,12,482000,509000,107000,104000,147000,107000,1,5,3,12,1,0,0,0,0,1,0,0
4943,1953,CABA,1762575.0,2024-09-30,4,1379000,216000,33000,0,33000,66000,1,4,2,9,6,0,0,0,1,1,0,0
5209,1954,CABA,1250050.0,2025-06-17,22,443000,71000,16000,21000,5000,82000,2,2,8,7,7,0,0,0,0,0,0,0
7325,1986,GBA,954925.0,2025-06-29,83,23000,11000,1000,2000,0,3000,1,0,1,3,5,0,0,0,0,0,0,0
2661,1964,CABA,467525.0,2025-06-04,93,12000,2000,6000,10000,4000,10000,4,0,2,4,5,0,0,0,0,0,0,0
3807,1955,CABA,1498125.0,2024-11-30,10,473000,176000,21000,19000,21000,56000,3,2,9,9,6,0,0,0,0,0,0,0
8414,1962,GBA,835475.0,2025-08-17,81,56000,12000,0,0,0,18000,2,0,2,4,7,0,0,0,0,0,0,0
2937,1974,GBA,1708800.0,2025-08-28,21,614000,132000,33000,43000,16000,33000,3,5,8,9,6,0,0,0,0,0,0,0
9485,1986,GBA,1148025.0,2026-03-10,60,102000,49000,3000,24000,9000,12000,1,1,2,6,4,0,0,0,0,0,0,0
6406,1988,Córdoba,1957125.0,2025-10-28,13,647000,391000,67000,175000,107000,40000,1,4,6,10,3,0,0,0,0,0,0,0
113,1951,CABA,770825.0,2025-07-16,10,11000,7000,1000,3000,0,6000,2,0,1,3,5,0,0,0,0,0,0,0
6036,1959,Córdoba,2228000.0,2026-03-17,27,1168000,408000,129000,72000,92000,55000,1,6,5,7,1,0,0,0,0,1,0,0
10812,1978,GBA,1159425.0,2026-03-01,19,37000,46000,3000,4000,0,0,1,1,2,3,4,0,0,0,0,0,0,0
9955,1954,CABA,997450.0,2025-02-12,29,69000,26000,-22000,12000,8000,12000,2,0,3,4,7,0,0,0,0,0,0,0
9284,1958,CABA,1349425.0,2025-06-08,33,620000,165000,24000,0,16000,82000,5,5,5,12,5,0,0,0,0,0,0,0
6260,1955,Córdoba,2059600.0,2024-11-19,31,984000,432000,120000,180000,51000,190000,1,10,3,13,1,0,0,0,0,1,0,1
10525,1986,CABA,664400.0,2024-10-13,13,10000,8000,0,0,0,9000,1,0,1,2,9,0,0,1,0,0,0,1
2620,1974,GBA,864900.0,2025-04-13,14,14000,2000,0,0,0,7000,1,0,1,2,8,0,0,0,0,0,0,1
3594,1973,Córdoba,1352700.0,2024-11-05,19,539000,91000,6000,8000,6000,97000,13,2,8,9,8,0,0,0,0,0,0,0
2217,1975,Rosario,932100.0,2025-03-29,85,11000,2000,1000,2000,1000,6000,1,0,0,3,6,0,0,0,0,0,0,0
4480,1973,Córdoba,1510800.0,2026-03-09,11,365000,15000,3000,4000,3000,11000,5,2,7,5,6,0,0,0,0,0,0,0
9396,1978,GBA,942925.0,2024-11-23,3,9000,6000,1000,4000,0,5000,1,0,1,2,9,0,0,0,0,0,0,0
4261,1946,GBA,2070000.0,2024-11-24,21,1006000,115000,68000,59000,22000,45000,1,6,7,12,3,1,0,0,0,1,0,1
5536,1959,CABA,2194275.0,2025-05-22,5,1492000,287000,57000,50000,38000,33000,1,10,5,4,6,1,1,0,1,1,0,1
5654,1972,CABA,900650.0,2026-03-16,97,20000,10000,4000,6000,4000,17000,2,0,2,3,6,0,0,0,0,0,0,0
550,1952,CABA,1558375.0,2025-05-23,32,243000,217000,6000,85000,131000,26000,2,3,3,13,2,0,0,0,0,0,0,0
5221,1957,CABA,1321300.0,2024-12-01,14,714000,99000,0,11000,8000,47000,4,7,10,5,8,0,0,1,0,0,0,0
4047,1954,GBA,1633100.0,2026-01-11,28,384000,102000,32000,21000,0,5000,3,2,6,9,4,0,0,0,0,0,0,0
2564,1953,CABA,1531950.0,2026-01-04,70,111000,28000,6000,2000,3000,15000,2,1,3,4,6,0,0,0,0,0,0,0
4299,1960,CABA,1774275.0,2024-09-21,28,1001000,572000,125000,93000,17000,17000,7,11,11,5,7,0,0,0,0,0,0,1
9353,1959,CABA,1561250.0,2026-01-06,8,515000,267000,66000,62000,47000,38000,2,5,5,4,3,0,0,0,1,0,0,0
1519,1972,GBA,964450.0,2025-06-22,97,38000,22000,3000,3000,4000,3000,3,0,3,3,8,0,0,0,0,0,0,1
2337,1971,CABA,745475.0,2025-10-24,65,9000,24000,1000,2000,1000,2000,3,0,3,3,6,0,0,0,0,0,0,0
10967,1963,CABA,834450.0,2025-02-06,10,33000,40000,7000,3000,6000,10000,3,0,2,4,7,0,0,0,0,0,0,0
839,1975,GBA,1137575.0,2025-09-25,63,97000,44000,1000,6000,4000,18000,1,1,3,4,5,0,0,0,0,0,0,0
803,1968,CABA,1013025.0,2025-04-05,12,12000,5000,0,0,0,4000,1,1,0,2,5,0,0,0,0,0,0,0
3678,1973,CABA,1505200.0,2024-10-07,28,488000,71000,0,15000,23000,59000,11,3,8,7,7,0,0,0,1,0,0,1
10212,1986,Córdoba,1059650.0,2025-01-13,84,65000,16000,4000,0,4000,11000,1,0,3,3,8,0,0,0,0,0,0,0
1165,1958,GBA,1268225.0,2025-05-02,9,239000,143000,4000,45000,13000,52000,9,2,6,7,6,0,0,0,0,0,0,0
3427,1955,GBA,1495525.0,2025-04-12,32,629000,70000,0,0,0,35000,6,2,11,7,8,0,0,0,0,0,0,0
2631,1982,CABA,1796325.0,2025-05-08,20,358000,413000,97000,141000,108000,32000,1,8,2,6,1,0,0,0,0,0,0,0
10779,1983,CABA,553700.0,2026-04-13,65,15000,14000,4000,0,5000,11000,1,0,1,3,7,0,0,0,0,0,0,0
1524,1983,Rosario,2042450.0,2025-03-01,31,709000,115000,160000,30000,45000,45000,1,2,8,5,5,1,0,0,0,0,0,1
898,1986,CABA,586925.0,2025-10-21,65,38000,54000,8000,3000,15000,29000,3,0,3,4,8,0,0,0,0,0,0,0
6184,1969,GBA,1711550.0,2024-12-12,17,561000,785000,128000,84000,64000,48000,1,3,3,8,1,0,0,0,0,0,0,0
3560,1952,CABA,2096100.0,2025-05-12,19,901000,345000,31000,75000,31000,191000,1,4,4,11,1,0,0,0,0,1,0,0
6609,1966,CABA,675950.0,2024-09-18,30,1000,25000,23000,17000,26000,15000,1,0,3,3,9,0,0,0,0,0,0,1
1676,1975,CABA,1076425.0,2025-10-30,80,213000,44000,2000,0,2000,5000,4,2,4,5,5,0,0,0,0,0,0,0
6365,1987,Rosario,759750.0,2025-09-02,68,10000,12000,1000,25000,12000,20000,1,0,2,3,6,0,0,0,0,0,0,0
879,1976,Córdoba,1242025.0,2025-11-04,1,411000,26000,0,0,0,21000,6,1,7,7,7,0,0,0,0,0,0,0
1277,1960,CABA,1961700.0,2026-04-09,26,434000,388000,22000,104000,22000,34000,1,7,10,10,4,1,0,0,0,0,0,0
10319,1971,CABA,1657575.0,2025-02-26,18,1090000,96000,12000,16000,12000,60000,4,4,3,11,8,0,0,0,1,0,0,0
5935,1956,Córdoba,1382100.0,2024-12-24,33,547000,140000,7000,0,7000,63000,3,5,7,8,5,0,0,0,0,0,0,0
7431,1991,GBA,1703150.0,2024-11-10,32,1332000,311000,51000,23000,17000,86000,1,4,7,5,9,0,0,0,1,0,0,1
3265,1959,CABA,892525.0,2025-03-19,92,21000,9000,3000,7000,1000,5000,1,0,1,3,6,0,0,0,0,0,0,0
6422,1954,CABA,2167950.0,2025-01-17,2,344000,482000,33000,50000,189000,172000,1,6,5,5,2,0,0,0,0,0,0,0
868,1966,CABA,1119850.0,2026-06-08,8,54000,7000,0,0,0,4000,1,0,2,3,6,0,0,0,0,0,0,0
3174,1959,CABA,2194275.0,2025-05-22,23,1492000,287000,57000,50000,38000,33000,1,10,5,4,6,1,1,0,1,1,0,1
4994,1943,Córdoba,1939950.0,2025-10-01,8,1193000,281000,66000,129000,33000,33000,1,5,7,13,3,0,0,0,0,1,0,0
7718,1947,Córdoba,1650000.0,2026-04-20,5,244000,270000,0,101000,51000,45000,1,3,1,5,1,0,0,0,0,0,0,0
9197,1953,CABA,993050.0,2026-02-24,20,32000,5000,0,2000,0,8000,2,0,2,3,5,0,0,0,0,0,0,0
5939,1971,CABA,955800.0,2026-01-17,66,43000,28000,6000,7000,5000,33000,4,1,3,3,5,0,0,0,0,0,0,0
2793,1976,GBA,1754475.0,2025-07-21,1,532000,168000,44000,69000,88000,133000,3,3,7,13,5,0,0,0,0,0,0,0
8318,1979,CABA,2257500.0,2026-01-03,24,594000,786000,134000,33000,134000,57000,0,6,5,8,1,0,0,0,0,1,0,0
5229,1969,GBA,1353300.0,2026-02-16,6,30000,8000,0,0,1000,3000,1,0,1,3,7,0,0,0,0,0,0,0
1008,1981,GBA,1123825.0,2024-12-21,18,728000,133000,8000,11000,17000,124000,1,3,7,13,6,0,0,1,0,0,0,0
3829,1979,Rosario,614850.0,2025-12-10,99,1000,6000,0,10000,3000,9000,1,0,1,3,5,0,0,0,0,0,0,0
6885,1977,CABA,823800.0,2025-12-01,66,38000,12000,-16000,3000,0,1000,1,0,2,3,7,0,0,0,0,0,0,0
4381,1971,GBA,1161575.0,2025-08-18,91,163000,40000,11000,8000,2000,11000,7,1,3,6,6,0,0,0,0,0,0,0
4351,1955,CABA,931100.0,2025-04-27,21,18000,10000,0,0,2000,25000,1,1,1,2,7,0,0,1,0,0,0,0
10702,1984,CABA,1310325.0,2024-11-03,6,185000,133000,56000,56000,8000,12000,2,1,7,7,7,0,0,0,0,0,0,0
8920,1967,Córdoba,1480875.0,2025-01-12,8,448000,469000,0,80000,40000,91000,3,2,11,12,7,0,0,0,0,0,0,0
4099,1972,CABA,766875.0,2024-11-12,68,10000,16000,2000,11000,2000,21000,1,0,1,3,8,0,0,0,0,0,0,0
20,1965,Rosario,1172275.0,2025-09-01,30,43000,23000,15000,29000,12000,61000,1,1,2,4,4,0,0,0,0,0,0,0
3859,1947,GBA,1826475.0,2025-08-31,33,410000,420000,82000,0,112000,71000,1,3,9,13,4,0,0,0,0,0,0,0
8146,1976,Córdoba,1152650.0,2026-05-11,99,30000,8000,0,2000,0,14000,1,1,1,2,6,0,0,0,0,0,0,0
3839,1958,Rosario,376400.0,2025-05-03,97,6000,3000,6000,21000,12000,40000,5,2,2,3,5,0,0,0,0,0,0,0
9648,1967,CABA,1172600.0,2024-11-03,20,153000,56000,9000,0,4000,31000,4,1,5,4,8,0,0,0,0,0,0,0
535,1987,CABA,2034025.0,2026-02-25,14,163000,424000,65000,27000,23000,76000,1,10,3,13,1,0,0,0,0,0,0,0
3972,1976,CABA,1255000.0,2025-04-03,18,266000,51000,6000,8000,6000,64000,6,1,7,5,8,0,0,0,0,0,0,0
2674,1958,Córdoba,1878850.0,2024-09-04,25,543000,205000,143000,160000,10000,82000,1,3,6,6,3,0,0,0,0,0,0,1
433,1958,Córdoba,1533275.0,2025-03-10,30,534000,47000,5000,0,5000,41000,5,1,11,6,8,0,0,0,0,0,0,0
5621,1969,CABA,1218800.0,2024-12-12,35,73000,100000,15000,71000,57000,0,5,1,6,5,9,0,0,0,0,0,0,1
2727,1973,CABA,1427500.0,2025-12-04,21,181000,69000,3000,39000,21000,96000,1,3,3,6,3,0,0,0,0,0,0,0
8462,1978,Rosario,622050.0,2024-09-09,4,1000,10000,0,29000,4000,36000,1,1,1,2,6,0,0,1,0,0,0,0
11191,1986,CABA,1035275.0,2025-12-07,23,37000,38000,3000,11000,32000,18000,1,1,2,4,6,0,0,0,0,0,0,0
8825,1962,CABA,1279875.0,2025-04-01,26,230000,156000,24000,82000,14000,58000,8,2,9,5,8,0,0,0,0,0,0,0
5313,1971,Córdoba,954900.0,2026-04-18,12,30000,11000,0,0,0,3000,3,0,2,4,5,0,0,0,0,0,0,0
9952,1947,Córdoba,1952325.0,2025-12-11,14,368000,639000,43000,13000,32000,10000,1,7,4,5,1,0,0,0,0,0,0,0
1927,1973,Rosario,1735025.0,2026-03-23,32,399000,159000,8000,58000,27000,39000,4,4,4,5,2,0,0,0,0,0,0,0
1839,1974,CABA,1083050.0,2026-04-21,55,56000,48000,2000,10000,7000,18000,1,0,3,4,7,0,0,0,0,0,0,0
10069,1988,Rosario,343100.0,2024-08-31,21,2000,5000,15000,2000,7000,27000,1,0,2,2,9,0,0,1,0,0,0,0
11031,1950,GBA,1217475.0,2025-05-21,6,26000,10000,0,2000,1000,1000,1,0,1,3,5,0,0,0,0,0,0,0
10821,1978,CABA,1427825.0,2025-02-06,22,182000,33000,2000,0,4000,42000,6,1,4,5,7,0,0,0,0,0,0,0
10401,1976,Rosario,658150.0,2025-09-04,7,1000,5000,3000,0,0,9000,1,0,0,3,3,0,0,0,0,0,1,0
4095,1971,CABA,928750.0,2024-09-11,24,167000,64000,34000,49000,37000,116000,8,3,4,6,7,0,0,0,0,0,0,0
5324,1981,GBA,1457325.0,2026-01-19,18,173000,118000,27000,46000,43000,15000,5,3,5,6,5,0,0,0,0,0,0,0
1012,1952,CABA,1545575.0,2025-02-18,19,523000,134000,14000,37000,7000,169000,4,2,8,10,7,0,0,0,0,0,0,0
3865,1977,Rosario,524525.0,2025-04-30,4,2000,10000,13000,6000,12000,30000,1,1,3,2,8,0,0,0,0,0,0,1
3732,1955,Córdoba,1318750.0,2025-02-04,17,393000,239000,69000,90000,0,69000,6,7,5,9,4,0,0,0,0,0,0,0
454,1980,CABA,1737700.0,2024-11-14,14,824000,162000,32000,42000,32000,43000,2,4,11,11,6,0,0,0,0,0,0,0
269,1963,GBA,1168925.0,2024-11-16,3,777000,163000,51000,0,30000,122000,6,4,4,7,9,0,0,0,0,0,0,0
5907,1952,Córdoba,836100.0,2024-11-03,71,8000,8000,0,0,0,2000,1,0,1,2,8,0,0,0,0,0,0,0
5687,1980,CABA,2042550.0,2024-09-23,29,563000,774000,31000,28000,50000,187000,1,7,7,12,3,0,0,0,0,0,0,0
6963,1947,CABA,1936425.0,2026-03-05,23,675000,400000,45000,15000,11000,11000,1,5,2,10,1,0,0,0,0,1,0,0
2814,1976,Córdoba,764000.0,2025-06-27,97,9000,5000,5000,4000,1000,7000,1,0,1,3,7,0,0,0,0,0,0,0
10340,1984,CABA,879900.0,2024-11-13,30,75000,141000,39000,43000,12000,187000,6,1,6,5,8,0,0,0,0,0,0,0
7736,1986,CABA,562950.0,2024-10-22,68,11000,12000,2000,2000,7000,27000,2,1,2,2,5,0,0,1,0,0,0,1
10140,1983,GBA,1753075.0,2025-09-28,8,1308000,396000,0,23000,0,0,1,7,5,4,3,0,1,0,1,0,0,0
5596,1956,Rosario,1470525.0,2025-10-12,9,513000,154000,0,19000,14000,28000,1,2,9,9,6,0,0,0,0,0,0,0
8749,1984,CABA,930875.0,2026-02-01,55,20000,9000,6000,4000,2000,20000,1,1,1,2,4,0,0,0,0,0,0,0
11112,1966,CABA,1767825.0,2024-12-03,9,736000,279000,76000,82000,114000,190000,6,6,5,8,3,0,0,0,0,0,0,0
5491,1951,Córdoba,1183800.0,2025-04-11,7,172000,112000,0,8000,12000,15000,4,1,6,5,7,0,0,0,0,0,0,0
5250,1943,Córdoba,,2025-10-30,11,532000,490000,126000,164000,126000,126000,1,5,5,11,1,0,0,0,0,1,0,1
5031,1974,CABA,2078625.0,2024-09-22,20,777000,731000,137000,39000,35000,114000,1,9,5,11,2,0,0,0,0,1,0,1
796,1965,Rosario,1504025.0,2024-10-23,27,584000,212000,8000,46000,44000,177000,3,4,11,8,8,0,0,0,0,0,0,0
2118,1964,Rosario,1572625.0,2025-09-10,22,166000,96000,107000,119000,75000,59000,3,2,7,8,4,0,0,0,0,0,0,0
8566,1961,GBA,814575.0,2026-06-15,23,5000,3000,0,0,0,1000,1,0,1,2,7,0,0,0,0,0,0,0
9750,1961,GBA,1608125.0,2025-02-07,32,731000,353000,12000,78000,60000,73000,5,3,10,5,7,0,0,0,0,0,0,0
4706,1966,CABA,867600.0,2025-04-27,86,29000,5000,1000,0,0,5000,1,0,1,3,5,0,0,0,0,0,0,0
4084,1975,CABA,1523350.0,2026-01-17,5,224000,155000,93000,192000,155000,54000,2,4,6,11,4,0,0,0,0,0,0,0
9964,1979,CABA,1545625.0,2025-08-07,13,162000,100000,30000,55000,50000,27000,1,2,4,8,4,0,0,0,0,0,0,0
3919,1976,Córdoba,1807725.0,2025-03-11,18,960000,883000,38000,50000,0,0,1,6,5,8,3,1,0,0,0,0,0,1
450,1958,Córdoba,1057875.0,2025-07-12,64,67000,80000,11000,17000,15000,80000,3,4,1,4,3,0,0,0,0,0,0,0
6349,1987,Córdoba,1544675.0,2025-07-06,23,621000,414000,48000,78000,73000,85000,1,4,8,6,5,0,0,0,0,0,0,0
2174,1954,CABA,1158600.0,2026-03-08,94,11000,6000,1000,2000,1000,6000,2,1,1,2,5,0,0,0,0,0,0,0
7901,1971,Córdoba,852725.0,2025-11-06,69,9000,5000,1000,2000,1000,4000,1,0,0,3,4,0,0,0,0,0,0,0
3852,1961,Córdoba,1872025.0,2025-03-08,1,505000,270000,27000,36000,72000,54000,4,2,9,12,5,0,0,0,0,0,0,0
4385,1981,GBA,900950.0,2025-05-31,7,23000,15000,2000,0,0,7000,2,0,3,3,6,0,0,0,0,0,0,0
10968,1969,CABA,1443275.0,2024-11-23,14,266000,300000,8000,65000,21000,44000,4,8,8,6,6,0,0,0,0,0,0,0
5081,1967,Rosario,1195525.0,2025-10-20,72,9000,16000,6000,6000,0,10000,1,0,1,3,8,0,0,0,0,0,0,0
2868,1949,GBA,662950.0,2025-04-08,57,20000,28000,3000,3000,1000,2000,3,0,2,3,8,0,0,0,0,0,0,1
701,1971,CABA,1842275.0,2025-11-06,2,707000,250000,43000,85000,21000,73000,2,2,6,8,2,0,0,1,0,0,0,0
8372,1974,CABA,860525.0,2025-07-01,14,3000,7000,2000,6000,3000,9000,1,0,1,2,7,0,0,0,0,0,0,0
5290,1964,GBA,1038775.0,2025-08-14,73,220000,33000,0,3000,0,23000,5,1,5,5,8,0,0,0,0,0,0,0
1763,1988,CABA,2191975.0,2025-07-27,15,1259000,815000,148000,97000,172000,33000,1,11,7,10,4,1,0,1,0,1,0,1
9451,1965,CABA,1838450.0,2024-11-25,19,811000,428000,137000,99000,76000,107000,3,4,10,9,7,0,0,0,0,0,0,0
5956,1948,GBA,1126800.0,2025-10-16,15,144000,99000,2000,7000,2000,30000,5,1,6,4,8,0,0,0,0,0,0,0
6387,1976,GBA,1304750.0,2026-05-08,14,42000,17000,0,0,0,18000,3,1,2,3,5,0,0,1,0,0,0,0
7124,1968,CABA,924925.0,2025-02-01,23,43000,12000,0,8000,4000,27000,5,1,2,4,5,0,0,0,0,0,0,0
10505,1960,Córdoba,1827825.0,2025-12-26,7,741000,154000,9000,50000,19000,28000,1,4,3,7,2,0,0,0,0,0,0,0
1381,1982,GBA,962825.0,2026-01-28,81,172000,115000,0,16000,3000,18000,5,1,6,5,8,0,0,0,0,0,0,1
8852,1976,CABA,1526600.0,2024-08-31,24,387000,342000,45000,0,126000,180000,5,4,8,11,6,0,0,0,0,0,0,0
2831,1976,CABA,1960400.0,2026-06-27,23,453000,279000,38000,188000,38000,183000,2,7,7,10,3,0,0,0,0,0,0,0
6404,1969,CABA,1472925.0,2025-03-24,21,151000,89000,7000,0,7000,28000,5,1,4,6,5,0,0,0,0,0,0,0
1459,1966,GBA,1726575.0,2024-11-07,14,666000,124000,8000,69000,35000,26000,1,3,5,5,3,0,0,0,0,0,0,0
2292,1985,CABA,558175.0,2025-08-02,78,5000,8000,0,2000,4000,5000,1,0,1,3,5,0,0,0,0,0,0,0
2677,1956,CABA,1152425.0,2025-03-31,34,72000,68000,4000,65000,24000,8000,5,1,3,6,4,0,0,0,0,0,0,0
6202,1960,CABA,1584525.0,2024-10-05,12,571000,142000,50000,33000,50000,159000,4,5,4,13,2,0,0,0,0,0,0,0
7462,1954,CABA,562675.0,2024-11-24,21,68000,226000,157000,51000,0,68000,3,2,10,4,9,0,0,0,0,0,0,0
10560,1980,GBA,920050.0,2026-06-16,77,16000,2000,0,0,1000,1000,1,0,1,3,5,0,0,0,0,0,0,0
4303,1957,GBA,170875.0,2024-12-08,23,107000,12000,2000,2000,2000,12000,0,0,0,1,20,0,0,0,0,0,0,0
2986,1976,CABA,769300.0,2026-03-12,18,7000,4000,1000,2000,2000,4000,1,0,1,2,6,0,0,0,0,0,0,0
3129,1983,CABA,752400.0,2026-05-22,74,5000,11000,5000,12000,3000,9000,1,0,2,3,6,0,0,0,0,0,0,0
4580,1969,CABA,1893975.0,2025-10-25,27,1394000,708000,91000,89000,22000,182000,1,7,9,9,5,1,0,1,0,1,0,1
4427,1995,Rosario,2081425.0,2024-09-18,28,536000,590000,107000,38000,27000,67000,1,10,5,12,6,0,0,1,0,1,1,1
1509,1958,GBA,2111500.0,2025-01-04,25,152000,103000,54000,106000,27000,81000,0,9,9,4,5,1,1,0,1,1,0,1
6181,1950,Rosario,1305075.0,2024-07-31,18,488000,238000,108000,56000,21000,28000,1,7,8,11,6,0,0,0,0,0,0,0
1343,1968,CABA,1463850.0,2024-09-26,27,368000,68000,0,38000,24000,88000,6,2,8,6,7,0,0,0,0,0,0,0
1523,1973,CABA,1476025.0,2026-05-07,66,69000,15000,2000,2000,2000,6000,2,0,2,4,5,0,0,0,0,0,0,0
1987,1987,Rosario,526575.0,2025-09-25,15,1000,11000,3000,19000,10000,15000,2,0,2,3,6,0,0,0,0,0,0,0
4637,1954,GBA,1865925.0,2025-05-18,30,960000,464000,0,146000,64000,16000,1,9,6,9,3,1,0,0,0,0,0,0
4507,1952,CABA,1805700.0,2024-11-27,3,631000,491000,14000,30000,28000,56000,1,7,6,8,3,0,0,0,0,0,0,0
850,1968,CABA,1764150.0,2025-10-06,16,381000,215000,28000,84000,28000,21000,2,5,6,9,3,0,0,0,0,0,0,0
8799,1984,GBA,954375.0,2025-09-23,97,70000,69000,3000,2000,6000,3000,3,1,3,4,7,0,0,0,0,0,0,0
7912,1978,CABA,953400.0,2025-04-22,37,8000,27000,20000,0,15000,33000,2,1,3,2,8,0,0,1,0,0,0,0
7093,1985,CABA,499650.0,2025-11-14,12,3000,5000,2000,0,6000,6000,1,0,0,3,7,0,0,0,0,0,0,0
3629,1978,CABA,963925.0,2024-12-19,92,76000,31000,4000,4000,3000,27000,2,1,3,3,7,0,0,0,0,0,0,0
1626,1973,GBA,896500.0,2026-05-19,7,15000,8000,2000,4000,0,20000,2,1,1,2,5,0,0,1,0,0,0,1
8969,1977,CABA,1796375.0,2025-01-16,8,548000,422000,112000,0,31000,28000,4,5,5,11,3,0,0,0,0,0,0,0
1584,1977,CABA,1036075.0,2026-04-01,28,171000,171000,19000,25000,7000,89000,6,1,8,5,8,0,0,0,0,0,0,0
10755,1976,Rosario,592950.0,2025-09-02,91,6000,14000,7000,15000,3000,36000,3,1,3,2,7,0,0,0,0,0,0,0
3969,1974,Córdoba,1075450.0,2025-11-01,8,35000,17000,6000,7000,4000,64000,1,2,2,2,5,0,0,0,0,0,0,0
6729,1988,CABA,1716375.0,2024-08-10,13,456000,832000,118000,75000,19000,38000,1,5,4,11,3,0,0,0,0,0,0,0
675,1973,Córdoba,1300850.0,2025-05-17,38,146000,93000,13000,7000,0,73000,5,2,4,5,7,0,0,0,0,0,0,0
8387,1957,CABA,1078500.0,2025-01-05,29,134000,76000,0,6000,8000,11000,1,1,4,5,6,0,0,0,0,0,0,0
7998,1958,CABA,702175.0,2024-12-11,33,53000,17000,0,13000,8000,21000,3,2,2,2,7,0,0,0,0,0,0,0
1109,1982,Córdoba,689750.0,2025-04-23,7,6000,5000,0,0,0,1000,1,0,1,2,7,0,0,0,0,0,0,0
378,1971,CABA,1313275.0,2024-12-30,22,283000,151000,72000,51000,112000,125000,2,2,7,10,6,0,0,0,0,0,0,0
1446,1956,Córdoba,2160600.0,2026-04-05,20,387000,569000,45000,89000,68000,68000,1,9,6,12,1,0,0,0,0,0,0,0
2574,1977,GBA,1549900.0,2025-01-31,21,1050000,144000,0,0,12000,24000,3,4,6,8,5,1,1,0,1,0,0,1
387,1976,Rosario,187500.0,2024-11-13,92,6000,11000,1000,11000,16000,16000,1,0,2,3,8,0,0,0,0,0,0,0
10475,1970,Córdoba,,2025-04-01,3,187000,65000,20000,26000,5000,14000,2,2,4,6,5,0,0,0,0,0,0,0
10084,1972,CABA,610850.0,2026-05-18,19,3000,8000,0,20000,2000,17000,2,1,2,2,7,0,0,0,0,0,0,0
1232,1982,GBA,1750950.0,2025-10-25,20,587000,348000,54000,71000,54000,130000,1,4,4,8,2,0,0,0,0,0,0,0
8870,1984,CABA,879900.0,2024-11-13,17,75000,141000,39000,43000,12000,187000,6,1,6,5,8,0,0,0,0,0,0,1
2861,1983,CABA,601800.0,2025-04-16,97,9000,6000,0,3000,1000,4000,1,0,1,2,8,0,0,0,0,0,0,0
8602,1964,CABA,1748300.0,2025-06-12,21,412000,153000,105000,150000,172000,57000,2,6,7,11,4,0,0,0,0,0,0,0
10619,1994,CABA,2388225.0,2024-12-03,27,770000,890000,27000,250000,29000,24000,1,3,7,7,3,0,0,0,0,1,0,1
8029,1988,Córdoba,2256175.0,2026-04-29,23,1184000,352000,16000,21000,32000,16000,1,4,3,7,1,1,0,0,1,1,0,1
9274,1961,Córdoba,2023750.0,2025-03-28,21,525000,112000,147000,219000,147000,63000,1,7,6,9,2,1,0,0,0,0,0,0
9771,1988,Rosario,583275.0,2024-10-05,10,104000,101000,15000,24000,20000,5000,6,1,5,5,9,0,0,0,0,0,0,0
5074,1986,Córdoba,701800.0,2025-07-08,34,30000,10000,0,2000,0,5000,1,0,1,3,7,0,0,0,0,0,0,0
10160,1956,Córdoba,1273575.0,2025-06-21,31,31000,7000,0,2000,0,6000,1,0,1,3,5,0,0,0,0,0,0,0
6355,1978,CABA,1108975.0,2026-06-17,4,20000,14000,3000,7000,0,1000,3,0,2,4,3,0,0,0,0,0,0,0
2315,1960,CABA,1460025.0,2026-04-20,99,10000,11000,29000,17000,0,29000,1,2,1,2,4,0,0,0,0,0,0,0
87,1981,Rosario,693325.0,2025-08-26,79,0,5000,2000,26000,7000,17000,2,0,2,3,7,0,0,0,0,0,0,0
10001,1985,Rosario,187500.0,2024-08-01,58,5000,17000,14000,13000,17000,34000,4,1,2,3,9,0,0,0,0,0,0,0
7725,1965,Rosario,1920000.0,2026-03-08,27,173000,255000,71000,35000,26000,81000,1,4,4,7,1,0,0,0,0,0,0,0
9145,1972,CABA,1812600.0,2025-04-06,29,604000,470000,161000,123000,26000,94000,2,9,5,6,2,0,0,0,0,0,0,0
4725,1950,GBA,1265400.0,2026-04-13,10,30000,25000,1000,0,2000,9000,1,1,1,4,2,0,0,0,0,0,0,0
528,1978,CABA,1645475.0,2024-11-29,3,267000,701000,165000,149000,38000,63000,1,4,5,10,3,0,0,0,0,0,0,0
6019,1971,GBA,928150.0,2026-03-30,33,45000,9000,4000,4000,3000,7000,1,2,1,2,6,0,0,1,0,0,0,1
4530,1948,Córdoba,1960675.0,2024-10-24,28,972000,595000,26000,180000,19000,138000,3,7,3,10,3,1,0,0,0,0,0,1
2324,1972,CABA,1926100.0,2025-10-27,15,625000,242000,34000,50000,38000,76000,2,11,7,11,4,0,0,1,0,0,0,0
6661,1974,CABA,1686125.0,2024-08-12,23,757000,217000,80000,29000,80000,11000,5,6,9,12,6,0,0,0,0,0,0,0
9699,1966,CABA,1681800.0,2025-12-21,14,357000,271000,28000,28000,35000,14000,3,2,6,12,5,0,0,0,0,0,0,0
6343,1959,CABA,1995575.0,2026-03-31,12,835000,380000,73000,114000,73000,43000,1,9,6,7,2,0,0,0,1,0,0,0
3009,1962,GBA,1791750.0,2025-07-09,30,1462000,128000,0,0,16000,160000,1,3,5,6,6,0,1,0,1,1,0,1
5830,1972,GBA,2171425.0,2024-09-12,32,899000,838000,102000,133000,102000,40000,1,6,5,10,2,0,0,0,0,0,0,1
2694,1967,CABA,1066600.0,2026-03-18,58,21000,3000,0,0,0,0,1,0,1,3,6,0,0,0,0,0,0,0
6504,1975,Rosario,494725.0,2025-11-20,27,2000,9000,6000,28000,5000,28000,3,1,2,3,5,0,0,1,0,0,0,0
3635,1962,GBA,1314925.0,2026-05-07,15,492000,37000,0,7000,0,42000,3,3,6,8,5,0,0,0,0,0,0,0
9888,1969,CABA,1717375.0,2026-06-25,21,458000,356000,50000,106000,81000,40000,1,4,4,7,2,0,0,0,0,0,0,0
2461,1955,Córdoba,1278100.0,2025-12-18,92,26000,11000,1000,0,1000,4000,2,0,1,3,3,0,0,0,0,0,0,0
2285,1954,Córdoba,915850.0,2025-05-28,84,213000,76000,3000,4000,9000,30000,3,2,5,5,7,0,0,0,0,0,0,0
8890,1971,GBA,1645200.0,2026-05-30,8,155000,80000,7000,13000,7000,10000,3,1,5,5,6,0,0,0,0,0,0,0
5057,1961,Córdoba,1544850.0,2025-09-14,21,264000,188000,47000,54000,47000,11000,2,4,4,10,2,0,0,0,0,0,0,0
5824,1972,GBA,864450.0,2026-04-11,16,7000,1000,0,0,0,0,1,0,1,2,6,0,0,0,0,0,0,0
1665,1964,GBA,1603500.0,2025-09-23,10,1459000,61000,15000,0,0,215000,5,5,2,6,5,0,1,1,0,1,0,1
8216,1972,Córdoba,1344025.0,2025-10-11,14,158000,76000,7000,13000,0,71000,6,4,4,3,5,0,0,0,0,0,0,0
10177,1954,CABA,1801775.0,2025-02-14,22,531000,300000,138000,150000,69000,150000,3,4,5,8,2,0,0,0,0,0,0,0
6722,1954,GBA,1760525.0,2026-06-28,28,479000,136000,14000,75000,28000,35000,3,3,10,7,6,0,0,0,0,0,0,0
7842,1968,CABA,901625.0,2025-03-31,75,18000,34000,2000,10000,7000,3000,3,0,3,3,8,0,0,0,0,0,0,0
7010,1965,Rosario,1773100.0,2026-04-07,5,635000,254000,152000,132000,114000,76000,1,6,6,7,3,0,0,0,0,1,0,0
232,1965,CABA,1538975.0,2025-07-17,8,279000,88000,14000,32000,83000,34000,1,2,4,10,3,0,0,0,0,0,0,0
4050,1966,Córdoba,1240125.0,2026-06-21,63,42000,29000,20000,12000,16000,8000,1,1,2,4,3,0,0,0,0,0,0,0
5796,1963,CABA,1935925.0,2025-11-26,19,560000,442000,44000,29000,21000,29000,1,5,4,13,1,0,0,0,0,1,0,0
9423,1979,Córdoba,819125.0,2026-02-23,95,13000,17000,3000,7000,3000,3000,2,0,2,4,5,0,0,0,0,0,0,0
10377,1958,Córdoba,1167300.0,2025-06-06,1,170000,97000,12000,24000,6000,88000,3,1,6,5,6,0,0,0,0,0,0,0
10699,1985,CABA,1108050.0,2026-06-16,17,46000,40000,0,3000,0,3000,2,0,3,3,8,0,0,0,0,0,0,0
3924,1965,GBA,1447800.0,2026-03-17,23,801000,80000,0,0,0,35000,5,3,8,12,5,0,0,0,1,0,0,0
2535,1978,Córdoba,2202425.0,2024-08-18,30,163000,480000,126000,0,0,75000,1,5,6,8,9,1,0,0,1,1,0,1
5892,1980,CABA,874200.0,2025-04-10,97,158000,45000,2000,8000,6000,2000,7,2,3,5,7,0,0,0,0,0,0,0
8086,1959,CABA,1056075.0,2025-12-11,32,48000,2000,0,0,0,5000,2,0,2,3,7,0,0,0,0,0,0,0
1876,1990,CABA,473225.0,2025-02-16,86,32000,8000,4000,23000,0,18000,1,0,1,4,6,0,0,0,0,0,0,0
313,1968,CABA,1836375.0,2025-10-28,19,901000,757000,163000,186000,61000,20000,1,5,6,10,3,0,0,0,1,0,0,0
3182,1973,GBA,1171350.0,2026-03-31,69,96000,79000,1000,7000,1000,79000,6,1,5,3,8,0,0,1,0,0,0,1
1371,1976,CABA,1998525.0,2026-06-28,8,123000,266000,30000,227000,164000,174000,1,4,2,9,1,0,0,0,0,0,0,0
6616,1975,CABA,1487025.0,2025-10-23,11,178000,85000,66000,71000,3000,58000,2,3,3,8,2,0,0,0,0,0,0,0
9706,1974,GBA,789000.0,2025-06-24,10,62000,20000,0,4000,1000,7000,2,1,2,3,8,0,0,0,0,0,0,0
9579,1959,GBA,844050.0,2025-07-07,21,53000,34000,0,2000,1000,16000,3,2,2,2,8,0,0,0,0,0,0,0
954,1960,Rosario,553075.0,2026-03-27,23,3000,24000,7000,34000,3000,31000,1,1,2,3,5,0,0,0,0,0,0,0
11013,1987,CABA,1690125.0,2025-03-31,12,336000,282000,54000,184000,28000,54000,1,8,2,6,1,0,0,0,0,0,0,0
5231,1974,Rosario,1147350.0,2026-02-27,60,27000,7000,2000,0,2000,13000,1,0,1,3,5,0,0,0,0,0,0,0
5731,1983,Córdoba,677500.0,2025-04-05,19,12000,13000,0,2000,0,10000,1,0,1,3,7,0,0,0,0,0,0,0
8070,1973,GBA,1355550.0,2026-03-01,99,199000,31000,12000,3000,12000,7000,1,3,3,5,3,0,0,0,0,0,0,0
626,1951,CABA,821775.0,2025-03-09,8,22000,12000,2000,0,2000,5000,1,0,1,3,4,0,0,0,0,0,0,0
2431,1990,CABA,455550.0,2024-12-31,89,12000,19000,6000,12000,4000,14000,1,0,2,3,8,0,0,0,0,0,0,0
9543,1985,CABA,499650.0,2025-11-14,17,3000,5000,2000,0,6000,6000,1,0,0,3,7,0,0,0,0,0,0,0
624,1984,Córdoba,472250.0,2024-11-10,83,6000,1000,2000,7000,4000,15000,1,1,0,2,6,0,0,1,0,0,0,1
7118,1957,CABA,1845075.0,2024-08-01,18,833000,363000,26000,52000,80000,174000,2,5,9,6,6,0,0,1,0,0,0,1
9119,1950,CABA,1522625.0,2025-12-05,9,208000,76000,17000,36000,17000,38000,2,3,3,7,2,0,0,0,0,0,0,0
5207,1963,GBA,1334450.0,2024-09-24,16,489000,152000,6000,8000,6000,132000,10,4,9,6,8,0,0,0,0,0,0,1
1907,1950,Córdoba,1578000.0,2024-09-28,13,965000,279000,41000,54000,69000,69000,5,4,8,9,7,0,0,0,0,0,0,1
2541,1976,CABA,600675.0,2025-06-09,23,14000,11000,0,11000,7000,5000,2,0,2,3,8,0,0,0,0,0,0,0
9925,1981,GBA,991625.0,2025-05-25,82,127000,56000,1000,0,1000,31000,3,2,4,3,7,0,0,1,0,0,0,0
1361,1974,Córdoba,2064600.0,2025-06-04,4,1076000,103000,91000,29000,68000,68000,1,4,3,8,1,0,0,0,1,1,0,1
965,1971,CABA,1390875.0,2024-11-13,4,235000,164000,49000,50000,65000,27000,4,3,7,7,6,0,0,0,0,0,0,0
4713,1979,GBA,790125.0,2024-11-22,33,74000,42000,1000,2000,0,6000,2,1,2,4,7,0,0,0,0,0,0,0
3388,1967,CABA,1771100.0,2025-10-30,75,129000,67000,67000,3000,26000,2000,5,1,6,5,7,0,0,0,0,0,0,0
9970,1977,CABA,1384375.0,2025-10-17,34,42000,57000,28000,10000,11000,14000,1,1,1,6,2,0,0,0,0,0,0,0
5644,1957,CABA,1055325.0,2025-10-12,3,309000,24000,3000,4000,3000,20000,2,1,5,7,7,0,0,0,1,0,0,0
5710,1970,CABA,1013700.0,2024-10-10,23,110000,5000,0,2000,0,3000,2,1,2,4,5,0,0,0,1,0,0,0
1958,1973,GBA,1375300.0,2026-03-21,17,582000,65000,0,0,0,13000,6,2,8,9,5,0,0,0,0,0,0,0
3025,1958,CABA,1249175.0,2025-07-08,87,212000,69000,12000,4000,6000,3000,3,1,6,5,7,0,0,0,0,0,0,0
2532,1987,Córdoba,1836350.0,2026-03-01,33,982000,351000,14000,56000,73000,175000,1,4,2,6,5,0,0,1,0,0,0,0
1065,1963,CABA,2017375.0,2025-12-29,13,557000,984000,37000,193000,129000,18000,1,8,5,5,2,0,0,0,0,0,0,0
3403,1958,GBA,1973800.0,2024-09-24,23,1170000,594000,76000,99000,19000,134000,2,5,2,12,6,0,0,0,0,0,0,0
6374,1954,GBA,923250.0,2025-05-17,61,223000,31000,2000,0,2000,39000,5,2,5,4,8,0,0,0,0,0,0,0
679,1957,GBA,940825.0,2024-09-20,4,13000,20000,0,0,4000,1000,2,0,1,3,9,0,0,0,0,0,0,0
6283,1968,Córdoba,1596025.0,2025-04-21,2,635000,100000,7000,20000,15000,131000,1,3,9,9,6,0,0,0,0,0,0,0
286,1952,CABA,1105325.0,2025-11-29,17,95000,35000,4000,0,11000,7000,4,1,2,5,6,0,0,0,0,0,0,0
6424,1977,CABA,829450.0,2026-01-30,72,12000,2000,2000,11000,6000,16000,1,0,1,3,4,0,0,0,0,0,0,0
1055,1976,Córdoba,1330100.0,2026-03-20,77,29000,8000,0,2000,0,6000,1,0,1,3,4,0,0,0,0,0,0,0
2535,1978,Córdoba,2202425.0,2024-08-18,30,163000,480000,126000,0,0,75000,1,5,6,8,9,1,0,0,1,1,0,1
8783,1950,CABA,1426125.0,2024-09-08,3,296000,104000,13000,11000,13000,17000,3,2,4,9,3,0,0,0,0,0,0,0
3340,1977,CABA,1050350.0,2024-08-17,12,244000,108000,15000,4000,15000,50000,6,1,7,6,8,0,0,0,0,0,0,1
4002,1960,GBA,1925925.0,2025-10-13,4,463000,333000,53000,168000,96000,10000,1,7,7,12,3,0,0,0,0,0,0,0
6461,1969,Córdoba,1569300.0,2025-05-19,23,581000,157000,8000,43000,49000,108000,1,6,5,11,2,0,0,0,1,0,0,0
10972,1949,CABA,1807450.0,2026-03-10,4,625000,169000,17000,58000,35000,35000,1,3,4,6,1,0,0,0,1,1,0,0
1640,1954,CABA,1614675.0,2026-06-22,88,66000,16000,6000,0,0,20000,2,1,1,4,3,0,0,0,0,0,0,0
2579,1957,CABA,1777825.0,2025-12-17,31,495000,255000,33000,11000,33000,8000,4,7,6,9,4,0,0,0,0,0,0,0
3645,1972,GBA,680325.0,2024-08-30,70,19000,26000,9000,10000,3000,3000,3,0,2,4,8,0,0,0,0,0,0,1
760,1975,GBA,1513850.0,2025-08-09,20,588000,76000,15000,110000,7000,15000,2,4,8,9,6,0,0,0,0,0,0,0
8541,1990,Rosario,617075.0,2026-03-08,72,8000,10000,7000,6000,4000,6000,2,0,2,4,5,0,0,0,0,0,0,0
2493,1966,CABA,1532150.0,2025-08-02,21,356000,107000,9000,19000,0,117000,2,1,7,8,5,0,0,0,0,0,0,0
5751,1973,Rosario,779075.0,2026-02-13,28,2000,10000,2000,11000,3000,10000,1,0,1,3,6,0,0,0,0,0,0,0
2929,1976,CABA,504500.0,2025-02-20,39,18000,24000,20000,15000,42000,18000,1,1,2,4,7,0,0,0,0,0,0,0
10905,1955,CABA,1064650.0,2024-10-29,56,194000,56000,0,0,2000,0,5,1,4,6,8,0,0,0,0,0,0,1
7861,1952,Córdoba,1925675.0,2026-02-05,4,820000,242000,0,45000,57000,11000,2,3,8,6,4,0,0,0,0,0,0,0
4910,1967,CABA,1718575.0,2024-08-30,32,1132000,384000,134000,175000,134000,115000,1,5,11,13,7,0,0,0,0,0,0,0
9224,1972,GBA,1381500.0,2024-12-12,1,825000,53000,0,11000,8000,242000,2,10,8,5,6,0,0,0,0,0,0,0
92,1988,CABA,854400.0,2026-05-12,12,5000,24000,14000,19000,7000,20000,4,0,3,4,6,0,0,0,0,0,0,0
8442,1985,Córdoba,487750.0,2025-09-04,82,9000,7000,4000,3000,0,7000,2,0,1,3,7,0,0,0,0,0,0,0
4548,1981,CABA,1049175.0,2025-11-23,97,23000,10000,2000,0,4000,15000,1,0,1,3,4,0,0,0,0,0,0,0
9805,1953,Córdoba,1403225.0,2025-06-20,21,320000,133000,72000,39000,48000,48000,4,2,6,10,4,0,0,0,0,0,0,0
3945,1947,GBA,1702925.0,2025-03-10,20,618000,215000,17000,0,44000,36000,2,8,11,4,6,0,0,1,0,0,0,1
10343,1991,Rosario,1540450.0,2024-09-29,13,605000,399000,45000,0,91000,205000,2,6,3,8,3,0,0,0,0,0,0,0
10277,1961,CABA,752025.0,2025-02-21,90,36000,2000,0,0,0,4000,1,0,1,3,7,0,0,0,0,0,0,0
7059,1963,CABA,2003100.0,2026-06-26,15,483000,398000,84000,205000,84000,241000,1,7,3,8,1,0,0,1,0,0,0,0
1867,1957,CABA,1621225.0,2024-11-13,21,652000,350000,84000,94000,48000,108000,1,3,9,6,5,0,0,0,0,0,0,1
2781,1981,CABA,1801650.0,2026-06-23,18,1003000,536000,51000,134000,34000,34000,1,6,4,6,2,1,0,0,0,1,0,1
6409,1967,CABA,1428400.0,2025-05-18,21,267000,599000,12000,34000,140000,127000,1,5,7,7,6,0,0,0,0,0,0,1
6116,1968,Rosario,1224625.0,2025-07-05,25,19000,18000,7000,10000,13000,8000,1,1,1,3,3,0,0,0,0,0,0,0
73,1953,GBA,1285275.0,2025-05-26,34,14000,3000,0,0,0,1000,1,0,0,3,5,0,0,0,0,0,0,0
6320,1976,Córdoba,1772325.0,2025-02-06,17,768000,561000,44000,77000,44000,14000,1,6,6,10,3,0,0,0,0,0,0,0
5493,1976,CABA,983900.0,2026-03-19,7,15000,2000,0,0,0,6000,1,0,1,2,6,0,0,1,0,0,0,0
524,1966,Rosario,565850.0,2025-01-16,89,2000,11000,6000,8000,23000,46000,1,1,2,2,8,0,0,0,0,0,0,0
9058,1955,CABA,1995000.0,2024-09-23,27,1060000,530000,0,32000,21000,224000,1,11,5,5,3,1,0,1,0,1,0,1
635,1966,Córdoba,1429575.0,2025-03-19,6,464000,64000,0,7000,5000,70000,8,1,9,7,8,0,0,0,0,0,0,0
1328,1982,Rosario,1448425.0,2026-02-16,16,261000,144000,48000,55000,42000,133000,3,4,4,9,3,0,0,0,0,0,0,0
2546,1977,Rosario,796950.0,2026-06-22,79,23000,5000,5000,10000,4000,23000,1,0,1,4,3,0,0,0,0,0,0,0
521,1985,CABA,1350150.0,2024-09-18,22,174000,203000,24000,6000,77000,97000,2,1,8,7,7,0,0,0,0,0,0,0
4619,1945,GBA,2843350.0,2026-05-28,77,6000,3000,262000,1000,2000,3000,0,0,27,0,1,0,0,0,0,0,0,0
9214,1991,CABA,1067275.0,2025-08-16,81,179000,64000,17000,38000,2000,58000,1,1,5,6,5,0,0,0,0,0,0,0
7514,1956,Rosario,1358550.0,2025-07-03,89,84000,34000,10000,11000,10000,28000,4,1,3,4,6,0,0,0,0,0,0,0
9938,1954,CABA,2001675.0,2025-09-19,27,519000,813000,173000,27000,17000,51000,1,6,4,6,2,0,0,0,0,1,0,0
6230,1971,CABA,1110525.0,2025-02-15,93,110000,59000,1000,7000,5000,7000,5,0,5,4,8,0,0,0,0,0,0,0
3830,1953,Córdoba,1483850.0,2026-04-24,28,295000,78000,13000,39000,21000,13000,1,4,4,7,3,0,0,0,0,0,0,0
4702,1964,CABA,1545975.0,2024-08-12,8,1000000,379000,17000,224000,155000,120000,1,8,4,4,8,0,0,0,0,0,0,0
7230,1960,GBA,1265275.0,2024-10-04,2,459000,24000,0,6000,0,4000,6,5,4,7,6,0,0,0,1,0,0,1
7698,1976,GBA,1291250.0,2026-05-11,31,152000,22000,5000,2000,3000,7000,1,1,4,4,5,0,0,0,0,0,0,0
6197,1962,GBA,680950.0,2025-04-20,72,37000,17000,0,0,0,3000,3,0,3,3,9,0,0,0,0,0,0,0
7378,1981,Córdoba,1050525.0,2024-08-31,11,393000,136000,5000,7000,5000,27000,5,1,10,6,9,0,0,1,0,0,0,0
8008,1983,CABA,901875.0,2025-12-09,86,46000,30000,1000,12000,0,30000,1,0,2,4,6,0,0,0,0,0,0,0
3321,1967,GBA,1414375.0,2025-05-05,5,421000,90000,16000,0,5000,10000,3,3,7,7,5,0,0,0,0,0,0,0
1497,1952,CABA,1198950.0,2025-01-19,15,268000,88000,3000,15000,11000,22000,2,3,6,5,5,0,0,0,0,0,0,0
5545,1972,GBA,1951875.0,2026-04-05,2,572000,259000,35000,34000,8000,80000,1,5,3,5,1,0,0,0,0,0,0,0
1619,1956,CABA,2259225.0,2026-04-28,9,292000,981000,23000,224000,51000,17000,1,6,4,6,1,0,0,0,0,0,0,1
4248,1960,Córdoba,2469425.0,2026-02-17,33,1000000,711000,115000,125000,19000,38000,0,6,4,9,1,0,0,0,1,0,0,0
3406,1964,CABA,1149725.0,2024-10-22,22,138000,87000,24000,28000,33000,12000,4,2,3,7,3,0,0,0,0,0,0,0
1168,1978,GBA,1803975.0,2024-10-29,11,322000,899000,40000,34000,53000,53000,1,6,4,10,2,0,0,0,0,0,0,0
1183,1949,Córdoba,910200.0,2025-09-21,34,9000,4000,2000,3000,1000,3000,1,0,1,2,6,0,0,0,0,0,0,0
5985,1965,Córdoba,829200.0,2024-10-13,3,80000,37000,1000,0,1000,3000,3,1,2,4,7,0,0,0,0,0,0,0
2878,1947,GBA,1686800.0,2025-09-28,7,162000,127000,17000,8000,31000,69000,2,2,4,7,3,0,0,0,0,0,0,0
195,1972,CABA,970200.0,2024-08-26,93,125000,52000,19000,3000,17000,30000,4,1,5,4,8,0,0,1,0,0,0,1
9495,1982,CABA,1796325.0,2025-05-08,12,358000,413000,97000,141000,108000,32000,1,8,2,6,1,0,0,0,0,0,0,0
1087,1975,Córdoba,566725.0,2025-05-22,28,16000,36000,22000,37000,14000,48000,3,1,4,2,9,0,0,0,0,0,0,1
3643,1974,Córdoba,1580150.0,2026-03-20,25,750000,125000,8000,11000,8000,26000,1,3,4,6,2,0,0,0,0,1,0,0
9081,1988,CABA,512950.0,2026-05-18,17,4000,6000,1000,4000,1000,9000,1,1,1,2,5,0,0,0,0,0,0,0
8625,1976,CABA,441225.0,2025-11-12,83,15000,23000,5000,0,1000,1000,3,0,3,3,8,0,0,0,0,0,0,0
5234,1967,Rosario,768825.0,2025-07-11,85,12000,25000,9000,0,5000,30000,2,1,1,3,5,0,0,0,0,0,0,0
10492,1959,CABA,957125.0,2026-06-24,10,2000,5000,0,2000,0,1000,1,0,0,3,2,0,0,0,0,0,0,0
4791,1980,CABA,1124100.0,2024-12-16,86,19000,17000,0,2000,1000,2000,1,0,1,3,8,0,0,0,0,0,0,0
1384,1992,Rosario,431400.0,2025-11-23,13,6000,14000,8000,8000,4000,22000,2,1,2,2,8,0,0,1,0,0,0,0
9826,1972,GBA,2171425.0,2024-09-12,26,899000,838000,102000,133000,102000,40000,1,6,5,10,2,0,0,0,0,0,0,1
10207,1978,CABA,569375.0,2025-06-19,25,5000,8000,0,0,1000,1000,1,0,1,2,8,0,0,0,0,0,0,0
9738,1986,Córdoba,1059650.0,2025-01-13,30,65000,16000,4000,0,4000,11000,1,0,3,3,8,0,0,0,0,0,0,0
9507,1975,CABA,1019850.0,2025-04-07,30,261000,73000,23000,4000,23000,50000,2,3,6,5,7,0,0,0,0,0,0,0
6887,1967,CABA,1978650.0,2026-04-24,16,245000,223000,43000,21000,16000,16000,2,1,8,8,6,0,0,0,0,0,0,0
2416,1969,GBA,1664550.0,2026-03-03,30,789000,420000,38000,16000,25000,0,1,8,2,9,1,0,0,0,0,0,0,0
10991,1960,Córdoba,2226450.0,2024-12-07,8,454000,106000,22000,31000,194000,43000,1,4,5,4,2,0,0,0,0,0,0,0
2518,1986,Rosario,512275.0,2025-01-25,82,5000,5000,2000,4000,4000,10000,1,1,0,2,7,0,0,0,0,0,0,0
5667,1964,GBA,1522400.0,2024-10-11,2,1013000,399000,46000,60000,30000,153000,3,10,9,4,6,0,0,0,0,0,0,1
5036,1984,GBA,1067750.0,2024-11-28,3,252000,42000,3000,4000,3000,102000,2,5,4,3,6,0,0,0,0,0,0,0
7022,1971,CABA,1911125.0,2024-09-28,8,739000,309000,80000,140000,107000,35000,1,5,2,13,6,0,0,0,0,0,0,0
158,1945,GBA,1790100.0,2025-11-17,29,345000,528000,75000,98000,53000,97000,1,3,8,5,4,0,0,1,0,0,0,1
6383,1971,GBA,822300.0,2026-05-25,27,26000,15000,1000,2000,0,2000,2,0,3,3,8,0,0,0,0,0,0,0
10928,1958,CABA,1672150.0,2025-09-16,26,315000,62000,31000,41000,4000,146000,2,1,7,7,5,0,0,0,0,0,0,0
1744,1965,Rosario,588225.0,2025-01-07,36,9000,13000,2000,3000,7000,20000,1,1,1,2,6,0,0,0,0,0,0,0
1388,1975,CABA,831225.0,2025-02-20,71,6000,21000,14000,19000,10000,42000,2,1,2,3,6,0,0,0,0,0,0,0
9907,1969,Córdoba,1661900.0,2025-12-04,24,742000,152000,9000,25000,28000,57000,2,8,6,10,4,0,0,0,0,0,0,0
6287,1986,CABA,868200.0,2025-07-30,75,14000,16000,0,0,0,6000,1,1,1,2,6,0,0,0,0,0,0,1
5626,1964,GBA,1544950.0,2025-11-23,13,338000,89000,8000,11000,4000,13000,1,2,4,9,4,0,0,0,0,0,0,0
4138,1962,CABA,1915600.0,2026-05-24,23,411000,147000,115000,54000,106000,66000,1,10,5,7,1,0,0,1,0,0,0,0
1020,1973,CABA,1989825.0,2026-05-12,14,350000,568000,133000,110000,60000,145000,1,6,5,7,2,0,0,0,0,1,0,0
9384,1978,CABA,1659325.0,2025-06-12,3,328000,124000,24000,12000,9000,109000,7,2,4,10,3,0,0,0,0,0,0,0
8362,1982,GBA,2104225.0,2025-08-07,6,1478000,403000,19000,0,19000,0,1,6,7,6,3,0,0,0,1,1,0,1
5995,1962,CABA,988800.0,2024-12-18,10,165000,147000,24000,4000,3000,41000,7,2,6,5,8,0,0,0,0,0,0,1
8925,1965,Córdoba,1751325.0,2025-07-03,1,512000,98000,179000,81000,53000,89000,3,5,8,10,5,0,0,0,0,0,0,0
1461,1965,GBA,923025.0,2025-07-28,8,17000,12000,1000,3000,1000,4000,2,0,2,3,7,0,0,0,0,0,0,0
9076,1980,GBA,768300.0,2025-01-05,32,155000,25000,1000,0,1000,3000,4,1,4,4,8,0,0,0,0,0,0,0
5846,1977,CABA,1006150.0,2024-12-19,97,2000,6000,1000,2000,1000,1000,1,0,1,2,6,0,0,0,0,0,0,0
2130,1982,CABA,1130075.0,2026-03-23,66,35000,67000,8000,10000,3000,24000,1,1,3,3,6,0,0,0,0,0,0,1
10341,1948,CABA,1282875.0,2026-02-23,9,68000,39000,30000,16000,28000,41000,1,2,2,5,2,0,0,0,0,0,0,0
8370,1976,Rosario,1887100.0,2024-08-02,22,378000,259000,194000,197000,97000,34000,2,3,7,6,4,0,0,0,0,0,0,0
8916,1975,CABA,915675.0,2025-07-23,76,9000,5000,0,0,1000,1000,1,0,0,3,5,0,0,0,0,0,0,0
2478,1973,CABA,635250.0,2025-08-31,7,2000,4000,13000,13000,2000,4000,1,0,1,4,4,0,0,0,0,0,0,0
10477,1973,GBA,985875.0,2025-08-06,39,71000,18000,0,0,0,13000,1,1,3,2,7,0,0,0,0,0,0,0
833,1955,Córdoba,961300.0,2026-03-30,22,56000,14000,0,0,0,2000,3,0,3,3,7,0,0,0,0,0,0,0
2942,1964,CABA,1147650.0,2025-05-07,11,305000,27000,3000,4000,3000,144000,2,4,5,4,5,0,0,1,0,0,0,0
1945,1962,CABA,1785850.0,2025-09-18,20,711000,217000,96000,172000,36000,168000,3,4,7,7,4,1,0,0,1,0,0,0
254,1955,CABA,1346575.0,2026-05-17,2,399000,30000,4000,6000,4000,30000,3,1,7,7,7,0,0,0,1,0,0,0
3759,1958,CABA,1629900.0,2025-07-25,3,743000,181000,0,12000,19000,200000,2,6,7,11,5,0,0,1,0,0,0,0
125,1958,Rosario,1327075.0,2025-05-15,15,215000,33000,0,3000,7000,13000,6,1,5,5,7,0,0,0,1,0,0,0
793,1973,CABA,522375.0,2024-10-06,81,18000,17000,0,3000,3000,4000,1,0,2,3,9,0,0,0,0,0,0,0
5136,1973,CABA,1633325.0,2026-01-17,7,654000,92000,15000,0,7000,30000,7,4,9,8,6,0,0,0,1,1,0,0
3409,1984,CABA,902700.0,2025-10-15,74,141000,129000,11000,3000,8000,47000,3,1,7,4,9,0,0,1,0,0,0,0
6658,1972,CABA,1496700.0,2025-07-22,6,771000,154000,10000,54000,51000,154000,7,2,11,12,6,0,0,0,0,0,0,0
3336,1948,GBA,1659375.0,2025-11-21,33,712000,45000,0,0,0,191000,3,4,2,5,7,0,0,1,0,0,0,0
3298,1956,Córdoba,1324325.0,2024-11-08,18,856000,76000,9000,12000,0,199000,7,6,9,9,8,0,0,0,0,0,0,0
7755,1954,GBA,1443600.0,2025-11-12,15,350000,39000,0,0,3000,19000,2,1,9,4,8,0,0,0,0,0,0,0
10708,1978,Rosario,924375.0,2025-12-28,37,10000,11000,4000,0,6000,2000,1,0,1,3,7,0,0,0,0,0,0,0
10936,1965,CABA,1804750.0,2025-02-13,28,597000,597000,166000,172000,166000,249000,1,6,5,4,3,0,0,0,0,0,0,0
8800,1943,GBA,1223700.0,2025-02-01,25,437000,206000,49000,160000,8000,42000,2,10,7,5,6,0,0,1,0,0,0,1
7849,1970,GBA,2008400.0,2025-09-09,2,209000,456000,142000,160000,19000,66000,1,9,2,13,1,0,0,0,0,0,0,0
176,1980,Rosario,1687650.0,2026-01-02,38,90000,67000,36000,33000,38000,67000,1,1,4,6,3,0,0,0,0,0,0,0
8341,1969,GBA,759900.0,2026-04-30,62,15000,6000,1000,0,0,12000,2,1,1,2,7,0,0,1,0,0,0,1
3428,1991,GBA,1717050.0,2025-10-06,31,919000,505000,30000,99000,0,45000,1,9,4,10,2,0,0,0,0,0,0,0
5121,1977,CABA,1415700.0,2026-03-21,15,479000,82000,17000,7000,5000,171000,2,6,7,5,5,0,0,1,0,0,0,0
1764,1975,CABA,848875.0,2025-08-09,23,100000,128000,7000,23000,2000,10000,4,1,5,5,8,0,0,0,0,0,0,0
8955,1957,GBA,1011275.0,2026-02-16,31,35000,4000,0,0,0,10000,1,1,1,2,5,0,0,1,0,0,0,0
3081,1978,GBA,1025350.0,2025-04-22,6,7000,6000,0,2000,2000,3000,1,0,1,2,7,0,0,0,0,0,0,0
8789,1989,Rosario,1476500.0,2026-01-11,97,35000,111000,40000,36000,40000,12000,3,1,3,7,4,0,0,0,0,0,0,0
2686,1969,Rosario,559750.0,2025-10-21,4,0,4000,1000,15000,1000,5000,1,0,1,2,7,0,0,0,0,0,0,0
1994,1983,CABA,,2025-11-15,24,5000,6000,2000,0,5000,1000,1,0,1,2,7,0,0,0,0,0,0,0
4370,1966,CABA,1087050.0,2025-11-13,22,18000,32000,3000,6000,1000,28000,3,0,2,4,6,0,0,0,0,0,0,0
8692,1952,CABA,1086550.0,2024-09-12,14,90000,97000,6000,15000,17000,15000,6,1,4,5,8,0,0,0,0,0,0,0
2286,1962,CABA,1269625.0,2025-09-10,99,64000,21000,1000,0,1000,27000,2,1,2,3,6,0,0,0,0,0,0,0
75,1982,Rosario,1025975.0,2025-07-25,17,34000,137000,61000,179000,11000,45000,1,1,8,5,8,0,0,0,0,0,0,0
10032,1976,CABA,314275.0,2026-01-18,14,3000,14000,12000,2000,5000,17000,4,1,3,3,6,0,0,0,0,0,0,0
520,1974,CABA,860525.0,2025-07-01,86,3000,7000,2000,6000,3000,9000,1,0,1,2,7,0,0,0,0,0,0,0
178,1956,CABA,1562575.0,2025-02-18,24,478000,193000,75000,110000,0,117000,4,3,8,11,5,0,0,0,0,0,0,0
5929,1973,GBA,935025.0,2026-05-06,59,19000,19000,1000,3000,3000,3000,2,0,2,3,7,0,0,0,0,0,0,0
1627,1957,Rosario,1932425.0,2025-01-26,26,408000,109000,122000,48000,61000,41000,1,7,5,9,4,1,0,0,0,0,0,0
9504,1949,Córdoba,2042450.0,2025-11-06,31,179000,520000,123000,111000,28000,47000,1,8,3,13,1,0,0,0,0,0,0,1
607,1955,Rosario,1044225.0,2025-02-13,20,302000,131000,0,32000,29000,27000,6,1,8,7,8,0,0,0,0,0,0,0
9635,1983,Córdoba,896900.0,2026-04-20,13,66000,40000,3000,4000,2000,14000,1,1,3,3,6,0,0,0,0,0,0,0
1377,1954,Córdoba,1113775.0,2025-08-31,78,182000,33000,0,0,4000,66000,2,1,4,5,7,0,0,0,0,0,0,0
6521,1954,CABA,1949300.0,2026-03-18,17,613000,319000,102000,33000,22000,12000,1,6,4,9,1,0,0,0,0,0,0,0
8923,1973,CABA,2097925.0,2025-04-18,16,514000,732000,198000,42000,22000,79000,1,7,6,7,3,0,0,0,0,0,0,1
1990,1974,GBA,1578975.0,2024-11-05,19,965000,586000,86000,89000,34000,37000,1,5,3,8,3,0,0,1,0,0,0,0
9381,1978,CABA,1659325.0,2025-06-12,26,328000,124000,24000,12000,9000,109000,7,2,4,10,3,0,0,0,0,0,0,0
10855,1968,Córdoba,1250350.0,2026-01-22,25,234000,77000,10000,19000,14000,42000,2,1,4,8,5,0,0,0,0,0,0,0
7791,1967,Córdoba,926350.0,2025-09-15,56,12000,6000,1000,0,1000,5000,2,0,1,3,7,0,0,0,0,0,0,0
2961,1982,CABA,1052025.0,2025-02-26,75,175000,110000,6000,54000,10000,27000,2,3,6,4,6,0,0,1,0,0,0,0
4679,1977,Córdoba,1967750.0,2026-05-23,19,721000,152000,50000,119000,0,50000,3,6,7,12,4,0,0,0,0,0,0,0
10856,1980,Rosario,1147225.0,2025-07-02,15,31000,6000,1000,0,0,8000,1,0,1,3,6,0,0,0,0,0,0,0
3170,1957,Córdoba,1703700.0,2025-08-31,7,389000,408000,57000,37000,66000,85000,1,4,4,6,2,0,0,0,0,0,0,0
1131,1967,GBA,1314225.0,2026-04-05,96,85000,3000,0,0,0,7000,1,0,2,4,3,0,0,0,0,0,0,0
7899,1952,GBA,1940250.0,2024-10-29,17,1245000,332000,33000,21000,33000,16000,2,7,4,4,7,0,0,0,0,0,0,0
7832,1959,Córdoba,1938000.0,2025-08-28,9,940000,396000,88000,0,44000,58000,1,7,8,7,4,1,0,1,0,1,0,1
10390,1959,Rosario,672175.0,2025-02-10,26,6000,4000,4000,3000,7000,6000,1,0,1,3,6,0,0,0,0,0,0,0
5232,1965,CABA,1728475.0,2026-01-27,14,86000,75000,15000,33000,12000,6000,1,1,4,5,4,0,0,0,0,0,0,0
1490,1962,CABA,1393975.0,2024-11-28,22,675000,85000,7000,10000,0,77000,5,3,10,8,8,0,0,0,0,0,0,0
10159,1970,CABA,1467750.0,2025-03-31,20,440000,368000,122000,0,81000,174000,6,5,11,9,6,0,0,0,0,0,0,0
2612,1987,CABA,1894850.0,2025-12-24,20,754000,625000,32000,63000,160000,48000,1,5,7,12,3,1,0,0,0,0,0,0
5782,1982,Rosario,1464550.0,2025-09-28,9,402000,106000,77000,101000,35000,42000,2,2,9,9,5,0,0,0,1,0,0,0
5623,1980,Córdoba,788375.0,2025-09-26,34,15000,13000,0,0,4000,19000,1,1,1,2,7,0,0,1,0,0,0,0
3120,1981,CABA,963675.0,2025-08-28,66,6000,10000,1000,0,1000,4000,1,0,1,2,8,0,0,0,0,0,1,0
5048,1971,GBA,1069175.0,2025-05-11,28,20000,43000,5000,19000,6000,38000,1,1,3,2,8,0,0,0,0,0,0,0
10992,1967,CABA,1892550.0,2024-08-29,7,650000,353000,42000,45000,28000,30000,5,6,4,11,8,0,0,0,0,0,0,0
7533,1964,CABA,1227400.0,2025-09-24,4,144000,32000,1000,2000,1000,7000,4,1,4,4,7,0,0,0,0,0,0,0
4184,1950,GBA,1303925.0,2026-06-07,12,189000,29000,2000,3000,2000,40000,2,2,3,5,4,0,0,0,0,0,0,0
2669,1993,CABA,1857325.0,2026-05-04,5,375000,335000,91000,93000,152000,81000,1,4,5,6,2,0,0,0,0,0,0,0
10176,1968,CABA,1427675.0,2024-08-24,21,159000,120000,0,0,0,137000,7,4,4,8,8,0,1,0,1,0,0,1
1448,1963,Córdoba,839050.0,2026-06-25,96,21000,12000,3000,0,12000,3000,3,0,2,4,4,0,0,0,0,0,0,0
6798,1966,CABA,926750.0,2025-03-20,19,231000,137000,15000,4000,7000,39000,9,1,5,8,7,0,0,0,0,0,0,1
48,1964,CABA,1394025.0,2026-04-24,36,136000,12000,3000,0,1000,32000,2,1,4,3,6,0,0,0,1,0,0,0
10837,1975,CABA,598925.0,2024-10-28,63,2000,18000,11000,20000,1000,16000,1,0,2,3,6,0,0,0,0,0,0,1
7244,1951,CABA,,2026-01-01,61,48000,48000,10000,6000,5000,7000,3,1,2,4,6,0,0,0,0,0,0,0
4436,1976,CABA,504500.0,2025-02-20,95,18000,24000,20000,15000,42000,18000,1,1,2,4,7,0,0,0,0,0,0,0
3712,1959,CABA,1308300.0,2025-08-28,29,212000,33000,0,7000,5000,2000,1,2,3,6,4,0,0,0,1,0,0,0
4915,1956,Rosario,1330750.0,2024-08-03,17,176000,98000,21000,136000,72000,229000,4,2,5,12,5,0,0,0,0,0,0,0
5748,1965,CABA,1493850.0,2024-12-01,23,115000,44000,146000,4000,27000,139000,3,2,5,6,5,0,0,0,0,0,0,1
1331,1977,CABA,894750.0,2025-01-02,93,12000,20000,1000,30000,6000,3000,2,0,2,3,7,0,0,0,0,0,0,0
6919,1978,Rosario,655600.0,2025-06-04,82,4000,15000,9000,13000,7000,15000,3,1,2,3,6,0,0,0,0,0,0,0
5394,1979,Rosario,400350.0,2025-03-17,15,3000,4000,8000,7000,9000,7000,4,1,1,4,3,0,0,0,0,0,0,0
2350,1972,CABA,1491650.0,2025-03-22,24,623000,178000,17000,23000,53000,133000,7,2,3,8,8,0,0,0,1,0,0,0
1916,1954,Córdoba,1143400.0,2025-07-24,13,188000,180000,3000,20000,3000,43000,5,1,7,6,7,0,0,0,0,0,0,0
3117,1955,CABA,,2025-10-18,7,264000,21000,6000,12000,0,147000,3,1,6,5,7,0,0,0,0,0,0,0
3790,1956,CABA,865825.0,2026-01-23,36,8000,5000,0,0,1000,1000,1,0,1,2,6,0,0,0,0,0,0,0
477,1986,CABA,2087800.0,2026-06-17,14,1060000,835000,20000,80000,61000,101000,1,7,4,10,1,1,1,1,0,1,0,1
9212,1962,Córdoba,1820700.0,2025-02-14,33,1205000,235000,14000,19000,0,205000,6,3,6,13,7,0,0,0,0,0,0,0
8213,1980,Rosario,362875.0,2024-11-09,8,6000,9000,36000,6000,4000,35000,4,2,2,3,7,0,0,0,0,0,0,1
2570,1968,CABA,1413350.0,2025-07-23,21,691000,61000,0,10000,7000,46000,4,4,10,7,8,0,1,0,1,0,0,1
3010,1989,Córdoba,2210500.0,2026-05-02,19,957000,612000,95000,99000,153000,153000,1,7,4,8,1,1,0,1,0,1,0,0
6728,1985,CABA,727575.0,2024-08-27,86,16000,17000,3000,6000,0,6000,2,0,1,3,9,0,0,0,0,0,0,0
10466,1965,CABA,1109825.0,2025-08-22,84,24000,20000,2000,2000,2000,10000,2,0,1,4,4,0,0,0,0,0,0,0
3007,1966,CABA,943950.0,2024-10-04,18,27000,10000,0,0,2000,1000,2,0,1,3,8,0,0,0,0,0,0,0
9697,1951,CABA,1344750.0,2026-03-06,10,335000,127000,5000,28000,42000,5000,3,2,7,8,6,0,0,0,0,0,0,0
8605,1964,GBA,1172750.0,2026-03-23,32,48000,14000,0,0,0,6000,2,0,2,3,6,0,0,0,0,0,0,0
3112,1977,Córdoba,567525.0,2025-09-05,38,2000,9000,4000,0,4000,5000,1,0,1,3,5,0,0,0,0,0,0,0
9668,1971,CABA,469825.0,2025-01-12,35,4000,20000,17000,0,16000,20000,3,0,2,4,8,0,0,0,0,0,0,0
6183,1962,Córdoba,1466150.0,2025-06-10,27,62000,44000,5000,6000,1000,22000,1,1,2,4,4,0,0,0,0,0,0,0
1826,1970,CABA,2120875.0,2026-06-16,28,189000,379000,189000,111000,104000,218000,1,4,4,6,1,0,0,0,0,0,0,1
1041,1973,GBA,1210800.0,2024-10-18,11,322000,50000,3000,4000,3000,42000,5,1,7,6,8,0,0,0,0,0,0,1
4669,1981,Rosario,612000.0,2025-02-11,78,4000,9000,25000,28000,19000,17000,3,0,3,4,7,0,0,0,0,0,0,0
8545,1954,CABA,2142075.0,2026-03-21,13,1296000,311000,69000,45000,17000,51000,1,4,2,10,1,1,1,0,1,1,0,1
8619,1957,CABA,549850.0,2024-12-24,19,9000,6000,1000,3000,0,3000,1,0,0,3,5,0,0,0,0,0,0,0
5868,1980,CABA,477675.0,2025-08-22,61,2000,9000,5000,10000,4000,16000,2,0,1,3,7,0,0,0,0,0,0,0
10479,1975,GBA,1915450.0,2024-12-07,7,749000,294000,160000,121000,40000,147000,1,2,3,5,1,0,0,0,0,0,0,0
5899,1950,GBA,141200.0,2026-03-13,17,28000,6000,1000,1000,0,13000,1,0,1,0,20,0,0,1,0,0,0,0
5682,1953,GBA,1602700.0,2025-03-23,33,948000,86000,21000,13000,10000,21000,4,9,6,11,5,0,0,0,0,0,0,0
5299,1970,GBA,1727100.0,2025-11-19,24,1181000,199000,30000,39000,107000,30000,2,3,7,13,8,0,0,0,0,0,0,0
2379,1953,CABA,1731675.0,2024-09-22,27,778000,499000,73000,95000,44000,146000,2,4,3,5,7,0,0,0,0,0,0,1
9597,1969,CABA,1836200.0,2026-02-10,16,236000,189000,41000,23000,106000,130000,1,2,7,9,4,0,0,0,0,0,0,0
10380,1972,Córdoba,944675.0,2025-09-20,93,40000,40000,3000,4000,1000,18000,1,0,3,3,8,0,0,0,0,0,0,0
1052,1969,CABA,1419900.0,2025-02-16,8,656000,161000,47000,62000,38000,37000,3,9,8,7,7,0,0,0,0,0,0,0
9974,1974,CABA,765775.0,2025-07-12,7,15000,20000,5000,4000,6000,20000,1,1,3,2,7,0,0,0,0,0,0,0
10591,1969,CABA,1090950.0,2024-08-06,6,63000,83000,19000,7000,10000,19000,2,1,4,4,7,0,0,0,0,0,0,0
10352,1963,CABA,855325.0,2024-09-07,63,50000,28000,3000,6000,4000,26000,3,1,3,2,9,0,0,0,0,0,0,1
7458,1956,Córdoba,873525.0,2025-03-06,24,39000,25000,3000,4000,2000,24000,2,0,3,3,8,0,0,0,0,0,0,0
2106,1974,Rosario,503250.0,2026-03-17,25,0,3000,6000,7000,6000,12000,1,0,1,3,8,0,0,0,0,0,0,0
9481,1976,CABA,428700.0,2026-01-28,9,9000,11000,10000,13000,9000,16000,4,1,3,3,8,0,0,0,0,0,0,0
4887,1976,GBA,1385300.0,2025-11-22,96,10000,28000,1000,11000,5000,8000,1,0,2,3,5,0,0,0,0,0,0,0
9370,1945,GBA,1646150.0,2025-05-17,26,562000,276000,40000,80000,81000,81000,1,3,6,6,4,0,0,0,0,0,0,0
10104,1974,CABA,839750.0,2025-11-03,6,4000,2000,0,0,0,2000,1,0,1,2,7,0,0,0,0,0,0,0
3037,1983,GBA,1253750.0,2025-06-20,30,135000,92000,61000,65000,46000,11000,2,2,5,7,5,0,0,0,0,0,0,0
10839,1976,CABA,907075.0,2026-04-14,96,6000,5000,0,8000,5000,5000,2,0,1,3,4,0,0,0,0,0,0,0
9930,1944,GBA,2067900.0,2025-11-05,18,606000,228000,148000,15000,148000,22000,1,8,6,13,2,0,0,0,0,0,0,0
1456,1979,CABA,1511850.0,2025-04-01,14,265000,303000,9000,234000,199000,170000,7,2,10,12,7,0,0,0,0,0,0,0
1518,1965,Córdoba,1567350.0,2025-06-17,28,379000,157000,91000,25000,6000,91000,5,3,9,7,7,0,0,0,0,0,0,0
3136,1962,Córdoba,1485800.0,2025-04-13,5,317000,265000,19000,25000,25000,12000,3,3,5,11,5,0,0,0,0,0,0,0
238,1967,Rosario,1682725.0,2025-01-23,22,515000,181000,95000,149000,47000,95000,15,6,9,9,7,0,0,0,0,0,0,0
8690,1962,CABA,2152775.0,2025-04-19,13,399000,756000,40000,36000,28000,126000,1,7,5,10,2,0,0,0,0,0,0,0
6768,1962,CABA,946475.0,2025-01-12,71,22000,8000,1000,2000,1000,2000,2,0,1,3,8,0,0,0,0,0,0,0
10790,1985,GBA,454225.0,2025-02-19,27,9000,5000,0,0,0,7000,1,0,1,2,8,0,0,0,0,0,0,0
4656,1990,Rosario,1281250.0,2025-03-30,16,342000,230000,32000,34000,32000,40000,5,5,10,4,9,0,0,1,0,0,0,0
10573,1953,CABA,1563775.0,2025-11-18,1,125000,98000,21000,134000,16000,27000,1,7,6,4,3,0,0,1,0,0,0,0
9260,1945,GBA,1758900.0,2024-11-05,21,1349000,249000,16000,43000,16000,33000,2,6,10,9,6,0,0,0,0,0,0,0
6912,1967,GBA,1581150.0,2025-08-20,28,593000,91000,22000,29000,30000,7000,1,3,6,12,4,0,0,0,0,0,0,0
4252,1965,CABA,1109375.0,2026-03-23,34,213000,28000,7000,7000,5000,41000,1,1,4,6,5,0,0,0,0,0,0,0
3517,1952,CABA,1022175.0,2025-05-06,86,50000,44000,10000,10000,4000,43000,3,1,3,3,9,0,0,0,0,0,0,1
3717,1959,CABA,1529500.0,2026-04-23,23,403000,29000,24000,6000,24000,218000,2,5,5,6,3,0,0,1,0,0,0,0
8015,1962,GBA,2142400.0,2025-05-03,7,714000,395000,0,116000,76000,12000,1,6,4,9,1,0,0,0,0,0,0,1
6177,1985,GBA,836350.0,2025-05-08,68,76000,56000,1000,3000,10000,23000,2,0,4,4,8,0,0,0,0,0,0,0
9739,1963,CABA,859425.0,2025-01-19,36,62000,22000,1000,3000,0,26000,2,2,2,2,7,0,0,0,0,0,0,0
2162,1976,CABA,1423475.0,2025-09-18,6,256000,103000,29000,90000,34000,49000,2,3,3,10,3,0,0,0,0,0,0,0
1880,1959,GBA,1338425.0,2026-01-30,82,81000,6000,0,0,0,6000,2,1,2,3,5,0,0,0,0,0,0,0
5954,1972,Córdoba,1065450.0,2025-10-09,28,76000,74000,5000,13000,14000,10000,2,0,5,4,8,0,0,0,0,0,0,0
10394,1984,CABA,2250000.0,2025-12-23,25,675000,133000,192000,94000,144000,241000,1,8,4,5,1,1,0,1,0,1,0,0
4369,1957,Córdoba,1637175.0,2026-01-10,16,240000,500000,0,199000,67000,163000,3,5,3,6,2,0,0,0,0,0,0,0
115,1966,Córdoba,1086400.0,2025-03-26,83,275000,68000,7000,25000,11000,7000,3,1,5,8,5,0,0,0,0,0,0,0
5253,1956,Córdoba,1365075.0,2025-07-09,84,145000,46000,2000,17000,13000,4000,6,2,4,4,7,0,0,0,0,0,0,0
2072,1969,GBA,1334350.0,2024-08-16,33,896000,101000,10000,13000,10000,34000,6,2,4,9,9,0,0,1,0,0,0,1
8687,1978,CABA,1329300.0,2025-05-06,6,121000,90000,20000,68000,62000,125000,3,3,2,8,3,0,0,0,0,0,0,0
1030,1965,GBA,1015925.0,2025-07-17,99,22000,13000,0,0,0,3000,2,0,1,3,7,0,0,0,0,0,0,0
6445,1967,CABA,1670625.0,2025-07-14,15,243000,405000,40000,29000,101000,40000,1,5,4,6,2,0,0,0,0,0,0,0
5966,1974,GBA,1130175.0,2024-11-10,67,203000,10000,0,0,0,2000,5,1,3,6,6,0,0,0,1,0,0,0
7699,1969,CABA,1014750.0,2025-10-02,80,154000,50000,11000,6000,0,37000,5,4,3,3,6,0,0,1,0,0,0,0
10542,1968,GBA,919450.0,2024-08-05,57,29000,34000,4000,2000,4000,4000,3,0,3,3,9,0,0,0,0,0,0,0
4472,1970,GBA,892050.0,2026-06-27,80,23000,8000,2000,6000,0,18000,1,1,1,3,2,0,0,0,0,0,0,0
2426,1964,GBA,1970625.0,2024-09-14,25,483000,114000,37000,169000,74000,18000,1,10,5,13,3,0,0,0,0,0,0,1
10473,1956,GBA,1950700.0,2024-09-10,13,158000,288000,0,25000,19000,38000,1,4,6,9,7,0,0,0,1,1,0,1
1173,1947,Córdoba,1940800.0,2025-03-10,18,1200000,758000,42000,0,105000,147000,1,2,4,6,2,0,0,0,1,1,0,1
7990,1947,CABA,686725.0,2024-08-02,82,9000,2000,2000,3000,1000,0,1,0,0,3,6,0,0,0,0,0,0,0
3202,1987,GBA,1289075.0,2024-10-01,13,1166000,48000,0,0,0,36000,1,4,4,10,8,0,0,0,1,1,0,0
1031,1989,Rosario,2142750.0,2025-05-05,28,600000,350000,30000,29000,20000,33000,1,9,6,10,2,0,0,0,0,1,0,0
10092,1954,CABA,1751100.0,2025-02-18,22,1073000,250000,14000,153000,0,14000,4,10,7,5,5,0,0,0,0,0,0,0
9723,1960,CABA,1692900.0,2025-01-10,13,530000,217000,9000,62000,142000,56000,4,4,7,13,5,0,0,0,1,0,0,0
2939,1970,Córdoba,1985475.0,2026-06-22,22,751000,687000,15000,20000,127000,31000,1,6,4,4,2,0,0,0,0,0,0,0
6289,1951,Córdoba,1484625.0,2025-04-28,5,135000,10000,4000,0,0,36000,2,1,3,4,5,0,0,0,0,0,0,0
6182,1984,CABA,666150.0,2026-02-10,73,11000,20000,3000,10000,4000,5000,2,0,2,4,6,0,0,0,0,0,0,0
9958,1972,CABA,1642125.0,2026-03-29,29,642000,49000,7000,0,14000,57000,1,2,9,9,5,0,0,0,0,0,0,0
67,1972,Córdoba,1160575.0,2025-09-18,7,68000,16000,0,0,0,8000,3,0,2,4,7,0,0,0,0,0,0,0
6142,1943,Córdoba,1626825.0,2025-08-20,3,629000,177000,0,69000,17000,8000,1,3,5,5,2,0,0,0,0,0,1,0
5987,1989,Rosario,260100.0,2026-05-04,98,2000,11000,6000,10000,2000,12000,2,0,1,4,5,0,0,0,0,0,0,0
3445,1956,CABA,1517850.0,2025-01-17,2,216000,224000,92000,101000,162000,162000,2,4,7,10,5,0,0,0,0,0,0,1
1225,1963,CABA,2003100.0,2026-06-26,8,483000,398000,84000,205000,84000,241000,1,7,3,8,1,0,0,1,0,0,0,0
3478,1971,GBA,1514625.0,2025-06-24,3,267000,309000,42000,55000,42000,21000,10,4,7,9,5,0,0,0,0,0,0,1
4073,1954,Rosario,1589100.0,2026-01-29,19,769000,252000,34000,15000,80000,65000,1,10,10,7,6,0,0,1,0,0,0,1
961,1972,CABA,1867900.0,2025-09-12,11,133000,421000,195000,13000,27000,71000,2,3,7,5,4,0,0,0,0,0,0,0
22,1976,CABA,1157750.0,2024-12-03,19,185000,88000,5000,15000,2000,14000,2,1,6,5,8,0,0,0,0,0,0,0
263,1945,GBA,1139400.0,2026-05-28,32,56000,29000,14000,2000,19000,25000,1,1,3,3,8,0,0,0,0,0,0,1
6864,1989,Córdoba,274475.0,2026-05-22,32,8000,10000,2000,2000,4000,4000,2,0,3,3,5,0,0,0,0,0,0,0
10364,1959,CABA,582375.0,2025-07-13,58,0,1000,12000,2000,0,5000,1,0,1,2,8,0,0,0,0,0,0,0
10270,1981,Rosario,888075.0,2025-10-03,58,11000,22000,5000,12000,5000,11000,2,0,3,3,7,0,0,0,0,0,0,0
1245,1966,CABA,1595250.0,2024-11-11,9,977000,253000,12000,16000,12000,101000,4,3,4,12,8,0,0,0,1,0,0,0
5896,1987,Córdoba,1834875.0,2026-03-18,8,272000,80000,7000,20000,7000,11000,1,4,4,6,2,0,0,0,0,0,0,0
10640,1974,CABA,1109800.0,2025-09-05,58,87000,71000,12000,7000,5000,29000,5,1,4,4,7,0,0,0,0,0,0,0
1458,1982,Córdoba,526475.0,2026-01-07,80,8000,19000,3000,3000,3000,8000,3,0,3,3,6,0,0,0,0,0,0,0
849,1953,Córdoba,1403225.0,2025-06-20,23,320000,133000,72000,39000,48000,48000,4,2,6,10,4,0,0,0,0,0,0,0
4136,1992,Rosario,187500.0,2024-12-03,31,10000,18000,26000,8000,17000,40000,4,2,3,2,9,0,0,0,0,0,0,0
3102,1981,Rosario,485350.0,2025-10-16,57,2000,12000,5000,3000,3000,7000,1,0,1,3,8,0,0,0,0,0,0,0
1503,1976,GBA,4059925.0,2025-06-03,84,85000,16000,1000,2000,1000,2000,0,0,0,1,1,0,0,0,0,0,0,0
944,1962,CABA,1404525.0,2025-01-08,22,121000,69000,44000,8000,103000,48000,1,2,4,7,4,0,0,0,0,0,0,0
2740,1958,GBA,835950.0,2025-09-22,58,62000,16000,2000,3000,1000,6000,4,1,2,4,5,0,0,0,0,0,0,0
8135,1986,Córdoba,679025.0,2025-10-28,73,7000,23000,0,7000,4000,11000,1,0,1,3,7,0,0,0,0,0,0,0
3266,1964,CABA,1063075.0,2026-04-23,19,14000,11000,26000,3000,36000,35000,1,1,1,4,2,0,0,0,0,0,0,0
5872,1951,CABA,1517225.0,2025-06-01,16,240000,216000,6000,63000,90000,24000,4,4,4,10,3,0,0,0,0,0,0,0
9707,1969,GBA,1380300.0,2024-11-23,24,1103000,45000,0,0,0,34000,3,2,4,11,8,0,1,0,1,0,0,0
271,1969,CABA,1014750.0,2025-10-02,87,154000,50000,11000,6000,0,37000,5,4,3,3,6,0,0,1,0,0,0,0
1834,1978,Córdoba,888600.0,2026-03-08,70,30000,23000,1000,4000,5000,4000,1,0,2,3,7,0,0,0,0,0,0,0
8985,1964,Rosario,1707900.0,2024-11-04,10,806000,161000,11000,120000,80000,33000,5,7,10,10,6,0,0,0,0,0,0,0
5961,1978,CABA,1067325.0,2026-06-07,79,8000,20000,3000,6000,4000,16000,1,0,1,3,5,0,0,0,0,0,0,0
8700,1986,Rosario,372650.0,2024-12-22,8,7000,14000,16000,7000,7000,15000,3,1,2,3,7,0,0,0,0,0,0,0
3129,1983,CABA,752400.0,2026-05-22,74,5000,11000,5000,12000,3000,9000,1,0,2,3,6,0,0,0,0,0,0,0
5642,1979,Córdoba,1562475.0,2025-12-09,97,140000,61000,13000,0,4000,4000,2,1,3,6,4,0,0,0,0,0,0,0
460,1972,GBA,1998250.0,2024-08-08,26,792000,740000,51000,67000,86000,17000,1,5,3,8,2,0,0,0,0,0,0,0
1146,1949,Córdoba,1247800.0,2024-09-07,24,520000,223000,49000,32000,8000,42000,4,5,10,7,8,0,0,1,0,0,0,1
10203,1990,CABA,652375.0,2025-06-30,71,11000,9000,1000,3000,7000,11000,1,0,1,3,7,0,0,0,0,0,0,0
10581,1977,CABA,1028100.0,2024-10-31,27,281000,84000,0,15000,7000,119000,7,3,7,4,8,0,0,0,0,0,0,0
8523,1968,CABA,483225.0,2025-12-14,13,24000,16000,2000,12000,1000,5000,3,0,4,3,8,0,0,0,0,0,0,0
8755,1946,Córdoba,1716425.0,2025-02-20,27,482000,471000,68000,119000,34000,22000,1,5,3,9,7,0,0,0,0,0,0,0
5429,1948,GBA,1139475.0,2025-08-20,69,145000,33000,1000,2000,1000,1000,1,1,4,4,6,0,0,0,0,0,0,0
4855,1974,GBA,758775.0,2025-06-06,29,14000,24000,3000,3000,0,2000,1,0,3,2,9,0,0,0,0,0,0,1
10513,1992,CABA,1580175.0,2025-01-20,4,438000,565000,169000,91000,169000,70000,1,3,2,6,7,1,0,0,0,0,0,0
2544,1951,Córdoba,1438250.0,2025-10-12,94,50000,27000,7000,6000,1000,1000,1,1,1,4,1,0,0,0,0,0,0,0
5341,1962,Rosario,2049375.0,2025-01-05,27,983000,184000,138000,180000,76000,27000,1,3,6,4,7,0,0,0,0,1,0,0
2253,1990,CABA,473225.0,2025-02-16,83,32000,8000,4000,23000,0,18000,1,0,1,4,6,0,0,0,0,0,0,0
5012,1989,CABA,717275.0,2025-07-04,9,5000,13000,0,8000,4000,4000,1,0,1,3,8,0,0,0,0,0,0,0
2258,1986,CABA,822000.0,2024-12-04,92,8000,15000,6000,7000,4000,2000,1,0,1,3,8,0,0,0,0,0,0,0
6583,1955,Rosario,1815875.0,2025-06-03,25,390000,323000,35000,104000,22000,107000,1,8,6,6,3,1,0,0,0,0,0,0
10906,1948,GBA,1167025.0,2025-10-08,28,269000,69000,19000,15000,15000,38000,2,6,4,4,5,0,0,0,0,0,0,0
4790,1958,CABA,1995075.0,2026-06-02,19,574000,216000,16000,21000,8000,33000,1,3,4,5,1,0,0,0,0,0,0,0
10258,1965,Córdoba,894775.0,2025-05-06,28,27000,5000,0,0,0,3000,2,0,1,3,8,0,0,0,0,0,0,0
569,1991,CABA,2256825.0,2025-12-14,5,704000,853000,74000,120000,129000,111000,1,6,5,7,2,1,0,0,1,1,0,1
2230,1970,GBA,590650.0,2026-05-24,96,27000,14000,0,0,2000,0,3,1,3,3,5,0,0,0,0,0,0,0
5547,1982,GBA,2104225.0,2025-08-07,33,1478000,403000,19000,0,19000,0,1,6,7,6,3,0,0,0,1,1,0,1
4198,1965,CABA,741800.0,2025-03-12,55,9000,3000,4000,0,1000,8000,1,0,0,3,6,0,0,0,0,0,0,0
10981,1988,CABA,2105475.0,2026-02-02,8,434000,400000,137000,45000,137000,45000,1,4,3,10,1,0,0,0,0,0,0,0
7106,1943,GBA,1896625.0,2026-03-31,3,483000,591000,0,156000,0,12000,1,5,3,10,1,0,0,0,0,0,0,0
380,1954,CABA,1612425.0,2024-09-10,29,1170000,320000,32000,42000,48000,192000,5,4,11,9,8,0,0,1,0,0,0,1
7342,1961,Rosario,1479600.0,2024-09-09,22,341000,113000,151000,259000,142000,66000,3,6,6,12,5,0,0,0,0,0,0,0
3584,1955,GBA,1241675.0,2024-08-20,30,1181000,120000,13000,17000,26000,39000,2,10,5,5,8,0,0,1,0,0,0,1
10144,1976,CABA,1284225.0,2024-10-25,16,297000,79000,11000,0,7000,182000,2,2,8,4,8,0,0,0,0,0,0,0
3412,1951,Córdoba,1684525.0,2025-01-15,33,815000,53000,0,11000,8000,70000,4,2,2,9,7,0,0,0,1,0,0,0
3595,1963,CABA,1930650.0,2026-02-28,6,631000,239000,76000,128000,43000,21000,2,8,6,12,3,0,0,0,0,0,0,0
9799,1968,GBA,2091600.0,2025-05-08,31,866000,151000,21000,28000,21000,86000,3,2,2,12,5,0,0,0,0,0,0,0
6515,1977,CABA,994275.0,2025-12-06,91,6000,18000,8000,2000,2000,14000,1,0,2,3,4,0,0,0,0,0,0,0
6340,1985,CABA,748450.0,2025-10-27,22,3000,7000,2000,0,3000,11000,2,0,1,3,6,0,0,0,0,0,0,0
3104,1961,CABA,2058300.0,2024-09-17,26,830000,968000,79000,51000,59000,19000,1,3,5,12,2,0,0,0,0,1,0,1
1077,1974,CABA,1417875.0,2024-12-05,17,258000,239000,172000,237000,105000,9000,1,3,7,4,4,0,0,0,0,0,0,0
1928,1973,CABA,795350.0,2025-02-09,18,35000,20000,1000,4000,3000,20000,2,0,2,3,9,0,0,1,0,0,0,0
4310,1944,CABA,2014725.0,2026-01-22,26,507000,520000,40000,242000,93000,26000,1,10,5,5,1,1,0,0,0,0,0,1
11091,1953,CABA,864675.0,2026-05-16,99,7000,9000,0,2000,2000,2000,2,0,1,3,4,0,0,0,0,0,0,0
3696,1965,CABA,765750.0,2026-01-27,34,27000,12000,0,2000,1000,10000,2,0,2,3,7,0,0,0,0,0,0,0
5080,1993,CABA,1762875.0,2025-10-21,10,420000,452000,64000,182000,0,140000,1,6,6,4,2,0,0,0,0,0,0,1
6673,1965,CABA,586950.0,2025-03-19,14,28000,27000,17000,12000,6000,39000,1,0,3,3,8,0,0,0,0,0,0,0
10613,1958,GBA,933350.0,2026-02-26,57,26000,16000,2000,2000,1000,15000,4,0,3,4,4,0,0,0,0,0,0,0
7761,1978,Rosario,967550.0,2025-08-01,89,13000,24000,8000,13000,11000,40000,2,0,3,4,6,0,0,0,0,0,0,0
11007,1968,GBA,729675.0,2025-05-09,59,26000,6000,0,0,0,2000,1,0,1,3,8,0,0,0,0,0,0,0
4939,1946,CABA,944000.0,2024-08-31,22,84000,38000,12000,150000,5000,28000,2,1,4,6,7,0,0,0,0,0,0,0
773,1971,Córdoba,1070875.0,2025-06-30,33,379000,93000,9000,12000,4000,98000,7,6,6,4,6,0,0,0,0,0,0,0
10500,1984,CABA,794025.0,2026-04-05,32,19000,20000,14000,16000,1000,28000,2,0,3,4,5,0,0,0,0,0,0,0
9729,1955,CABA,1456875.0,2025-06-02,1,189000,253000,43000,56000,10000,64000,6,2,8,7,7,0,0,0,0,0,0,0
1970,1968,Córdoba,851325.0,2024-09-10,36,63000,21000,0,7000,0,12000,1,0,3,3,8,0,0,0,0,0,0,0
7532,1980,CABA,1089650.0,2024-08-30,35,99000,11000,0,4000,2000,16000,3,0,3,4,8,0,0,0,0,0,0,0
3667,1969,CABA,2023800.0,2025-02-28,32,778000,689000,27000,41000,178000,44000,1,5,8,11,8,1,0,0,1,1,0,1
6049,1982,Córdoba,1836250.0,2025-12-05,7,1142000,415000,69000,90000,51000,37000,1,8,7,11,3,1,0,1,0,0,0,0
2877,1974,Córdoba,1150350.0,2025-01-21,17,410000,59000,9000,19000,0,44000,10,1,7,8,7,0,0,0,0,0,0,0
11086,1984,Rosario,642675.0,2026-01-18,84,1000,2000,6000,3000,6000,3000,1,0,1,3,7,0,0,0,0,0,0,0
2134,1952,CABA,1342500.0,2024-08-17,7,263000,233000,41000,69000,5000,83000,4,5,5,8,5,0,0,0,0,0,0,0
2802,1992,Rosario,2175000.0,2024-12-15,2,196000,607000,17000,67000,25000,49000,1,6,4,7,2,0,0,0,0,0,0,0
10711,1945,CABA,1743875.0,2025-10-02,6,217000,373000,23000,111000,77000,93000,1,6,3,12,1,0,0,0,0,0,0,0
9931,1963,GBA,100575.0,2026-06-23,88,5000,1000,1000,1000,0,1000,15,0,0,0,19,0,0,0,0,0,0,0
8204,1971,Rosario,1951025.0,2024-12-16,17,482000,553000,160000,72000,35000,17000,1,4,4,9,2,0,0,0,0,0,0,0
5534,1975,Córdoba,1195200.0,2025-10-20,55,123000,26000,0,2000,1000,72000,2,2,3,3,7,0,0,1,0,0,0,0
891,1951,Córdoba,732450.0,2025-09-07,33,6000,2000,0,2000,0,1000,1,0,1,2,5,0,0,0,0,0,0,0
4682,1958,CABA,1296900.0,2025-10-15,78,99000,102000,48000,28000,27000,6000,1,2,2,8,1,0,0,0,0,0,0,0
4477,1958,CABA,1727400.0,2025-09-27,19,247000,159000,82000,7000,49000,109000,1,2,5,10,4,0,0,0,0,0,0,0
9298,1947,GBA,2039350.0,2026-04-28,18,1252000,465000,35000,46000,0,0,1,5,4,8,1,0,0,0,1,1,0,0
5268,1960,CABA,736000.0,2025-08-11,84,17000,14000,4000,10000,8000,3000,2,0,1,4,7,0,0,0,0,0,0,0
1740,1944,CABA,1398900.0,2026-04-07,5,760000,104000,9000,50000,38000,38000,2,3,7,4,4,0,0,0,1,0,0,0
9760,1963,GBA,1306950.0,2025-01-25,14,953000,71000,0,0,0,174000,6,5,10,10,8,0,0,0,0,0,0,1
7999,1955,GBA,1881525.0,2025-04-23,6,1239000,413000,34000,23000,17000,17000,1,6,5,5,2,0,0,0,1,1,0,1
3270,1978,Rosario,427925.0,2025-01-17,77,12000,38000,18000,30000,23000,7000,4,1,3,3,9,0,0,0,0,0,0,0
3767,1968,CABA,1532850.0,2025-04-25,25,378000,189000,172000,97000,0,172000,2,5,5,12,3,0,0,0,0,0,0,0
5067,1994,CABA,2003350.0,2026-02-14,8,966000,282000,26000,52000,26000,26000,1,7,2,11,5,1,1,0,1,1,0,0
7030,1955,GBA,1661625.0,2025-03-30,15,1200000,204000,29000,38000,0,14000,3,9,11,12,6,1,0,0,0,0,0,0
8143,1985,GBA,948225.0,2025-07-30,24,202000,46000,2000,3000,2000,10000,2,2,4,5,7,1,0,0,1,0,0,1
6999,1980,Córdoba,1741525.0,2026-05-13,16,656000,106000,16000,32000,16000,8000,1,3,7,12,3,0,0,0,0,0,0,0
7873,1973,GBA,1587900.0,2025-07-06,25,141000,114000,14000,15000,11000,5000,4,1,4,7,5,0,0,0,0,0,0,0
3878,1980,Rosario,796475.0,2026-02-27,28,3000,7000,8000,15000,4000,11000,1,0,1,3,7,0,0,0,0,0,0,0
8962,1975,Córdoba,1107975.0,2026-04-17,6,26000,8000,0,0,0,3000,2,0,2,3,5,0,0,0,0,0,0,0
7788,1983,GBA,588400.0,2026-06-04,39,6000,3000,0,0,0,1000,1,0,0,3,3,0,0,0,0,0,0,0
3722,1972,CABA,1112575.0,2026-04-16,25,31000,8000,0,0,1000,8000,2,0,2,3,6,0,0,0,0,0,0,0
7613,1974,Rosario,1241725.0,2026-05-24,89,166000,107000,8000,11000,5000,29000,2,1,5,6,6,0,0,0,0,0,0,0
10478,1950,GBA,1387925.0,2024-09-27,16,483000,108000,6000,0,0,36000,5,1,11,6,9,0,0,0,0,0,0,1
2410,1969,CABA,2041425.0,2026-01-22,8,364000,425000,60000,158000,40000,50000,1,4,3,8,1,0,0,0,0,0,0,0
8754,1974,GBA,1126700.0,2025-05-16,71,14000,3000,0,0,0,3000,1,0,1,2,7,0,0,0,0,0,0,0
6327,1967,CABA,1644425.0,2025-12-19,24,565000,435000,32000,28000,32000,54000,1,8,2,6,1,0,0,0,0,0,0,0
6906,1953,Córdoba,2123825.0,2025-06-03,14,167000,602000,72000,63000,48000,72000,1,10,3,4,2,1,0,0,1,1,0,1
2098,1969,GBA,839525.0,2025-01-08,66,11000,5000,0,0,0,1000,1,0,1,2,8,0,0,0,0,0,0,0
10795,1973,GBA,935025.0,2026-05-06,27,19000,19000,1000,3000,3000,3000,2,0,2,3,7,0,0,0,0,0,0,0
1710,1978,CABA,754200.0,2025-03-07,29,154000,66000,12000,0,20000,27000,7,1,6,4,9,0,0,0,0,0,0,0
5802,1972,Rosario,354700.0,2025-02-28,76,2000,11000,12000,16000,7000,27000,1,0,2,4,6,0,0,0,0,0,0,0
4102,1975,Rosario,932100.0,2025-03-29,81,11000,2000,1000,2000,1000,6000,1,0,0,3,6,0,0,0,0,0,0,0
4168,1966,CABA,926750.0,2025-03-20,14,231000,137000,15000,4000,7000,39000,9,1,5,8,7,0,0,0,0,0,0,1
9262,1984,Rosario,810350.0,2025-07-04,24,20000,5000,9000,0,6000,12000,1,0,1,3,7,0,0,1,0,0,0,0
361,1969,Córdoba,1078550.0,2026-02-18,70,5000,7000,1000,2000,1000,4000,1,0,1,2,7,0,0,0,0,0,0,0
4107,1948,GBA,1167025.0,2025-10-08,30,269000,69000,19000,15000,15000,38000,2,6,4,4,5,0,0,0,0,0,0,0
7152,1983,Córdoba,677500.0,2025-04-05,38,12000,13000,0,2000,0,10000,1,0,1,3,7,0,0,0,0,0,0,0
5837,1967,CABA,1286975.0,2024-12-28,1,247000,160000,8000,6000,8000,65000,7,3,6,6,7,0,0,0,0,0,0,0
35,1987,CABA,638625.0,2024-09-08,80,32000,64000,12000,16000,1000,85000,3,2,2,3,6,0,0,0,0,0,0,1
7369,1981,Córdoba,923975.0,2025-10-02,93,25000,25000,0,6000,6000,0,2,0,2,3,8,0,0,0,0,0,0,0
1351,1956,Córdoba,1466400.0,2024-09-20,14,962000,194000,24000,16000,12000,12000,4,8,7,13,6,0,0,0,0,1,0,0
10770,1959,CABA,1637300.0,2026-01-26,25,247000,295000,85000,210000,161000,47000,2,7,4,13,2,0,0,0,0,0,0,0
9316,1952,Rosario,327100.0,2025-11-02,25,2000,7000,7000,3000,0,10000,1,0,1,3,6,0,0,0,0,0,0,0
968,1968,Córdoba,1033375.0,2025-12-26,38,112000,21000,14000,16000,19000,5000,3,1,4,4,7,0,0,0,0,0,0,0
2634,1979,Córdoba,416325.0,2026-04-18,10,5000,31000,4000,15000,7000,7000,3,1,2,3,6,0,0,0,0,0,0,1
3267,1963,Córdoba,1432200.0,2026-06-25,29,527000,21000,0,0,0,60000,3,1,8,8,6,0,0,0,1,0,0,0
6749,1966,CABA,2158950.0,2024-08-08,8,957000,494000,47000,82000,47000,95000,4,3,5,6,8,0,0,0,0,0,0,0
3523,1962,CABA,1876800.0,2025-01-23,14,583000,309000,22000,0,34000,125000,2,4,5,8,3,0,0,0,0,0,0,0
4179,1959,CABA,605525.0,2025-08-20,62,8000,9000,5000,2000,9000,22000,1,1,1,3,4,0,0,0,0,0,0,0
3439,1972,CABA,1418025.0,2024-10-31,33,157000,39000,13000,6000,6000,75000,5,1,4,5,6,0,0,0,0,0,0,0
9560,1965,CABA,2075075.0,2025-03-03,20,856000,570000,25000,40000,61000,122000,1,6,7,8,3,0,0,0,0,1,0,1
5172,1976,Córdoba,1627600.0,2025-11-14,6,738000,232000,20000,13000,0,50000,2,5,3,7,7,0,0,0,0,0,0,0
4328,1986,Rosario,548875.0,2025-09-07,89,5000,7000,14000,17000,1000,11000,2,1,2,3,6,0,0,0,0,0,0,0
4207,1981,GBA,2179275.0,2025-05-01,13,1001000,107000,44000,58000,44000,44000,1,7,6,11,2,0,0,1,0,1,0,0
4475,1949,GBA,1727450.0,2025-02-16,12,1315000,780000,0,145000,22000,178000,1,8,7,9,5,0,0,0,0,0,0,0
7348,1958,GBA,1792275.0,2026-03-17,32,336000,411000,32000,240000,130000,43000,1,7,4,5,2,0,0,0,0,0,0,1
7631,1978,Córdoba,1533650.0,2025-10-06,29,562000,168000,16000,43000,58000,142000,1,7,5,10,3,0,0,0,0,0,0,0
4201,1962,CABA,1449175.0,2025-03-03,1,229000,137000,0,4000,7000,91000,5,2,4,8,5,0,0,0,0,0,0,0
5441,1965,GBA,1352775.0,2025-08-25,24,267000,54000,3000,8000,6000,50000,2,2,5,6,5,0,0,0,0,0,0,0
3799,1955,CABA,1680625.0,2025-11-26,20,315000,322000,7000,46000,35000,143000,3,2,7,11,5,0,0,0,0,0,0,0
979,1975,CABA,831225.0,2025-02-20,34,6000,21000,14000,19000,10000,42000,2,1,2,3,6,0,0,0,0,0,0,0
11121,1981,CABA,485475.0,2024-11-10,82,2000,28000,3000,16000,14000,7000,4,0,4,3,9,0,0,0,0,0,0,0
10489,1973,CABA,2323875.0,2025-08-19,15,693000,925000,24000,31000,21000,84000,1,7,6,9,2,1,0,0,0,1,0,1
3075,1972,GBA,1499325.0,2025-09-11,74,130000,168000,34000,20000,30000,0,1,4,3,7,1,0,0,0,0,0,0,0
3139,1982,Rosario,1852900.0,2025-12-30,12,871000,704000,55000,145000,111000,166000,1,4,4,10,2,0,0,0,1,0,0,0
4440,1964,Córdoba,1602500.0,2025-09-10,23,509000,27000,0,0,0,10000,1,3,8,6,7,0,0,0,1,0,0,0
10872,1969,GBA,1380300.0,2024-11-23,8,1103000,45000,0,0,0,34000,3,2,4,11,8,0,1,0,1,0,0,0
618,1977,GBA,1734725.0,2024-09-28,21,422000,238000,46000,69000,7000,15000,1,2,7,12,4,0,0,0,0,0,0,0
3578,1949,CABA,1229000.0,2025-10-20,78,122000,43000,10000,25000,21000,15000,2,1,3,6,6,0,0,0,0,0,0,0
8773,1971,Córdoba,1435500.0,2025-06-25,81,280000,18000,0,0,0,24000,3,1,5,6,7,0,0,0,1,0,0,0
8557,1982,CABA,,2025-06-17,21,11000,22000,2000,2000,3000,6000,2,0,2,3,6,0,0,0,0,0,0,0
2730,1955,CABA,2007925.0,2025-08-20,22,536000,387000,91000,149000,11000,57000,1,4,3,10,1,0,0,0,0,0,0,0
3955,1965,CABA,121525.0,2026-06-22,62,2000,1000,0,1000,1000,1000,0,0,0,0,14,0,0,0,0,0,0,0
5823,1970,GBA,807575.0,2026-03-08,96,35000,2000,0,0,0,2000,2,0,1,4,5,0,0,0,0,0,0,0
6439,1958,CABA,1526850.0,2024-08-17,27,789000,133000,28000,0,0,152000,7,5,11,8,7,0,0,0,0,0,0,0
8140,1973,CABA,567050.0,2025-10-03,91,10000,29000,2000,4000,14000,36000,3,1,2,4,4,0,0,0,0,0,0,0
6001,1979,CABA,1419375.0,2025-01-02,14,614000,160000,35000,58000,35000,35000,2,8,5,10,5,0,0,0,0,0,0,0
9283,1978,CABA,1504975.0,2025-09-12,30,8000,7000,0,2000,1000,0,1,0,0,3,4,0,0,0,0,0,0,0
11071,1984,CABA,1990175.0,2025-04-21,17,450000,951000,0,173000,133000,216000,1,6,3,6,1,0,0,0,0,0,0,1
8312,1961,Rosario,706225.0,2026-06-15,59,1000,7000,14000,2000,9000,10000,1,0,2,3,6,0,0,0,0,0,0,0
7881,1946,Córdoba,1670875.0,2025-09-28,27,620000,195000,17000,34000,26000,141000,1,4,6,13,2,0,0,0,0,0,0,0
8275,1965,GBA,1175625.0,2026-02-09,31,16000,3000,0,0,0,1000,1,0,1,2,7,0,0,0,0,0,0,0
5558,1954,GBA,2273325.0,2026-03-31,9,1020000,430000,63000,62000,31000,79000,1,6,4,4,1,0,0,0,0,1,0,0
9523,1982,CABA,1011975.0,2025-08-17,94,5000,8000,0,2000,0,0,1,0,0,3,4,0,0,0,0,0,0,0
3483,1958,CABA,1204800.0,2025-04-06,6,1039000,204000,58000,153000,43000,29000,3,8,2,12,8,1,1,0,1,0,0,1
4174,1956,Córdoba,1381225.0,2026-04-17,21,97000,19000,0,2000,1000,11000,1,1,2,4,3,0,0,0,0,0,0,0
4964,1958,GBA,1856250.0,2026-01-26,18,680000,392000,0,75000,11000,0,1,11,2,4,1,0,0,0,0,0,0,0
1010,1977,CABA,1173275.0,2026-04-24,66,41000,17000,1000,3000,0,16000,2,1,1,3,3,0,0,0,0,0,0,0
3968,1970,Rosario,1642650.0,2025-06-28,31,918000,129000,0,13000,10000,129000,1,3,11,12,7,0,1,0,1,1,0,1
4786,1977,CABA,1883250.0,2024-10-04,28,555000,257000,61000,93000,82000,61000,4,3,10,12,6,0,0,0,0,0,0,0
9589,1948,GBA,2050800.0,2026-04-05,26,332000,377000,125000,149000,194000,57000,0,6,4,7,1,0,0,0,0,0,0,0
5848,1970,CABA,2030125.0,2026-01-13,12,724000,929000,55000,97000,74000,130000,1,6,5,7,2,0,1,1,0,1,0,1
5320,1973,Córdoba,1101275.0,2025-01-29,18,79000,58000,3000,6000,7000,18000,4,1,3,4,6,0,0,0,0,0,0,1
5589,1964,CABA,1299575.0,2024-08-31,26,631000,115000,7000,10000,0,30000,3,2,9,10,7,0,0,0,0,0,0,0
4333,1954,CABA,803600.0,2026-03-23,95,41000,10000,0,0,0,3000,4,1,2,3,7,0,0,0,1,0,0,0
10949,1963,GBA,1824200.0,2025-12-16,11,1092000,592000,37000,145000,37000,55000,1,5,5,8,3,1,0,0,0,0,0,1
9905,1952,CABA,851850.0,2025-07-13,79,135000,41000,1000,10000,1000,67000,5,3,3,3,6,0,0,1,0,0,0,0
5153,1967,GBA,1944150.0,2025-02-22,18,1004000,265000,59000,115000,59000,27000,2,10,11,11,6,0,0,1,0,0,0,1
8584,1952,GBA,2135775.0,2025-06-08,11,376000,462000,53000,168000,53000,53000,1,7,2,7,0,0,0,0,0,0,0,0
6336,1960,CABA,732875.0,2026-04-06,18,13000,14000,7000,8000,2000,4000,4,0,2,4,6,0,0,0,0,0,0,0
4789,1953,CABA,2020300.0,2025-09-17,23,769000,500000,143000,210000,22000,33000,1,8,4,5,2,1,0,1,0,1,0,0
10562,1946,Córdoba,1670875.0,2025-09-28,31,620000,195000,17000,34000,26000,141000,1,4,6,13,2,0,0,0,0,0,0,0
7187,1969,Córdoba,,2025-05-18,7,375000,48000,66000,94000,42000,96000,7,10,4,4,3,0,0,0,0,0,0,0
6421,1961,CABA,2208675.0,2025-07-03,3,1050000,555000,138000,77000,178000,118000,1,7,4,9,1,1,0,0,0,0,0,0
1176,1973,CABA,655700.0,2025-09-22,61,2000,4000,1000,3000,6000,9000,1,0,1,2,8,0,0,0,0,0,0,0
10057,1951,CABA,1807050.0,2025-07-19,18,503000,419000,139000,90000,27000,153000,1,7,5,9,7,0,0,0,0,0,0,1
10398,1981,Rosario,608400.0,2024-08-27,59,1000,2000,2000,8000,6000,12000,1,0,1,2,7,0,0,0,0,0,0,0
8594,1958,GBA,1263000.0,2026-01-28,77,112000,6000,1000,2000,0,14000,2,1,3,3,6,0,0,0,0,0,0,0
3697,1954,CABA,997450.0,2025-02-12,97,69000,26000,7000,12000,8000,12000,2,0,3,4,7,0,0,0,0,0,0,0
771,1967,CABA,1354450.0,2026-01-21,14,135000,39000,0,4000,9000,7000,1,2,2,5,2,0,0,0,0,0,0,0
4298,1973,GBA,510675.0,2026-03-24,21,5000,4000,0,0,0,1000,1,0,1,2,8,0,0,0,0,0,0,0
10862,1960,Córdoba,763050.0,2024-08-17,29,179000,83000,11000,19000,8000,26000,5,2,1,9,2,0,0,0,0,0,0,0
486,1988,CABA,2105475.0,2026-02-02,6,434000,400000,137000,45000,137000,45000,1,4,3,10,1,0,0,0,0,0,0,0
8614,1957,CABA,1637150.0,2026-05-12,21,245000,125000,67000,37000,19000,14000,1,2,4,10,2,0,0,0,0,0,0,0
7186,1966,GBA,771075.0,2026-05-26,71,24000,2000,0,0,0,9000,2,1,1,2,5,0,0,1,0,0,0,0
8724,1982,CABA,714175.0,2025-06-17,20,11000,22000,2000,2000,3000,6000,2,0,2,3,6,0,0,0,0,0,0,0
10163,1984,GBA,2068325.0,2025-09-10,6,712000,420000,38000,65000,50000,38000,1,4,8,7,4,0,0,0,0,0,0,1
3233,1965,GBA,1568625.0,2025-03-23,13,562000,464000,10000,28000,21000,32000,3,8,7,11,5,0,0,0,0,0,0,0
9264,1986,CABA,1988225.0,2026-04-27,17,423000,706000,197000,73000,42000,197000,1,8,4,9,2,0,0,0,0,0,0,0
2891,1963,CABA,1702950.0,2025-10-18,19,595000,123000,23000,10000,23000,154000,2,9,8,4,6,0,0,0,0,0,0,0
4643,1973,CABA,695075.0,2024-08-26,65,8000,46000,9000,38000,26000,49000,2,0,3,4,8,0,0,0,0,0,0,0
5314,1951,CABA,1017225.0,2025-03-18,2,270000,27000,6000,39000,3000,99000,7,1,7,5,8,0,0,0,0,0,0,0
10888,1961,CABA,1148450.0,2025-11-03,31,273000,178000,83000,62000,11000,29000,2,4,8,6,6,0,0,0,0,0,0,0
8812,1979,Rosario,338325.0,2025-03-10,71,12000,8000,0,8000,3000,17000,2,0,2,3,7,0,0,0,0,0,0,0
5455,1971,GBA,800275.0,2025-08-22,73,99000,15000,1000,2000,0,5000,3,1,2,4,7,0,0,0,0,0,0,0
713,1977,Córdoba,1258825.0,2026-06-08,6,141000,153000,31000,67000,15000,35000,1,4,4,6,3,0,0,0,0,0,0,0
3469,1977,GBA,862175.0,2024-09-06,20,19000,33000,1000,24000,18000,8000,3,0,3,3,9,0,0,0,0,0,0,0
10789,1964,GBA,1143975.0,2025-02-23,88,42000,18000,0,3000,1000,4000,2,0,2,3,7,0,0,0,0,0,0,0
1715,1978,CABA,646275.0,2025-02-11,16,9000,18000,5000,7000,4000,5000,2,0,2,3,7,0,0,0,0,0,0,0
5113,1971,GBA,2174475.0,2025-11-07,14,584000,835000,83000,65000,100000,35000,1,5,5,5,2,0,0,1,0,0,0,1
10403,1978,CABA,413275.0,2026-06-18,14,2000,6000,5000,7000,13000,11000,3,0,3,3,7,0,0,0,0,0,0,0
6516,1989,Rosario,437175.0,2025-03-18,55,0,1000,4000,7000,0,6000,1,0,1,2,7,0,0,0,0,0,0,0
1158,1966,CABA,1221925.0,2026-01-05,6,102000,15000,0,2000,1000,24000,1,0,3,4,7,0,0,0,0,0,0,0
7297,1973,CABA,187500.0,2025-12-26,38,5000,10000,7000,12000,3000,20000,4,1,3,3,7,0,0,0,0,0,0,0
793,1973,CABA,522375.0,2024-10-06,81,18000,17000,0,3000,3000,4000,1,0,2,3,9,0,0,0,0,0,0,0
7275,1971,Córdoba,832900.0,2025-10-04,83,79000,31000,4000,4000,1000,12000,3,1,2,4,6,0,0,0,0,0,0,0
7397,1951,CABA,1227250.0,2025-07-19,5,494000,82000,0,7000,5000,100000,3,2,7,9,7,0,0,0,0,0,0,0
1570,1951,GBA,1742550.0,2025-02-19,11,664000,240000,19000,50000,9000,57000,2,7,7,10,4,0,0,0,0,0,0,0
8786,1956,Córdoba,1551450.0,2025-05-26,4,301000,74000,0,10000,7000,58000,4,1,6,7,6,0,0,0,0,0,0,0
9246,1985,Córdoba,1002525.0,2024-10-14,15,171000,129000,24000,26000,3000,62000,4,1,6,6,7,0,0,0,0,0,0,0
5287,1973,CABA,874025.0,2026-06-19,17,45000,26000,1000,4000,2000,1000,3,1,3,3,7,0,0,0,0,0,0,0
1517,1969,CABA,770550.0,2025-06-14,87,3000,13000,12000,2000,9000,12000,1,0,1,3,7,0,0,0,0,0,0,0
3503,1950,CABA,2061500.0,2025-12-02,31,255000,573000,32000,52000,47000,15000,1,3,5,6,1,0,0,0,0,0,0,0
10311,1969,CABA,110700.0,2025-10-05,4,16000,12000,4000,2000,4000,321000,0,0,25,0,1,0,0,0,0,0,0,0
10548,1995,CABA,1779075.0,2026-03-09,30,283000,372000,106000,138000,17000,44000,1,8,3,12,1,0,0,0,0,0,0,0
7592,1946,GBA,1275300.0,2025-04-18,11,102000,63000,9000,2000,9000,24000,1,1,4,4,6,0,0,0,0,0,0,0
9349,1985,CABA,2313325.0,2025-12-19,27,693000,118000,147000,110000,21000,42000,1,5,6,11,2,1,0,0,0,1,0,0
2549,1983,GBA,546000.0,2025-07-21,93,17000,9000,0,0,0,1000,1,0,1,3,9,0,0,0,0,0,0,0
4114,1964,Córdoba,1978575.0,2024-08-11,5,650000,780000,167000,27000,37000,32000,1,9,6,13,3,0,0,0,0,0,0,0
6071,1989,CABA,2030425.0,2025-07-19,9,493000,324000,40000,146000,70000,84000,1,7,3,11,1,0,0,0,0,0,0,0
4676,1951,Córdoba,1842625.0,2026-03-05,15,612000,520000,107000,258000,91000,107000,2,6,9,8,5,0,0,0,0,0,0,0
8707,1956,CABA,1986400.0,2024-08-22,13,565000,548000,83000,64000,42000,99000,1,6,5,4,3,0,0,0,0,0,0,1
9617,1951,CABA,375825.0,2026-04-16,67,0,5000,0,6000,4000,4000,1,0,1,3,3,0,0,0,0,0,0,0
837,1977,CABA,1370225.0,2025-09-11,37,63000,57000,13000,13000,6000,22000,4,1,2,5,4,0,0,0,0,0,0,0
5267,1970,CABA,849650.0,2025-03-14,9,16000,18000,1000,2000,2000,5000,1,0,1,3,7,0,0,0,0,0,0,0
8588,1961,CABA,1513600.0,2024-08-25,68,201000,43000,5000,3000,2000,35000,4,1,5,5,6,0,0,0,0,0,0,0
8970,1972,GBA,1550250.0,2024-10-23,23,371000,39000,0,6000,22000,92000,4,2,6,7,5,0,0,0,0,0,0,0
6977,1974,CABA,1892550.0,2024-10-14,19,1073000,629000,37000,145000,0,37000,1,5,10,13,6,0,0,0,0,1,0,0
6215,1977,CABA,783825.0,2025-12-29,34,10000,10000,1000,3000,0,7000,2,1,1,2,8,0,0,0,0,0,0,1
8017,1981,Rosario,1277775.0,2026-06-19,81,22000,19000,5000,6000,0,3000,2,0,2,3,6,0,0,0,0,0,0,0
3422,1975,CABA,1901700.0,2024-11-29,10,1115000,128000,12000,33000,12000,76000,1,3,2,4,6,0,1,0,1,0,0,0
309,1961,GBA,1583550.0,2024-10-16,15,918000,118000,10000,13000,21000,21000,3,3,8,5,6,0,0,0,1,0,0,0
4608,1987,CABA,2034025.0,2026-02-25,17,163000,424000,65000,27000,23000,76000,1,10,3,13,1,0,0,0,0,0,0,1
7660,1973,GBA,896500.0,2026-05-19,25,15000,8000,2000,4000,0,20000,2,1,1,2,5,0,0,1,0,0,0,1
78,1969,CABA,632325.0,2025-09-15,3,15000,11000,2000,0,0,9000,1,1,1,2,8,0,0,0,0,0,0,0
9916,1954,CABA,974950.0,2024-11-03,21,34000,14000,0,0,1000,5000,3,0,2,3,8,0,0,0,0,0,1,0
4867,1968,GBA,955900.0,2025-09-20,34,58000,18000,0,2000,0,10000,4,0,3,4,7,0,0,0,0,0,0,0
10242,1966,GBA,1186800.0,2025-09-16,13,56000,11000,0,0,0,8000,2,0,2,4,5,0,0,0,0,0,0,0
5176,1988,CABA,740100.0,2025-12-08,33,7000,13000,6000,7000,6000,14000,1,0,1,3,9,0,0,1,0,0,0,0
2895,1963,CABA,1249500.0,2025-10-23,14,104000,54000,9000,13000,1000,14000,2,1,3,5,5,0,0,0,0,0,0,0
2516,1969,Rosario,1170775.0,2025-06-08,20,22000,10000,4000,6000,2000,34000,2,2,1,2,4,0,0,0,0,0,0,0
5524,1957,CABA,1453450.0,2024-09-04,29,635000,546000,88000,172000,88000,88000,3,10,8,4,7,0,0,0,0,0,0,1
832,1966,GBA,1645350.0,2026-03-02,30,561000,113000,14000,10000,14000,35000,3,2,8,10,5,0,0,0,0,0,0,0
7261,1971,CABA,865000.0,2025-01-01,19,199000,60000,3000,8000,33000,15000,5,2,5,5,8,0,0,0,0,0,0,1
2930,1978,Córdoba,1702300.0,2025-12-16,6,852000,207000,36000,78000,60000,48000,2,6,2,10,5,0,0,0,0,0,0,0
5407,1954,CABA,1327575.0,2025-09-12,11,729000,133000,0,11000,17000,195000,5,6,10,7,7,0,0,1,0,0,0,0
2797,1977,CABA,1802925.0,2025-08-20,17,707000,171000,60000,65000,20000,50000,1,7,9,9,5,0,0,0,0,0,0,0
8375,1968,GBA,1398850.0,2026-03-03,15,447000,28000,0,0,0,43000,3,2,8,6,7,0,0,0,0,0,0,0
10476,1958,CABA,1681675.0,2026-05-13,56,134000,59000,2000,15000,11000,30000,1,2,3,5,2,0,0,0,0,0,0,0
7286,1968,CABA,1043200.0,2025-05-24,69,13000,15000,5000,3000,6000,13000,1,0,2,2,10,0,0,0,0,0,0,0
1544,1967,Córdoba,2034500.0,2024-12-22,22,741000,689000,68000,224000,68000,103000,1,2,4,10,2,0,0,0,0,0,0,0
4603,1960,GBA,1642375.0,2026-01-31,2,371000,189000,58000,0,32000,6000,2,4,5,10,4,0,0,0,0,0,0,0
2980,1952,Córdoba,220500.0,2025-03-22,96,12000,13000,2000,4000,0,4000,4,0,3,3,8,0,0,0,0,0,0,0
10470,1979,Córdoba,1016550.0,2025-03-15,68,40000,23000,4000,0,2000,23000,2,1,2,3,4,0,0,0,0,0,0,0
3308,1952,CABA,892600.0,2026-01-03,18,30000,12000,11000,2000,9000,30000,3,0,2,4,4,0,0,0,0,0,0,0
10089,1974,CABA,2567300.0,2025-04-05,20,168000,444000,172000,32000,148000,148000,1,9,6,13,2,1,1,0,1,1,0,1
9235,1957,CABA,,2026-05-27,14,7000,8000,0,2000,0,1000,1,0,1,2,7,0,0,0,0,0,0,0
4990,1954,CABA,1477775.0,2025-05-02,21,524000,134000,28000,28000,0,155000,1,1,11,8,7,0,0,0,0,0,0,0
830,1987,GBA,1850100.0,2026-02-24,7,784000,560000,176000,42000,48000,48000,1,6,4,4,3,1,0,0,0,1,0,1
3910,1975,CABA,2095725.0,2025-10-08,4,897000,430000,161000,186000,161000,27000,0,7,4,6,1,1,0,1,0,1,0,1
737,1949,GBA,2009000.0,2025-03-03,25,1493000,454000,43000,112000,86000,43000,2,4,4,5,2,1,0,0,1,1,0,0
10648,1982,Rosario,1666600.0,2024-09-25,4,398000,447000,96000,220000,96000,32000,1,7,5,6,3,0,0,0,0,0,0,0
4377,1971,CABA,1322850.0,2025-01-07,29,254000,44000,10000,30000,10000,227000,2,3,7,3,7,0,0,1,0,0,0,0
10262,1980,CABA,376800.0,2025-05-10,80,8000,15000,10000,0,2000,18000,4,1,3,3,5,0,0,0,0,0,0,0
3310,1973,Rosario,892200.0,2024-08-22,19,73000,90000,1000,12000,3000,32000,7,1,4,4,8,0,0,0,0,0,0,0
123,1951,CABA,1676150.0,2025-01-06,22,544000,133000,151000,23000,35000,107000,2,5,4,4,2,0,0,0,0,0,0,0
10031,1976,GBA,423175.0,2025-02-10,58,20000,23000,1000,3000,2000,4000,5,0,3,4,8,0,0,0,0,0,0,0
3005,1992,CABA,2088200.0,2026-05-01,22,530000,678000,44000,134000,117000,147000,1,10,4,8,1,1,0,1,0,0,0,1
945,1965,CABA,907925.0,2025-05-22,8,87000,25000,2000,3000,3000,13000,2,0,3,4,7,0,0,0,0,0,0,0
9215,1980,GBA,1099350.0,2024-12-12,19,378000,101000,0,0,0,72000,5,4,6,6,7,0,0,0,0,0,0,0
10652,1957,Córdoba,1637175.0,2026-01-10,1,240000,500000,0,199000,67000,163000,3,5,3,6,2,0,0,0,0,0,0,0
4320,1979,CABA,1503800.0,2025-03-28,26,325000,300000,58000,86000,83000,91000,1,4,6,12,3,0,0,0,0,0,0,0
2115,1957,CABA,1252900.0,2026-06-20,9,54000,10000,0,0,0,2000,2,0,1,4,5,0,0,0,1,0,0,0
8036,1971,Rosario,671250.0,2026-04-18,73,31000,13000,2000,7000,1000,9000,4,1,2,4,4,0,0,0,0,0,0,0
3900,1972,CABA,1642125.0,2026-03-29,17,642000,49000,7000,0,14000,57000,1,2,9,9,5,0,0,0,0,0,0,0
6299,1968,GBA,1064100.0,2025-01-02,8,324000,186000,18000,39000,48000,198000,6,8,6,4,7,0,0,1,0,0,0,1
3846,1974,CABA,1063925.0,2024-08-29,65,192000,53000,5000,0,5000,15000,4,1,6,4,8,0,0,0,0,0,0,0
2114,1946,GBA,2070000.0,2024-11-24,29,1006000,115000,68000,59000,22000,45000,1,6,7,12,3,1,0,0,0,1,0,1
9347,1956,Córdoba,1273575.0,2025-06-21,62,31000,7000,0,2000,0,6000,1,0,1,3,5,0,0,0,0,0,0,0
7505,1957,GBA,1103875.0,2026-01-19,16,22000,9000,0,0,1000,14000,1,1,1,2,4,0,0,0,0,0,0,0
2836,1972,GBA,1081725.0,2025-09-16,37,10000,7000,0,0,1000,1000,1,0,1,2,8,0,0,0,0,0,0,0
2276,1955,CABA,1448975.0,2025-05-02,1,430000,322000,24000,43000,16000,33000,5,7,4,11,3,0,0,0,0,0,0,0
5396,1988,CABA,1712175.0,2025-01-13,14,758000,385000,89000,33000,12000,89000,1,7,9,13,4,0,0,0,0,0,0,0
10833,1975,CABA,1627650.0,2026-05-24,29,790000,133000,0,12000,19000,19000,3,3,8,13,6,0,0,0,1,0,0,0
2246,1965,Rosario,1172275.0,2025-09-01,16,43000,23000,15000,29000,12000,61000,1,1,2,4,4,0,0,0,0,0,0,0
9940,1958,CABA,1624025.0,2024-12-23,5,382000,276000,124000,75000,114000,38000,2,4,6,4,3,0,0,0,0,0,0,0
3281,1960,GBA,1228850.0,2025-11-03,28,206000,67000,27000,30000,10000,71000,6,1,4,8,6,0,0,0,0,0,0,0
6245,1950,GBA,1482300.0,2025-06-13,21,378000,68000,14000,19000,14000,14000,2,5,3,8,3,0,0,0,0,0,0,0
359,1950,CABA,1201750.0,2025-01-13,13,373000,83000,9000,6000,14000,19000,3,2,8,6,7,0,0,0,0,0,1,0
6856,1979,CABA,541125.0,2024-09-03,60,14000,23000,5000,4000,0,19000,3,0,3,3,9,0,0,0,0,0,0,1
8895,1985,CABA,1764900.0,2024-10-05,8,347000,534000,0,17000,44000,26000,1,5,3,12,2,0,0,0,0,0,0,0
10584,1976,CABA,1641625.0,2025-12-02,6,225000,387000,36000,106000,162000,29000,1,10,5,8,3,0,0,0,0,0,0,0
7966,1959,CABA,2024550.0,2025-01-08,30,505000,401000,22000,104000,137000,22000,3,5,11,11,5,0,0,0,0,0,1,0
9135,1950,CABA,680075.0,2024-08-06,87,13000,21000,0,4000,2000,24000,2,1,1,2,8,0,0,0,0,0,0,0
6257,1976,Córdoba,1512050.0,2025-01-23,22,255000,134000,14000,37000,43000,24000,1,2,7,7,7,0,0,0,0,0,0,0
4137,1948,CABA,1766650.0,2025-12-06,3,398000,367000,122000,119000,40000,30000,1,4,7,4,4,0,0,0,0,0,0,0
10061,1950,CABA,1486550.0,2025-01-05,18,724000,143000,8000,0,17000,196000,2,2,9,12,7,0,0,0,0,0,0,0
7807,1974,CABA,1124725.0,2024-09-12,12,98000,106000,10000,49000,0,106000,5,1,5,5,6,0,0,0,0,0,0,0
4541,1955,CABA,973650.0,2025-10-24,87,116000,82000,6000,6000,6000,41000,2,1,3,6,5,0,0,0,0,0,0,0
7005,1981,CABA,1467100.0,2026-06-16,4,479000,179000,7000,28000,35000,85000,1,3,5,12,2,0,0,0,1,0,0,0
3276,1976,Rosario,907525.0,2025-10-25,59,11000,35000,5000,3000,12000,12000,1,0,3,3,7,0,0,0,0,0,0,0
895,1948,GBA,1536675.0,2024-12-09,18,410000,114000,5000,0,16000,49000,3,2,5,10,5,0,0,0,0,0,0,0
4599,1976,Córdoba,1242025.0,2025-11-04,26,411000,26000,0,0,0,21000,6,1,7,7,7,0,0,0,0,0,0,0
2308,1954,CABA,1168350.0,2024-11-18,11,110000,137000,23000,26000,5000,29000,2,1,6,5,7,0,0,0,0,0,0,0
8732,1969,Córdoba,1684225.0,2024-11-17,3,1298000,70000,14000,37000,0,42000,4,4,7,10,4,0,0,0,1,1,0,1
3050,1966,CABA,1354950.0,2025-12-17,84,185000,28000,2000,3000,0,17000,6,1,3,6,4,0,0,0,0,0,0,0
164,1977,GBA,724325.0,2024-10-13,12,206000,46000,2000,3000,0,12000,2,1,5,5,8,0,0,0,0,0,0,0
538,1989,CABA,1152675.0,2026-02-10,81,31000,27000,9000,16000,9000,33000,1,1,1,4,3,0,0,0,0,0,0,0
2456,1975,GBA,1005825.0,2025-10-14,33,80000,46000,17000,0,4000,2000,5,1,2,5,6,0,0,0,0,0,0,0
7947,1969,CABA,1055775.0,2026-03-25,26,24000,8000,1000,0,0,4000,1,0,1,3,5,0,0,0,0,0,0,0
6428,1950,GBA,1921050.0,2026-05-03,19,605000,345000,54000,84000,10000,32000,1,8,1,7,0,0,0,0,0,0,0,0
4432,1976,CABA,790375.0,2025-03-16,6,2000,20000,11000,6000,3000,9000,2,0,2,3,7,0,0,0,0,0,0,0
2958,1978,CABA,711050.0,2026-02-24,83,19000,10000,8000,11000,3000,6000,3,1,2,4,4,0,0,0,0,0,0,0
10727,1970,GBA,1727100.0,2025-11-19,5,1181000,199000,30000,39000,107000,30000,2,3,7,13,8,0,0,0,0,0,0,0
7181,1977,CABA,759200.0,2025-11-07,22,35000,13000,0,2000,0,2000,2,0,2,3,8,0,0,0,0,0,0,0
8996,1957,GBA,,2024-11-19,13,230000,192000,37000,49000,42000,53000,12,2,7,8,9,0,0,0,0,0,0,0
1513,1979,Rosario,1520975.0,2024-08-28,12,600000,128000,150000,223000,21000,128000,13,2,2,12,8,0,0,0,0,0,0,0
6347,1979,Rosario,396550.0,2025-06-27,61,1000,4000,9000,11000,1000,10000,1,0,1,3,8,0,0,0,0,0,0,0
13,1947,GBA,633950.0,2025-07-22,10,19000,5000,0,0,0,8000,2,0,1,3,6,0,0,0,0,0,0,0
9862,1969,CABA,547950.0,2025-11-14,20,1000,7000,5000,11000,6000,3000,2,0,2,3,6,0,0,0,0,0,0,0
7530,1950,GBA,1413775.0,2026-05-07,7,67000,32000,2000,17000,4000,16000,3,1,2,4,4,0,0,0,0,0,0,0
1162,1987,GBA,1050000.0,2025-01-10,18,124000,267000,59000,85000,83000,35000,2,2,5,11,5,0,0,0,0,0,0,1
4186,1950,CABA,850650.0,2025-08-05,3,18000,15000,8000,12000,6000,17000,3,1,2,3,5,0,0,0,0,0,0,0
9426,1964,Córdoba,1457700.0,2025-01-12,12,691000,69000,0,10000,0,130000,4,6,2,3,8,0,0,0,0,0,0,0
10642,1989,CABA,756975.0,2024-12-30,94,10000,14000,4000,4000,4000,1000,1,0,1,3,8,0,0,0,0,0,0,0
7419,1968,Córdoba,676775.0,2026-04-23,98,8000,19000,2000,0,3000,3000,2,0,2,3,6,0,0,0,0,0,0,0
7079,1962,CABA,1597175.0,2024-09-08,13,897000,207000,11000,15000,23000,92000,5,6,9,12,6,0,0,0,0,0,0,0
2278,1985,Rosario,845300.0,2024-11-03,32,4000,19000,24000,30000,17000,39000,2,1,2,3,6,0,0,0,0,0,0,0
4216,1981,CABA,2276625.0,2025-02-22,29,822000,108000,137000,179000,114000,114000,1,9,7,9,3,1,0,0,0,1,0,1
9850,1972,Rosario,622100.0,2024-11-29,62,3000,7000,0,0,6000,3000,1,0,0,3,7,0,0,0,0,0,0,0
948,1971,CABA,256125.0,2025-05-15,33,4000,7000,4000,6000,7000,13000,3,2,1,2,5,0,0,0,0,0,0,0
10673,1976,GBA,1709925.0,2025-11-17,29,760000,466000,13000,17000,80000,80000,1,9,6,5,3,0,0,0,0,0,0,0
2387,1952,Córdoba,1094400.0,2025-02-03,14,177000,71000,2000,3000,2000,20000,6,2,5,4,8,0,0,0,0,0,0,1
6246,1953,CABA,1847300.0,2025-11-13,4,703000,601000,58000,0,102000,43000,1,11,3,8,1,0,0,0,0,0,0,1
2795,1958,Córdoba,763075.0,2025-07-01,58,5000,3000,0,0,0,5000,1,0,1,2,7,0,0,0,0,0,0,0
5186,1955,GBA,1462050.0,2026-03-12,23,576000,115000,7000,19000,7000,7000,2,4,7,9,6,0,0,0,1,0,0,0
1717,1988,CABA,993675.0,2026-04-13,38,80000,93000,13000,20000,15000,52000,3,1,5,4,8,0,0,0,0,0,0,0
7428,1975,CABA,2003600.0,2025-09-30,26,240000,445000,192000,250000,132000,108000,1,7,3,8,1,0,0,0,0,0,0,0
8939,1959,CABA,1531250.0,2024-12-16,24,382000,65000,26000,60000,138000,59000,6,2,5,12,5,0,0,0,0,0,0,0
6103,1948,CABA,1054800.0,2025-09-06,78,40000,15000,6000,17000,15000,7000,1,1,2,3,4,0,0,0,0,0,0,0
2223,1965,Rosario,1604400.0,2024-08-03,5,1215000,249000,116000,64000,33000,149000,8,9,8,8,6,0,0,0,0,0,0,0
5543,1966,CABA,1445275.0,2025-06-24,33,545000,114000,21000,37000,7000,78000,5,2,7,11,5,0,0,0,1,0,0,0
7521,1952,CABA,2096100.0,2025-05-12,19,901000,345000,31000,75000,31000,191000,1,4,4,11,1,0,0,0,0,1,0,0
4843,1952,CABA,1878175.0,2026-05-22,2,203000,305000,17000,46000,35000,227000,1,11,2,5,1,0,0,0,0,0,0,0
4597,1970,GBA,2051800.0,2025-07-02,30,889000,685000,92000,168000,55000,129000,1,2,3,13,1,0,0,0,0,0,0,0
5092,1949,GBA,1289225.0,2025-02-12,33,380000,47000,0,6000,0,34000,4,1,7,7,8,0,0,0,1,0,0,1
2304,1963,GBA,1657825.0,2025-09-16,7,625000,99000,22000,10000,7000,7000,2,3,6,12,4,0,0,0,0,0,0,0
3286,1967,GBA,666050.0,2026-03-01,82,13000,15000,2000,2000,2000,8000,2,0,2,3,6,0,0,0,0,0,0,0
1890,1971,Rosario,1050825.0,2024-09-19,94,11000,4000,0,2000,1000,7000,1,0,1,2,7,0,0,0,0,0,0,0
977,1957,CABA,1183000.0,2025-08-01,3,200000,111000,15000,50000,19000,19000,6,1,5,8,6,0,0,0,0,0,0,0
5763,1972,Córdoba,1246350.0,2025-11-10,8,123000,171000,0,39000,17000,30000,5,2,6,5,6,0,0,0,0,0,0,0
213,1963,GBA,577275.0,2026-05-28,87,35000,11000,0,0,0,2000,4,1,2,3,7,0,0,0,0,0,0,0
2079,1947,Rosario,2026100.0,2025-12-27,8,450000,535000,98000,73000,26000,26000,1,6,5,10,1,0,0,0,0,0,0,0
4686,1962,GBA,2064275.0,2026-04-02,29,861000,558000,95000,62000,31000,79000,0,5,6,13,2,0,0,0,0,1,0,0
709,1952,CABA,1288425.0,2024-12-09,25,787000,204000,0,0,20000,92000,3,2,2,11,8,0,0,0,0,0,0,0
7629,1977,CABA,552700.0,2026-05-08,38,5000,9000,2000,6000,3000,6000,2,0,2,3,7,0,0,0,0,0,0,0
1295,1963,CABA,,2025-08-11,24,231000,196000,71000,38000,65000,124000,1,5,6,7,4,0,0,0,0,0,0,0
5883,1972,CABA,1949525.0,2025-05-26,14,138000,204000,126000,16000,120000,60000,3,4,7,7,5,0,0,0,0,0,0,0
4394,1965,GBA,2026275.0,2026-05-23,24,1142000,249000,29000,38000,29000,14000,1,5,5,12,2,0,0,0,1,1,0,0
8737,1978,CABA,1389075.0,2026-04-05,19,29000,9000,0,2000,1000,2000,1,0,2,3,3,0,0,0,0,0,0,0
4640,1967,CABA,1766175.0,2024-09-21,16,561000,171000,123000,25000,85000,114000,2,7,4,13,2,0,0,0,0,0,0,0
10151,1960,CABA,1555100.0,2024-09-12,17,317000,247000,46000,151000,46000,139000,1,5,4,12,3,0,0,0,0,0,0,0
9400,1958,Rosario,2137125.0,2026-06-21,19,630000,611000,18000,44000,26000,54000,1,6,6,6,2,0,0,0,0,0,0,0
9687,1975,CABA,1829250.0,2026-05-31,3,184000,256000,30000,50000,174000,32000,1,4,5,6,2,0,0,0,0,0,0,0
9725,1966,GBA,719100.0,2026-06-05,73,8000,3000,0,0,0,1000,1,0,1,2,8,0,0,1,0,0,0,0
7495,1948,GBA,1405575.0,2025-12-20,13,77000,31000,0,16000,28000,4000,2,1,2,5,4,0,0,0,0,0,0,0
6218,1965,CABA,1489850.0,2024-10-20,18,457000,29000,0,0,4000,9000,1,1,8,7,7,0,0,0,1,0,0,0
8702,1976,Rosario,672675.0,2025-08-20,11,9000,7000,3000,0,1000,2000,2,0,1,3,7,0,0,0,0,0,0,0
10735,1971,CABA,570100.0,2025-07-31,78,14000,7000,1000,2000,1000,1000,1,0,2,2,9,0,0,0,0,0,0,0
2587,1972,GBA,744775.0,2026-05-15,97,14000,6000,0,0,0,0,2,0,2,3,5,0,0,0,0,0,0,0
10120,1955,CABA,973650.0,2025-10-24,28,116000,82000,6000,6000,6000,41000,2,1,3,6,5,0,0,0,0,0,0,0
10590,1956,GBA,1913550.0,2025-03-30,29,794000,573000,29000,0,73000,14000,1,8,4,10,2,0,0,0,0,0,0,0
946,1958,Rosario,662250.0,2024-09-22,96,45000,52000,20000,21000,47000,25000,2,1,3,5,6,0,0,0,0,0,0,0
5049,1974,GBA,758775.0,2025-06-06,61,14000,24000,3000,3000,0,2000,1,0,3,2,9,0,0,0,0,0,0,0
4356,1971,CABA,1795475.0,2025-08-28,2,1224000,140000,14000,0,28000,168000,3,3,3,5,6,0,0,0,1,1,0,0
6653,1970,GBA,1378950.0,2024-07-30,30,293000,87000,11000,4000,0,23000,4,2,7,5,7,0,0,0,0,0,0,1
2408,1976,CABA,1464925.0,2024-11-20,1,490000,184000,28000,10000,0,21000,12,4,7,9,7,0,0,0,0,0,0,0
4227,1968,Córdoba,822225.0,2025-09-06,88,28000,13000,2000,4000,0,8000,3,1,2,3,5,0,0,0,0,0,0,0
821,1992,Córdoba,2321475.0,2024-10-19,4,962000,921000,61000,52000,61000,20000,1,4,5,12,2,0,0,0,0,0,0,0
8624,1958,CABA,2033000.0,2025-02-06,13,183000,493000,103000,59000,33000,57000,1,3,4,10,2,0,0,0,0,0,0,0
5107,1973,GBA,896500.0,2026-05-19,19,15000,8000,2000,4000,0,20000,2,1,1,2,5,0,0,1,0,0,0,0
10767,1989,GBA,1946125.0,2026-05-16,18,760000,480000,40000,0,40000,26000,1,5,3,12,1,1,0,0,0,1,0,0
9986,1982,CABA,486100.0,2026-02-22,4,16000,23000,2000,3000,0,10000,3,1,4,2,7,0,0,0,0,0,0,1
7848,1974,CABA,1229150.0,2025-06-13,4,224000,25000,0,7000,2000,110000,2,3,5,3,6,0,0,0,0,0,0,0
5123,1951,Córdoba,686250.0,2025-04-15,38,37000,23000,11000,8000,12000,52000,1,1,2,3,7,0,0,0,0,0,0,0
10742,1983,GBA,2164500.0,2025-02-27,9,532000,127000,20000,26000,21000,20000,0,2,4,5,1,0,0,0,0,1,0,0
10675,1956,GBA,1658350.0,2025-04-03,8,909000,218000,0,0,11000,23000,2,3,9,5,5,0,0,0,0,0,0,1
7128,1977,GBA,1074925.0,2025-12-07,11,4000,5000,1000,0,0,5000,1,0,1,2,7,0,0,0,0,0,0,0
4444,1972,CABA,750575.0,2026-03-24,84,11000,16000,6000,7000,0,21000,1,0,2,3,8,0,0,0,0,0,0,0
10868,1951,CABA,1769800.0,2025-02-06,23,344000,654000,11000,104000,45000,114000,2,4,3,10,3,0,0,0,0,0,0,0
