student_id,cohort_month,course,channel,university,career_area,city,age,work_status,prior_programming_experience,hours_available_week,payment_method,installments_plan,course_price_final,discount_pct,days_between_signup_and_start,lead_score_marketing,sales_rep,response_time_sales_hours,opened_welcome_email,attended_intro_webinar,first_class_attendance,platform_logins_first_week,assignments_submitted_week1,questions_to_tutor_week1,satisfaction_first_week,scholarship_requested,payment_failed_first_attempt,marketing_segment,newsletter_clicks_last_30d,preferred_class_day,device_type,browser,avatar_color,zodiac_sign,internal_random_code,last_digit_phone,flag_gestion_retencion,target_baja
TRAIN_00001,2025-02,IA Generativa,Google Ads,UADE,Economia,La Plata,21,Freelance,Avanzada,5.1,Tarjeta credito,4,186000,5,23,Bajo,SR10,9.1,1,0,1,11,4,2,8.8,0,0,Curioso,2,Jueves,Desktop,Chrome,Verde,Geminis,X5830,6,0,0
TRAIN_00002,2024-08,Python,Google Ads,Universidad Austral,Psicologia,CABA,21,Full-time,Ninguna,6.7,Tarjeta debito,2,223000,10,0,Medio,SR02,7.8,1,0,0,0,1,2,,0,1,Career switcher,1,Lunes,Desktop,Chrome,Naranja,Geminis,X3783,0,0,1
TRAIN_00003,2025-04,Python,Evento,UBA,Cs Datos,GBA Norte,22,No trabaja,Basica,13.6,Tarjeta credito,6,161000,30,10,Bajo,SR10,0.7,1,0,1,9,4,1,8.4,0,0,Desempleado activo,3,Jueves,Mobile,Safari,Azul,Geminis,X2157,9,0,0
TRAIN_00004,2025-02,IA Generativa,Instagram Ads,UBA,Administracion,CABA,26,Freelance,Basica,5.8,Transferencia,2,160000,25,6,Medio,SR10,12.9,1,0,1,5,4,3,,0,0,Curioso,4,Martes,Desktop,Chrome,Azul,Virgo,X4102,7,0,0
TRAIN_00005,2025-03,Web Dev,Google Ads,UADE,Administracion,Cordoba,18,Full-time,Basica,9.0,Tarjeta credito,1,202000,20,29,Alto,SR01,15.4,1,0,1,12,4,4,0.0,0,0,Curioso,0,Martes,Mobile,Edge,Azul,Leo,X2452,4,0,0
TRAIN_00006,2024-09,IA Generativa,Universidad Partner,ITBA,Psicologia,CABA,25,No trabaja,Ninguna,11.0,Tarjeta credito,6,137000,25,10,Medio,SR12,11.2,1,1,1,8,4,4,9.7,0,0,Curioso,0,Viernes,Desktop,Chrome,Violeta,Escorpio,X5687,3,0,0
TRAIN_00007,2025-02,IA Generativa,Referido,UTN,Administracion,GBA Norte,32,Full-time,Basica,0.0,Tarjeta credito,3,165000,15,25,,SR06,10.4,1,1,1,7,4,2,8.7,0,0,Desempleado activo,0,Viernes,Desktop,Chrome,Verde,Aries,X6015,3,0,0
TRAIN_00008,2024-11,Web Dev,Instagram Ads,UBA,Psicologia,CABA,23,Busca trabajo,,5.7,Mercado Pago,4,202000,20,13,Medio,SR07,5.1,1,1,0,6,1,0,,0,1,Career switcher,0,Martes,Mobile,Chrome,Gris,Acuario,X6663,4,0,0
TRAIN_00009,2025-04,Web Dev,TikTok Ads,UBA,Diseno,GBA Norte,29,Part-time,Intermedia,0.8,,3,192000,25,16,Bajo,SR01,3.7,1,0,1,7,4,3,8.9,1,0,Desempleado activo,5,Viernes,Mobile,Safari,Rojo,Sagitario,X1999,6,0,0
TRAIN_00010,2024-08,Data Analytics,Instagram Ads,ITBA,Administracion,GBA Oeste,28,Busca trabajo,Intermedia,10.2,Mercado Pago,2,236000,5,17,Bajo,SR12,23.2,0,0,0,6,1,0,7.7,1,0,Curioso,5,Lunes,Mobile,Safari,Azul,Cancer,X9898,9,0,0
TRAIN_00011,2024-10,SQL,Google Ads,UBA,Otra,CABA,18,No trabaja,Basica,5.9,Mercado Pago,9,138000,5,19,Alto,SR11,29.8,1,1,1,9,4,2,9.4,0,0,Curioso,3,Viernes,Mobile,Safari,Naranja,Capricornio,X9715,8,0,0
TRAIN_00012,2025-02,Python,Web Organico,Universidad Austral,Economia,Cordoba,22,No trabaja,Ninguna,8.4,Efectivo,3,210000,15,18,Medio,SR03,42.4,1,1,1,9,4,4,8.9,0,1,Career switcher,5,Martes,Mobile,Chrome,Gris,Sagitario,X4670,0,0,0
TRAIN_00013,2025-04,Data Analytics,Instagram Ads,UBA,Ingenieria,Mendoza,27,No trabaja,Basica,6.0,Tarjeta credito,3,181000,30,0,Alto,SR12,1.7,0,0,0,7,2,3,,0,0,Upskiller,4,Miercoles,Mobile,Chrome,Violeta,Escorpio,X5421,8,1,1
TRAIN_00014,2025-02,Web Dev,Universidad Partner,Universidad Austral,Ingenieria,La Plata,23,Full-time,Ninguna,1.9,Tarjeta credito,3,211000,15,17,Alto,SR09,8.5,1,1,0,7,1,2,8.9,0,1,Curioso,1,Miercoles,Desktop,Chrome,Naranja,Escorpio,X4020,6,0,0
TRAIN_00015,2025-02,Python,Instagram Ads,Otra,Administracion,Mendoza,25,No trabaja,Ninguna,11.8,Tarjeta debito,12,179000,30,18,Alto,SR12,15.4,1,0,1,13,4,4,,1,1,Upskiller,4,Jueves,Mobile,Chrome,Azul,Escorpio,X9025,4,0,0
TRAIN_00016,2024-09,Data Analytics,Web Organico,Otra,Ingenieria,Rosario,23,Full-time,Ninguna,0.0,Mercado Pago,6,174000,30,14,Bajo,SR01,0.3,1,0,0,0,2,0,7.2,1,0,Upskiller,3,Martes,Mobile,Otro,Naranja,Acuario,X7876,1,0,1
TRAIN_00017,2024-09,SQL,Evento,UADE,Economia,Cordoba,23,Part-time,Basica,9.3,Tarjeta credito,4,170000,15,9,Medio,SR10,13.8,1,1,1,9,4,1,10.0,0,1,Explorer,6,Jueves,Mobile,Safari,Violeta,Virgo,X2816,8,0,0
TRAIN_00018,2025-03,Machine Learning,TikTok Ads,ITBA,Ingenieria,CABA,23,Full-time,Ninguna,0.0,Tarjeta credito,6,198000,40,11,Medio,SR06,15.3,0,1,1,7,3,4,,0,0,Explorer,2,Lunes,Mobile,Chrome,Azul,Capricornio,X5906,0,0,0
TRAIN_00019,2025-02,Machine Learning,Referido,UTN,Cs Datos,Cordoba,23,No trabaja,,14.6,Transferencia,3,116000,10,9,Alto,SR04,,1,0,1,8,4,3,9.7,0,0,Upskiller,5,Viernes,Desktop,Chrome,Naranja,Aries,X4412,9,0,0
TRAIN_00020,2024-08,SQL,Referido,UADE,Administracion,Otra,31,Full-time,Intermedia,,Efectivo,4,168000,20,25,Medio,SR01,35.7,1,1,1,7,4,4,8.0,0,1,Upskiller,2,Miercoles,Mobile,Chrome,Verde,Escorpio,X2486,2,0,0
TRAIN_00021,2025-02,Python,Google Ads,UBA,Psicologia,GBA Oeste,26,Full-time,Ninguna,4.3,Tarjeta debito,2,153000,30,27,Medio,SR01,11.9,1,0,0,9,4,4,10.0,0,0,Explorer,3,Lunes,Desktop,Chrome,Azul,Libra,X7673,8,0,0
TRAIN_00022,2024-10,SQL,Universidad Partner,UBA,Administracion,Mendoza,25,Part-time,Basica,4.8,Transferencia,6,145000,25,10,Bajo,SR01,2.6,1,1,0,3,3,2,6.3,0,0,Curioso,0,Martes,Desktop,Chrome,Azul,Aries,X1617,9,0,0
TRAIN_00023,2024-11,IA Generativa,Instagram Ads,UBA,Cs Datos,Cordoba,18,Part-time,Basica,6.8,Mercado Pago,6,191000,10,13,Medio,SR08,17.9,1,0,0,6,3,2,,0,0,Career switcher,4,Miercoles,Mobile,Otro,Violeta,Cancer,X8714,9,1,1
TRAIN_00024,2025-04,Data Analytics,TikTok Ads,UBA,Ingenieria,Rosario,19,No trabaja,Ninguna,11.8,Transferencia,1,215000,20,18,Medio,SR06,12.2,0,1,1,6,4,1,7.9,0,0,Explorer,1,Sabado,Desktop,Chrome,Naranja,Capricornio,X9750,6,0,0
TRAIN_00025,2024-09,Web Dev,Google Ads,Otra,Administracion,GBA Oeste,22,Part-time,Intermedia,5.8,Tarjeta credito,2,161000,30,8,Medio,SR09,2.1,1,0,1,9,4,2,8.2,0,0,Upskiller,0,Martes,Mobile,Chrome,Azul,Aries,X8553,1,0,0
TRAIN_00026,2025-02,SQL,Instagram Ads,UTN,Economia,Otra,26,No trabaja,,11.5,Transferencia,2,123000,45,19,Medio,SR05,17.2,1,0,1,12,4,3,6.6,0,0,Explorer,4,Viernes,Desktop,Chrome,Rojo,Libra,X6554,8,0,0
TRAIN_00027,2025-05,Python,Web Organico,UBA,Economia,CABA,22,Part-time,Ninguna,7.5,Tarjeta debito,3,227000,10,11,Medio,SR04,1.6,0,0,1,4,4,1,7.4,0,0,Curioso,3,Sabado,Mobile,Chrome,Violeta,Sagitario,X2856,7,0,0
TRAIN_00028,2025-05,Python,Instagram Ads,UBA,Cs Datos,GBA Sur,25,Part-time,,8.1,Tarjeta debito,12,226000,0,12,Bajo,SR08,6.2,1,0,1,6,3,1,7.8,0,0,Upskiller,3,Jueves,Mobile,Otro,Gris,Virgo,X2139,5,0,0
TRAIN_00029,2024-10,Data Analytics,Google Ads,UNLP,Otra,Cordoba,29,Freelance,Ninguna,8.0,Tarjeta credito,12,244000,10,2,,SR03,12.8,1,1,1,10,4,4,,0,1,Upskiller,3,Jueves,Mobile,Chrome,Azul,Sagitario,X1184,8,1,1
TRAIN_00030,2024-11,Python,Instagram Ads,Otra,Psicologia,CABA,26,Freelance,Basica,10.1,Tarjeta credito,3,169000,25,8,Medio,SR07,14.8,1,0,1,10,4,2,6.2,1,1,Upskiller,2,Miercoles,Tablet,Edge,Naranja,Piscis,X1745,0,0,0
TRAIN_00031,2025-03,Web Dev,TikTok Ads,UTN,Economia,GBA Norte,24,Busca trabajo,Basica,5.9,Tarjeta debito,9,153000,35,23,Bajo,SR07,18.1,1,0,0,6,3,3,9.9,1,0,Upskiller,5,Martes,Desktop,Otro,Violeta,Acuario,X6421,1,0,0
TRAIN_00032,2025-03,Data Analytics,Google Ads,UADE,Cs Datos,Cordoba,28,Part-time,Ninguna,9.8,Tarjeta credito,3,223000,15,7,Medio,SR02,6.5,1,0,1,6,3,1,7.5,0,0,Desempleado activo,2,Viernes,Desktop,Edge,Verde,Capricornio,X5095,2,0,0
TRAIN_00033,2024-09,Python,Google Ads,UTN,Economia,GBA Sur,18,Part-time,Basica,9.7,Efectivo,4,205000,10,16,Alto,SR02,1.3,1,0,0,6,1,0,,0,0,Explorer,0,Viernes,Mobile,Chrome,Gris,Aries,X1967,2,0,1
TRAIN_00034,2025-02,Data Analytics,Evento,UTN,Cs Datos,CABA,35,Busca trabajo,Intermedia,9.7,Mercado Pago,12,188000,30,23,Bajo,SR11,18.6,1,0,0,4,1,0,8.4,0,0,Desempleado activo,4,Jueves,Desktop,Chrome,Verde,Escorpio,X4871,6,0,0
TRAIN_00035,2024-10,Web Dev,Web Organico,UBA,Administracion,GBA Oeste,21,No trabaja,Intermedia,15.3,Tarjeta credito,9,171000,25,11,Medio,SR02,3.6,0,0,1,10,4,3,,0,1,Desempleado activo,0,Viernes,Mobile,Chrome,Naranja,Tauro,X3077,0,0,0
TRAIN_00036,2025-03,Data Analytics,Referido,Otra,Cs Datos,Cordoba,25,Full-time,Basica,5.4,Tarjeta debito,4,271000,0,17,Alto,SR12,42.9,1,0,0,7,2,4,,0,0,Explorer,0,Sabado,Desktop,Chrome,Gris,Tauro,X5621,8,0,1
TRAIN_00037,2025-05,Web Dev,Web Organico,UTN,Ingenieria,CABA,21,Busca trabajo,Ninguna,5.5,Tarjeta credito,3,178000,25,18,Medio,SR10,2.1,1,1,1,3,3,1,8.5,0,0,Upskiller,8,Martes,Mobile,Chrome,Rojo,Escorpio,X1182,2,0,0
TRAIN_00038,2024-11,SQL,Instagram Ads,UADE,Cs Datos,GBA Norte,26,Full-time,Ninguna,3.0,Tarjeta credito,3,90000,45,12,Bajo,SR02,2.5,1,0,1,7,3,1,9.1,1,0,Curioso,1,Sabado,Desktop,Chrome,Azul,Escorpio,X8743,9,0,0
TRAIN_00039,2024-09,Web Dev,Instagram Ads,Otra,Ingenieria,La Plata,29,Busca trabajo,Intermedia,7.5,Transferencia,3,166000,30,30,Medio,SR02,32.5,1,0,0,8,3,1,6.9,1,0,Career switcher,4,Viernes,Mobile,Chrome,Rojo,Piscis,X2130,1,0,1
TRAIN_00040,2025-05,Python,Instagram Ads,UTN,Ingenieria,GBA Norte,30,Part-time,Basica,1.5,Transferencia,3,170000,30,18,Medio,SR12,3.2,1,0,1,7,4,1,9.1,0,0,Explorer,1,Jueves,Mobile,Chrome,Gris,Piscis,X2889,8,0,0
TRAIN_00041,2024-11,Python,Referido,UTN,Economia,GBA Norte,22,Freelance,Basica,6.3,Tarjeta credito,3,228000,5,7,Medio,SR09,10.8,0,0,1,9,4,2,9.8,0,0,Curioso,0,Viernes,Mobile,Chrome,Naranja,Aries,X4433,5,0,0
TRAIN_00042,2025-03,Machine Learning,Evento,UADE,Diseno,CABA,27,Part-time,Basica,7.9,Transferencia,3,220000,30,0,Bajo,SR05,1.7,1,0,1,13,4,4,6.0,1,1,Curioso,4,Lunes,Desktop,Firefox,Violeta,Capricornio,X8689,1,0,0
TRAIN_00043,2024-11,Machine Learning,Web Organico,UBA,Ingenieria,Rosario,25,Part-time,Basica,0.7,Efectivo,12,268000,20,22,Medio,SR07,0.6,1,0,0,7,3,2,,0,0,Explorer,3,Miercoles,Desktop,Chrome,Gris,Geminis,X3691,0,1,1
TRAIN_00044,2025-03,Data Analytics,TikTok Ads,UTN,Otra,GBA Norte,31,Part-time,Ninguna,11.8,Tarjeta debito,1,209000,15,3,Medio,SR02,1.4,1,1,0,8,3,4,4.3,0,0,Explorer,3,Martes,Mobile,Safari,Naranja,Tauro,X9974,0,0,0
TRAIN_00045,2025-02,Python,TikTok Ads,Universidad Austral,Economia,Otra,21,Full-time,Basica,,Mercado Pago,6,208000,10,23,Medio,SR04,14.7,1,1,0,2,2,2,,0,0,Curioso,8,Sabado,Desktop,Chrome,Rojo,Escorpio,X6294,7,1,1
TRAIN_00046,2024-08,IA Generativa,Google Ads,Otra,Economia,CABA,18,Freelance,Avanzada,8.3,Mercado Pago,4,201000,5,7,Alto,SR05,4.1,1,0,1,4,4,1,8.4,0,1,Desempleado activo,4,Jueves,Desktop,Firefox,Rojo,Acuario,X7389,4,0,0
TRAIN_00047,2025-03,IA Generativa,Instagram Ads,UBA,Cs Datos,Rosario,22,Full-time,Basica,2.6,Tarjeta credito,9,154000,20,22,Bajo,SR05,0.7,1,0,1,4,4,1,9.7,0,0,Desempleado activo,1,Martes,Desktop,Chrome,Violeta,Virgo,X4938,6,0,0
TRAIN_00048,2024-11,IA Generativa,Universidad Partner,Otra,Ingenieria,GBA Norte,18,Part-time,Basica,9.2,Tarjeta credito,2,189000,15,16,Bajo,SR07,12.1,1,0,1,10,4,6,8.5,0,0,Desempleado activo,5,Martes,Desktop,Chrome,Violeta,Escorpio,X2321,0,0,0
TRAIN_00049,2025-05,Python,Instagram Ads,UBA,Otra,CABA,18,Full-time,Ninguna,0.0,Tarjeta credito,6,234000,10,16,Bajo,SR08,7.2,1,1,1,13,3,5,8.3,0,0,Explorer,5,Martes,Desktop,Safari,Rojo,Tauro,X4482,8,0,0
TRAIN_00050,2025-03,Machine Learning,Instagram Ads,UNLP,Ingenieria,Mendoza,18,Busca trabajo,Ninguna,,Mercado Pago,2,245000,25,23,Alto,SR08,2.0,1,1,1,11,4,2,10.0,1,0,Desempleado activo,0,Jueves,Desktop,Chrome,Azul,Piscis,X6207,8,0,0
TRAIN_00051,2025-03,Web Dev,Web Organico,Otra,Otra,GBA Norte,26,No trabaja,Basica,11.3,Tarjeta credito,9,176000,25,14,Medio,SR01,1.7,1,1,1,10,4,4,6.6,0,0,Upskiller,1,Jueves,Desktop,Firefox,Naranja,Cancer,X5627,1,0,0
TRAIN_00052,2025-04,IA Generativa,Instagram Ads,UADE,Otra,GBA Sur,29,Full-time,Ninguna,4.0,Mercado Pago,1,152000,15,24,Bajo,SR11,1.3,0,1,1,4,4,1,9.5,0,0,Upskiller,0,Lunes,Desktop,Chrome,Gris,Virgo,X2797,1,0,0
TRAIN_00053,2025-03,Data Analytics,Instagram Ads,UBA,Ingenieria,GBA Oeste,22,Part-time,Basica,13.3,Transferencia,2,194000,20,0,Alto,SR05,0.5,1,0,1,10,4,4,8.2,0,0,Curioso,7,Jueves,Desktop,Chrome,Rojo,Acuario,X2397,8,0,0
TRAIN_00054,2025-03,Machine Learning,Google Ads,UTN,Diseno,GBA Sur,24,Part-time,Basica,3.0,Tarjeta credito,3,246000,25,4,Medio,SR07,4.8,1,1,1,46,4,15,0.0,0,0,Curioso,0,Lunes,Desktop,Chrome,Verde,Piscis,X7511,6,0,0
TRAIN_00055,2024-10,Python,Referido,UTN,Ingenieria,Cordoba,28,Freelance,Basica,9.4,Mercado Pago,1,215000,10,26,Medio,SR07,25.1,1,0,0,9,2,4,5.0,0,0,Curioso,4,Martes,Desktop,Edge,Gris,Tauro,X4641,5,0,0
TRAIN_00056,2024-09,Data Analytics,Evento,UBA,Ingenieria,Cordoba,24,Full-time,Ninguna,10.8,Tarjeta credito,9,499000,20,10,Alto,SR01,0.8,1,0,1,8,4,3,10.0,0,0,Desempleado activo,3,Sabado,Desktop,Chrome,Gris,Libra,X3741,1,0,0
TRAIN_00057,2024-08,Data Analytics,Google Ads,UBA,Otra,Rosario,25,No trabaja,Ninguna,,Tarjeta credito,2,250000,0,11,Bajo,SR12,27.8,0,0,0,6,3,2,9.9,0,0,Curioso,1,Martes,Desktop,Firefox,Azul,Cancer,X1960,1,0,0
TRAIN_00058,2025-03,IA Generativa,Google Ads,UADE,Otra,GBA Oeste,20,Full-time,Basica,6.7,Tarjeta credito,3,203000,5,27,Medio,SR01,1.3,1,0,0,6,2,3,,0,1,Curioso,3,Lunes,Mobile,Chrome,Rojo,Aries,X2255,6,1,1
TRAIN_00059,2025-04,Data Analytics,TikTok Ads,UADE,Cs Datos,La Plata,23,Part-time,Ninguna,4.6,Mercado Pago,3,161000,30,13,Medio,SR03,4.6,1,0,1,6,4,4,7.9,0,1,Upskiller,7,Lunes,Desktop,Chrome,Verde,Aries,X3230,0,0,0
TRAIN_00060,2024-10,SQL,TikTok Ads,UADE,Diseno,Rosario,23,Full-time,Intermedia,,Tarjeta debito,1,116000,35,10,Medio,SR02,5.1,1,0,0,7,3,1,5.1,0,0,Curioso,0,Lunes,Tablet,Chrome,Verde,Aries,X7243,3,0,0
TRAIN_00061,2024-10,Web Dev,Referido,UBA,Psicologia,CABA,29,No trabaja,Basica,6.9,Efectivo,6,253000,10,27,Medio,SR10,2.9,1,0,1,6,4,3,9.4,0,1,Explorer,0,Sabado,Desktop,Safari,Naranja,Libra,X6704,2,0,0
TRAIN_00062,2025-03,SQL,Evento,ITBA,Diseno,GBA Sur,18,No trabaja,Ninguna,10.9,Mercado Pago,6,128000,30,5,Bajo,SR06,33.4,1,1,1,10,4,3,7.1,0,1,Career switcher,3,Miercoles,Mobile,Chrome,Gris,Geminis,X4549,1,0,0
TRAIN_00063,2025-04,Web Dev,Instagram Ads,UTN,Ingenieria,CABA,21,Full-time,Ninguna,9.4,Transferencia,3,195000,15,2,Bajo,SR09,3.7,1,1,1,9,4,2,9.5,0,0,Explorer,4,Sabado,Desktop,Firefox,Naranja,Cancer,X2139,0,0,0
TRAIN_00064,2025-03,Python,Google Ads,Otra,Cs Datos,CABA,22,Full-time,Ninguna,6.9,Mercado Pago,9,231000,0,10,Bajo,SR03,0.2,1,0,0,6,3,2,7.7,0,0,Explorer,0,Viernes,Mobile,Chrome,Verde,Aries,X7990,9,0,0
TRAIN_00065,2025-05,Data Analytics,Referido,ITBA,Cs Datos,GBA Oeste,25,Full-time,Avanzada,3.7,Tarjeta debito,2,244000,0,17,Medio,SR10,15.2,1,1,1,8,4,4,6.7,0,0,Explorer,1,Sabado,Mobile,Chrome,Verde,Escorpio,X9133,1,0,0
TRAIN_00066,2025-04,Web Dev,Instagram Ads,UTN,Economia,GBA Norte,24,Freelance,Ninguna,0.0,Mercado Pago,6,186000,25,8,Bajo,SR07,5.5,1,0,1,8,4,3,9.7,0,1,Explorer,2,Jueves,Desktop,Chrome,Gris,Virgo,X9300,7,0,0
TRAIN_00067,2025-02,IA Generativa,Instagram Ads,ITBA,Administracion,GBA Sur,26,Freelance,Intermedia,8.1,,12,189000,0,6,Medio,SR08,2.7,1,1,1,8,4,0,6.7,0,0,Curioso,5,Martes,Mobile,Chrome,Azul,Virgo,X1008,2,0,0
TRAIN_00068,2025-02,SQL,Instagram Ads,UADE,Ingenieria,GBA Norte,30,Freelance,Ninguna,3.5,Transferencia,12,142000,15,0,Bajo,SR07,88.5,1,1,1,14,4,4,7.9,0,1,Career switcher,0,Viernes,Mobile,Chrome,Violeta,Capricornio,X3292,8,0,1
TRAIN_00069,2024-10,Machine Learning,Universidad Partner,UTN,Otra,Rosario,18,No trabaja,Avanzada,1.5,Mercado Pago,3,277000,10,16,Alto,SR03,1.1,1,1,1,10,4,4,,0,0,Curioso,2,Viernes,Desktop,Firefox,Violeta,Aries,X3801,6,1,1
TRAIN_00070,2024-10,Web Dev,TikTok Ads,UNLP,Cs Datos,CABA,19,No trabaja,Ninguna,6.9,Tarjeta credito,9,204000,15,1,Medio,SR05,6.1,0,0,1,6,4,0,8.6,0,0,Career switcher,3,Martes,Desktop,Chrome,Gris,Aries,X1225,2,0,0
TRAIN_00071,2024-11,IA Generativa,Universidad Partner,Otra,Ingenieria,Rosario,18,Busca trabajo,Ninguna,8.1,Transferencia,1,176000,15,5,Medio,SR11,1.5,1,0,1,8,4,4,4.9,0,0,Career switcher,1,Sabado,Mobile,Chrome,Azul,Escorpio,X9923,2,0,0
TRAIN_00072,2024-10,Python,Instagram Ads,UBA,Psicologia,CABA,21,No trabaja,Ninguna,10.1,Transferencia,3,170000,30,17,Medio,SR01,0.1,0,0,0,3,1,1,6.7,0,0,Curioso,2,Viernes,Tablet,Chrome,Violeta,Escorpio,X9410,9,0,0
TRAIN_00073,2025-04,IA Generativa,TikTok Ads,UBA,Administracion,CABA,26,Part-time,,5.0,Tarjeta credito,2,190000,10,9,Medio,SR12,9.2,1,0,1,13,4,3,10.0,0,0,Explorer,1,Lunes,Mobile,Firefox,Gris,Virgo,X3272,1,0,0
TRAIN_00074,2024-11,Machine Learning,Referido,UTN,Ingenieria,GBA Norte,19,Part-time,Ninguna,7.5,Efectivo,3,256000,20,0,Alto,SR07,66.4,1,1,0,0,2,1,,0,0,Upskiller,2,Lunes,Mobile,Chrome,Violeta,Acuario,X3481,2,0,1
TRAIN_00075,2025-02,IA Generativa,Referido,Otra,Cs Datos,CABA,25,Busca trabajo,Ninguna,7.7,Transferencia,3,180000,10,6,Alto,SR03,7.8,1,0,1,8,4,4,7.8,0,1,Upskiller,0,Jueves,Desktop,Chrome,Gris,Acuario,X3413,7,0,0
TRAIN_00076,2025-04,IA Generativa,TikTok Ads,,Otra,GBA Sur,23,Busca trabajo,Ninguna,3.1,Tarjeta debito,4,132000,40,0,Medio,SR02,2.3,1,1,0,4,3,3,8.0,0,1,Desempleado activo,3,Viernes,Mobile,Safari,Gris,Sagitario,X6911,0,0,0
TRAIN_00077,2025-03,Web Dev,Universidad Partner,UBA,Otra,La Plata,24,Freelance,Basica,14.0,Mercado Pago,9,179000,25,15,Bajo,SR04,9.8,1,1,0,3,0,1,,0,0,Career switcher,0,Lunes,Desktop,Chrome,Gris,Libra,X9727,5,0,0
TRAIN_00078,2024-10,Python,Universidad Partner,Otra,Ingenieria,Otra,18,Freelance,Intermedia,6.2,Tarjeta credito,6,191000,20,25,Alto,SR06,15.8,1,1,1,8,4,3,9.3,0,0,Desempleado activo,1,Sabado,Tablet,Chrome,Azul,Acuario,X4356,5,0,0
TRAIN_00079,2025-02,Python,Google Ads,UADE,Psicologia,CABA,30,Busca trabajo,Ninguna,2.9,Efectivo,3,189000,15,30,Bajo,SR04,4.5,0,0,1,8,4,0,8.3,1,0,Desempleado activo,3,Viernes,Desktop,Chrome,Azul,Cancer,X9199,3,0,0
TRAIN_00080,2024-11,Machine Learning,Universidad Partner,UADE,Administracion,La Plata,27,Freelance,Basica,5.7,Tarjeta credito,4,291000,15,0,Alto,SR08,17.5,1,0,0,5,1,2,,0,0,Desempleado activo,2,Martes,Tablet,Safari,Naranja,Capricornio,X3233,4,1,1
TRAIN_00081,2024-09,Data Analytics,Evento,Otra,Administracion,GBA Oeste,21,Full-time,Ninguna,3.0,Tarjeta credito,4,186000,25,4,Alto,SR11,6.7,1,0,0,11,4,4,7.5,1,1,Explorer,0,Viernes,Desktop,Safari,Azul,Leo,X6378,4,0,0
TRAIN_00082,2025-03,SQL,TikTok Ads,Otra,Psicologia,Rosario,20,Full-time,Intermedia,,Tarjeta debito,3,145000,15,10,Alto,SR03,5.6,1,0,0,5,1,0,,0,0,Explorer,2,Viernes,Mobile,Chrome,Gris,Escorpio,X1604,4,1,1
TRAIN_00083,2024-09,Machine Learning,TikTok Ads,UTN,Ingenieria,CABA,19,Freelance,Ninguna,14.3,Transferencia,6,279000,5,3,Medio,SR06,20.8,0,0,1,8,4,2,8.2,0,1,Career switcher,1,Viernes,Tablet,Chrome,Azul,Acuario,X3472,2,0,0
TRAIN_00084,2025-04,Web Dev,Instagram Ads,UBA,Ingenieria,CABA,29,Full-time,Intermedia,6.3,Tarjeta debito,3,473000,0,0,Bajo,SR02,16.0,1,1,1,8,4,3,8.3,0,0,Curioso,0,Martes,Mobile,Chrome,Rojo,Aries,X9905,4,0,0
TRAIN_00085,2024-09,Data Analytics,Instagram Ads,Universidad Austral,Administracion,Mendoza,27,Freelance,Intermedia,2.8,Tarjeta credito,6,247000,10,20,Bajo,SR05,6.3,1,0,1,12,4,3,,0,0,Curioso,0,Sabado,Mobile,Chrome,Naranja,Piscis,X2774,7,1,1
TRAIN_00086,2024-11,Data Analytics,Evento,UTN,Economia,La Plata,30,No trabaja,Avanzada,6.0,Tarjeta credito,3,268000,0,20,Alto,SR09,0.4,1,0,0,3,2,1,3.5,0,0,Career switcher,2,Martes,Mobile,Safari,Verde,Acuario,X4997,8,0,0
TRAIN_00087,2024-10,Web Dev,Referido,UADE,Diseno,La Plata,19,No trabaja,Ninguna,8.2,Tarjeta debito,3,178000,30,24,Alto,SR04,2.5,1,1,1,7,4,1,8.8,1,0,Upskiller,6,Sabado,Desktop,Chrome,Gris,Acuario,X3492,7,0,0
TRAIN_00088,2025-05,Data Analytics,Universidad Partner,UBA,Economia,GBA Sur,21,Full-time,Ninguna,3.0,Efectivo,2,244000,5,9,Bajo,SR08,9.5,1,1,0,5,3,2,6.7,0,0,Career switcher,1,Jueves,Desktop,Safari,Azul,Leo,X3790,0,0,0
TRAIN_00089,2024-08,Python,Instagram Ads,UTN,Diseno,GBA Oeste,26,Part-time,Intermedia,11.4,Mercado Pago,6,216000,15,24,Medio,SR06,48.3,1,0,1,8,4,3,6.6,0,0,Career switcher,2,Viernes,Mobile,Chrome,Gris,Leo,X4255,5,0,0
TRAIN_00090,2024-11,Data Analytics,Referido,UTN,Diseno,GBA Oeste,18,No trabaja,Basica,5.3,Tarjeta debito,4,253000,5,21,Alto,SR09,15.9,1,0,1,9,3,1,10.0,0,0,Desempleado activo,4,Lunes,Mobile,Safari,Rojo,Acuario,X8293,0,0,0
TRAIN_00091,2024-11,Python,Universidad Partner,,Ingenieria,Cordoba,18,Full-time,Intermedia,,Tarjeta credito,3,202000,15,12,Medio,SR02,27.5,1,1,1,5,4,2,8.3,0,0,Career switcher,3,Jueves,Desktop,Otro,Azul,Escorpio,X9243,1,0,0
TRAIN_00092,2025-03,Web Dev,Instagram Ads,UBA,Economia,GBA Sur,26,Full-time,Ninguna,2.4,Tarjeta debito,2,192000,20,7,Bajo,SR04,2.5,1,0,1,6,2,3,6.7,0,1,Career switcher,5,Sabado,Desktop,Edge,Naranja,Aries,X8628,0,0,0
TRAIN_00093,2025-03,IA Generativa,Google Ads,UNLP,Ingenieria,CABA,22,Freelance,Basica,9.9,Tarjeta credito,6,167000,20,17,Medio,SR08,17.4,1,0,1,8,4,2,9.8,0,0,Career switcher,6,Miercoles,Desktop,Edge,Rojo,Cancer,X3284,2,0,0
TRAIN_00094,2025-02,Data Analytics,Google Ads,UNLP,Cs Datos,La Plata,24,No trabaja,Ninguna,10.8,Transferencia,12,203000,15,19,Bajo,SR09,0.5,1,0,1,12,4,5,,1,0,Desempleado activo,4,Sabado,Desktop,Chrome,Gris,Acuario,X1333,6,1,1
TRAIN_00095,2024-10,Web Dev,Web Organico,UADE,Ingenieria,CABA,22,Busca trabajo,Avanzada,4.7,Mercado Pago,6,240000,5,18,Medio,SR05,1.9,1,0,1,9,4,2,7.1,0,0,Desempleado activo,3,Viernes,Mobile,Chrome,Verde,Cancer,X3449,8,0,0
TRAIN_00096,2024-10,Python,TikTok Ads,UNLP,Cs Datos,La Plata,27,Full-time,Intermedia,12.7,Transferencia,6,230000,15,7,Alto,SR11,0.9,1,1,1,5,4,2,10.0,0,0,Desempleado activo,0,Jueves,Desktop,Safari,Naranja,Cancer,X6881,7,0,0
TRAIN_00097,2025-05,Data Analytics,Referido,UBA,Ingenieria,GBA Norte,33,Freelance,Ninguna,12.0,Mercado Pago,3,273000,0,1,Medio,SR05,9.9,0,0,0,6,3,3,6.5,0,0,Curioso,0,Lunes,Mobile,Safari,Verde,Acuario,X1747,4,0,0
TRAIN_00098,2025-04,Python,TikTok Ads,UBA,Psicologia,Rosario,24,Freelance,Basica,9.3,Tarjeta debito,6,201000,15,0,Alto,SR06,12.4,1,0,1,5,4,1,8.5,0,1,Curioso,1,Sabado,Mobile,Chrome,Azul,Geminis,X3830,5,0,0
TRAIN_00099,2025-03,Machine Learning,Instagram Ads,Otra,Ingenieria,GBA Oeste,23,Full-time,,8.3,Tarjeta credito,12,317000,0,19,Medio,SR08,156.0,1,0,1,9,4,3,9.4,0,1,Desempleado activo,4,Sabado,Tablet,Chrome,Rojo,Capricornio,X6466,7,0,0
TRAIN_00100,2025-03,IA Generativa,TikTok Ads,UTN,Administracion,GBA Norte,26,No trabaja,,8.3,Tarjeta credito,2,192000,5,41,Bajo,SR12,3.8,0,0,1,8,4,2,9.5,0,0,Career switcher,6,Miercoles,Mobile,Chrome,Gris,Acuario,X9209,1,0,0
TRAIN_00101,2025-02,IA Generativa,TikTok Ads,UBA,Diseno,CABA,18,Busca trabajo,Basica,4.6,Tarjeta credito,3,122000,40,17,Medio,SR05,0.3,1,0,1,8,4,2,,0,1,Upskiller,2,Martes,Desktop,Otro,Rojo,Acuario,X5043,1,0,0
TRAIN_00102,2025-02,Data Analytics,TikTok Ads,UBA,Diseno,CABA,22,Part-time,,4.7,Transferencia,4,178000,30,0,Medio,SR03,9.9,0,1,1,6,4,2,9.1,0,1,Curioso,0,Martes,Mobile,Chrome,Gris,Tauro,X4396,9,0,0
TRAIN_00103,2025-03,IA Generativa,TikTok Ads,Otra,Administracion,Rosario,21,Full-time,Basica,6.9,Transferencia,6,206000,10,13,Medio,SR02,2.0,0,0,0,5,2,3,6.9,0,0,Desempleado activo,2,Lunes,Desktop,Safari,Naranja,Tauro,X4482,2,0,0
TRAIN_00104,2024-10,Data Analytics,Instagram Ads,UBA,Ingenieria,CABA,21,Full-time,Basica,3.2,Tarjeta credito,6,254000,5,7,Alto,SR08,4.3,1,0,1,10,4,2,,0,1,Curioso,7,Martes,Mobile,Chrome,Rojo,Sagitario,X5362,9,0,1
TRAIN_00105,2025-04,Web Dev,Instagram Ads,UNLP,Cs Datos,Mendoza,25,Part-time,Ninguna,3.8,Tarjeta credito,4,187000,25,0,Bajo,SR01,0.6,1,1,1,6,4,1,7.2,0,0,Desempleado activo,3,Lunes,Mobile,Chrome,Naranja,Aries,X2207,8,0,0
TRAIN_00106,2025-04,Python,Web Organico,Universidad Austral,Psicologia,GBA Norte,22,No trabaja,Intermedia,12.8,Transferencia,6,196000,25,0,Medio,SR12,1.1,1,0,1,11,4,0,8.8,0,1,Desempleado activo,2,Jueves,Desktop,Chrome,Naranja,Piscis,X9114,3,0,0
TRAIN_00107,2025-03,SQL,Web Organico,ITBA,Otra,Rosario,31,No trabaja,Basica,3.2,Tarjeta debito,3,149000,20,8,Alto,SR05,0.5,1,0,1,8,4,4,7.1,0,0,Career switcher,3,Viernes,Mobile,Edge,Azul,Escorpio,X6916,6,0,0
TRAIN_00108,2025-04,Machine Learning,TikTok Ads,UBA,Psicologia,CABA,18,No trabaja,Basica,9.8,Tarjeta debito,3,300000,0,23,Medio,SR06,1.2,1,0,0,7,2,1,,0,0,Desempleado activo,0,Jueves,Desktop,Otro,Rojo,Aries,X9304,4,1,1
TRAIN_00109,2025-03,Data Analytics,Google Ads,ITBA,Ingenieria,Cordoba,19,No trabaja,Ninguna,6.4,Transferencia,3,246000,10,30,Alto,SR07,6.0,1,0,1,9,4,2,,0,0,Explorer,3,Viernes,Mobile,Chrome,Verde,Libra,X1482,8,0,0
TRAIN_00110,2024-11,Web Dev,Web Organico,ITBA,Diseno,GBA Norte,27,Busca trabajo,Ninguna,6.6,Tarjeta credito,4,212000,20,31,Bajo,SR07,15.6,1,1,1,11,4,4,8.0,0,0,Explorer,1,Viernes,Mobile,Chrome,Azul,Geminis,X6210,6,0,0
TRAIN_00111,2024-10,Web Dev,Referido,UADE,Administracion,La Plata,30,No trabaja,Ninguna,11.2,Efectivo,9,236000,15,15,Medio,SR07,1.2,1,0,1,10,4,2,,0,1,Upskiller,1,Lunes,Mobile,Chrome,Naranja,Virgo,X1813,8,0,1
TRAIN_00112,2024-08,IA Generativa,TikTok Ads,UADE,Ingenieria,GBA Sur,28,Full-time,Ninguna,6.2,Transferencia,3,219000,0,9,Bajo,SR06,34.3,1,0,0,5,0,1,5.8,0,0,Desempleado activo,0,Sabado,Desktop,Chrome,Verde,Geminis,X3393,3,0,0
TRAIN_00113,2025-05,SQL,Web Organico,UADE,Otra,CABA,25,Full-time,Basica,,Tarjeta debito,4,170000,10,24,Medio,SR04,14.2,0,1,1,3,1,2,8.8,0,0,Desempleado activo,0,Lunes,Desktop,Chrome,Rojo,Escorpio,X4385,3,0,0
TRAIN_00114,2024-11,IA Generativa,Google Ads,UTN,Cs Datos,CABA,31,Part-time,Avanzada,9.4,Mercado Pago,3,218000,10,10,Alto,SR10,6.2,1,0,0,6,2,2,8.0,0,0,Explorer,4,Sabado,Mobile,Chrome,Gris,Leo,X2822,3,0,0
TRAIN_00115,2024-08,SQL,TikTok Ads,Otra,Ingenieria,Mendoza,20,Part-time,Basica,8.8,Tarjeta credito,6,186000,10,15,Medio,SR04,13.6,0,1,1,3,4,3,10.0,0,1,Career switcher,1,Martes,Mobile,Chrome,Rojo,Cancer,X7016,9,0,0
TRAIN_00116,2025-03,Web Dev,Google Ads,Universidad Austral,Otra,Rosario,25,Part-time,Intermedia,16.7,Mercado Pago,2,219000,10,23,Alto,SR09,29.9,1,0,0,7,3,2,10.0,0,0,Desempleado activo,3,Martes,Mobile,Chrome,Gris,Piscis,X6878,9,0,0
TRAIN_00117,2024-09,Web Dev,Instagram Ads,Otra,Ingenieria,Rosario,24,No trabaja,Basica,7.4,Tarjeta credito,1,191000,25,8,Alto,SR11,7.7,1,1,0,3,1,1,8.1,0,1,Career switcher,0,Jueves,Desktop,Safari,Rojo,Sagitario,X7893,5,0,0
TRAIN_00118,2025-04,IA Generativa,Google Ads,UBA,Administracion,CABA,21,Freelance,Avanzada,8.9,Tarjeta debito,4,178000,10,9,Alto,SR07,2.3,1,0,1,9,4,3,8.6,0,0,Upskiller,0,Viernes,Desktop,Chrome,Gris,Acuario,X7471,4,0,0
TRAIN_00119,2024-10,SQL,Instagram Ads,UBA,Diseno,CABA,27,Full-time,Basica,3.1,Tarjeta debito,3,156000,15,20,Medio,SR10,4.3,1,0,1,11,4,1,7.4,0,0,Curioso,3,Martes,Desktop,Safari,Gris,Geminis,X6715,6,0,0
TRAIN_00120,2024-11,Data Analytics,Instagram Ads,ITBA,Administracion,CABA,18,No trabaja,Basica,8.7,Tarjeta debito,2,211000,15,8,Medio,SR12,16.4,1,1,1,7,1,3,7.6,0,0,Career switcher,1,Viernes,Mobile,Chrome,Verde,Libra,X5056,9,0,0
TRAIN_00121,2024-11,Python,Referido,Universidad Austral,Cs Datos,Otra,29,No trabaja,Basica,5.9,Transferencia,3,183000,30,22,Medio,SR02,14.3,0,0,1,11,4,3,8.6,0,0,Career switcher,2,Martes,Desktop,Chrome,Naranja,Escorpio,X1255,1,0,0
TRAIN_00122,2025-05,IA Generativa,TikTok Ads,Universidad Austral,Administracion,Rosario,22,Full-time,Ninguna,7.0,Transferencia,2,197000,5,11,Bajo,SR02,9.7,1,0,0,8,2,3,,0,0,Desempleado activo,2,Lunes,Desktop,Edge,Naranja,Geminis,X5500,4,0,0
TRAIN_00123,2024-08,Data Analytics,TikTok Ads,Universidad Austral,Cs Datos,Mendoza,21,No trabaja,Basica,11.2,Mercado Pago,6,217000,20,8,Bajo,SR03,5.2,1,0,1,7,4,2,8.2,0,0,Explorer,0,Lunes,Mobile,Chrome,Gris,Capricornio,X4542,4,0,0
TRAIN_00124,2025-05,IA Generativa,Instagram Ads,UADE,Psicologia,CABA,18,Freelance,Intermedia,10.3,Tarjeta credito,2,201000,5,6,Medio,SR10,12.1,0,0,0,5,4,2,6.3,0,0,Curioso,2,Jueves,Mobile,Chrome,Verde,Tauro,X1013,1,0,0
TRAIN_00125,2024-10,SQL,Web Organico,UTN,Ingenieria,Mendoza,28,Busca trabajo,Ninguna,7.1,Tarjeta credito,6,134000,15,4,Medio,SR07,33.3,1,1,1,6,4,3,8.3,0,0,Explorer,6,Miercoles,Desktop,Chrome,Verde,Geminis,X9616,2,0,0
TRAIN_00126,2024-09,SQL,Instagram Ads,UTN,Cs Datos,La Plata,20,No trabaja,Ninguna,11.1,Efectivo,3,126000,20,19,Medio,SR12,0.6,1,1,1,8,3,2,6.3,0,0,Curioso,5,Miercoles,Desktop,Chrome,Violeta,Tauro,X4922,0,0,0
TRAIN_00127,2025-03,Machine Learning,Instagram Ads,UBA,Ingenieria,CABA,24,Part-time,Basica,5.6,Tarjeta credito,6,279000,10,19,Medio,SR10,3.5,1,0,1,8,3,4,,0,0,Explorer,1,Martes,Desktop,Chrome,Violeta,Leo,X5929,1,0,0
TRAIN_00128,2024-11,IA Generativa,Referido,Otra,Economia,GBA Sur,18,No trabaja,Basica,10.4,Tarjeta credito,12,174000,10,9,Medio,SR04,2.4,0,0,0,6,0,2,5.6,0,1,Upskiller,1,Viernes,Desktop,Chrome,Azul,Acuario,X3394,9,0,0
TRAIN_00129,2025-03,Web Dev,Google Ads,Universidad Austral,Cs Datos,Rosario,27,Part-time,Ninguna,1.6,Tarjeta credito,6,232000,5,25,Medio,SR11,10.2,1,1,1,10,4,2,10.0,0,1,Curioso,5,Miercoles,Mobile,Chrome,Naranja,Capricornio,X6511,6,0,0
TRAIN_00130,2024-09,SQL,Universidad Partner,Universidad Austral,Economia,CABA,29,No trabaja,Ninguna,4.4,Tarjeta credito,6,152000,15,4,Medio,SR03,18.2,1,0,1,10,4,2,8.4,1,0,Upskiller,0,Sabado,Desktop,Chrome,Gris,Cancer,X7712,4,1,0
TRAIN_00131,2025-05,SQL,TikTok Ads,UTN,Ingenieria,CABA,26,Full-time,Intermedia,10.0,Tarjeta credito,1,145000,10,29,Bajo,SR03,39.5,1,0,0,3,1,3,6.8,0,0,Upskiller,1,Sabado,Desktop,Chrome,Gris,Capricornio,X7003,8,0,0
TRAIN_00132,2025-02,Python,TikTok Ads,UNLP,Otra,CABA,27,Part-time,Basica,6.0,Tarjeta credito,4,221000,0,18,Bajo,SR11,9.1,1,0,1,10,4,2,7.7,1,0,Curioso,0,Martes,Desktop,Firefox,Naranja,Aries,X8550,9,0,0
TRAIN_00133,2024-11,Python,Instagram Ads,UTN,Otra,GBA Sur,22,Full-time,Ninguna,1.9,Mercado Pago,4,248000,5,2,Alto,SR09,10.8,1,0,1,8,3,1,,1,0,Upskiller,0,Sabado,Mobile,Safari,Verde,Sagitario,X2658,3,1,1
TRAIN_00134,2024-09,SQL,Referido,UTN,Ingenieria,GBA Sur,30,Part-time,Intermedia,11.6,Transferencia,6,162000,0,17,Bajo,SR02,24.0,1,1,1,13,4,3,7.6,0,0,Explorer,0,Lunes,Mobile,Edge,Azul,Escorpio,X9474,5,0,0
TRAIN_00135,2025-04,Python,Instagram Ads,UNLP,Diseno,CABA,32,No trabaja,Basica,11.3,Tarjeta credito,1,174000,30,11,Bajo,SR03,20.8,0,0,1,8,2,4,6.9,1,0,Curioso,1,Sabado,Tablet,Edge,Gris,Piscis,X6185,0,0,0
TRAIN_00136,2024-08,SQL,Universidad Partner,UNLP,Diseno,GBA Oeste,21,Busca trabajo,Intermedia,6.2,Transferencia,9,183000,5,17,Medio,SR08,5.5,1,1,1,6,4,0,10.0,0,1,Curioso,2,Sabado,Mobile,Safari,Rojo,Tauro,X3273,5,0,0
TRAIN_00137,2025-04,Web Dev,Instagram Ads,Otra,Administracion,Cordoba,20,Full-time,Intermedia,3.1,Efectivo,2,203000,25,18,Medio,SR08,22.2,1,0,1,9,4,3,8.9,0,0,Career switcher,0,Miercoles,Mobile,Safari,Azul,Geminis,X7895,8,0,0
TRAIN_00138,2025-05,Python,Instagram Ads,UTN,Administracion,GBA Sur,19,No trabaja,,1.0,Tarjeta credito,3,208000,20,3,Medio,SR04,26.0,1,0,1,6,3,2,5.9,1,0,Explorer,6,Jueves,Mobile,Chrome,Verde,Sagitario,X6546,8,0,0
TRAIN_00139,2024-11,Data Analytics,Web Organico,UBA,Ingenieria,GBA Oeste,29,No trabaja,Ninguna,5.1,Tarjeta debito,3,224000,20,16,Medio,SR12,3.8,1,0,1,5,4,0,10.0,1,0,Upskiller,6,Martes,Mobile,Chrome,Verde,Tauro,X7610,2,0,0
TRAIN_00140,2024-08,Web Dev,Instagram Ads,UTN,Cs Datos,GBA Sur,24,Full-time,Intermedia,6.6,Mercado Pago,3,179000,30,2,Alto,SR09,6.0,1,0,1,6,3,2,10.0,0,0,Curioso,1,Lunes,Mobile,Chrome,Verde,Acuario,X1807,1,0,1
TRAIN_00141,2024-09,Machine Learning,Instagram Ads,Universidad Austral,Ingenieria,CABA,31,Full-time,Intermedia,7.6,Mercado Pago,3,286000,10,9,Medio,SR06,4.2,0,1,1,6,4,2,8.0,0,1,Upskiller,1,Sabado,Desktop,Chrome,Verde,Acuario,X6277,2,0,0
TRAIN_00142,2024-11,Data Analytics,Instagram Ads,Universidad Austral,Diseno,CABA,30,Busca trabajo,Intermedia,3.9,Tarjeta credito,6,277000,0,16,Bajo,SR06,27.3,1,0,0,5,2,3,7.8,0,0,Curioso,0,Lunes,Tablet,Chrome,Verde,Capricornio,X6993,2,0,0
TRAIN_00143,2025-03,Machine Learning,Instagram Ads,UTN,Otra,Cordoba,22,Full-time,,1.6,Tarjeta credito,9,319000,5,8,Bajo,SR06,64.0,1,1,1,6,4,3,,0,0,Upskiller,2,Sabado,Mobile,Chrome,Naranja,Tauro,X1301,7,0,0
TRAIN_00144,2024-09,Python,Instagram Ads,ITBA,Cs Datos,GBA Sur,27,Freelance,Ninguna,2.9,Mercado Pago,6,214000,15,4,Medio,SR04,31.0,1,0,0,5,2,1,8.7,0,0,Desempleado activo,2,Viernes,Mobile,Safari,Naranja,Aries,X4844,8,0,0
TRAIN_00145,2024-08,Data Analytics,TikTok Ads,Otra,Otra,CABA,29,No trabaja,Basica,16.1,Mercado Pago,3,239000,15,27,Alto,SR06,12.4,1,1,1,6,4,3,,0,0,Curioso,3,Viernes,Mobile,Edge,Naranja,Tauro,X7363,3,0,0
TRAIN_00146,2024-08,Python,Universidad Partner,Universidad Austral,Ingenieria,GBA Oeste,22,Busca trabajo,Ninguna,5.2,Mercado Pago,3,197000,20,11,Alto,SR09,1.5,1,1,1,5,3,0,,0,0,Explorer,4,Miercoles,Desktop,Chrome,Azul,Tauro,X8980,3,0,0
TRAIN_00147,2025-02,Web Dev,Instagram Ads,UNLP,Cs Datos,CABA,27,No trabaja,Ninguna,7.0,Tarjeta credito,2,216000,10,8,Bajo,SR04,18.9,1,1,1,9,4,2,10.0,0,0,Desempleado activo,3,Viernes,Tablet,Chrome,Violeta,Acuario,X8758,3,0,0
TRAIN_00148,2025-03,Data Analytics,Instagram Ads,Otra,Administracion,La Plata,24,No trabaja,Basica,8.2,Mercado Pago,12,263000,10,2,Bajo,SR11,25.6,0,0,1,11,4,3,9.4,0,0,Desempleado activo,1,Jueves,Tablet,Chrome,Gris,Sagitario,X9490,7,0,0
TRAIN_00149,2025-05,Python,Referido,UTN,Diseno,CABA,21,Part-time,Basica,7.5,Tarjeta credito,12,179000,25,10,Medio,SR07,13.5,1,0,0,9,4,3,9.7,0,0,Desempleado activo,0,Jueves,Desktop,Chrome,Verde,Leo,X4346,5,0,0
TRAIN_00150,2024-11,IA Generativa,Universidad Partner,UTN,Administracion,CABA,19,Busca trabajo,Intermedia,7.0,Tarjeta credito,3,185000,10,22,Medio,SR11,4.9,1,0,1,9,4,2,,0,1,Explorer,2,Lunes,Mobile,Chrome,Verde,Leo,X2302,5,0,0
TRAIN_00151,2024-11,Web Dev,Universidad Partner,UNLP,Administracion,GBA Norte,29,No trabaja,Ninguna,14.7,Mercado Pago,2,271000,0,15,Medio,SR02,7.9,1,1,1,9,4,1,8.1,0,1,Desempleado activo,2,Lunes,Mobile,Chrome,Verde,Libra,X4218,9,0,0
TRAIN_00152,2025-04,IA Generativa,TikTok Ads,UTN,Ingenieria,GBA Norte,25,Freelance,,8.1,Mercado Pago,1,164000,20,29,Bajo,SR06,6.6,1,0,1,33,4,9,7.9,0,0,Career switcher,5,Lunes,Mobile,Otro,Gris,Aries,X2111,7,1,0
TRAIN_00153,2025-05,Data Analytics,Web Organico,UBA,Economia,CABA,22,No trabaja,Ninguna,6.6,Tarjeta debito,3,180000,30,24,Medio,SR05,30.4,1,0,1,11,4,3,6.9,0,0,Career switcher,0,Miercoles,Mobile,Chrome,Gris,Virgo,X6976,6,0,0
TRAIN_00154,2025-05,Data Analytics,Web Organico,UADE,Ingenieria,Cordoba,22,No trabaja,Intermedia,10.9,Mercado Pago,4,201000,20,15,Medio,SR10,2.4,1,0,1,10,4,4,9.0,0,0,Explorer,3,Jueves,Desktop,Chrome,Azul,Tauro,X5903,5,0,0
TRAIN_00155,2024-11,Data Analytics,Universidad Partner,UADE,Ingenieria,Rosario,19,No trabaja,Ninguna,,Transferencia,12,233000,0,25,Alto,SR09,0.9,1,1,1,9,4,0,9.6,0,1,Upskiller,3,Sabado,Mobile,Chrome,Azul,Capricornio,X3783,5,0,0
TRAIN_00156,2025-04,Python,TikTok Ads,UTN,Economia,Otra,26,Full-time,Basica,6.8,Transferencia,12,214000,5,24,Medio,SR03,12.1,0,1,1,3,4,2,,0,1,Explorer,2,Viernes,Mobile,Chrome,Azul,Aries,X1223,5,0,1
TRAIN_00157,2024-11,Web Dev,Instagram Ads,UTN,Economia,GBA Sur,27,Busca trabajo,Basica,0.0,Tarjeta credito,2,199000,20,31,Bajo,SR07,11.5,1,1,1,9,4,3,9.2,0,0,Career switcher,7,Lunes,Desktop,Safari,Naranja,Tauro,X4408,2,0,0
TRAIN_00158,2025-04,Python,Referido,Universidad Austral,Economia,La Plata,23,Freelance,Ninguna,9.5,Tarjeta credito,6,228000,5,14,Bajo,SR07,,1,0,1,11,4,3,6.2,0,0,Desempleado activo,7,Martes,Mobile,Chrome,Gris,Acuario,X2916,2,0,0
TRAIN_00159,2024-08,Data Analytics,Instagram Ads,UTN,Economia,Cordoba,28,Part-time,Intermedia,4.6,Mercado Pago,6,181000,25,12,Bajo,SR12,43.1,1,0,1,13,4,3,8.4,1,0,Desempleado activo,2,Sabado,Mobile,Chrome,Verde,Geminis,X5592,0,0,0
TRAIN_00160,2025-03,Data Analytics,Instagram Ads,,Otra,Cordoba,20,Part-time,Intermedia,12.9,Tarjeta credito,9,219000,15,21,Alto,SR03,14.6,1,0,0,6,0,3,5.4,1,0,Career switcher,0,Martes,Desktop,Chrome,Rojo,Aries,X2557,1,0,1
TRAIN_00161,2024-09,Python,Universidad Partner,Otra,Otra,Mendoza,32,Freelance,Ninguna,,Mercado Pago,1,148000,30,6,Medio,SR07,11.7,1,0,0,3,2,1,,0,1,Upskiller,4,Sabado,Desktop,Chrome,Gris,Acuario,X8363,6,0,0
TRAIN_00162,2024-08,IA Generativa,Referido,UTN,Cs Datos,CABA,31,Part-time,Intermedia,8.9,Tarjeta credito,3,167000,20,7,Alto,SR11,3.2,1,1,1,11,4,4,8.6,0,0,Desempleado activo,0,Martes,Mobile,Chrome,Gris,Capricornio,X3293,6,1,0
TRAIN_00163,2024-09,Data Analytics,TikTok Ads,UNLP,Cs Datos,GBA Norte,22,Full-time,Intermedia,4.6,Transferencia,3,203000,30,13,Bajo,SR04,2.2,1,0,0,0,2,0,9.4,0,0,Upskiller,5,Sabado,Mobile,Safari,Naranja,Libra,X5224,7,0,0
TRAIN_00164,2024-10,IA Generativa,TikTok Ads,UADE,Ingenieria,CABA,23,Freelance,,7.5,Tarjeta credito,2,160000,20,2,,SR02,48.9,1,0,0,3,2,0,6.3,0,0,Career switcher,0,Miercoles,Mobile,Safari,Azul,Piscis,X6003,9,1,1
TRAIN_00165,2025-02,Web Dev,Instagram Ads,UTN,Administracion,GBA Norte,25,No trabaja,Basica,6.6,Tarjeta debito,6,187000,35,8,Bajo,SR05,12.8,1,1,1,12,4,4,8.0,0,1,Desempleado activo,4,Viernes,Desktop,Chrome,Azul,Sagitario,X4619,3,0,0
TRAIN_00166,2024-10,Web Dev,Instagram Ads,UBA,Otra,Rosario,25,Busca trabajo,Basica,6.8,Tarjeta credito,9,173000,25,15,Medio,SR09,12.5,1,0,1,1,3,1,,0,0,Desempleado activo,0,Martes,Desktop,Chrome,Rojo,Escorpio,X8846,1,1,1
TRAIN_00167,2024-08,Python,Web Organico,UADE,Diseno,CABA,22,Freelance,Avanzada,2.8,Tarjeta debito,2,207000,20,8,Medio,SR08,10.7,0,0,1,2,3,0,,0,0,Upskiller,0,Lunes,Desktop,Edge,Verde,Aries,X1854,3,0,0
TRAIN_00168,2025-02,IA Generativa,Instagram Ads,UNLP,Ingenieria,CABA,22,Busca trabajo,Ninguna,3.6,Transferencia,2,143000,35,10,Bajo,SR01,34.7,1,0,0,6,2,2,4.9,0,1,Upskiller,3,Jueves,Mobile,Chrome,Naranja,Leo,X2364,5,0,0
TRAIN_00169,2025-03,Python,Google Ads,UADE,Otra,Otra,24,Full-time,Intermedia,5.8,Tarjeta credito,2,181000,25,20,Alto,SR12,7.2,1,0,0,7,3,0,4.6,0,0,Desempleado activo,2,Jueves,Desktop,Otro,Verde,Aries,X3306,8,0,0
TRAIN_00170,2024-11,Data Analytics,TikTok Ads,UBA,Cs Datos,La Plata,26,Full-time,,6.0,Tarjeta credito,9,255000,0,25,Bajo,SR09,8.4,1,0,1,9,2,4,,1,1,Explorer,2,Viernes,Mobile,Firefox,Violeta,Sagitario,X6140,6,0,0
TRAIN_00171,2025-02,Web Dev,Referido,UBA,Ingenieria,GBA Sur,20,Full-time,Ninguna,0.0,Tarjeta credito,1,221000,10,8,Medio,SR06,18.4,0,0,0,5,0,2,,0,0,Curioso,1,Viernes,Desktop,Chrome,Verde,Aries,X7481,0,1,1
TRAIN_00172,2025-04,Python,Instagram Ads,ITBA,Ingenieria,CABA,27,Freelance,Intermedia,8.3,Mercado Pago,6,196000,25,7,Alto,SR06,8.0,1,1,1,11,4,3,8.7,0,0,Explorer,4,Viernes,Mobile,Chrome,Violeta,Libra,X5488,8,0,0
TRAIN_00173,2024-08,Web Dev,Evento,Otra,Ingenieria,Cordoba,24,Part-time,Ninguna,8.0,Tarjeta credito,1,231000,15,23,Medio,SR11,11.9,1,1,0,1,1,1,7.4,0,0,Upskiller,4,Miercoles,Mobile,Chrome,Verde,Libra,X2952,4,0,0
TRAIN_00174,2024-09,Data Analytics,Referido,UNLP,Administracion,GBA Norte,27,Full-time,Ninguna,2.9,Mercado Pago,3,244000,5,20,Alto,SR08,23.1,1,0,1,6,3,3,10.0,0,0,Upskiller,2,Lunes,Mobile,Chrome,Violeta,Aries,X9533,8,0,0
TRAIN_00175,2025-04,Data Analytics,Evento,ITBA,Economia,CABA,19,No trabaja,Basica,1.4,Tarjeta credito,1,267000,0,13,Medio,SR04,32.7,0,0,1,5,4,1,9.8,0,0,Desempleado activo,0,Miercoles,Mobile,Firefox,Verde,Piscis,X8240,7,0,0
TRAIN_00176,2024-09,Data Analytics,Referido,UNLP,Diseno,GBA Oeste,24,Full-time,Avanzada,7.9,Tarjeta credito,3,189000,25,15,Medio,SR08,23.7,1,0,1,8,4,2,9.3,0,0,Curioso,6,Lunes,Mobile,Safari,Gris,Sagitario,X6205,4,0,0
TRAIN_00177,2025-05,Python,Instagram Ads,Universidad Austral,Cs Datos,CABA,22,Part-time,Avanzada,15.3,Transferencia,2,160000,35,28,Medio,SR06,0.3,1,1,1,12,4,3,7.5,0,0,Upskiller,6,Lunes,Desktop,Otro,Azul,Acuario,X3215,2,0,0
TRAIN_00178,2024-10,Python,Instagram Ads,UADE,Otra,Rosario,24,Freelance,Ninguna,7.5,Tarjeta debito,3,345000,35,0,Medio,SR04,38.6,1,0,1,10,3,1,,0,0,Explorer,2,Martes,Desktop,Chrome,Rojo,Capricornio,X4382,6,1,1
TRAIN_00179,2024-09,Python,Google Ads,UADE,Economia,CABA,25,Full-time,Basica,4.6,Tarjeta credito,4,188000,15,22,Alto,SR02,7.5,1,1,1,4,4,1,,0,0,Upskiller,0,Martes,Desktop,Chrome,Gris,Acuario,X2252,1,1,1
TRAIN_00180,2024-08,Data Analytics,TikTok Ads,UNLP,Cs Datos,GBA Norte,28,Busca trabajo,Basica,4.3,Transferencia,2,267000,0,10,,SR11,2.5,1,0,1,6,4,1,6.9,0,0,Explorer,1,Viernes,Desktop,Chrome,Gris,Tauro,X7857,9,0,0
TRAIN_00181,2025-02,Python,Instagram Ads,UBA,Administracion,GBA Oeste,18,Busca trabajo,Intermedia,10.1,Tarjeta debito,2,187000,20,0,Medio,SR02,2.6,0,0,1,5,4,1,7.7,0,0,Career switcher,5,Miercoles,Desktop,Chrome,Azul,Geminis,X5582,1,0,0
TRAIN_00182,2025-04,Machine Learning,Referido,UBA,Ingenieria,Mendoza,28,Busca trabajo,Basica,11.4,Tarjeta debito,4,273000,15,17,Medio,SR07,17.6,1,0,1,15,4,4,9.5,0,0,Explorer,1,Martes,Mobile,Chrome,Rojo,Libra,X2924,1,0,0
TRAIN_00183,2024-11,Python,TikTok Ads,UADE,Otra,Otra,24,Full-time,Basica,0.8,Mercado Pago,3,235000,0,3,Alto,SR04,15.8,0,0,0,6,2,3,,0,0,Career switcher,2,Martes,Desktop,Edge,Naranja,Piscis,X4989,6,0,0
TRAIN_00184,2025-05,Web Dev,Universidad Partner,UNLP,Otra,GBA Norte,20,No trabaja,Intermedia,7.9,Tarjeta debito,4,176000,30,8,Medio,SR10,1.2,1,1,1,9,4,3,5.6,0,0,Upskiller,1,Jueves,Desktop,Safari,Violeta,Piscis,X8328,6,0,0
TRAIN_00185,2025-03,Machine Learning,Instagram Ads,UNLP,Administracion,GBA Sur,26,No trabaja,Intermedia,10.0,Tarjeta credito,6,337000,0,6,Medio,SR09,3.6,1,1,1,7,2,1,5.0,0,0,Explorer,2,Jueves,Mobile,Chrome,Azul,Acuario,X1787,4,0,0
TRAIN_00186,2024-10,SQL,Referido,UNLP,Economia,Mendoza,28,Full-time,Basica,8.7,Transferencia,2,169000,0,24,Bajo,SR03,7.6,1,0,1,8,4,3,9.3,0,0,Explorer,4,Jueves,Desktop,Chrome,Azul,Libra,X8306,8,1,1
TRAIN_00187,2025-02,SQL,Instagram Ads,UTN,Ingenieria,GBA Oeste,19,Part-time,Ninguna,9.1,,3,160000,15,15,Alto,SR03,34.9,1,0,1,6,4,1,,0,1,Upskiller,5,Lunes,Mobile,Chrome,Verde,Acuario,X6186,5,0,0
TRAIN_00188,2025-04,Python,TikTok Ads,UNLP,Ingenieria,CABA,24,Part-time,Basica,1.0,Efectivo,3,213000,10,17,Alto,SR07,39.0,0,0,0,3,1,0,7.7,0,0,Career switcher,1,Sabado,Mobile,Otro,Rojo,Piscis,X4746,1,0,0
TRAIN_00189,2024-11,Data Analytics,Google Ads,Otra,Psicologia,CABA,24,Busca trabajo,Basica,9.9,Mercado Pago,2,231000,20,7,Bajo,SR05,26.8,0,0,0,3,2,0,9.2,0,0,Upskiller,2,Sabado,Desktop,Chrome,Azul,Acuario,X6451,3,0,0
TRAIN_00190,2025-04,Python,Instagram Ads,UTN,Economia,CABA,19,No trabaja,Basica,9.3,Transferencia,3,175000,30,12,Medio,SR12,0.7,1,0,1,10,4,4,7.9,0,0,Upskiller,0,Sabado,Mobile,Safari,Gris,Geminis,X1069,5,0,0
TRAIN_00191,2024-10,Web Dev,Instagram Ads,UNLP,Psicologia,CABA,28,Busca trabajo,Intermedia,7.1,Tarjeta credito,4,221000,5,24,Bajo,SR09,16.2,1,0,0,3,2,1,8.3,0,0,Explorer,1,Lunes,Desktop,Edge,Azul,Cancer,X1284,4,0,0
TRAIN_00192,2025-03,Data Analytics,Google Ads,Universidad Austral,Economia,Otra,24,Part-time,Basica,2.5,Efectivo,3,235000,15,24,Medio,SR03,2.1,1,0,1,12,4,5,9.9,0,0,Upskiller,0,Lunes,Mobile,Chrome,Azul,Piscis,X2925,0,0,0
TRAIN_00193,2024-11,Data Analytics,Web Organico,UBA,Diseno,Rosario,27,Part-time,Intermedia,5.9,Tarjeta debito,4,227000,5,13,Medio,SR11,0.3,1,0,1,10,4,3,9.3,0,0,Curioso,1,Viernes,Desktop,Safari,Azul,Capricornio,X3865,4,0,0
TRAIN_00194,2025-02,Data Analytics,Referido,UBA,Ingenieria,CABA,25,No trabaja,Avanzada,6.9,Tarjeta credito,4,195000,25,7,Alto,SR11,24.0,1,1,1,7,2,4,10.0,0,1,Career switcher,5,Martes,Desktop,Safari,Verde,Escorpio,X2434,4,0,0
TRAIN_00195,2025-02,Python,TikTok Ads,UNLP,Ingenieria,CABA,28,Full-time,Basica,5.2,Transferencia,2,193000,15,22,Alto,SR10,1.5,0,1,0,7,2,1,,1,0,Career switcher,1,Sabado,Desktop,Chrome,Azul,Sagitario,X4745,2,0,0
TRAIN_00196,2025-02,Python,Instagram Ads,ITBA,Ingenieria,GBA Oeste,28,Busca trabajo,Ninguna,2.1,Mercado Pago,2,157000,35,23,Medio,SR02,9.2,1,0,1,12,4,4,,0,0,Career switcher,6,Viernes,Mobile,Safari,Naranja,Aries,X2528,3,0,0
TRAIN_00197,2025-05,Machine Learning,Referido,UNLP,Otra,GBA Sur,23,Part-time,Avanzada,6.6,Transferencia,3,257000,15,27,Medio,SR03,32.8,0,0,0,4,2,2,,1,0,Explorer,6,Jueves,Desktop,Otro,Gris,Acuario,X6773,9,0,0
TRAIN_00198,2025-03,SQL,Web Organico,Universidad Austral,Ingenieria,GBA Norte,24,Part-time,Basica,6.4,Tarjeta debito,6,163000,15,17,,SR10,30.4,1,0,1,11,4,3,8.6,0,1,Career switcher,3,Martes,Mobile,Chrome,Verde,Cancer,X3022,3,0,0
TRAIN_00199,2025-02,IA Generativa,Instagram Ads,Universidad Austral,Ingenieria,Mendoza,29,No trabaja,Intermedia,9.4,Mercado Pago,3,129000,30,4,Medio,SR09,18.0,1,0,0,6,2,3,,0,0,Upskiller,5,Jueves,Mobile,Chrome,Verde,Virgo,X1646,8,0,0
TRAIN_00200,2025-05,Data Analytics,Referido,UBA,Cs Datos,Cordoba,25,No trabaja,Basica,5.5,Tarjeta debito,1,235000,10,20,Alto,SR02,4.3,1,0,1,8,4,2,7.5,1,0,Explorer,2,Jueves,Desktop,Safari,Rojo,Piscis,X2181,5,0,0
TRAIN_00201,2025-04,Python,Google Ads,ITBA,Psicologia,Cordoba,24,Part-time,Ninguna,14.4,Mercado Pago,3,187000,20,25,Alto,SR08,7.6,1,0,0,9,3,5,8.3,0,0,Desempleado activo,1,Lunes,Mobile,Chrome,Verde,Acuario,X2713,2,0,0
TRAIN_00202,2025-05,IA Generativa,Google Ads,UADE,Ingenieria,GBA Oeste,26,Full-time,Ninguna,5.9,Tarjeta debito,1,173000,5,19,Medio,SR12,13.4,1,0,0,7,4,4,8.9,0,0,Explorer,5,Miercoles,Desktop,Safari,Verde,Libra,X5911,6,0,0
TRAIN_00203,2025-04,Data Analytics,Universidad Partner,UTN,Otra,La Plata,18,Full-time,Ninguna,1.9,Mercado Pago,6,253000,5,9,Bajo,SR01,15.6,1,0,1,14,4,5,8.0,0,0,Explorer,2,Lunes,Desktop,Safari,Gris,Leo,X3605,5,0,0
TRAIN_00204,2025-04,Web Dev,Referido,UTN,Diseno,GBA Norte,22,Part-time,Basica,7.6,Mercado Pago,4,225000,15,27,Medio,SR07,5.6,1,0,1,9,4,4,,0,0,Curioso,0,Viernes,Mobile,Chrome,Verde,Sagitario,X3567,6,0,1
TRAIN_00205,2025-04,Data Analytics,Instagram Ads,UADE,Administracion,CABA,23,Full-time,Ninguna,10.4,Transferencia,6,172000,30,13,Medio,SR08,29.6,1,1,0,4,2,1,,0,1,Career switcher,0,Viernes,Mobile,Safari,Naranja,Leo,X2627,1,1,1
TRAIN_00206,2025-03,Python,Google Ads,UTN,Cs Datos,Rosario,26,Full-time,Ninguna,7.1,Transferencia,6,187000,15,17,Medio,SR12,5.6,0,0,0,4,1,1,5.7,0,0,Desempleado activo,0,Martes,Mobile,Chrome,Verde,Tauro,X6956,1,0,0
TRAIN_00207,2024-10,Machine Learning,Instagram Ads,Otra,Administracion,Otra,25,Part-time,,8.3,Transferencia,6,273000,15,7,Alto,SR10,6.2,1,1,1,5,4,1,,1,0,Desempleado activo,5,Lunes,Tablet,Otro,Naranja,Virgo,X6520,3,0,0
TRAIN_00208,2024-10,Data Analytics,Evento,UNLP,Psicologia,GBA Oeste,28,Part-time,Ninguna,10.0,Tarjeta debito,2,199000,25,23,,SR11,13.2,1,0,0,2,0,1,7.1,0,0,Desempleado activo,0,Jueves,Desktop,Safari,Gris,Acuario,X7361,8,0,0
TRAIN_00209,2024-09,SQL,TikTok Ads,ITBA,Otra,Cordoba,31,Freelance,Intermedia,5.3,Transferencia,9,157000,15,18,Medio,SR05,11.8,0,0,0,8,4,4,10.0,0,0,Upskiller,2,Lunes,Mobile,Chrome,Violeta,Tauro,X2382,9,0,0
TRAIN_00210,2024-09,Machine Learning,Evento,UBA,Economia,Cordoba,21,Freelance,Basica,10.9,Tarjeta credito,3,255000,25,2,Medio,SR05,0.5,1,0,1,12,4,4,6.3,0,0,Career switcher,5,Martes,Mobile,Chrome,Rojo,Escorpio,X5067,3,0,0
TRAIN_00211,2024-09,Python,Google Ads,Otra,Administracion,CABA,18,No trabaja,Ninguna,8.0,Transferencia,2,216000,15,9,Medio,SR11,14.8,0,0,1,9,4,0,8.4,0,1,Career switcher,3,Sabado,Mobile,Chrome,Rojo,Sagitario,X8468,0,0,0
TRAIN_00212,2024-10,Data Analytics,Referido,UTN,Psicologia,CABA,31,Busca trabajo,Intermedia,10.7,Mercado Pago,6,203000,25,14,Medio,SR09,8.2,1,0,0,5,2,2,,1,0,Career switcher,2,Miercoles,Mobile,Chrome,Rojo,Acuario,X3448,3,1,1
TRAIN_00213,2025-02,Python,Universidad Partner,UADE,Economia,GBA Sur,22,No trabaja,Basica,10.8,Tarjeta credito,4,173000,25,22,Medio,SR01,7.0,1,0,1,13,4,3,5.4,0,1,Explorer,3,Jueves,Mobile,Chrome,Naranja,Virgo,X7258,4,0,0
TRAIN_00214,2025-04,IA Generativa,Google Ads,UTN,Administracion,Cordoba,27,Full-time,Basica,0.5,Mercado Pago,6,195000,5,14,Medio,SR02,8.3,1,0,1,7,2,2,,1,0,Career switcher,2,Martes,Tablet,Safari,Rojo,Sagitario,X9162,1,1,1
TRAIN_00215,2025-04,Machine Learning,Referido,UTN,Ingenieria,GBA Norte,26,No trabaja,Basica,10.3,Mercado Pago,2,247000,20,32,Medio,SR08,9.9,1,1,1,12,4,3,,0,0,Career switcher,1,Jueves,Mobile,Chrome,Naranja,Piscis,X7512,0,0,0
TRAIN_00216,2024-08,Python,TikTok Ads,UADE,Diseno,CABA,26,Part-time,Basica,7.8,Transferencia,9,204000,10,0,Alto,SR08,28.0,0,0,0,1,2,0,8.1,0,0,Upskiller,1,Lunes,Mobile,Chrome,Violeta,Cancer,X9248,6,0,0
TRAIN_00217,2024-10,IA Generativa,Google Ads,UNLP,Economia,CABA,28,No trabaja,,7.6,Mercado Pago,2,208000,5,21,Medio,SR09,7.1,1,0,1,7,3,3,5.8,0,0,Explorer,1,Lunes,Desktop,Safari,Violeta,Aries,X1691,3,0,0
TRAIN_00218,2025-03,Python,Referido,UTN,Otra,GBA Oeste,29,Part-time,Ninguna,6.4,Transferencia,12,191000,15,17,Bajo,SR11,0.5,1,1,0,6,2,1,,0,0,Desempleado activo,6,Sabado,Mobile,Chrome,Gris,Aries,X7201,0,0,0
TRAIN_00219,2024-09,Data Analytics,Evento,UADE,Cs Datos,CABA,26,Busca trabajo,,10.3,Mercado Pago,6,195000,25,29,,SR08,3.4,0,0,1,10,4,4,,0,0,Curioso,1,Lunes,Mobile,Chrome,Rojo,Aries,X2936,7,1,1
TRAIN_00220,2025-02,Python,Instagram Ads,UTN,Economia,CABA,20,Part-time,Intermedia,,Mercado Pago,3,163000,25,11,Alto,SR12,62.6,1,1,0,4,3,3,7.7,0,1,Career switcher,3,Miercoles,Tablet,Chrome,Violeta,Tauro,X6429,0,0,0
TRAIN_00221,2025-03,Data Analytics,Web Organico,UBA,Ingenieria,GBA Norte,23,Part-time,Basica,8.3,Tarjeta credito,1,241000,10,6,Alto,SR12,2.3,1,1,0,1,0,0,,0,0,Explorer,3,Lunes,Mobile,Chrome,Gris,Virgo,X2030,5,1,1
TRAIN_00222,2024-10,Python,Referido,Universidad Austral,Ingenieria,GBA Oeste,19,Part-time,Ninguna,11.0,Mercado Pago,1,182000,25,9,Alto,SR12,4.8,0,0,1,7,3,3,5.2,0,0,Explorer,4,Martes,Mobile,Chrome,Naranja,Leo,X2353,6,0,0
TRAIN_00223,2025-05,Python,Universidad Partner,Universidad Austral,Cs Datos,CABA,20,No trabaja,Avanzada,8.0,Tarjeta credito,9,224000,5,38,Medio,SR11,18.2,1,0,1,10,3,4,9.7,0,0,Curioso,0,Viernes,Mobile,Chrome,Verde,Virgo,X8273,1,0,0
TRAIN_00224,2024-10,IA Generativa,TikTok Ads,UBA,Cs Datos,CABA,30,Full-time,Ninguna,9.0,Tarjeta debito,6,143000,35,10,Bajo,SR09,14.3,0,0,0,6,4,2,8.1,0,0,Curioso,4,Viernes,Desktop,Chrome,Verde,Aries,X5051,1,0,0
TRAIN_00225,2024-11,Python,Universidad Partner,UTN,Ingenieria,Rosario,26,Full-time,Ninguna,,Transferencia,6,204000,10,6,Medio,SR04,7.1,1,1,1,10,3,3,,0,1,Upskiller,3,Lunes,Mobile,Safari,Naranja,Escorpio,X9634,7,0,0
TRAIN_00226,2025-03,IA Generativa,Google Ads,UBA,Otra,Mendoza,19,Full-time,Ninguna,9.4,Mercado Pago,4,191000,5,21,Medio,SR11,6.0,1,0,0,11,4,2,8.7,0,0,Curioso,2,Miercoles,Desktop,Chrome,Azul,Cancer,X4294,7,0,0
TRAIN_00227,2025-02,Data Analytics,Instagram Ads,UTN,Administracion,La Plata,32,Part-time,,3.4,Mercado Pago,1,215000,15,9,Medio,SR02,7.5,1,1,1,12,4,7,,0,0,Desempleado activo,1,Sabado,Mobile,Edge,Rojo,Piscis,X7594,9,1,1
TRAIN_00228,2025-02,Python,Instagram Ads,Otra,Otra,CABA,22,Freelance,Basica,6.2,,4,164000,35,14,Alto,SR04,8.4,0,0,0,3,2,0,,0,0,Explorer,4,Lunes,Mobile,Safari,Rojo,Capricornio,X1120,3,1,1
TRAIN_00229,2025-02,Python,Google Ads,UTN,Ingenieria,Rosario,23,No trabaja,Basica,,Transferencia,12,199000,20,23,Alto,SR05,0.5,1,0,1,11,4,2,8.1,0,0,Explorer,3,Jueves,Mobile,Chrome,Naranja,Leo,X7751,7,0,0
TRAIN_00230,2024-08,Machine Learning,Instagram Ads,UBA,Administracion,Mendoza,26,No trabaja,Basica,5.0,,6,281000,15,21,Bajo,SR05,5.9,1,1,1,9,4,3,,0,0,Career switcher,4,Martes,Desktop,Safari,Naranja,Libra,X2205,4,1,1
TRAIN_00231,2024-11,IA Generativa,Instagram Ads,UBA,Administracion,CABA,31,No trabaja,Ninguna,13.1,Tarjeta debito,1,157000,20,24,Bajo,SR07,7.4,1,0,1,7,4,1,8.7,0,0,Curioso,1,Viernes,Desktop,Chrome,Violeta,Virgo,X6623,9,0,0
TRAIN_00232,2024-11,Machine Learning,Instagram Ads,UBA,Psicologia,GBA Norte,24,Busca trabajo,Basica,6.7,Transferencia,4,315000,5,7,Medio,SR12,3.6,0,0,1,8,3,4,,0,0,Curioso,1,Miercoles,Mobile,Chrome,Azul,Tauro,X4024,7,1,1
TRAIN_00233,2025-04,SQL,Instagram Ads,UBA,Cs Datos,CABA,20,Freelance,Intermedia,7.4,Transferencia,6,149000,15,22,Medio,SR07,20.6,1,1,1,9,3,2,,0,0,Curioso,3,Miercoles,Desktop,Chrome,Naranja,Tauro,X9421,9,0,0
TRAIN_00234,2024-11,Python,Web Organico,UADE,Economia,Otra,29,Part-time,Basica,10.2,Transferencia,3,202000,15,5,Medio,SR05,0.5,1,0,1,14,4,4,7.1,0,0,Curioso,3,Miercoles,Mobile,Chrome,Rojo,Virgo,X5917,4,0,0
TRAIN_00235,2025-04,IA Generativa,Instagram Ads,Otra,Cs Datos,La Plata,25,No trabaja,,,Transferencia,6,153000,30,12,Bajo,SR06,1.2,1,1,1,7,4,2,7.9,1,1,Upskiller,2,Sabado,Mobile,Safari,Gris,Libra,X2251,2,0,0
TRAIN_00236,2024-08,Python,Referido,ITBA,Ingenieria,Mendoza,26,Full-time,Intermedia,7.4,Mercado Pago,2,205000,10,20,Medio,SR03,4.1,1,1,1,4,3,2,7.2,0,0,Explorer,2,Miercoles,Desktop,Otro,Gris,Capricornio,X5586,5,0,0
TRAIN_00237,2025-04,IA Generativa,Universidad Partner,UADE,Economia,GBA Sur,27,Full-time,Basica,2.7,Efectivo,4,197000,15,21,Medio,SR04,68.2,1,1,1,9,4,4,9.0,0,0,Upskiller,3,Lunes,Mobile,Edge,Gris,Piscis,X4623,5,0,0
TRAIN_00238,2025-05,IA Generativa,Google Ads,Otra,Ingenieria,CABA,26,No trabaja,Basica,8.4,Tarjeta credito,3,172000,20,23,Medio,SR09,42.3,0,0,1,8,3,3,,1,0,Explorer,4,Lunes,Mobile,Chrome,Azul,Escorpio,X2052,3,0,0
TRAIN_00239,2025-02,Web Dev,Referido,Universidad Austral,Economia,La Plata,30,Part-time,Ninguna,,Mercado Pago,3,221000,10,4,,SR08,4.0,1,0,1,5,4,3,7.2,0,0,Career switcher,2,Lunes,Mobile,Chrome,Gris,Capricornio,X6585,6,0,0
TRAIN_00240,2025-02,Web Dev,Referido,UTN,Ingenieria,GBA Oeste,23,No trabaja,Ninguna,11.8,Tarjeta debito,1,187000,20,11,Medio,SR08,6.6,0,0,0,3,0,1,,0,0,Explorer,1,Sabado,Mobile,Chrome,Violeta,Virgo,X1409,6,0,1
TRAIN_00241,2024-08,Python,TikTok Ads,Otra,Ingenieria,GBA Sur,18,No trabaja,,7.8,Mercado Pago,4,192000,25,8,Alto,SR10,2.9,1,0,1,7,4,2,8.8,0,0,Upskiller,3,Miercoles,Mobile,Chrome,Gris,Sagitario,X5736,9,0,0
TRAIN_00242,2025-03,Web Dev,TikTok Ads,ITBA,Cs Datos,CABA,28,Full-time,Basica,2.1,Mercado Pago,1,193000,20,17,Bajo,SR03,3.1,1,1,0,6,4,2,,0,0,Explorer,3,Jueves,Desktop,Edge,Naranja,Virgo,X7108,1,1,1
TRAIN_00243,2025-04,Python,Instagram Ads,,Ingenieria,Cordoba,18,Part-time,Ninguna,11.9,Tarjeta debito,1,260000,0,16,Alto,SR04,26.0,1,1,1,12,4,4,9.6,0,1,Desempleado activo,0,Miercoles,Mobile,Chrome,Rojo,Geminis,X1351,5,0,0
TRAIN_00244,2025-04,SQL,TikTok Ads,UBA,Diseno,GBA Norte,22,Freelance,Basica,9.9,Efectivo,3,170000,0,14,Medio,SR07,8.9,0,0,0,5,4,0,,0,0,Explorer,7,Miercoles,Mobile,Safari,Violeta,Piscis,X5387,3,1,1
TRAIN_00245,2024-09,IA Generativa,Universidad Partner,UADE,Diseno,CABA,20,Part-time,Ninguna,14.5,Tarjeta credito,2,170000,20,14,Bajo,SR07,7.9,1,1,0,6,3,5,9.0,0,0,Upskiller,3,Viernes,Mobile,Safari,Gris,Virgo,X3122,1,0,0
TRAIN_00246,2024-10,Machine Learning,Evento,UADE,Otra,Cordoba,27,Full-time,Ninguna,7.5,Transferencia,3,319000,0,10,Alto,SR02,0.4,1,0,1,10,4,3,8.2,0,1,Career switcher,1,Martes,Mobile,Chrome,Verde,Geminis,X2876,2,0,0
TRAIN_00247,2024-10,Python,TikTok Ads,ITBA,Economia,GBA Norte,21,No trabaja,Ninguna,4.7,Tarjeta debito,3,170000,25,32,Medio,SR07,11.5,1,1,0,7,3,1,8.4,0,1,Desempleado activo,0,Martes,Mobile,Chrome,Naranja,Cancer,X6873,1,0,0
TRAIN_00248,2025-04,Data Analytics,Google Ads,UTN,Ingenieria,Otra,19,Freelance,Ninguna,9.2,Tarjeta credito,4,537000,10,0,Bajo,SR04,3.8,1,0,0,7,1,3,,0,0,Explorer,4,Martes,Desktop,Chrome,Azul,Geminis,X8101,4,0,1
TRAIN_00249,2024-11,Machine Learning,Universidad Partner,UADE,Cs Datos,CABA,25,Part-time,Intermedia,3.3,Transferencia,9,211000,30,15,Medio,SR06,30.0,1,0,0,4,1,1,,1,1,Curioso,3,Viernes,Tablet,Chrome,Gris,Cancer,X6692,5,0,1
TRAIN_00250,2025-05,SQL,Instagram Ads,Otra,Economia,GBA Norte,31,Full-time,Avanzada,9.4,Tarjeta debito,3,113000,30,20,Alto,SR07,4.4,1,0,1,4,4,2,10.0,0,0,Career switcher,2,Sabado,Mobile,Chrome,Rojo,Tauro,X4155,5,0,0
TRAIN_00251,2024-08,Machine Learning,Evento,UBA,Ingenieria,Rosario,35,Part-time,Basica,13.2,Efectivo,2,192000,30,17,Medio,SR09,30.0,1,0,1,6,4,2,7.0,0,0,Desempleado activo,2,Jueves,Mobile,Chrome,Verde,Tauro,X9937,0,0,0
TRAIN_00252,2024-11,Web Dev,TikTok Ads,UADE,Ingenieria,GBA Sur,24,No trabaja,Intermedia,18.0,Tarjeta debito,3,249000,0,14,Medio,SR05,13.8,0,1,1,3,4,1,,0,0,Curioso,1,Lunes,Mobile,Edge,Naranja,Piscis,X7769,7,1,1
TRAIN_00253,2024-09,IA Generativa,Universidad Partner,UBA,Administracion,Rosario,19,Busca trabajo,Ninguna,12.4,Tarjeta credito,12,203000,0,18,Alto,SR05,8.1,1,0,1,11,4,3,9.3,0,0,Curioso,4,Jueves,Desktop,Chrome,Gris,Virgo,X5386,1,0,0
TRAIN_00254,2024-09,Python,Referido,UNLP,Otra,CABA,20,Part-time,Intermedia,10.2,Tarjeta debito,2,207000,25,4,Medio,SR08,16.0,1,0,1,6,3,2,8.0,0,0,Desempleado activo,1,Sabado,Mobile,Otro,Violeta,Capricornio,X2083,0,0,0
TRAIN_00255,2024-11,Data Analytics,Web Organico,UBA,Diseno,Cordoba,21,Full-time,Ninguna,12.4,Tarjeta credito,2,252000,5,16,Medio,SR10,5.6,1,0,0,3,1,2,5.2,0,0,Career switcher,5,Jueves,Mobile,Chrome,Azul,Geminis,X2829,3,0,0
TRAIN_00256,2025-03,SQL,Instagram Ads,Otra,Administracion,GBA Norte,24,No trabaja,Intermedia,9.1,Mercado Pago,1,116000,35,35,Medio,SR12,16.8,0,0,1,2,4,0,,1,0,Upskiller,0,Jueves,Mobile,Safari,Violeta,Geminis,X4842,6,0,0
TRAIN_00257,2025-02,Web Dev,Instagram Ads,Universidad Austral,Administracion,CABA,22,Full-time,Ninguna,11.0,Tarjeta debito,6,258000,0,30,Medio,SR12,1.0,1,0,1,7,4,4,6.5,0,1,Career switcher,7,Lunes,Mobile,Chrome,Naranja,Geminis,X1181,1,0,0
TRAIN_00258,2025-03,Web Dev,Instagram Ads,UADE,Psicologia,GBA Sur,25,No trabaja,Basica,8.8,Tarjeta debito,6,187000,25,14,Medio,SR04,23.0,0,0,1,7,4,1,7.3,0,1,Desempleado activo,2,Jueves,Desktop,Chrome,Gris,Geminis,X3027,8,0,0
TRAIN_00259,2024-08,IA Generativa,Instagram Ads,UADE,Cs Datos,CABA,27,No trabaja,,5.5,Tarjeta credito,3,216000,5,11,Bajo,SR04,30.6,1,0,1,7,4,3,,0,0,Curioso,4,Lunes,Mobile,Chrome,Verde,Leo,X5012,6,0,0
TRAIN_00260,2025-05,SQL,TikTok Ads,UADE,Administracion,CABA,28,No trabaja,Intermedia,7.3,Mercado Pago,2,107000,30,17,Bajo,SR12,17.2,0,1,0,4,2,2,7.2,0,0,Desempleado activo,3,Sabado,Desktop,Chrome,Gris,Leo,X6198,5,0,0
TRAIN_00261,2024-11,Python,TikTok Ads,Otra,Ingenieria,GBA Sur,23,No trabaja,Avanzada,7.5,Tarjeta debito,3,142000,45,13,Medio,SR07,15.6,1,1,1,11,4,4,,0,0,Career switcher,0,Martes,Mobile,Chrome,Naranja,Sagitario,X7175,3,0,0
TRAIN_00262,2025-05,Python,Referido,UBA,Psicologia,CABA,28,No trabaja,Ninguna,5.5,Transferencia,2,193000,20,13,Bajo,SR12,16.9,1,0,1,3,2,0,,0,0,Career switcher,4,Lunes,Desktop,Chrome,Violeta,Acuario,X3743,8,0,0
TRAIN_00263,2024-11,Python,Instagram Ads,UBA,Cs Datos,GBA Norte,23,Full-time,Basica,8.4,Tarjeta debito,1,202000,25,6,Medio,SR02,29.1,0,0,1,12,4,2,8.1,0,0,Upskiller,7,Martes,Mobile,Chrome,Azul,Geminis,X9814,8,0,0
TRAIN_00264,2024-08,Data Analytics,TikTok Ads,Otra,Economia,Rosario,18,Freelance,,17.1,Tarjeta debito,4,246000,0,11,Medio,SR06,19.3,0,1,1,4,2,0,,0,0,Upskiller,7,Miercoles,Mobile,Firefox,Naranja,Piscis,X1383,3,1,1
TRAIN_00265,2024-11,Data Analytics,Web Organico,,Diseno,GBA Norte,26,No trabaja,Ninguna,9.3,Transferencia,1,229000,10,0,Medio,SR10,9.0,0,0,0,0,0,2,,0,0,Career switcher,0,Jueves,Desktop,Safari,Rojo,Aries,X2759,8,1,1
TRAIN_00266,2025-03,Machine Learning,TikTok Ads,UADE,Ingenieria,La Plata,29,Freelance,,2.1,Tarjeta credito,9,303000,0,22,Bajo,SR04,37.1,0,1,0,6,2,3,8.7,0,1,Explorer,1,Martes,Mobile,Chrome,Rojo,Geminis,X2513,8,0,0
TRAIN_00267,2025-04,Data Analytics,Instagram Ads,Otra,Cs Datos,Mendoza,29,No trabaja,Basica,9.9,Mercado Pago,6,249000,0,14,Bajo,SR02,,1,1,1,8,4,1,5.7,1,0,Desempleado activo,6,Jueves,Mobile,Chrome,Verde,Leo,X1616,2,0,0
TRAIN_00268,2024-10,Python,TikTok Ads,UTN,Ingenieria,GBA Oeste,23,Freelance,Ninguna,9.2,,3,214000,15,25,Medio,SR11,6.9,1,0,1,3,3,1,9.1,1,0,Desempleado activo,1,Martes,Mobile,Firefox,Gris,Geminis,X8461,3,0,0
TRAIN_00269,2025-05,IA Generativa,TikTok Ads,UADE,Economia,GBA Norte,28,Busca trabajo,,7.8,Transferencia,1,132000,35,9,Medio,SR07,1.6,0,0,0,3,1,1,5.5,1,0,Upskiller,6,Jueves,Desktop,Chrome,Gris,Cancer,X7936,3,1,1
TRAIN_00270,2025-04,Machine Learning,Instagram Ads,Otra,Ingenieria,GBA Norte,26,Busca trabajo,Intermedia,12.3,Tarjeta credito,2,264000,15,12,Alto,SR11,1.6,1,0,0,3,3,2,7.6,0,0,Curioso,5,Sabado,Desktop,Safari,Rojo,Libra,X8932,6,0,0
TRAIN_00271,2025-05,Python,TikTok Ads,Otra,Cs Datos,GBA Oeste,26,Full-time,Ninguna,,Mercado Pago,4,111000,45,13,Medio,SR11,22.4,0,0,1,7,3,3,,0,1,Career switcher,3,Jueves,Mobile,Chrome,Azul,Aries,X6944,5,1,1
TRAIN_00272,2024-10,IA Generativa,Evento,Otra,Administracion,GBA Oeste,27,Full-time,,8.1,Mercado Pago,3,142000,30,3,Medio,SR06,0.6,1,0,1,9,4,2,10.0,1,0,Desempleado activo,4,Lunes,Desktop,Chrome,Violeta,Acuario,X9096,1,0,0
TRAIN_00273,2024-11,Web Dev,Referido,UBA,Administracion,CABA,27,Full-time,Ninguna,6.6,Mercado Pago,9,206000,15,27,Medio,SR08,8.1,0,0,0,2,1,0,,1,0,Desempleado activo,2,Sabado,Desktop,Firefox,Rojo,Tauro,X4524,4,1,1
TRAIN_00274,2025-02,IA Generativa,Instagram Ads,UBA,Administracion,GBA Norte,25,Part-time,Ninguna,11.8,Tarjeta credito,6,191000,10,20,Medio,SR08,28.4,1,0,0,7,3,0,,0,1,Explorer,6,Miercoles,Mobile,Firefox,Naranja,Virgo,X2593,9,0,0
TRAIN_00275,2025-04,Data Analytics,Evento,UNLP,Administracion,CABA,22,Busca trabajo,Ninguna,1.6,,6,364000,20,0,Alto,SR12,14.3,1,0,1,9,4,1,10.0,1,0,Upskiller,3,Jueves,Mobile,Chrome,Verde,Libra,X4228,0,0,0
TRAIN_00276,2025-03,IA Generativa,TikTok Ads,UTN,Ingenieria,CABA,28,Freelance,Intermedia,5.2,Mercado Pago,3,165000,15,10,Alto,SR04,12.1,1,0,1,12,4,4,5.4,0,0,Desempleado activo,0,Jueves,Mobile,Safari,Naranja,Libra,X2041,6,0,0
TRAIN_00277,2024-08,Python,Referido,UADE,Ingenieria,GBA Norte,23,No trabaja,Ninguna,11.5,Tarjeta credito,4,218000,10,3,Alto,SR12,9.6,0,1,0,5,2,2,,0,0,Explorer,3,Jueves,Desktop,Safari,Violeta,Tauro,X5845,6,0,0
TRAIN_00278,2024-11,Machine Learning,Instagram Ads,ITBA,Otra,GBA Sur,27,Part-time,Ninguna,6.4,Transferencia,9,295000,10,23,Medio,SR05,1.6,1,1,1,11,4,4,,1,0,Desempleado activo,3,Lunes,Mobile,Chrome,Verde,Piscis,X7058,8,0,1
TRAIN_00279,2024-10,Machine Learning,Referido,UBA,Economia,GBA Norte,21,Full-time,Intermedia,8.0,Transferencia,2,277000,15,17,Bajo,SR02,2.1,1,0,1,8,4,3,,0,0,Upskiller,5,Lunes,Desktop,Safari,Violeta,Aries,X6649,6,0,0
TRAIN_00280,2025-02,Data Analytics,Instagram Ads,UTN,Administracion,GBA Oeste,19,Freelance,Intermedia,10.5,Mercado Pago,3,258000,5,12,Medio,SR10,7.2,1,1,0,1,0,0,4.1,0,0,Explorer,4,Jueves,Desktop,Chrome,Rojo,Aries,X9520,5,0,0
TRAIN_00281,2025-03,IA Generativa,TikTok Ads,UTN,Otra,CABA,27,Full-time,Basica,6.9,Tarjeta debito,6,140000,30,22,Medio,SR11,,1,0,1,7,3,3,9.5,0,0,Explorer,1,Miercoles,Mobile,Chrome,Verde,Libra,X9135,0,0,0
TRAIN_00282,2025-05,Data Analytics,TikTok Ads,UTN,Economia,Cordoba,20,No trabaja,Ninguna,4.5,Transferencia,6,181000,30,0,Alto,SR03,24.4,1,1,0,2,0,1,,0,1,Career switcher,7,Martes,Mobile,Chrome,Rojo,Libra,X8574,1,1,1
TRAIN_00283,2025-02,Data Analytics,Evento,UADE,Administracion,Otra,18,Full-time,Avanzada,5.5,Tarjeta credito,4,194000,20,13,Alto,SR05,2.1,1,1,1,7,4,4,9.3,0,0,Desempleado activo,0,Jueves,Mobile,Chrome,Naranja,Geminis,X5028,5,0,0
TRAIN_00284,2024-09,Python,Instagram Ads,Universidad Austral,Psicologia,Otra,26,Full-time,Intermedia,,Tarjeta credito,2,227000,0,5,Bajo,SR11,,1,0,1,6,3,3,8.8,0,0,Career switcher,4,Viernes,Mobile,Chrome,Verde,Leo,X7396,5,0,0
TRAIN_00285,2025-03,Machine Learning,Instagram Ads,,Ingenieria,GBA Norte,18,Freelance,Ninguna,7.0,Mercado Pago,4,211000,30,5,Medio,SR05,13.4,1,0,1,6,4,3,,0,0,Explorer,2,Martes,Mobile,Safari,Verde,Cancer,X6768,7,1,1
TRAIN_00286,2025-02,Data Analytics,Universidad Partner,ITBA,Administracion,Cordoba,25,Busca trabajo,Ninguna,5.9,Mercado Pago,2,224000,15,25,Medio,SR09,17.6,0,1,0,2,0,0,,0,0,Desempleado activo,4,Miercoles,Mobile,Chrome,Verde,Virgo,X4823,7,0,1
TRAIN_00287,2024-10,Python,Google Ads,Otra,Ingenieria,Cordoba,18,Busca trabajo,Basica,11.1,Tarjeta debito,1,207000,20,18,Bajo,SR10,21.8,1,0,1,8,4,4,8.9,0,1,Career switcher,4,Jueves,Desktop,Chrome,Gris,Virgo,X8551,2,0,0
TRAIN_00288,2024-08,Python,Universidad Partner,ITBA,Ingenieria,Otra,20,No trabaja,Intermedia,7.1,Tarjeta debito,2,235000,10,22,Medio,SR02,8.4,1,0,1,7,4,1,9.6,0,0,Explorer,6,Viernes,Mobile,Chrome,Verde,Aries,X2918,3,0,0
TRAIN_00289,2025-02,IA Generativa,Web Organico,UADE,Administracion,CABA,21,Freelance,Basica,10.0,Transferencia,2,189000,15,23,Medio,SR09,5.1,1,1,0,2,2,1,5.1,1,0,Explorer,0,Viernes,Tablet,Chrome,Violeta,Geminis,X5667,0,1,0
TRAIN_00290,2025-02,Machine Learning,Web Organico,UBA,Administracion,Otra,55,Busca trabajo,Intermedia,6.0,,2,250000,20,16,Medio,SR02,13.9,1,0,1,7,4,2,10.0,0,0,Explorer,0,Viernes,Desktop,Chrome,Rojo,Leo,X5613,2,0,0
TRAIN_00291,2024-10,Data Analytics,Web Organico,,Ingenieria,CABA,22,No trabaja,Ninguna,6.3,Transferencia,1,208000,20,6,Medio,SR12,13.7,1,0,1,9,4,4,,0,0,Curioso,0,Jueves,Desktop,Edge,Verde,Capricornio,X5464,6,0,0
TRAIN_00292,2025-03,Data Analytics,Google Ads,Otra,Economia,Otra,28,Full-time,Ninguna,,Tarjeta debito,2,214000,20,1,Medio,SR08,24.0,0,0,0,5,1,2,7.6,0,0,Career switcher,2,Sabado,Desktop,Chrome,Gris,Acuario,X4416,2,0,0
TRAIN_00293,2024-11,SQL,TikTok Ads,UBA,Psicologia,CABA,25,Full-time,Basica,4.4,Tarjeta credito,4,136000,25,0,,SR03,1.8,0,0,1,2,2,0,10.0,0,1,Curioso,4,Sabado,Desktop,Chrome,Verde,Tauro,X8631,4,0,0
TRAIN_00294,2024-11,Machine Learning,Instagram Ads,UBA,Otra,GBA Norte,22,Part-time,Avanzada,5.3,Tarjeta credito,12,225000,30,0,Bajo,SR12,8.6,1,1,0,5,2,2,,0,1,Upskiller,6,Lunes,Tablet,Edge,Azul,Virgo,X9898,8,0,0
TRAIN_00295,2025-03,Python,Evento,UBA,Otra,Rosario,23,No trabaja,Ninguna,14.1,Tarjeta credito,3,157000,30,8,Medio,SR03,12.6,1,1,1,9,4,3,4.9,0,0,Explorer,4,Sabado,Mobile,Safari,Gris,Virgo,X8478,7,0,0
TRAIN_00296,2025-02,Machine Learning,TikTok Ads,Otra,Economia,GBA Sur,23,No trabaja,Basica,9.6,Transferencia,3,309000,0,6,Bajo,SR07,7.9,1,0,1,6,4,4,6.5,0,1,Desempleado activo,1,Jueves,Tablet,Chrome,Azul,Piscis,X5314,3,0,0
TRAIN_00297,2025-03,Machine Learning,TikTok Ads,UBA,Cs Datos,Otra,20,Full-time,,9.4,Mercado Pago,3,265000,20,19,Medio,SR03,0.7,1,0,0,5,1,4,7.8,0,0,Upskiller,2,Lunes,Mobile,Safari,Violeta,Sagitario,X2715,5,0,0
TRAIN_00298,2024-11,Data Analytics,Instagram Ads,UTN,Diseno,GBA Norte,27,Full-time,Intermedia,3.7,Tarjeta debito,4,201000,20,18,Bajo,SR07,7.5,1,1,1,9,4,4,10.0,0,0,Upskiller,8,Lunes,Desktop,Safari,Naranja,Virgo,X5142,3,0,0
TRAIN_00299,2025-05,Machine Learning,Universidad Partner,UADE,Psicologia,GBA Norte,22,No trabaja,Ninguna,6.2,Tarjeta credito,6,239000,20,22,Bajo,SR04,24.8,1,0,1,12,4,3,8.3,0,0,Curioso,2,Martes,Desktop,Safari,Naranja,Piscis,X6447,2,0,0
TRAIN_00300,2025-03,IA Generativa,Evento,Otra,Administracion,GBA Norte,24,Freelance,,4.7,,3,203000,10,1,Alto,SR11,19.3,1,1,0,9,3,0,9.3,0,0,Upskiller,3,Miercoles,Mobile,Chrome,Azul,Escorpio,X7836,7,0,0
TRAIN_00301,2025-03,Machine Learning,Evento,UBA,Administracion,La Plata,18,No trabaja,Basica,5.2,Efectivo,6,258000,20,14,Medio,SR03,22.8,1,0,0,8,2,2,,0,0,Explorer,0,Sabado,Mobile,Chrome,Naranja,Acuario,X4896,2,1,1
TRAIN_00302,2025-04,IA Generativa,TikTok Ads,ITBA,Ingenieria,La Plata,18,Busca trabajo,Avanzada,7.0,Transferencia,6,200000,5,25,Alto,SR04,50.4,1,0,0,5,2,2,,0,0,Explorer,4,Sabado,Desktop,Safari,Gris,Cancer,X2315,3,0,0
TRAIN_00303,2024-11,Data Analytics,Google Ads,UBA,Administracion,CABA,23,Full-time,Basica,7.1,Tarjeta debito,2,243000,15,14,Medio,SR03,7.0,1,0,0,5,3,1,,0,0,Explorer,0,Martes,Desktop,Chrome,Naranja,Cancer,X7773,3,0,0
TRAIN_00304,2024-11,Python,Referido,,Otra,Cordoba,26,Freelance,Ninguna,4.0,Tarjeta debito,6,210000,25,16,,SR12,5.5,1,1,1,7,4,1,9.4,0,1,Explorer,2,Sabado,Mobile,Chrome,Azul,Tauro,X4966,7,0,0
TRAIN_00305,2025-03,Web Dev,Instagram Ads,UTN,Diseno,GBA Sur,18,Freelance,Ninguna,9.1,Transferencia,9,333000,25,9,Medio,SR04,6.0,1,0,0,5,2,2,9.5,0,0,Explorer,3,Sabado,Desktop,Firefox,Verde,Acuario,X4299,0,0,0
TRAIN_00306,2024-09,IA Generativa,Web Organico,Otra,Administracion,GBA Norte,28,Full-time,Intermedia,8.1,Mercado Pago,4,176000,15,6,Bajo,SR04,0.9,0,1,0,0,2,0,,0,0,Explorer,2,Martes,Desktop,Chrome,Violeta,Escorpio,X5426,9,1,1
TRAIN_00307,2025-03,Python,Web Organico,Universidad Austral,Economia,Otra,25,Part-time,Ninguna,14.3,Efectivo,3,221000,5,8,Alto,SR06,8.4,1,1,1,7,4,0,7.1,0,0,Explorer,0,Martes,Desktop,Chrome,Gris,Geminis,X8629,9,1,0
TRAIN_00308,2024-08,Web Dev,Universidad Partner,UTN,Economia,CABA,34,Part-time,Basica,10.6,Transferencia,1,241000,10,23,Alto,SR03,10.0,1,1,1,9,4,2,7.3,0,0,Explorer,5,Jueves,Mobile,Safari,Rojo,Geminis,X8173,6,1,1
TRAIN_00309,2025-03,Web Dev,Universidad Partner,UBA,Ingenieria,Rosario,19,Part-time,Ninguna,6.0,Efectivo,6,195000,20,17,Bajo,SR05,4.6,0,0,0,0,0,0,,0,0,Desempleado activo,1,Lunes,Desktop,Chrome,Verde,Piscis,X9777,4,1,1
TRAIN_00310,2025-03,SQL,Referido,UNLP,Ingenieria,Cordoba,18,Part-time,Intermedia,4.2,Tarjeta credito,4,139000,30,1,Medio,SR04,26.7,1,0,1,9,4,3,8.9,0,0,Desempleado activo,0,Miercoles,Mobile,Chrome,Verde,Leo,X8699,8,0,0
TRAIN_00311,2025-04,SQL,Instagram Ads,UADE,Diseno,GBA Norte,25,Part-time,Intermedia,9.9,Tarjeta credito,2,165000,15,27,Bajo,SR06,36.5,1,0,1,12,4,4,9.2,0,0,Curioso,5,Miercoles,Desktop,Chrome,Naranja,Acuario,X2675,2,0,0
TRAIN_00312,2024-09,Python,Referido,UADE,Ingenieria,GBA Oeste,29,No trabaja,Ninguna,13.1,Tarjeta debito,4,197000,15,27,Medio,SR01,12.6,0,0,0,8,4,2,7.4,0,0,Upskiller,2,Lunes,Mobile,Chrome,Naranja,Acuario,X8727,4,0,0
TRAIN_00313,2024-08,Python,Web Organico,Universidad Austral,Otra,GBA Sur,24,No trabaja,Basica,5.7,Tarjeta credito,6,183000,20,26,Medio,SR02,137.6,0,1,0,0,2,3,8.2,0,0,Career switcher,3,Sabado,Desktop,Chrome,Rojo,Escorpio,X6746,9,1,1
TRAIN_00314,2024-09,Python,Instagram Ads,Otra,Administracion,CABA,25,Full-time,Intermedia,6.4,,6,227000,5,14,Bajo,SR07,1.1,1,0,0,6,1,2,,0,0,Curioso,0,Lunes,Desktop,Firefox,Naranja,Geminis,X6166,6,1,1
TRAIN_00315,2024-08,Data Analytics,Evento,UNLP,Cs Datos,CABA,26,Busca trabajo,Basica,5.5,Tarjeta debito,2,199000,20,18,Bajo,SR07,10.5,1,1,0,3,3,0,9.2,0,1,Desempleado activo,6,Jueves,Desktop,Chrome,Azul,Escorpio,X8676,0,0,0
TRAIN_00316,2025-03,Data Analytics,TikTok Ads,UBA,Psicologia,CABA,19,Part-time,Intermedia,8.0,Transferencia,1,207000,25,14,Bajo,SR06,6.7,0,0,1,7,4,3,8.4,0,0,Desempleado activo,0,Martes,Desktop,Chrome,Naranja,Capricornio,X5345,7,0,0
TRAIN_00317,2024-08,Data Analytics,Instagram Ads,UNLP,Cs Datos,GBA Oeste,21,No trabaja,Ninguna,19.0,Tarjeta credito,3,191000,20,12,Medio,SR06,18.2,1,0,1,6,3,1,7.6,0,0,Explorer,2,Jueves,Mobile,Chrome,Rojo,Sagitario,X6999,9,0,0
TRAIN_00318,2025-02,IA Generativa,Instagram Ads,UBA,Cs Datos,GBA Sur,20,Freelance,Ninguna,9.0,Transferencia,1,201000,0,15,Medio,SR07,7.6,0,0,1,11,4,5,10.0,0,0,Curioso,5,Martes,Mobile,Chrome,Naranja,Piscis,X5400,9,0,0
TRAIN_00319,2025-04,Python,Universidad Partner,Universidad Austral,Cs Datos,Mendoza,28,Full-time,Basica,2.7,Tarjeta debito,6,214000,10,0,Medio,SR04,2.0,1,1,1,9,4,4,8.7,0,0,Desempleado activo,7,Martes,Tablet,Safari,Gris,Virgo,X8173,4,0,0
TRAIN_00320,2024-09,Web Dev,TikTok Ads,Universidad Austral,Cs Datos,GBA Oeste,18,Busca trabajo,Basica,7.2,Transferencia,3,246000,0,13,Medio,SR06,12.1,0,1,1,6,4,2,,1,1,Curioso,0,Viernes,Mobile,Chrome,Rojo,Leo,X6185,3,1,1
TRAIN_00321,2025-03,SQL,Web Organico,UTN,Ingenieria,Otra,30,No trabaja,Ninguna,14.2,Mercado Pago,3,159000,5,12,Alto,SR08,7.8,1,0,1,10,3,4,10.0,0,0,Career switcher,2,Sabado,Desktop,Chrome,Violeta,Libra,X3495,1,0,0
TRAIN_00322,2024-10,Machine Learning,Google Ads,UBA,Economia,CABA,25,No trabaja,Intermedia,11.7,Tarjeta credito,3,270000,10,9,Medio,SR02,70.5,1,1,1,6,4,1,9.6,0,0,Upskiller,1,Sabado,Mobile,Chrome,Violeta,Acuario,X1383,6,0,1
TRAIN_00323,2024-11,Web Dev,Google Ads,ITBA,Psicologia,GBA Oeste,26,No trabaja,Intermedia,10.5,,2,168000,30,0,Bajo,SR09,3.8,1,0,1,9,4,2,6.9,1,1,Curioso,1,Lunes,Mobile,Chrome,Violeta,Piscis,X1134,3,0,0
TRAIN_00324,2024-11,Python,Web Organico,Universidad Austral,Otra,Rosario,19,Freelance,Intermedia,2.7,Mercado Pago,6,217000,5,0,Medio,SR05,2.3,1,1,1,5,3,1,10.0,0,0,Upskiller,6,Miercoles,Desktop,Edge,Verde,Piscis,X6549,1,0,0
TRAIN_00325,2025-02,IA Generativa,Referido,Otra,Administracion,Rosario,21,No trabaja,Ninguna,10.8,Transferencia,4,218000,5,18,Medio,SR05,3.0,1,0,1,10,4,2,8.2,0,0,Curioso,7,Miercoles,Desktop,Chrome,Naranja,Aries,X8715,1,0,0
TRAIN_00326,2024-09,Web Dev,TikTok Ads,UBA,Otra,Cordoba,26,No trabaja,Ninguna,6.8,Transferencia,4,231000,10,3,Medio,SR11,5.6,1,0,0,10,4,4,,1,0,Curioso,7,Lunes,Mobile,Chrome,Verde,Capricornio,X3873,1,1,1
TRAIN_00327,2024-09,Web Dev,Referido,Otra,Otra,GBA Sur,22,No trabaja,Intermedia,7.4,Mercado Pago,2,198000,15,8,Medio,SR02,86.8,1,1,1,12,4,3,5.9,0,0,Curioso,1,Sabado,Mobile,Chrome,Verde,Virgo,X4027,1,0,0
TRAIN_00328,2024-11,Machine Learning,TikTok Ads,UADE,Economia,Rosario,21,Busca trabajo,Ninguna,4.4,Transferencia,1,269000,15,23,Medio,SR07,13.3,0,0,1,4,3,2,10.0,1,0,Explorer,4,Martes,Desktop,Chrome,Gris,Acuario,X2773,8,0,0
TRAIN_00329,2024-08,Python,Google Ads,UNLP,Ingenieria,GBA Norte,19,Busca trabajo,Basica,8.4,Transferencia,3,209000,20,20,Medio,SR03,2.9,1,1,1,8,4,0,9.9,0,0,Desempleado activo,5,Lunes,Mobile,Safari,Rojo,Leo,X5574,6,0,0
TRAIN_00330,2024-11,Python,Referido,Otra,Cs Datos,GBA Norte,21,Part-time,Avanzada,5.9,,3,209000,20,8,Medio,SR03,4.1,0,0,0,3,3,0,,0,1,Career switcher,1,Martes,Desktop,Chrome,Azul,Piscis,X3768,2,1,1
TRAIN_00331,2024-10,Python,TikTok Ads,Universidad Austral,Otra,GBA Sur,28,Busca trabajo,Basica,12.0,Mercado Pago,6,169000,25,6,Bajo,SR09,4.3,0,0,1,9,3,4,7.0,1,1,Curioso,2,Jueves,Mobile,Firefox,Rojo,Piscis,X1187,6,0,0
TRAIN_00332,2024-10,Python,Instagram Ads,ITBA,Ingenieria,GBA Norte,24,No trabaja,Basica,8.1,Mercado Pago,9,206000,15,14,Medio,SR06,5.6,1,1,1,11,4,3,10.0,0,1,Curioso,6,Lunes,Mobile,Chrome,Naranja,Capricornio,X3930,8,0,0
TRAIN_00333,2025-04,Python,Instagram Ads,Universidad Austral,Ingenieria,GBA Norte,21,Part-time,Intermedia,11.3,Tarjeta credito,9,194000,15,27,Bajo,SR07,3.7,1,0,1,8,4,0,9.7,1,0,Explorer,2,Martes,Mobile,Chrome,Verde,Aries,X4067,7,0,0
TRAIN_00334,2025-05,IA Generativa,Web Organico,UADE,Ingenieria,CABA,24,Part-time,Ninguna,16.9,Tarjeta credito,4,301000,25,24,Medio,SR10,12.5,0,1,0,7,3,2,3.7,0,0,Upskiller,4,Sabado,Tablet,Edge,Rojo,Acuario,X6697,1,0,0
TRAIN_00335,2025-05,Python,Instagram Ads,UADE,Economia,CABA,27,No trabaja,Basica,4.1,Tarjeta credito,4,237000,10,8,Medio,SR09,27.5,1,0,1,7,4,3,,0,0,Explorer,3,Jueves,Mobile,Chrome,Verde,Virgo,X5634,6,1,1
TRAIN_00336,2025-04,IA Generativa,Instagram Ads,Otra,Cs Datos,CABA,29,Full-time,Ninguna,7.8,,4,116000,45,14,,SR12,53.8,1,0,1,13,4,6,7.5,0,0,Upskiller,4,Jueves,Desktop,Chrome,Violeta,Leo,X6353,3,0,0
TRAIN_00337,2024-11,IA Generativa,Evento,UTN,Economia,Cordoba,31,Part-time,Basica,8.1,Tarjeta credito,6,197000,10,10,Alto,SR08,0.7,1,0,0,10,2,2,,0,1,Explorer,1,Martes,Desktop,Safari,Violeta,Acuario,X6787,8,0,0
TRAIN_00338,2024-08,Data Analytics,Google Ads,Otra,Ingenieria,CABA,21,Part-time,Ninguna,8.6,Tarjeta debito,3,253000,0,4,Bajo,SR06,23.7,1,0,0,7,2,1,,0,0,Curioso,4,Lunes,Desktop,Chrome,Azul,Escorpio,X5159,8,1,1
TRAIN_00339,2024-08,SQL,Web Organico,UADE,Ingenieria,CABA,18,Part-time,Ninguna,5.6,Mercado Pago,6,150000,15,9,Alto,SR07,2.0,1,0,1,6,4,2,10.0,0,0,Explorer,7,Sabado,Desktop,Chrome,Violeta,Virgo,X5208,3,0,0
TRAIN_00340,2025-03,Web Dev,TikTok Ads,Otra,Diseno,GBA Sur,27,Busca trabajo,,8.6,Transferencia,3,211000,10,2,Bajo,SR10,19.8,1,0,1,5,4,0,9.9,0,0,Upskiller,4,Martes,Mobile,Safari,Gris,Acuario,X3234,4,0,0
TRAIN_00341,2024-08,IA Generativa,TikTok Ads,ITBA,Diseno,Mendoza,18,Part-time,Basica,,Mercado Pago,2,201000,5,20,Medio,SR12,36.8,0,0,1,7,4,5,5.1,0,1,Explorer,5,Viernes,Desktop,Chrome,Verde,Capricornio,X6348,0,0,0
TRAIN_00342,2025-05,Python,Instagram Ads,UNLP,Economia,Rosario,23,Busca trabajo,Ninguna,9.4,Tarjeta credito,4,200000,15,13,Medio,SR06,1.3,1,0,1,12,4,4,10.0,0,0,Upskiller,3,Martes,Mobile,Edge,Violeta,Escorpio,X5774,6,0,0
TRAIN_00343,2025-05,Machine Learning,Instagram Ads,UNLP,Otra,GBA Oeste,26,Full-time,Intermedia,,Efectivo,9,538000,10,21,Medio,SR01,,0,1,0,3,2,1,9.2,0,0,Upskiller,0,Jueves,Desktop,Safari,Gris,Sagitario,X5371,0,1,1
TRAIN_00344,2025-03,IA Generativa,Evento,UADE,Administracion,GBA Oeste,25,Full-time,Basica,,Tarjeta debito,4,165000,20,21,Medio,SR05,4.4,1,0,0,5,1,3,6.6,0,0,Desempleado activo,2,Sabado,Desktop,Edge,Naranja,Libra,X1470,4,0,0
TRAIN_00345,2024-09,Data Analytics,Google Ads,UNLP,Otra,La Plata,29,No trabaja,Ninguna,9.2,Efectivo,4,233000,10,9,Bajo,SR05,1.4,1,1,1,8,4,2,9.2,0,0,Curioso,3,Jueves,Mobile,Chrome,Naranja,Escorpio,X3843,4,0,0
TRAIN_00346,2024-08,Data Analytics,Instagram Ads,UBA,Administracion,CABA,23,Full-time,Ninguna,9.8,Transferencia,1,261000,10,34,Bajo,SR05,5.7,1,1,1,8,4,3,8.1,0,1,Curioso,5,Sabado,Mobile,Chrome,Naranja,Leo,X6184,7,0,0
TRAIN_00347,2025-02,Data Analytics,Web Organico,UADE,Cs Datos,GBA Norte,18,No trabaja,Basica,9.9,Tarjeta credito,6,166000,30,22,Bajo,SR04,,1,0,1,35,4,9,7.9,0,0,Career switcher,5,Jueves,Tablet,Edge,Verde,Cancer,X9138,1,0,0
TRAIN_00348,2024-09,Data Analytics,Web Organico,UTN,Psicologia,GBA Oeste,27,Busca trabajo,Ninguna,10.3,Efectivo,1,233000,10,10,Medio,SR03,15.8,1,1,0,8,1,4,,0,0,Explorer,0,Miercoles,Mobile,Edge,Naranja,Escorpio,X9544,9,0,0
TRAIN_00349,2025-04,Web Dev,Instagram Ads,UNLP,Otra,La Plata,22,No trabaja,Ninguna,15.7,Transferencia,12,159000,40,22,Medio,SR04,22.7,0,0,0,1,1,0,6.4,0,1,Career switcher,2,Viernes,Desktop,Chrome,Azul,Leo,X2262,4,0,0
TRAIN_00350,2024-09,Web Dev,Web Organico,Otra,Ingenieria,GBA Norte,26,Busca trabajo,,3.4,Efectivo,1,216000,5,9,Alto,SR09,12.4,1,0,1,7,4,1,,0,0,Desempleado activo,3,Sabado,Mobile,Chrome,Rojo,Tauro,X2053,9,1,1
TRAIN_00351,2025-02,IA Generativa,Evento,UTN,Psicologia,GBA Norte,27,Part-time,Avanzada,8.5,Efectivo,6,173000,30,11,Medio,SR02,3.4,1,1,0,3,1,3,6.5,0,0,Curioso,2,Viernes,Mobile,Chrome,Violeta,Virgo,X4476,1,0,0
TRAIN_00352,2025-05,Python,Universidad Partner,UADE,Diseno,Rosario,20,No trabaja,Basica,3.9,Tarjeta credito,3,215000,10,14,Bajo,SR09,2.0,1,0,0,7,3,2,8.5,0,1,Curioso,6,Lunes,Mobile,Chrome,Azul,Piscis,X6899,5,0,0
TRAIN_00353,2024-10,Data Analytics,Google Ads,UNLP,Administracion,Cordoba,24,No trabaja,Ninguna,8.1,Transferencia,4,199000,25,6,Medio,SR06,1.1,1,1,1,10,4,5,10.0,0,0,Explorer,3,Lunes,Desktop,Chrome,Violeta,Acuario,X2240,7,0,0
TRAIN_00354,2024-11,SQL,Universidad Partner,UBA,Administracion,Mendoza,25,No trabaja,Intermedia,6.2,Mercado Pago,9,179000,0,34,Medio,SR07,26.9,1,1,0,4,3,1,5.0,0,0,Upskiller,5,Lunes,Mobile,Chrome,Azul,Virgo,X8865,9,0,0
TRAIN_00355,2025-05,Web Dev,TikTok Ads,UBA,Ingenieria,CABA,19,No trabaja,Basica,11.3,Mercado Pago,6,198000,20,8,Medio,SR04,13.9,1,0,1,9,4,3,6.8,0,1,Desempleado activo,0,Lunes,Desktop,Chrome,Rojo,Aries,X5176,5,0,0
TRAIN_00356,2024-11,Data Analytics,TikTok Ads,UBA,Otra,CABA,27,Full-time,Intermedia,2.6,Tarjeta credito,2,194000,20,25,Medio,SR08,15.7,0,0,0,3,3,3,,1,0,Curioso,2,Sabado,Mobile,Chrome,Verde,Geminis,X1646,3,1,1
TRAIN_00357,2024-08,Python,TikTok Ads,UADE,Otra,GBA Oeste,27,Full-time,Intermedia,0.0,Tarjeta credito,3,206000,15,10,Alto,SR07,53.5,0,0,0,3,2,0,9.0,1,0,Explorer,3,Martes,Mobile,Chrome,Gris,Cancer,X2629,9,0,0
TRAIN_00358,2024-10,Data Analytics,Instagram Ads,UNLP,Otra,Rosario,31,Full-time,Basica,,Transferencia,3,256000,10,7,Medio,SR06,11.8,1,0,1,7,3,1,6.0,0,0,Explorer,4,Lunes,Mobile,Otro,Rojo,Virgo,X6694,0,0,0
TRAIN_00359,2024-10,Machine Learning,Web Organico,Otra,Economia,GBA Oeste,27,Busca trabajo,Basica,1.8,Tarjeta credito,6,311000,5,13,Medio,SR10,32.5,1,0,1,3,3,0,8.7,1,0,Curioso,0,Martes,Mobile,Safari,Gris,Capricornio,X2029,0,0,0
TRAIN_00360,2025-05,Data Analytics,Instagram Ads,Otra,Economia,Cordoba,22,Busca trabajo,Ninguna,,Transferencia,3,244000,5,16,Medio,SR12,13.6,1,0,1,10,4,2,,0,0,Career switcher,5,Miercoles,Mobile,Chrome,Gris,Aries,X4692,3,0,0
TRAIN_00361,2024-08,IA Generativa,Instagram Ads,,Administracion,Cordoba,25,Part-time,Intermedia,6.7,Transferencia,2,193000,10,16,Medio,SR07,11.7,1,0,1,2,4,3,8.7,0,0,Upskiller,0,Martes,Mobile,Firefox,Violeta,Sagitario,X6424,1,0,0
TRAIN_00362,2025-05,Python,TikTok Ads,Otra,Otra,La Plata,18,Part-time,Ninguna,10.2,Tarjeta credito,12,168000,35,23,Alto,SR10,12.7,1,0,1,8,4,0,,0,0,Career switcher,3,Martes,Desktop,Otro,Azul,Piscis,X7468,9,0,0
TRAIN_00363,2025-04,Machine Learning,Universidad Partner,UTN,Diseno,GBA Sur,26,Part-time,Ninguna,4.8,Tarjeta credito,3,230000,25,17,Medio,SR05,0.6,1,0,0,6,2,2,7.0,0,1,Desempleado activo,2,Viernes,Desktop,Chrome,Verde,Cancer,X4935,7,0,0
TRAIN_00364,2025-03,Web Dev,Universidad Partner,UNLP,Ingenieria,CABA,18,Full-time,,1.1,Tarjeta credito,2,201000,15,21,Medio,SR09,1.6,1,1,0,4,1,2,9.1,0,0,Explorer,0,Sabado,Mobile,Chrome,Violeta,Tauro,X2361,4,0,0
TRAIN_00365,2025-04,Data Analytics,Universidad Partner,,Ingenieria,Rosario,25,Busca trabajo,Basica,10.3,Transferencia,4,166000,30,11,,SR02,5.9,0,1,1,10,4,2,10.0,0,1,Upskiller,3,Jueves,Mobile,Chrome,Gris,Geminis,X1936,5,0,0
TRAIN_00366,2024-10,Web Dev,Universidad Partner,UADE,Administracion,CABA,18,No trabaja,Intermedia,,Tarjeta debito,12,184000,25,9,Bajo,SR08,52.0,1,1,1,12,4,4,6.7,1,0,Career switcher,0,Miercoles,Mobile,Firefox,Violeta,Leo,X4175,9,0,0
TRAIN_00367,2025-04,SQL,TikTok Ads,Otra,Ingenieria,Cordoba,23,No trabaja,Basica,9.7,Transferencia,9,126000,25,18,Alto,SR01,48.2,1,0,0,8,2,4,7.6,0,1,Explorer,0,Jueves,Mobile,Chrome,Rojo,Cancer,X7866,2,0,0
TRAIN_00368,2024-09,Web Dev,Google Ads,Otra,Otra,Rosario,23,Full-time,Basica,4.9,Tarjeta debito,4,252000,0,21,Bajo,SR01,10.2,1,0,0,2,2,0,,0,1,Desempleado activo,0,Miercoles,Desktop,Chrome,Gris,Cancer,X5724,9,0,0
TRAIN_00369,2025-04,IA Generativa,Referido,UBA,Diseno,Otra,32,Freelance,Avanzada,5.0,Mercado Pago,9,196000,10,21,Medio,SR10,17.9,1,1,1,8,4,2,,0,0,Career switcher,0,Sabado,Desktop,Otro,Gris,Acuario,X4054,4,0,0
TRAIN_00370,2025-05,Machine Learning,Referido,Otra,Ingenieria,Rosario,21,Part-time,Basica,1.9,Tarjeta debito,1,301000,0,0,Medio,SR11,23.3,1,0,0,6,3,4,7.3,0,1,Explorer,1,Miercoles,Mobile,Otro,Rojo,Tauro,X8924,5,0,0
TRAIN_00371,2025-03,IA Generativa,Universidad Partner,UBA,Administracion,Cordoba,23,Full-time,Basica,5.1,Transferencia,4,211000,0,4,Alto,SR03,0.9,1,0,1,11,4,3,7.4,0,1,Desempleado activo,1,Sabado,Mobile,Otro,Verde,Libra,X3142,5,0,0
TRAIN_00372,2025-05,Data Analytics,Instagram Ads,Otra,Psicologia,CABA,29,Full-time,Basica,1.9,Mercado Pago,6,224000,10,17,Medio,SR07,0.1,1,0,0,3,1,1,7.8,0,0,Explorer,5,Viernes,Desktop,Chrome,Gris,Sagitario,X3842,8,0,0
TRAIN_00373,2025-04,SQL,Instagram Ads,UTN,Ingenieria,GBA Norte,25,Busca trabajo,Basica,5.2,Efectivo,3,127000,40,6,Bajo,SR02,6.0,1,1,1,8,4,5,8.6,1,0,Upskiller,4,Viernes,Desktop,Chrome,Verde,Capricornio,X3402,0,0,0
TRAIN_00374,2024-10,Machine Learning,Referido,ITBA,Otra,Cordoba,18,Full-time,Intermedia,8.5,Tarjeta debito,3,233000,30,0,Bajo,SR10,16.5,0,0,0,2,1,0,8.3,0,0,Upskiller,1,Martes,Desktop,Chrome,Violeta,Leo,X9349,7,0,0
TRAIN_00375,2024-09,Python,Web Organico,ITBA,Cs Datos,GBA Norte,21,Part-time,Ninguna,7.8,Mercado Pago,3,245000,10,25,Medio,SR08,,1,0,1,9,4,2,,0,1,Curioso,3,Viernes,Desktop,Chrome,Azul,Piscis,X6248,7,1,1
TRAIN_00376,2025-03,Web Dev,Instagram Ads,Otra,Ingenieria,GBA Norte,28,Freelance,Ninguna,11.1,Tarjeta debito,3,175000,30,21,Medio,SR02,38.4,1,0,1,6,4,5,,0,0,Explorer,0,Viernes,Mobile,Chrome,Naranja,Leo,X1879,6,1,0
TRAIN_00377,2025-05,Python,Universidad Partner,UBA,Administracion,CABA,23,Full-time,Basica,2.7,Transferencia,12,138000,30,14,Bajo,SR05,16.6,0,0,0,0,1,1,4.0,0,0,Career switcher,0,Sabado,Desktop,Safari,Gris,Aries,X4572,2,0,0
TRAIN_00378,2025-04,Web Dev,Instagram Ads,UADE,Cs Datos,Rosario,18,Busca trabajo,Ninguna,5.2,Transferencia,9,172000,25,16,Bajo,SR08,34.9,0,0,0,4,2,1,7.0,1,0,Upskiller,0,Martes,Desktop,Safari,Naranja,Piscis,X4354,2,0,0
TRAIN_00379,2024-11,Web Dev,Google Ads,Universidad Austral,Economia,Otra,32,No trabaja,Basica,3.8,Efectivo,6,178000,25,31,Bajo,SR10,30.9,1,0,1,9,4,2,9.9,0,0,Explorer,3,Viernes,Desktop,Chrome,Verde,Piscis,X7694,6,0,0
TRAIN_00380,2024-10,IA Generativa,Google Ads,UTN,Economia,Mendoza,25,No trabaja,Intermedia,6.0,Transferencia,6,136000,30,23,Medio,SR11,7.5,1,0,1,9,4,4,7.3,0,1,Upskiller,3,Lunes,Desktop,Safari,Naranja,Piscis,X9197,0,0,0
TRAIN_00381,2025-03,SQL,Google Ads,UTN,Psicologia,GBA Sur,19,No trabaja,Ninguna,10.6,Mercado Pago,3,163000,10,6,Medio,SR01,14.3,1,0,0,8,2,3,,0,0,Curioso,2,Sabado,Desktop,Chrome,Rojo,Libra,X7997,2,1,0
TRAIN_00382,2025-02,Data Analytics,Referido,UADE,Cs Datos,CABA,25,Full-time,,2.5,Tarjeta debito,12,218000,20,11,Bajo,SR02,0.3,1,1,1,6,3,1,9.1,0,0,Upskiller,2,Miercoles,Mobile,Chrome,Verde,Escorpio,X3560,1,0,0
TRAIN_00383,2025-04,Data Analytics,Evento,Otra,Cs Datos,GBA Oeste,27,No trabaja,Basica,7.2,Transferencia,4,217000,20,24,Medio,SR05,27.8,1,1,1,7,3,2,9.9,1,0,Upskiller,1,Martes,Desktop,Chrome,Rojo,Geminis,X1400,0,0,0
TRAIN_00384,2024-09,Web Dev,Universidad Partner,ITBA,Economia,CABA,24,Full-time,Ninguna,4.7,Mercado Pago,6,329000,25,22,Medio,SR01,8.5,1,1,0,7,2,3,,0,1,Upskiller,4,Miercoles,Mobile,Safari,Violeta,Aries,X5062,9,0,1
TRAIN_00385,2025-03,IA Generativa,Referido,UTN,Cs Datos,Rosario,18,No trabaja,Ninguna,13.9,Mercado Pago,4,449000,10,2,Bajo,SR12,16.9,1,0,1,9,4,4,7.4,0,0,Curioso,2,Martes,Desktop,Chrome,Gris,Cancer,X1141,2,0,0
TRAIN_00386,2024-08,Python,Instagram Ads,,Ingenieria,CABA,26,Part-time,Intermedia,9.4,Tarjeta credito,3,198000,25,23,Bajo,SR12,29.6,1,0,1,9,4,4,8.7,0,0,Desempleado activo,1,Jueves,Mobile,Chrome,Rojo,Acuario,X9913,4,0,0
TRAIN_00387,2024-10,SQL,TikTok Ads,UTN,Ingenieria,CABA,23,No trabaja,Ninguna,4.5,Mercado Pago,6,119000,25,13,Alto,SR12,7.7,1,0,1,7,4,3,7.5,0,0,Upskiller,4,Sabado,Mobile,Safari,Rojo,Piscis,X1503,2,0,0
TRAIN_00388,2024-11,IA Generativa,Web Organico,Otra,Cs Datos,CABA,33,No trabaja,Ninguna,2.9,Tarjeta credito,3,130000,30,28,Alto,SR05,7.6,1,0,1,6,2,3,10.0,0,0,Career switcher,3,Lunes,Mobile,Chrome,Azul,Geminis,X3941,1,0,0
TRAIN_00389,2025-04,IA Generativa,Web Organico,UADE,Psicologia,Cordoba,28,Freelance,Ninguna,5.3,Mercado Pago,9,145000,30,21,Medio,SR11,39.5,0,0,1,15,4,4,7.2,0,0,Upskiller,0,Miercoles,Mobile,Chrome,Verde,Libra,X4546,7,0,0
TRAIN_00390,2025-02,Python,Web Organico,UBA,Diseno,La Plata,21,Part-time,Basica,5.8,Efectivo,9,235000,0,26,,SR12,0.1,1,0,1,11,4,3,,0,0,Upskiller,3,Jueves,Mobile,Firefox,Azul,Virgo,X7022,4,0,0
TRAIN_00391,2025-05,Data Analytics,Instagram Ads,UBA,Administracion,GBA Oeste,19,No trabaja,Ninguna,6.2,Tarjeta debito,9,203000,25,5,Bajo,SR01,3.3,1,0,0,8,3,3,,0,0,Upskiller,0,Viernes,Mobile,Safari,Naranja,Aries,X3508,6,0,0
TRAIN_00392,2024-11,Machine Learning,Google Ads,Universidad Austral,Economia,Cordoba,24,Part-time,Ninguna,4.8,Tarjeta debito,9,291000,10,20,Bajo,SR11,4.4,1,0,1,9,4,4,10.0,0,0,Upskiller,4,Miercoles,Desktop,Chrome,Gris,Geminis,X6176,6,0,0
TRAIN_00393,2025-05,SQL,Instagram Ads,Otra,Cs Datos,GBA Oeste,25,Freelance,Avanzada,7.8,Efectivo,3,141000,20,3,Medio,SR02,13.7,0,0,0,2,2,0,8.8,0,0,Upskiller,4,Jueves,Mobile,Edge,Gris,Aries,X1934,3,0,0
TRAIN_00394,2025-02,Python,Web Organico,UNLP,Diseno,GBA Norte,27,Busca trabajo,Basica,9.2,Mercado Pago,1,182000,20,11,Alto,SR02,4.1,1,1,1,7,4,3,7.1,0,1,Explorer,4,Martes,Mobile,Edge,Naranja,Sagitario,X5024,3,0,0
TRAIN_00395,2024-08,Web Dev,Instagram Ads,Otra,Cs Datos,CABA,25,Part-time,Ninguna,11.3,Tarjeta credito,3,245000,5,0,Medio,SR11,12.4,1,0,0,4,2,1,5.2,0,0,Explorer,1,Martes,Desktop,Safari,Violeta,Acuario,X9708,1,1,1
TRAIN_00396,2025-03,Data Analytics,TikTok Ads,UADE,Otra,La Plata,24,Part-time,Intermedia,9.8,Efectivo,3,234000,10,0,Bajo,SR06,4.3,1,1,1,7,4,3,9.5,0,0,Career switcher,6,Martes,Mobile,Chrome,Naranja,Libra,X1278,8,0,0
TRAIN_00397,2024-11,Web Dev,TikTok Ads,UNLP,Otra,CABA,20,No trabaja,Basica,7.5,Transferencia,6,175000,35,0,Medio,SR02,1.3,1,1,1,3,3,4,,0,0,Explorer,1,Miercoles,Mobile,Otro,Verde,Piscis,X5230,5,1,1
TRAIN_00398,2024-09,Machine Learning,Google Ads,Universidad Austral,Ingenieria,CABA,21,No trabaja,Basica,10.3,Tarjeta debito,9,274000,20,17,Medio,SR04,10.4,0,0,0,0,1,4,,0,0,Upskiller,2,Lunes,Tablet,Edge,Verde,Geminis,X1977,3,1,1
TRAIN_00399,2025-05,Python,Web Organico,Otra,Ingenieria,GBA Norte,23,Part-time,Intermedia,10.3,Transferencia,3,215000,15,14,Bajo,SR02,12.8,1,0,1,8,4,2,10.0,1,0,Desempleado activo,3,Viernes,Mobile,Chrome,Violeta,Libra,X7363,0,0,0
TRAIN_00400,2024-10,Web Dev,TikTok Ads,ITBA,Ingenieria,La Plata,27,No trabaja,Ninguna,13.7,Mercado Pago,3,213000,15,8,Alto,SR09,18.6,1,1,1,12,4,4,,1,0,Desempleado activo,2,Sabado,Desktop,Chrome,Azul,Tauro,X5537,1,0,0
TRAIN_00401,2024-10,SQL,Referido,Universidad Austral,Cs Datos,Otra,23,Full-time,Basica,0.0,Mercado Pago,6,185000,0,14,Alto,SR04,20.8,0,1,1,9,4,2,,0,1,Upskiller,3,Martes,Desktop,Chrome,Gris,Capricornio,X4624,2,0,0
TRAIN_00402,2025-04,Machine Learning,Evento,Otra,Ingenieria,GBA Sur,24,No trabaja,Basica,10.6,Mercado Pago,3,259000,20,21,Medio,SR11,18.5,0,1,1,4,4,3,10.0,0,0,Career switcher,0,Jueves,Mobile,Chrome,Azul,Acuario,X9283,9,0,0
TRAIN_00403,2024-09,SQL,TikTok Ads,UTN,Ingenieria,Rosario,25,Full-time,Intermedia,0.0,Efectivo,1,126000,15,20,Alto,SR10,21.6,1,1,1,5,4,4,8.3,0,0,Career switcher,2,Lunes,Mobile,Chrome,Naranja,Virgo,X1280,5,1,1
TRAIN_00404,2024-10,Machine Learning,TikTok Ads,UNLP,Economia,GBA Oeste,24,Full-time,Basica,4.9,Tarjeta debito,1,225000,30,0,Alto,SR09,17.7,0,0,0,4,2,2,,1,0,Upskiller,2,Lunes,Tablet,Firefox,Verde,Piscis,X7117,2,1,1
TRAIN_00405,2024-10,IA Generativa,Instagram Ads,UBA,Diseno,GBA Sur,27,Part-time,Basica,7.7,Mercado Pago,3,159000,30,20,Medio,SR06,5.0,1,0,1,9,4,4,8.3,0,0,Curioso,2,Lunes,Desktop,Chrome,Naranja,Tauro,X8294,2,0,0
TRAIN_00406,2024-09,Machine Learning,TikTok Ads,Otra,Ingenieria,GBA Sur,18,Freelance,,7.0,Tarjeta credito,4,173000,40,0,Medio,SR12,6.2,1,0,1,9,4,1,7.8,0,0,Career switcher,1,Miercoles,Desktop,Chrome,Gris,Leo,X8927,2,0,0
TRAIN_00407,2025-05,Data Analytics,Referido,UBA,Diseno,CABA,21,Part-time,Ninguna,7.4,Mercado Pago,6,195000,25,17,Alto,SR07,26.8,1,0,1,14,4,2,10.0,0,0,Desempleado activo,2,Miercoles,Mobile,Chrome,Gris,Sagitario,X9849,4,0,0
TRAIN_00408,2024-09,Python,TikTok Ads,ITBA,Otra,GBA Oeste,30,No trabaja,Ninguna,15.5,Mercado Pago,6,149000,45,6,Bajo,SR10,56.8,1,0,0,7,3,2,,0,0,Curioso,3,Sabado,Mobile,Otro,Azul,Sagitario,X2003,4,1,1
TRAIN_00409,2025-04,Python,TikTok Ads,Universidad Austral,Ingenieria,Cordoba,24,No trabaja,Ninguna,12.9,Tarjeta debito,6,188000,20,16,Medio,SR12,14.1,0,1,1,4,4,2,,0,0,Curioso,3,Sabado,Desktop,Chrome,Azul,Virgo,X4039,0,0,1
TRAIN_00410,2024-11,Python,TikTok Ads,UADE,Administracion,Mendoza,27,No trabaja,Intermedia,11.8,Transferencia,4,184000,25,8,Medio,SR09,10.2,1,0,1,2,4,1,8.9,0,0,Career switcher,1,Sabado,Desktop,Safari,Azul,Aries,X7054,0,0,0
TRAIN_00411,2024-10,Data Analytics,Referido,Otra,Otra,CABA,26,Part-time,Basica,7.0,Mercado Pago,4,207000,25,34,Bajo,SR09,24.2,1,0,1,11,4,1,,0,1,Career switcher,0,Miercoles,Mobile,Chrome,Naranja,Escorpio,X1375,7,1,1
TRAIN_00412,2024-08,Python,Google Ads,UTN,Economia,CABA,22,Busca trabajo,Ninguna,4.4,Mercado Pago,3,217000,0,13,Bajo,SR09,7.6,1,0,1,6,3,1,7.7,0,0,Upskiller,3,Viernes,Mobile,Chrome,Violeta,Piscis,X1748,5,0,0
TRAIN_00413,2025-04,Machine Learning,Universidad Partner,UBA,Ingenieria,La Plata,25,Part-time,Avanzada,7.6,Transferencia,3,242000,20,8,Medio,SR02,13.0,1,1,1,9,4,2,,0,0,Explorer,2,Lunes,Mobile,Chrome,Verde,Cancer,X9950,6,0,0
TRAIN_00414,2025-05,Web Dev,Instagram Ads,Otra,Psicologia,CABA,19,Part-time,Ninguna,5.7,Tarjeta credito,6,172000,30,2,Medio,SR07,30.9,0,1,1,8,4,1,,1,1,Explorer,1,Lunes,Desktop,Chrome,Verde,Libra,X1747,2,1,1
TRAIN_00415,2025-05,Machine Learning,Universidad Partner,Otra,Ingenieria,CABA,25,Part-time,Ninguna,5.3,Mercado Pago,9,242000,30,18,Medio,SR07,4.8,0,0,0,5,4,2,7.3,1,0,Desempleado activo,6,Miercoles,Desktop,Chrome,Violeta,Cancer,X6583,0,0,0
TRAIN_00416,2024-10,Data Analytics,Google Ads,UADE,Cs Datos,CABA,22,Freelance,Intermedia,6.7,Mercado Pago,3,182000,25,7,Medio,SR07,2.6,1,1,1,7,4,4,7.5,0,0,Desempleado activo,3,Miercoles,Desktop,Chrome,Rojo,Escorpio,X1449,9,0,0
TRAIN_00417,2024-10,Web Dev,Google Ads,UADE,Ingenieria,GBA Sur,21,Freelance,Intermedia,2.5,Transferencia,4,225000,10,5,Medio,SR12,2.4,1,1,1,9,4,4,9.5,0,0,Upskiller,4,Sabado,Mobile,Safari,Naranja,Cancer,X4579,5,0,0
TRAIN_00418,2025-03,Python,Web Organico,ITBA,Ingenieria,GBA Norte,18,Full-time,Basica,0.2,Efectivo,3,172000,25,12,Medio,SR01,11.3,1,0,0,5,2,2,7.7,0,0,Upskiller,4,Miercoles,Desktop,Chrome,Azul,Aries,X2489,2,0,0
TRAIN_00419,2024-10,Data Analytics,Instagram Ads,Otra,Administracion,GBA Oeste,18,Busca trabajo,Basica,8.3,Efectivo,6,217000,20,24,Medio,SR01,8.0,0,1,1,8,4,4,6.8,0,1,Career switcher,0,Sabado,Mobile,Chrome,Verde,Sagitario,X9260,5,0,0
TRAIN_00420,2025-02,Data Analytics,TikTok Ads,UADE,Administracion,Cordoba,33,Part-time,Intermedia,6.9,Mercado Pago,2,222000,20,24,Bajo,SR10,36.5,1,0,0,1,0,0,,1,0,Desempleado activo,2,Lunes,Desktop,Chrome,Gris,Escorpio,X2964,9,0,1
TRAIN_00421,2025-04,IA Generativa,TikTok Ads,UADE,Diseno,Cordoba,24,Full-time,Intermedia,0.0,Mercado Pago,3,198000,5,5,Medio,SR03,6.0,1,1,1,7,3,2,,0,0,Desempleado activo,1,Viernes,Desktop,Safari,Verde,Tauro,X4908,4,0,0
TRAIN_00422,2025-03,Python,Evento,UBA,Otra,GBA Oeste,26,No trabaja,Basica,18.5,Transferencia,2,214000,15,4,Alto,SR08,2.2,1,1,1,8,3,1,12.0,0,1,Upskiller,4,Sabado,Mobile,Chrome,Violeta,Leo,X2448,4,0,0
TRAIN_00423,2024-11,Data Analytics,Evento,UBA,Cs Datos,CABA,24,Part-time,Basica,10.2,Tarjeta credito,4,192000,30,26,Medio,SR07,,0,1,0,6,3,2,,0,0,Career switcher,1,Viernes,Mobile,Otro,Gris,Leo,X8094,5,1,1
TRAIN_00424,2025-02,Data Analytics,TikTok Ads,UADE,Economia,Otra,27,No trabaja,Ninguna,4.9,Tarjeta credito,3,206000,25,0,Medio,SR07,60.7,1,0,1,10,4,4,9.0,0,0,Upskiller,3,Martes,Mobile,Chrome,Naranja,Escorpio,X3148,3,0,0
TRAIN_00425,2025-05,Python,TikTok Ads,Otra,Ingenieria,GBA Oeste,24,Busca trabajo,Ninguna,14.0,Mercado Pago,6,221000,10,18,Medio,SR12,36.7,1,0,1,12,4,1,8.5,0,0,Upskiller,6,Sabado,Mobile,Chrome,Gris,Aries,X9114,3,0,0
TRAIN_00426,2024-10,Python,Evento,Universidad Austral,Administracion,CABA,26,Freelance,,11.6,Tarjeta credito,3,245000,0,6,Bajo,SR03,13.5,1,1,1,4,4,1,8.6,0,0,Curioso,4,Sabado,Mobile,Firefox,Gris,Sagitario,X1394,2,0,0
TRAIN_00427,2024-10,Data Analytics,Evento,ITBA,Cs Datos,CABA,21,Freelance,Basica,8.0,Tarjeta credito,6,203000,15,12,Medio,SR01,11.2,0,1,1,1,3,0,9.2,0,0,Career switcher,4,Lunes,Mobile,Chrome,Naranja,Cancer,X5142,4,0,0
TRAIN_00428,2025-05,Machine Learning,Web Organico,UBA,Otra,GBA Oeste,21,Busca trabajo,Avanzada,13.4,Tarjeta debito,2,246000,25,3,Medio,SR10,14.3,1,1,0,5,1,0,8.7,1,0,Curioso,2,Martes,Mobile,Chrome,Gris,Tauro,X1260,7,0,0
TRAIN_00429,2025-04,IA Generativa,Web Organico,Otra,Economia,GBA Sur,20,Full-time,Intermedia,4.5,Tarjeta credito,2,217000,0,11,Medio,SR07,7.0,1,0,1,10,4,2,8.5,1,0,Career switcher,2,Jueves,Mobile,Chrome,Violeta,Leo,X5075,4,0,0
TRAIN_00430,2024-11,Data Analytics,Google Ads,ITBA,Administracion,Mendoza,25,Full-time,Ninguna,2.1,Transferencia,3,198000,30,9,Medio,SR09,15.6,1,0,1,8,4,0,7.0,0,0,Desempleado activo,4,Jueves,Mobile,Safari,Verde,Virgo,X4810,9,0,0
TRAIN_00431,2024-10,IA Generativa,Google Ads,Universidad Austral,Economia,CABA,21,Full-time,Basica,4.7,Mercado Pago,6,193000,15,0,Medio,SR04,10.9,1,0,1,8,4,1,9.0,0,1,Career switcher,4,Jueves,Mobile,Chrome,Violeta,Leo,X7089,4,0,0
TRAIN_00432,2025-03,Data Analytics,TikTok Ads,UADE,Otra,GBA Oeste,27,Part-time,Basica,7.4,Transferencia,2,196000,25,15,Bajo,SR07,29.4,0,0,0,6,2,1,,0,0,Curioso,3,Lunes,Mobile,Chrome,Gris,Sagitario,X4634,1,1,1
TRAIN_00433,2025-04,Data Analytics,TikTok Ads,UBA,Administracion,GBA Sur,26,Full-time,Ninguna,6.4,Tarjeta credito,9,241000,15,16,Alto,SR06,6.9,1,1,1,3,2,1,7.8,0,0,Career switcher,1,Lunes,Desktop,Chrome,Rojo,Acuario,X5710,1,0,0
TRAIN_00434,2025-04,SQL,Universidad Partner,UBA,Administracion,CABA,19,No trabaja,Ninguna,8.6,Mercado Pago,3,142000,30,31,Alto,SR02,25.1,1,1,1,10,4,3,,0,0,Upskiller,2,Jueves,Desktop,Chrome,Azul,Piscis,X8798,5,1,1
TRAIN_00435,2024-11,Data Analytics,Google Ads,Otra,Economia,CABA,20,Part-time,Ninguna,0.0,Tarjeta credito,3,214000,15,10,Bajo,SR03,5.2,0,0,0,6,0,1,7.4,0,1,Desempleado activo,5,Viernes,Mobile,Chrome,Gris,Geminis,X3742,1,1,1
TRAIN_00436,2025-05,Python,Universidad Partner,UBA,Cs Datos,CABA,20,Busca trabajo,Intermedia,6.2,Mercado Pago,3,171000,30,21,Medio,SR05,0.4,1,0,1,7,4,1,6.8,0,1,Explorer,5,Viernes,Mobile,Safari,Rojo,Acuario,X1398,8,0,0
TRAIN_00437,2025-03,Web Dev,Referido,UBA,Economia,GBA Norte,26,No trabaja,Ninguna,2.2,Tarjeta credito,6,215000,15,17,Medio,SR05,1.9,0,0,1,7,3,1,8.9,0,0,Career switcher,6,Miercoles,Desktop,Edge,Rojo,Sagitario,X4669,3,0,0
TRAIN_00438,2024-08,Machine Learning,Instagram Ads,UNLP,Ingenieria,Cordoba,18,Part-time,Basica,,Tarjeta debito,2,255000,20,16,Medio,SR12,4.1,1,1,1,10,3,1,8.9,0,0,Curioso,3,Sabado,Mobile,Chrome,Gris,Escorpio,X9006,7,0,0
TRAIN_00439,2024-11,Data Analytics,TikTok Ads,Otra,Administracion,GBA Sur,26,No trabaja,Basica,9.4,Transferencia,2,265000,0,3,Medio,SR06,8.8,1,1,1,8,4,2,,0,0,Upskiller,0,Lunes,Desktop,Safari,Rojo,Acuario,X8926,7,1,1
TRAIN_00440,2025-03,SQL,TikTok Ads,UTN,Ingenieria,GBA Sur,26,Part-time,Ninguna,14.8,Tarjeta credito,9,101000,45,27,Medio,SR11,23.1,1,1,1,14,4,8,9.9,0,0,Explorer,5,Lunes,Desktop,Edge,Azul,Virgo,X5871,8,0,0
TRAIN_00441,2024-10,Python,Google Ads,Universidad Austral,Administracion,CABA,20,Part-time,Intermedia,,Tarjeta debito,9,172000,25,14,Medio,SR04,32.1,0,1,1,7,4,3,6.4,0,1,Explorer,6,Jueves,Mobile,Chrome,Verde,Cancer,X4720,3,0,0
TRAIN_00442,2024-10,Machine Learning,Google Ads,Otra,Psicologia,La Plata,29,Freelance,Ninguna,1.4,Transferencia,6,323000,0,13,Alto,SR09,,1,1,0,6,2,3,6.3,0,0,Career switcher,2,Martes,Mobile,Edge,Naranja,Escorpio,X4957,8,0,0
TRAIN_00443,2025-05,SQL,Instagram Ads,Universidad Austral,Cs Datos,CABA,20,No trabaja,Ninguna,14.9,Transferencia,4,167000,5,25,Medio,SR09,6.8,1,0,1,5,3,0,8.6,0,0,Explorer,1,Viernes,Mobile,Safari,Rojo,Acuario,X6012,3,0,0
TRAIN_00444,2024-09,Web Dev,Universidad Partner,UADE,Ingenieria,CABA,25,Part-time,Intermedia,4.6,Tarjeta credito,3,238000,0,0,Alto,SR02,11.7,1,1,1,7,4,3,6.0,0,0,Curioso,2,Jueves,Mobile,Chrome,Azul,Capricornio,X4048,7,0,0
TRAIN_00445,2024-10,Data Analytics,Evento,UBA,Ingenieria,Rosario,30,Busca trabajo,Basica,7.8,Tarjeta credito,1,259000,5,2,Bajo,SR04,14.1,0,1,1,11,4,2,9.8,0,0,Curioso,2,Martes,Mobile,Chrome,Azul,Libra,X5885,2,0,0
TRAIN_00446,2025-03,SQL,Instagram Ads,Otra,Otra,GBA Oeste,28,Full-time,Intermedia,5.0,Tarjeta debito,9,185000,5,0,Medio,SR10,21.0,1,0,0,3,1,0,6.7,0,0,Career switcher,0,Jueves,Desktop,Chrome,Azul,Tauro,X4303,1,0,0
TRAIN_00447,2025-03,Data Analytics,Google Ads,ITBA,Ingenieria,CABA,28,Busca trabajo,Ninguna,5.6,Transferencia,4,234000,10,9,Bajo,SR11,56.3,0,0,0,6,3,3,7.0,0,1,Curioso,4,Jueves,Desktop,Chrome,Violeta,Virgo,X2956,2,0,0
TRAIN_00448,2025-02,Machine Learning,TikTok Ads,ITBA,Economia,CABA,25,No trabaja,Basica,10.6,Tarjeta credito,9,155000,45,24,Medio,SR10,26.8,1,0,0,4,0,3,,0,0,Upskiller,2,Viernes,Mobile,Edge,Naranja,Acuario,X5809,6,1,1
TRAIN_00449,2025-05,SQL,Instagram Ads,ITBA,Otra,GBA Sur,30,No trabaja,Ninguna,12.2,Mercado Pago,9,143000,40,11,Bajo,SR03,2.8,1,1,1,6,4,2,9.6,0,0,Explorer,5,Viernes,Tablet,Edge,Rojo,Acuario,X6038,2,1,1
TRAIN_00450,2024-09,Data Analytics,Instagram Ads,UBA,Ingenieria,GBA Oeste,30,No trabaja,Avanzada,7.6,Tarjeta debito,1,198000,30,0,Bajo,SR04,5.6,1,0,1,10,4,4,5.0,1,0,Curioso,2,Martes,Mobile,Safari,Violeta,Aries,X6205,6,0,0
TRAIN_00451,2025-03,Web Dev,TikTok Ads,UNLP,Psicologia,CABA,32,Full-time,Avanzada,7.2,Transferencia,9,180000,35,0,Bajo,SR03,0.3,0,0,0,2,2,1,6.1,0,0,Upskiller,2,Jueves,Mobile,Safari,Verde,Capricornio,X3333,4,1,0
TRAIN_00452,2025-03,Web Dev,Referido,Otra,Cs Datos,GBA Sur,55,Part-time,Ninguna,6.1,Tarjeta debito,3,238000,5,11,Bajo,SR10,16.9,1,1,1,9,4,4,6.7,0,1,Curioso,4,Jueves,Mobile,Chrome,Rojo,Piscis,X6902,2,0,0
TRAIN_00453,2025-02,Data Analytics,Referido,UADE,Otra,Cordoba,22,Part-time,Basica,12.1,Transferencia,12,260000,5,5,Medio,SR02,5.4,0,0,0,3,1,0,,0,0,Career switcher,3,Martes,Mobile,Chrome,Azul,Acuario,X4365,9,1,1
TRAIN_00454,2025-04,Data Analytics,Web Organico,UBA,Cs Datos,GBA Oeste,22,Part-time,Ninguna,5.6,Tarjeta debito,2,216000,10,5,Medio,SR05,28.7,1,0,0,7,2,2,6.9,0,0,Desempleado activo,3,Martes,Mobile,Chrome,Rojo,Cancer,X2676,5,0,0
TRAIN_00455,2024-10,IA Generativa,Web Organico,UNLP,Economia,GBA Sur,23,No trabaja,Ninguna,9.7,Transferencia,12,204000,0,12,Bajo,SR02,57.9,1,1,1,7,4,3,,0,0,Curioso,0,Martes,Tablet,Chrome,Gris,Acuario,X2615,9,1,0
TRAIN_00456,2024-10,Data Analytics,Instagram Ads,,Economia,La Plata,20,Busca trabajo,Intermedia,10.8,Transferencia,9,135000,45,22,Medio,SR08,0.6,1,0,1,8,3,1,8.8,0,0,Upskiller,2,Viernes,Mobile,Chrome,Rojo,Virgo,X4473,5,0,0
TRAIN_00457,2024-08,Data Analytics,Instagram Ads,Otra,Diseno,GBA Oeste,29,Part-time,Ninguna,6.9,Tarjeta credito,2,180000,30,0,Bajo,SR09,1.4,1,0,1,6,4,1,,1,0,Desempleado activo,4,Lunes,Desktop,Safari,Azul,Tauro,X1431,3,0,0
TRAIN_00458,2025-05,Web Dev,TikTok Ads,UBA,Ingenieria,CABA,22,No trabaja,Basica,7.9,Tarjeta credito,1,258000,0,9,Alto,SR06,1.1,1,0,0,3,0,1,7.9,0,0,Career switcher,4,Miercoles,Mobile,Chrome,Naranja,Geminis,X5797,1,0,0
TRAIN_00459,2025-04,Python,Web Organico,Otra,Diseno,Otra,26,Part-time,Ninguna,10.0,Tarjeta credito,3,205000,20,15,,SR04,28.6,0,0,1,8,4,2,7.4,0,0,Career switcher,4,Martes,Mobile,Safari,Violeta,Cancer,X2533,2,0,0
TRAIN_00460,2024-10,Machine Learning,Referido,UTN,Ingenieria,CABA,31,No trabaja,,4.5,Mercado Pago,2,291000,10,23,Bajo,SR12,9.8,1,0,1,7,4,2,9.0,0,0,Desempleado activo,3,Lunes,Mobile,Edge,Verde,Leo,X7019,4,0,0
TRAIN_00461,2025-03,Data Analytics,Instagram Ads,Otra,Economia,Rosario,22,Freelance,Ninguna,8.4,Tarjeta credito,9,216000,20,13,Medio,SR07,6.8,1,1,1,10,3,3,7.3,0,0,Desempleado activo,3,Martes,Desktop,Edge,Rojo,Escorpio,X4413,5,0,0
TRAIN_00462,2025-04,Web Dev,TikTok Ads,UTN,Otra,GBA Norte,21,Busca trabajo,Ninguna,10.8,Tarjeta debito,4,198000,25,17,Medio,SR02,9.1,0,0,0,3,3,2,,0,0,Upskiller,3,Martes,Desktop,Safari,Verde,Piscis,X6945,7,1,1
TRAIN_00463,2024-11,Web Dev,Evento,ITBA,Diseno,Otra,22,Part-time,Ninguna,5.6,Tarjeta credito,1,257000,5,5,Alto,SR05,3.4,1,0,0,2,0,0,,0,0,Desempleado activo,2,Miercoles,Desktop,Firefox,Azul,Leo,X8698,0,1,1
TRAIN_00464,2024-08,Web Dev,Referido,Otra,Otra,GBA Oeste,21,No trabaja,Ninguna,8.2,Tarjeta credito,9,204000,20,15,Alto,SR06,10.5,1,1,1,5,4,0,8.6,1,1,Explorer,1,Viernes,Desktop,Firefox,Verde,Leo,X5963,2,0,0
TRAIN_00465,2024-09,SQL,Universidad Partner,UBA,Otra,GBA Norte,25,Freelance,Ninguna,7.9,Tarjeta credito,12,165000,5,0,Bajo,SR03,7.4,0,0,0,2,1,0,,0,1,Desempleado activo,3,Sabado,Desktop,Chrome,Azul,Capricornio,X5751,5,1,1
TRAIN_00466,2024-10,Python,Instagram Ads,UBA,Ingenieria,Otra,28,Full-time,,7.6,Tarjeta debito,6,181000,35,5,Medio,SR04,5.1,1,0,0,6,4,1,7.7,0,1,Curioso,6,Viernes,Mobile,Safari,Rojo,Tauro,X7101,2,0,0
TRAIN_00467,2024-09,Machine Learning,Google Ads,UBA,Cs Datos,GBA Oeste,28,No trabaja,Intermedia,,Efectivo,2,221000,30,30,Medio,SR03,9.7,1,0,0,4,2,0,6.8,0,0,Explorer,4,Viernes,Mobile,Chrome,Gris,Libra,X6217,7,0,0
TRAIN_00468,2025-02,Data Analytics,Universidad Partner,UTN,Administracion,La Plata,28,Part-time,Intermedia,4.3,Tarjeta debito,2,238000,15,17,Bajo,SR07,20.5,1,1,1,10,4,1,10.0,0,0,Upskiller,0,Sabado,Tablet,Chrome,Violeta,Aries,X2878,2,0,0
TRAIN_00469,2025-05,Python,Instagram Ads,Otra,Administracion,CABA,22,No trabaja,,15.8,Transferencia,9,213000,15,6,Bajo,SR07,8.1,1,1,0,5,3,2,5.4,0,1,Upskiller,3,Martes,Mobile,Chrome,Rojo,Tauro,X3683,3,1,1
TRAIN_00470,2025-03,Python,Instagram Ads,UNLP,Administracion,Cordoba,26,Full-time,Basica,5.2,Transferencia,12,180000,30,22,Alto,SR10,,0,1,1,8,4,2,,0,1,Curioso,2,Sabado,Mobile,Edge,Azul,Geminis,X3771,7,1,1
TRAIN_00471,2025-05,Data Analytics,TikTok Ads,UADE,Ingenieria,Cordoba,30,No trabaja,Basica,8.4,Mercado Pago,2,180000,25,0,Bajo,SR08,4.7,1,0,1,8,4,3,6.3,0,0,Upskiller,4,Lunes,Tablet,Safari,Rojo,Geminis,X6638,8,0,0
TRAIN_00472,2024-08,SQL,TikTok Ads,Otra,Economia,GBA Oeste,24,Busca trabajo,Ninguna,11.3,Transferencia,3,105000,30,14,Bajo,SR08,1.1,0,0,1,1,2,0,10.0,0,0,Curioso,2,Viernes,Desktop,Safari,Gris,Leo,X5598,1,0,0
TRAIN_00473,2025-05,Python,TikTok Ads,Otra,Diseno,GBA Oeste,26,Full-time,Basica,4.6,Mercado Pago,6,192000,20,9,Medio,SR08,16.4,0,0,1,10,4,3,10.0,0,1,Career switcher,8,Jueves,Desktop,Safari,Violeta,Piscis,X6029,9,0,0
TRAIN_00474,2024-11,IA Generativa,Referido,,Economia,GBA Norte,30,Busca trabajo,Ninguna,5.7,Mercado Pago,9,162000,15,31,Alto,SR11,1.4,1,0,1,2,1,2,7.5,0,1,Career switcher,0,Lunes,Desktop,Safari,Violeta,Sagitario,X8703,6,0,0
TRAIN_00475,2025-05,Python,Google Ads,UTN,Otra,GBA Norte,21,Full-time,Avanzada,,Tarjeta debito,3,169000,30,12,Alto,SR01,4.9,1,1,1,11,4,3,6.1,0,0,Desempleado activo,0,Viernes,Mobile,Firefox,Rojo,Libra,X8295,6,0,0
TRAIN_00476,2024-10,Data Analytics,Universidad Partner,UADE,Cs Datos,CABA,22,Part-time,Basica,10.1,Tarjeta credito,1,246000,0,10,Medio,SR09,21.6,1,0,1,5,4,2,9.4,0,0,Upskiller,6,Viernes,Mobile,Chrome,Verde,Acuario,X2103,4,0,0
TRAIN_00477,2025-05,Web Dev,Referido,Universidad Austral,Psicologia,CABA,26,No trabaja,Ninguna,11.8,Transferencia,1,206000,20,28,Alto,SR11,8.5,1,0,0,8,3,1,9.4,0,0,Career switcher,1,Lunes,Desktop,Firefox,Naranja,Acuario,X4806,8,0,0
TRAIN_00478,2025-02,Machine Learning,Google Ads,UBA,Otra,CABA,27,Busca trabajo,Avanzada,5.9,Transferencia,2,277000,20,24,Bajo,SR12,228.0,1,0,0,2,3,2,7.6,0,1,Upskiller,4,Lunes,Mobile,Chrome,Violeta,Leo,X5840,5,0,0
TRAIN_00479,2025-05,Python,Instagram Ads,UTN,Administracion,GBA Oeste,30,Freelance,Intermedia,6.7,Transferencia,9,187000,25,15,Medio,SR08,63.8,1,0,1,9,4,3,,0,1,Upskiller,1,Sabado,Mobile,Chrome,Gris,Geminis,X5332,3,0,0
TRAIN_00480,2024-09,Data Analytics,Universidad Partner,UTN,Economia,CABA,52,Part-time,Ninguna,0.6,Tarjeta debito,2,232000,10,16,Medio,SR11,23.8,1,1,0,4,3,3,,0,0,Upskiller,0,Sabado,Mobile,Chrome,Azul,Tauro,X3137,9,1,1
TRAIN_00481,2025-04,Web Dev,Instagram Ads,UADE,Cs Datos,GBA Sur,31,Part-time,Intermedia,8.3,Transferencia,6,174000,25,25,Alto,SR01,0.8,1,1,1,13,4,3,9.9,0,0,Career switcher,0,Miercoles,Desktop,Safari,Violeta,Capricornio,X8964,8,0,0
TRAIN_00482,2024-10,IA Generativa,Google Ads,UADE,Economia,Cordoba,22,No trabaja,Intermedia,11.1,Mercado Pago,1,217000,5,26,Bajo,SR06,4.1,1,0,1,10,4,5,8.8,0,0,Curioso,6,Miercoles,Mobile,Safari,Naranja,Leo,X8970,4,0,0
TRAIN_00483,2024-08,Python,TikTok Ads,ITBA,Otra,GBA Sur,28,No trabaja,Basica,5.8,Tarjeta debito,9,196000,25,24,Alto,SR12,10.2,1,1,1,8,4,3,8.3,0,0,Career switcher,4,Jueves,Mobile,Chrome,Rojo,Sagitario,X7078,0,0,0
TRAIN_00484,2025-02,Machine Learning,Instagram Ads,UBA,Cs Datos,Cordoba,20,Full-time,Intermedia,4.0,Mercado Pago,12,201000,40,17,Bajo,SR09,29.6,1,0,0,5,2,3,,0,0,Desempleado activo,1,Jueves,Desktop,Safari,Azul,Sagitario,X9779,0,1,1
TRAIN_00485,2024-11,Machine Learning,Google Ads,UTN,Economia,CABA,26,No trabaja,Ninguna,4.8,Mercado Pago,3,302000,5,12,Alto,SR03,6.6,0,0,0,1,3,1,5.7,1,0,Upskiller,3,Sabado,Desktop,Chrome,Verde,Cancer,X1782,8,0,0
TRAIN_00486,2025-03,Web Dev,Google Ads,Otra,Otra,CABA,26,Freelance,Basica,3.0,Tarjeta credito,4,261000,0,13,Bajo,SR03,8.7,1,1,0,5,2,1,3.7,0,1,Upskiller,6,Lunes,Mobile,Chrome,Violeta,Virgo,X9638,5,0,0
TRAIN_00487,2024-11,Data Analytics,Evento,UTN,Administracion,CABA,18,Freelance,Ninguna,6.7,,3,207000,15,14,Medio,SR11,72.8,1,1,1,10,4,2,9.0,0,0,Explorer,6,Sabado,Mobile,Chrome,Azul,Geminis,X7951,0,0,0
TRAIN_00488,2025-04,Python,Web Organico,UADE,Administracion,CABA,21,No trabaja,Avanzada,6.6,Transferencia,6,223000,15,19,Medio,SR10,5.3,1,1,1,10,4,3,7.5,0,1,Curioso,0,Miercoles,Mobile,Firefox,Naranja,Capricornio,X3216,3,0,0
TRAIN_00489,2025-02,IA Generativa,Universidad Partner,UNLP,Administracion,Cordoba,24,Full-time,Ninguna,6.6,Transferencia,1,153000,30,0,Alto,SR11,,1,1,0,6,4,0,8.7,0,0,Curioso,0,Sabado,Mobile,Safari,Violeta,Libra,X7825,5,0,0
TRAIN_00490,2025-03,Python,Google Ads,UADE,Ingenieria,Cordoba,23,No trabaja,Ninguna,5.4,Transferencia,12,159000,30,6,Alto,SR01,5.5,1,0,1,8,4,3,6.8,1,0,Curioso,4,Jueves,Mobile,Safari,Violeta,Escorpio,X5908,0,0,0
TRAIN_00491,2024-09,Python,Web Organico,UADE,Cs Datos,CABA,27,Part-time,Basica,5.7,Tarjeta credito,3,233000,10,14,Medio,SR07,54.9,1,0,1,5,4,1,10.0,0,0,Desempleado activo,4,Martes,Tablet,Chrome,Rojo,Geminis,X7571,8,0,0
TRAIN_00492,2025-04,Web Dev,Instagram Ads,Otra,Economia,GBA Oeste,30,No trabaja,,5.5,Mercado Pago,4,190000,25,19,Medio,SR10,7.2,0,0,0,2,0,2,,0,1,Career switcher,7,Viernes,Desktop,Safari,Gris,Acuario,X7740,6,1,1
TRAIN_00493,2024-09,IA Generativa,Web Organico,ITBA,Diseno,Rosario,22,Full-time,Basica,,Efectivo,1,141000,30,7,Medio,SR08,24.7,1,0,0,8,3,1,7.5,1,0,Upskiller,3,Viernes,Mobile,Chrome,Azul,Escorpio,X6918,5,0,0
TRAIN_00494,2024-08,Web Dev,Instagram Ads,Universidad Austral,Otra,CABA,25,No trabaja,Basica,3.5,Tarjeta credito,2,275000,0,9,Alto,SR10,4.4,0,1,0,1,0,1,,0,0,Desempleado activo,2,Sabado,Mobile,Edge,Violeta,Cancer,X9863,7,0,1
TRAIN_00495,2025-04,Web Dev,TikTok Ads,UADE,Otra,GBA Norte,19,Full-time,Intermedia,0.0,Transferencia,9,385000,20,0,Medio,SR12,26.6,1,0,0,0,1,0,,0,0,Explorer,1,Miercoles,Mobile,Chrome,Violeta,Escorpio,X1271,9,0,0
TRAIN_00496,2025-05,Python,TikTok Ads,Otra,Cs Datos,GBA Oeste,24,Part-time,Basica,7.0,Tarjeta credito,6,223000,10,2,Medio,SR10,2.5,1,1,1,7,4,1,8.8,0,0,Explorer,3,Viernes,Tablet,Chrome,Verde,Aries,X4048,8,0,0
TRAIN_00497,2024-09,Python,Instagram Ads,UADE,Otra,CABA,29,Full-time,,8.4,Mercado Pago,4,181000,25,8,Alto,SR06,17.9,0,0,0,0,0,1,,0,1,Curioso,3,Martes,Mobile,Chrome,Violeta,Tauro,X4805,5,0,1
TRAIN_00498,2025-03,Data Analytics,Web Organico,UNLP,Cs Datos,GBA Oeste,21,Part-time,Basica,4.0,Efectivo,2,183000,30,17,Bajo,SR04,2.2,1,1,1,10,4,1,10.0,0,0,Curioso,3,Miercoles,Desktop,Chrome,Verde,Capricornio,X9772,1,1,0
TRAIN_00499,2025-04,Data Analytics,TikTok Ads,Otra,Otra,CABA,21,No trabaja,Intermedia,14.3,Tarjeta credito,9,240000,5,0,Medio,SR12,33.0,1,1,1,8,4,4,,1,0,Career switcher,2,Lunes,Desktop,Chrome,Verde,Geminis,X7583,4,1,1
TRAIN_00500,2025-03,Machine Learning,Referido,ITBA,Cs Datos,GBA Sur,22,No trabaja,,3.9,Tarjeta credito,3,294000,10,14,Alto,SR03,4.6,1,0,1,2,4,1,,0,0,Explorer,0,Sabado,Mobile,Safari,Gris,Escorpio,X1547,1,1,1
TRAIN_00501,2025-03,Machine Learning,Instagram Ads,ITBA,Economia,GBA Sur,31,Part-time,Basica,3.7,,2,245000,20,12,Medio,SR12,12.9,1,0,1,15,4,4,9.3,0,1,Upskiller,0,Lunes,Desktop,Firefox,Naranja,Libra,X1149,4,0,0
TRAIN_00502,2025-02,Python,TikTok Ads,UTN,Ingenieria,GBA Oeste,28,Freelance,Ninguna,8.9,Tarjeta credito,4,146000,30,10,Medio,SR05,10.2,0,0,1,7,4,1,8.4,0,0,Curioso,3,Jueves,Desktop,Safari,Verde,Capricornio,X4383,9,0,0
TRAIN_00503,2025-02,Data Analytics,Google Ads,Otra,Administracion,CABA,18,Part-time,Ninguna,2.2,Efectivo,6,235000,10,2,Alto,SR02,20.2,1,1,1,6,4,4,10.0,0,1,Desempleado activo,5,Lunes,Mobile,Chrome,Verde,Aries,X9101,3,0,0
TRAIN_00504,2024-10,Python,Universidad Partner,Otra,Economia,Rosario,21,Part-time,Ninguna,10.1,Tarjeta debito,6,164000,25,28,Bajo,SR06,5.5,1,1,1,5,4,1,,0,0,Explorer,1,Martes,Mobile,Chrome,Verde,Aries,X9733,2,0,0
TRAIN_00505,2024-08,Data Analytics,Web Organico,UBA,Ingenieria,GBA Norte,25,Part-time,Ninguna,7.7,Tarjeta credito,3,224000,10,26,Medio,SR06,22.1,1,1,1,8,4,1,10.0,0,0,Career switcher,5,Lunes,Desktop,Otro,Azul,Piscis,X9561,1,0,0
TRAIN_00506,2024-09,Python,Web Organico,UBA,Economia,GBA Sur,30,Part-time,Ninguna,8.5,Transferencia,6,242000,5,0,Bajo,SR12,16.1,1,1,1,14,4,4,7.9,0,0,Curioso,3,Lunes,Mobile,Chrome,Gris,Capricornio,X8718,3,0,0
TRAIN_00507,2024-10,Python,Google Ads,UNLP,Psicologia,GBA Oeste,25,Busca trabajo,Intermedia,12.5,Transferencia,6,183000,25,11,Medio,SR07,6.7,1,0,1,11,4,2,,0,1,Desempleado activo,6,Jueves,Desktop,Firefox,Gris,Tauro,X2256,3,0,0
TRAIN_00508,2024-11,IA Generativa,Web Organico,UBA,Cs Datos,GBA Sur,21,No trabaja,Ninguna,6.6,Tarjeta credito,3,217000,0,13,Bajo,SR08,24.9,0,0,1,6,4,3,8.5,0,0,Career switcher,4,Lunes,Mobile,Chrome,Rojo,Sagitario,X8108,4,0,0
TRAIN_00509,2024-10,SQL,TikTok Ads,Otra,Otra,CABA,30,Full-time,Intermedia,1.7,Mercado Pago,4,183000,5,8,Medio,SR05,,0,0,1,6,4,2,7.7,0,0,Career switcher,3,Martes,Mobile,Chrome,Naranja,Acuario,X6983,9,0,0
TRAIN_00510,2024-11,SQL,TikTok Ads,Otra,Otra,Cordoba,23,Full-time,Intermedia,8.0,Mercado Pago,3,184000,0,6,Alto,SR01,2.7,1,0,0,7,2,4,7.4,0,0,Curioso,2,Sabado,Mobile,Chrome,Azul,Aries,X2895,0,0,0
TRAIN_00511,2024-10,Data Analytics,Universidad Partner,ITBA,Cs Datos,Cordoba,21,Full-time,Basica,2.8,Tarjeta credito,3,198000,25,17,,SR06,4.7,1,1,1,9,4,3,,0,1,Explorer,1,Martes,Desktop,Chrome,Violeta,Leo,X8785,2,0,0
TRAIN_00512,2025-05,Data Analytics,Instagram Ads,UBA,Administracion,Otra,26,Busca trabajo,Basica,7.6,Tarjeta debito,2,190000,25,10,Bajo,SR08,15.4,1,1,0,4,1,1,5.2,0,0,Explorer,4,Lunes,Desktop,Chrome,Naranja,Piscis,X4615,9,0,0
TRAIN_00513,2024-11,IA Generativa,Universidad Partner,UBA,Ingenieria,Mendoza,34,Full-time,Ninguna,1.6,Tarjeta credito,3,159000,25,10,Medio,SR07,17.6,1,0,0,2,1,1,6.5,0,0,Career switcher,5,Lunes,Mobile,Edge,Gris,Capricornio,X3784,4,0,0
TRAIN_00514,2024-10,Data Analytics,TikTok Ads,UBA,Ingenieria,Otra,21,Part-time,,9.9,Tarjeta credito,4,211000,25,10,Bajo,SR06,1.6,0,0,0,5,2,4,7.6,0,0,Explorer,2,Sabado,Mobile,Chrome,Gris,Cancer,X6099,0,0,0
TRAIN_00515,2025-05,Machine Learning,Referido,UTN,Ingenieria,Rosario,26,No trabaja,Avanzada,9.5,Tarjeta debito,1,245000,20,16,Medio,SR01,10.4,1,0,1,9,4,4,9.8,1,0,Desempleado activo,1,Jueves,Mobile,Chrome,Naranja,Acuario,X7783,3,0,0
TRAIN_00516,2025-03,IA Generativa,Instagram Ads,Otra,Ingenieria,Mendoza,22,Part-time,Ninguna,12.2,Tarjeta credito,2,193000,10,4,Alto,SR03,16.0,1,0,1,8,2,6,,0,0,Curioso,3,Lunes,Desktop,Edge,Rojo,Cancer,X8372,8,0,1
TRAIN_00517,2024-11,IA Generativa,Universidad Partner,UADE,Otra,GBA Oeste,24,Part-time,Basica,3.4,Tarjeta credito,4,129000,30,22,Alto,SR05,4.2,1,1,1,6,4,1,8.5,0,0,Upskiller,6,Viernes,Desktop,Safari,Azul,Virgo,X4173,1,0,0
TRAIN_00518,2024-11,IA Generativa,Google Ads,UNLP,Administracion,Rosario,29,Part-time,Basica,15.1,Tarjeta credito,6,187000,15,17,Medio,SR11,24.7,1,1,1,11,4,4,5.2,0,1,Desempleado activo,1,Viernes,Mobile,Otro,Violeta,Sagitario,X6608,8,0,0
TRAIN_00519,2025-04,Python,Referido,UTN,Economia,CABA,35,Busca trabajo,Ninguna,7.3,Mercado Pago,12,250000,0,16,Alto,SR06,12.2,1,0,1,11,4,2,7.5,1,0,Upskiller,4,Miercoles,Desktop,Chrome,Gris,Virgo,X6211,7,0,0
TRAIN_00520,2025-02,Python,TikTok Ads,Otra,Otra,Rosario,24,Busca trabajo,Ninguna,11.4,Tarjeta credito,2,176000,30,0,Medio,SR09,0.5,0,0,0,8,2,3,,0,0,Curioso,0,Miercoles,Desktop,Safari,Naranja,Piscis,X4102,1,0,1
TRAIN_00521,2025-03,Data Analytics,Referido,Otra,Otra,Rosario,29,Full-time,Ninguna,6.5,,3,205000,20,22,Bajo,SR05,3.2,1,1,1,7,4,1,,0,1,Upskiller,6,Miercoles,Mobile,Chrome,Rojo,Geminis,X6724,7,1,1
TRAIN_00522,2024-11,Python,Instagram Ads,UTN,Cs Datos,CABA,23,No trabaja,Ninguna,15.9,Tarjeta credito,1,245000,0,20,Medio,SR01,5.9,0,0,1,7,4,2,,0,0,Explorer,3,Jueves,Desktop,Chrome,Rojo,Cancer,X8337,3,0,0
TRAIN_00523,2025-04,Data Analytics,Instagram Ads,Otra,Otra,Rosario,25,Freelance,,6.3,Tarjeta credito,12,219000,15,16,Medio,SR08,9.8,1,0,0,6,2,5,8.2,0,0,Curioso,0,Lunes,Mobile,Chrome,Rojo,Escorpio,X2546,0,0,0
TRAIN_00524,2024-09,Web Dev,TikTok Ads,UBA,Ingenieria,Cordoba,24,No trabaja,Basica,8.5,Mercado Pago,1,163000,30,22,Medio,SR12,27.8,0,1,0,6,1,3,,1,1,Curioso,2,Viernes,Desktop,Chrome,Violeta,Piscis,X4586,4,1,1
TRAIN_00525,2025-04,Data Analytics,Referido,Otra,Ingenieria,Cordoba,23,Full-time,Basica,8.6,,6,246000,5,33,Medio,SR04,36.0,1,1,0,1,2,2,7.4,0,0,Career switcher,4,Martes,Desktop,Chrome,Verde,Cancer,X5543,8,0,0
TRAIN_00526,2025-03,IA Generativa,Referido,UADE,Economia,GBA Norte,23,No trabaja,Avanzada,10.4,Tarjeta debito,12,186000,10,23,Medio,SR05,17.7,1,1,1,8,4,4,10.0,1,0,Curioso,1,Lunes,Mobile,Edge,Violeta,Geminis,X4059,1,0,0
TRAIN_00527,2024-10,Python,Instagram Ads,UTN,Economia,Otra,23,Part-time,Basica,3.5,Tarjeta debito,3,133000,45,6,Medio,SR06,51.9,1,1,0,1,2,2,5.5,0,0,Explorer,2,Sabado,Desktop,Chrome,Rojo,Sagitario,X3993,8,0,0
TRAIN_00528,2025-02,Python,TikTok Ads,Universidad Austral,Economia,GBA Norte,28,No trabaja,Basica,9.8,Mercado Pago,1,194000,20,30,Alto,SR11,33.1,1,1,1,9,4,1,7.3,0,0,Desempleado activo,5,Sabado,Mobile,Chrome,Azul,Capricornio,X2496,9,0,0
TRAIN_00529,2025-02,IA Generativa,Google Ads,UADE,Economia,Rosario,24,Full-time,Ninguna,10.9,Tarjeta credito,3,176000,20,16,Medio,SR11,1.9,1,0,0,0,1,0,8.4,0,0,Explorer,1,Sabado,Desktop,Edge,Gris,Escorpio,X5214,0,0,0
TRAIN_00530,2024-10,Data Analytics,Referido,UTN,Administracion,GBA Norte,24,Part-time,Ninguna,8.7,Tarjeta credito,1,230000,5,8,Medio,SR08,1.9,1,0,1,9,4,3,9.6,0,0,Desempleado activo,0,Martes,Mobile,Chrome,Verde,Capricornio,X4406,1,0,0
TRAIN_00531,2025-05,Data Analytics,Instagram Ads,ITBA,Ingenieria,CABA,21,No trabaja,Ninguna,1.9,Transferencia,3,201000,25,6,Medio,SR11,5.6,1,1,1,5,3,3,8.5,0,0,Explorer,4,Sabado,Desktop,Chrome,Naranja,Acuario,X3840,5,0,0
TRAIN_00532,2025-02,Data Analytics,Evento,UADE,Cs Datos,Otra,27,Full-time,,8.1,Transferencia,6,264000,5,10,Alto,SR03,5.0,1,0,1,9,4,3,10.0,0,0,Curioso,3,Lunes,Mobile,Firefox,Gris,Libra,X6438,2,0,0
TRAIN_00533,2024-09,Machine Learning,Web Organico,UTN,Diseno,Cordoba,28,Part-time,Basica,9.5,Transferencia,3,215000,30,8,Bajo,SR06,25.0,0,0,1,5,2,2,,0,0,Desempleado activo,0,Sabado,Desktop,Firefox,Azul,Cancer,X2414,6,1,1
TRAIN_00534,2024-11,IA Generativa,Referido,UADE,Otra,CABA,18,No trabaja,Ninguna,5.5,Tarjeta debito,9,184000,10,0,Medio,SR07,3.9,1,0,1,10,4,2,,0,0,Curioso,3,Martes,Desktop,Otro,Violeta,Geminis,X5875,0,0,0
TRAIN_00535,2025-04,IA Generativa,TikTok Ads,UNLP,Otra,CABA,24,Busca trabajo,Intermedia,4.2,Efectivo,6,152000,30,20,Bajo,SR05,5.6,1,0,1,8,3,3,,1,1,Desempleado activo,4,Sabado,Desktop,Chrome,Azul,Cancer,X7043,8,1,1
TRAIN_00536,2025-02,IA Generativa,Google Ads,UADE,Economia,Mendoza,26,Busca trabajo,Basica,1.0,Transferencia,6,194000,10,6,Medio,SR12,8.9,1,0,0,6,3,4,5.1,0,0,Explorer,0,Jueves,Desktop,Safari,Verde,Geminis,X8720,2,0,0
TRAIN_00537,2025-05,SQL,Referido,UADE,Cs Datos,Cordoba,24,Part-time,Avanzada,11.2,Tarjeta credito,4,170000,10,13,Alto,SR06,8.6,1,0,1,8,2,3,8.2,1,0,Career switcher,2,Sabado,Desktop,Chrome,Verde,Escorpio,X4264,1,0,0
TRAIN_00538,2025-05,Data Analytics,Instagram Ads,UTN,Ingenieria,GBA Sur,24,No trabaja,Basica,15.1,Efectivo,6,205000,30,16,Medio,SR01,23.8,0,0,1,8,4,3,7.4,0,0,Curioso,0,Viernes,Tablet,Chrome,Gris,Aries,X7704,9,0,0
TRAIN_00539,2024-11,SQL,Universidad Partner,Otra,Economia,CABA,22,Busca trabajo,Basica,10.8,Tarjeta debito,2,152000,10,12,,SR03,17.0,1,0,0,7,4,3,8.4,0,1,Career switcher,3,Viernes,Mobile,Chrome,Violeta,Leo,X2219,6,0,0
TRAIN_00540,2025-05,IA Generativa,Web Organico,UTN,Administracion,CABA,29,Full-time,Ninguna,3.8,Tarjeta credito,2,189000,10,4,Alto,SR03,9.1,0,1,0,5,2,1,5.9,0,0,Career switcher,6,Lunes,Desktop,Safari,Verde,Geminis,X5407,3,0,0
TRAIN_00541,2024-08,SQL,Evento,UTN,Ingenieria,CABA,26,No trabaja,Basica,6.0,Transferencia,2,112000,30,20,Alto,SR01,3.2,1,1,1,6,4,0,10.0,0,0,Curioso,4,Viernes,Desktop,Chrome,Naranja,Piscis,X8794,8,0,0
TRAIN_00542,2024-09,Data Analytics,Universidad Partner,ITBA,Diseno,La Plata,25,Freelance,Intermedia,5.2,Transferencia,6,203000,25,9,Medio,SR02,3.0,1,1,1,9,3,2,10.0,0,0,Desempleado activo,6,Lunes,Desktop,Safari,Violeta,Sagitario,X1890,0,0,0
TRAIN_00543,2025-03,IA Generativa,Referido,UADE,Cs Datos,GBA Norte,32,No trabaja,Basica,11.5,Mercado Pago,3,217000,5,34,Bajo,SR05,1.8,0,0,0,4,1,2,8.3,0,1,Desempleado activo,3,Sabado,Desktop,Chrome,Naranja,Capricornio,X5440,8,0,0
TRAIN_00544,2024-08,SQL,Google Ads,ITBA,Ingenieria,GBA Oeste,27,Freelance,Basica,8.3,Transferencia,4,68000,15,18,Medio,SR03,5.8,1,0,1,12,4,3,10.0,0,0,Explorer,1,Miercoles,Mobile,Chrome,Violeta,Acuario,X2500,5,0,0
TRAIN_00545,2024-08,Data Analytics,Google Ads,UBA,Ingenieria,CABA,26,Part-time,Ninguna,9.2,Tarjeta debito,6,276000,0,10,Medio,SR04,15.6,1,1,1,14,4,5,10.0,1,0,Upskiller,4,Martes,Tablet,Chrome,Naranja,Aries,X2616,3,0,0
TRAIN_00546,2025-03,Web Dev,Universidad Partner,UNLP,Ingenieria,La Plata,24,Full-time,Ninguna,3.9,Transferencia,9,214000,15,14,Bajo,SR12,2.1,1,1,1,7,3,4,7.7,0,0,Desempleado activo,6,Sabado,Mobile,Edge,Gris,Libra,X6339,4,0,0
TRAIN_00547,2025-05,Python,Instagram Ads,Otra,Cs Datos,La Plata,31,Busca trabajo,Intermedia,6.2,Tarjeta credito,6,194000,20,14,Medio,SR11,28.4,1,1,1,7,3,2,,1,0,Upskiller,6,Sabado,Tablet,Chrome,Violeta,Leo,X7784,7,0,0
TRAIN_00548,2025-02,Python,Evento,ITBA,Ingenieria,CABA,25,Full-time,Basica,4.2,Mercado Pago,4,223000,10,7,Bajo,SR12,21.4,1,0,1,6,4,4,8.9,0,0,Desempleado activo,5,Miercoles,Mobile,Chrome,Naranja,Escorpio,X4569,8,0,0
TRAIN_00549,2025-05,Python,TikTok Ads,UNLP,Ingenieria,Otra,20,No trabaja,Ninguna,9.9,Transferencia,3,168000,25,9,Alto,SR05,18.2,1,1,1,10,4,3,10.0,0,0,Career switcher,2,Miercoles,Desktop,Safari,Naranja,Tauro,X8713,0,0,0
TRAIN_00550,2024-11,Python,TikTok Ads,UADE,Administracion,CABA,24,Freelance,Basica,2.1,Transferencia,4,157000,35,2,Alto,SR03,10.8,1,1,1,5,3,2,,0,0,Curioso,3,Viernes,Desktop,Chrome,Naranja,Escorpio,X1312,5,0,0
TRAIN_00551,2025-02,IA Generativa,Google Ads,Otra,Cs Datos,GBA Sur,23,Busca trabajo,Basica,9.1,Mercado Pago,2,213000,0,15,Medio,SR06,10.1,1,1,1,13,4,4,,1,1,Curioso,7,Viernes,Desktop,Chrome,Gris,Libra,X8130,5,0,0
TRAIN_00552,2024-10,IA Generativa,Evento,Universidad Austral,Diseno,GBA Norte,21,Full-time,Ninguna,2.8,Tarjeta credito,4,222000,0,24,Alto,SR01,2.8,1,1,0,2,1,0,7.0,0,1,Explorer,3,Miercoles,Desktop,Chrome,Verde,Virgo,X9965,1,0,0
TRAIN_00553,2025-02,Python,Web Organico,UBA,Administracion,GBA Sur,19,Full-time,Intermedia,6.9,Transferencia,3,164000,30,13,Medio,SR12,12.8,1,1,1,6,4,0,,0,1,Curioso,0,Miercoles,Mobile,Safari,Gris,Piscis,X6460,2,0,1
TRAIN_00554,2025-02,Data Analytics,Referido,UTN,Administracion,Otra,29,Part-time,Intermedia,7.7,Tarjeta credito,4,237000,5,14,Medio,SR05,5.0,0,0,1,9,4,5,10.0,0,1,Desempleado activo,2,Miercoles,Mobile,Chrome,Azul,Acuario,X5916,9,1,1
TRAIN_00555,2025-02,Data Analytics,Referido,UNLP,Ingenieria,GBA Norte,25,Busca trabajo,Ninguna,8.7,Tarjeta credito,2,215000,10,10,Medio,SR12,2.0,1,0,1,11,4,4,7.8,0,0,Upskiller,3,Lunes,Desktop,Safari,Gris,Libra,X2528,0,0,0
TRAIN_00556,2025-04,Python,Instagram Ads,UNLP,Economia,Mendoza,23,Freelance,Avanzada,9.0,Mercado Pago,3,236000,0,25,Bajo,SR04,1.6,0,0,1,5,3,0,,1,0,Desempleado activo,3,Miercoles,Desktop,Edge,Verde,Sagitario,X1811,4,1,1
TRAIN_00557,2024-09,Machine Learning,Google Ads,UADE,Administracion,GBA Sur,20,No trabaja,Ninguna,6.0,Tarjeta debito,2,289000,15,24,Medio,SR05,10.4,0,0,0,4,2,1,8.8,0,0,Career switcher,3,Martes,Desktop,Chrome,Rojo,Piscis,X3643,7,0,0
TRAIN_00558,2024-08,Python,Evento,UNLP,Otra,Rosario,28,Freelance,Ninguna,5.3,Tarjeta credito,3,177000,20,9,Alto,SR12,3.0,0,0,0,1,2,2,,1,0,Desempleado activo,2,Lunes,Desktop,Firefox,Azul,Leo,X1795,8,0,0
TRAIN_00559,2024-09,Python,Universidad Partner,Otra,Cs Datos,CABA,24,No trabaja,Basica,7.3,Tarjeta credito,3,209000,15,18,Medio,SR07,5.4,1,0,1,10,4,3,8.2,0,1,Career switcher,0,Viernes,Desktop,Chrome,Gris,Leo,X7626,6,0,0
TRAIN_00560,2024-11,Web Dev,TikTok Ads,UADE,Economia,GBA Norte,24,Freelance,Avanzada,7.3,Transferencia,2,211000,15,0,,SR03,5.7,1,1,1,10,4,2,,0,1,Explorer,1,Jueves,Tablet,Chrome,Violeta,Aries,X9601,0,0,0
TRAIN_00561,2024-10,Data Analytics,Google Ads,UBA,Economia,GBA Norte,24,Part-time,Intermedia,9.5,Mercado Pago,6,255000,0,6,Medio,SR06,3.3,1,1,0,4,3,3,8.5,0,0,Desempleado activo,3,Lunes,Mobile,Chrome,Gris,Libra,X3759,1,1,1
TRAIN_00562,2024-08,SQL,TikTok Ads,UNLP,Cs Datos,CABA,22,Full-time,Intermedia,0.0,Tarjeta credito,3,159000,15,6,Medio,SR04,11.2,0,0,0,3,2,0,,0,0,Curioso,3,Martes,Mobile,Chrome,Naranja,Libra,X4077,9,0,0
TRAIN_00563,2024-10,Machine Learning,TikTok Ads,UTN,Diseno,CABA,21,Freelance,Intermedia,0.0,Efectivo,3,207000,30,12,Medio,SR05,67.5,1,0,1,8,4,3,9.5,0,1,Career switcher,6,Jueves,Mobile,Safari,Violeta,Sagitario,X3219,3,0,0
TRAIN_00564,2024-08,Python,Referido,UTN,Administracion,CABA,23,No trabaja,Ninguna,9.5,Mercado Pago,6,235000,5,8,Medio,SR09,14.2,1,0,0,5,2,1,8.0,1,0,Upskiller,2,Jueves,Mobile,Chrome,Violeta,Tauro,X2461,2,0,0
TRAIN_00565,2024-09,Web Dev,Evento,Universidad Austral,Ingenieria,Mendoza,27,Busca trabajo,Basica,8.9,Transferencia,9,207000,15,15,Medio,SR06,1.0,0,0,1,5,4,3,10.0,0,1,Explorer,3,Miercoles,Mobile,Chrome,Naranja,Escorpio,X6412,7,0,0
TRAIN_00566,2025-05,IA Generativa,Instagram Ads,Otra,Economia,CABA,22,Freelance,Intermedia,11.0,Transferencia,9,202000,0,15,Medio,SR02,2.5,1,0,1,7,4,5,8.7,0,1,Career switcher,1,Lunes,Desktop,Chrome,Gris,Leo,X4704,7,0,0
TRAIN_00567,2025-05,Web Dev,Instagram Ads,UBA,Economia,Mendoza,32,No trabaja,Basica,13.1,Tarjeta debito,3,244000,0,23,Medio,SR04,1.8,1,0,0,6,0,4,,0,0,Career switcher,4,Lunes,Mobile,Chrome,Rojo,Sagitario,X7693,1,1,1
TRAIN_00568,2024-09,Python,Web Organico,UADE,Diseno,GBA Norte,25,Freelance,Intermedia,8.4,Tarjeta credito,12,173000,25,9,Bajo,SR07,9.7,1,1,1,8,4,2,4.4,0,1,Upskiller,0,Lunes,Mobile,Safari,Verde,Libra,X2970,4,0,0
TRAIN_00569,2025-05,Machine Learning,Instagram Ads,Otra,Economia,CABA,21,Busca trabajo,,4.3,Tarjeta credito,4,226000,25,12,,SR09,16.5,0,0,1,5,4,2,0.0,0,0,Explorer,6,Viernes,Mobile,Chrome,Verde,Aries,X1522,2,1,0
TRAIN_00570,2024-09,Python,Instagram Ads,UNLP,Ingenieria,Mendoza,18,No trabaja,Basica,11.6,Tarjeta credito,3,189000,25,13,Bajo,SR03,30.8,1,1,0,5,2,0,,0,0,Explorer,4,Martes,Desktop,Chrome,Azul,Acuario,X3274,1,1,1
TRAIN_00571,2025-03,Data Analytics,Referido,Otra,Ingenieria,GBA Norte,29,No trabaja,Intermedia,3.0,Tarjeta credito,3,193000,25,0,Medio,SR04,5.8,1,0,1,10,4,2,9.0,0,0,Curioso,5,Lunes,Desktop,Safari,Violeta,Acuario,X3618,1,0,0
TRAIN_00572,2024-10,Data Analytics,Instagram Ads,UTN,Diseno,Rosario,19,Part-time,Basica,4.1,Tarjeta credito,2,176000,30,0,Bajo,SR11,14.1,1,1,1,14,4,3,10.0,0,0,Desempleado activo,4,Miercoles,Desktop,Otro,Verde,Aries,X7484,4,0,0
TRAIN_00573,2024-09,SQL,TikTok Ads,UTN,Cs Datos,GBA Oeste,22,No trabaja,,12.3,Transferencia,4,121000,40,10,Bajo,SR12,5.4,1,0,1,8,4,3,6.8,0,0,Curioso,1,Miercoles,Tablet,Chrome,Naranja,Escorpio,X4656,2,1,0
TRAIN_00574,2025-03,Python,TikTok Ads,UNLP,Administracion,Mendoza,22,No trabaja,Basica,12.6,Tarjeta credito,3,199000,15,26,Alto,SR10,21.1,1,0,1,8,4,3,8.0,0,0,Upskiller,7,Lunes,Mobile,Chrome,Gris,Aries,X4295,8,0,0
TRAIN_00575,2024-09,Python,TikTok Ads,ITBA,Diseno,CABA,27,Full-time,Ninguna,4.7,Mercado Pago,1,207000,15,6,Medio,SR03,8.0,1,0,0,0,0,3,,0,0,Desempleado activo,5,Miercoles,Mobile,Edge,Azul,Piscis,X3965,2,0,0
TRAIN_00576,2025-02,Python,Web Organico,UNLP,Cs Datos,CABA,21,Freelance,Intermedia,10.0,Mercado Pago,9,246000,0,24,Medio,SR05,26.2,1,1,1,9,4,4,7.0,0,1,Curioso,6,Jueves,Mobile,Otro,Azul,Leo,X5458,6,0,0
TRAIN_00577,2025-03,Python,Universidad Partner,Otra,Ingenieria,CABA,18,Part-time,Basica,2.9,Tarjeta credito,9,173000,25,12,Alto,SR07,26.9,1,1,1,10,4,4,9.0,0,1,Desempleado activo,2,Viernes,Desktop,Chrome,Violeta,Virgo,X6771,8,0,0
TRAIN_00578,2025-02,Data Analytics,Instagram Ads,Universidad Austral,Ingenieria,CABA,23,Full-time,Ninguna,6.6,Tarjeta debito,3,258000,0,6,Bajo,SR04,23.5,1,1,1,7,4,1,7.8,0,1,Curioso,3,Lunes,Desktop,Chrome,Violeta,Acuario,X6926,3,0,0
TRAIN_00579,2024-08,Web Dev,Web Organico,Universidad Austral,Otra,GBA Norte,23,Part-time,Ninguna,5.7,Transferencia,4,181000,30,0,Alto,SR04,10.4,1,0,1,13,4,5,9.0,1,0,Upskiller,0,Viernes,Desktop,Chrome,Verde,Virgo,X3504,8,0,0
TRAIN_00580,2025-05,Python,Instagram Ads,UADE,Ingenieria,Rosario,28,Freelance,Intermedia,6.5,Mercado Pago,3,147000,40,3,Medio,SR10,5.7,1,0,0,0,2,1,,0,0,Explorer,0,Viernes,Mobile,Chrome,Rojo,Geminis,X2818,2,0,0
TRAIN_00581,2024-11,Machine Learning,Instagram Ads,Otra,Ingenieria,GBA Oeste,18,No trabaja,Ninguna,6.5,Mercado Pago,3,233000,30,1,Medio,SR12,18.8,1,0,1,6,4,1,6.5,0,0,Upskiller,6,Sabado,Desktop,Chrome,Naranja,Aries,X7547,5,0,0
TRAIN_00582,2025-03,Data Analytics,Instagram Ads,Otra,Economia,Cordoba,29,No trabaja,Intermedia,6.6,Transferencia,3,179000,30,30,Bajo,SR09,9.5,1,0,0,1,1,1,,0,0,Explorer,4,Sabado,Mobile,Firefox,Naranja,Escorpio,X4367,8,0,1
TRAIN_00583,2025-02,Data Analytics,Referido,UBA,Ingenieria,GBA Sur,21,No trabaja,Avanzada,12.3,Tarjeta debito,9,193000,25,11,Bajo,SR12,,0,0,1,4,4,1,7.0,0,0,Curioso,0,Sabado,Mobile,Edge,Verde,Tauro,X3158,6,0,0
TRAIN_00584,2024-09,Web Dev,Web Organico,UBA,Administracion,GBA Sur,18,Part-time,Basica,6.5,Tarjeta credito,1,255000,0,0,Medio,SR05,26.1,1,1,1,10,4,1,,0,0,Curioso,0,Lunes,Mobile,Chrome,Azul,Capricornio,X1380,9,0,1
TRAIN_00585,2024-11,Data Analytics,Referido,UBA,Economia,CABA,22,Full-time,Intermedia,4.9,Tarjeta credito,3,187000,25,4,Medio,SR10,16.9,1,0,0,6,3,2,8.6,0,0,Upskiller,1,Sabado,Mobile,Safari,Violeta,Capricornio,X4468,4,0,0
TRAIN_00586,2025-05,IA Generativa,Referido,Otra,Economia,Mendoza,24,Full-time,Ninguna,3.9,Mercado Pago,3,154000,25,20,Alto,SR08,4.0,1,1,1,5,3,4,,0,0,Explorer,4,Viernes,Desktop,Chrome,Rojo,Tauro,X6861,7,1,1
TRAIN_00587,2025-04,Machine Learning,Universidad Partner,Otra,Cs Datos,GBA Oeste,24,Freelance,Ninguna,7.4,Tarjeta credito,6,224000,25,19,Medio,SR12,44.8,1,0,1,7,4,1,6.8,1,1,Curioso,3,Miercoles,Mobile,Otro,Gris,Escorpio,X7535,2,0,0
TRAIN_00588,2025-05,Python,Instagram Ads,ITBA,Economia,GBA Norte,24,Full-time,Intermedia,0.0,Tarjeta credito,6,173000,15,17,Medio,SR12,22.8,1,0,0,10,3,1,,0,0,Desempleado activo,2,Martes,Mobile,Chrome,Azul,Escorpio,X9293,6,1,1
TRAIN_00589,2025-03,Data Analytics,Google Ads,ITBA,Administracion,CABA,21,No trabaja,Basica,,Mercado Pago,6,208000,10,23,Bajo,SR03,4.1,0,0,0,4,3,1,5.7,0,0,Explorer,3,Martes,Mobile,Firefox,Azul,Leo,X2629,7,0,0
TRAIN_00590,2025-02,Python,Instagram Ads,UBA,Economia,CABA,26,Freelance,,10.7,Transferencia,6,192000,20,17,Medio,SR07,10.9,1,0,1,9,3,3,,0,0,Career switcher,1,Miercoles,Mobile,Chrome,Violeta,Libra,X6466,0,1,1
TRAIN_00591,2024-09,Data Analytics,TikTok Ads,UNLP,Cs Datos,CABA,28,Part-time,,4.4,Tarjeta debito,3,226000,20,6,Medio,SR03,84.5,1,0,1,14,4,5,9.7,0,0,Desempleado activo,6,Jueves,Desktop,Chrome,Azul,Capricornio,X2794,9,0,0
TRAIN_00592,2024-08,Data Analytics,Referido,ITBA,Administracion,GBA Oeste,20,Freelance,Ninguna,4.9,Transferencia,4,400000,20,6,Bajo,SR06,29.6,1,0,1,10,3,5,7.3,0,0,Career switcher,5,Lunes,Mobile,Chrome,Azul,Aries,X6885,1,0,0
TRAIN_00593,2025-02,IA Generativa,Instagram Ads,Otra,Cs Datos,Otra,27,Busca trabajo,Ninguna,4.2,Tarjeta debito,6,180000,10,7,Alto,SR12,17.7,0,0,1,4,4,1,9.1,0,0,Desempleado activo,0,Lunes,Mobile,Chrome,Verde,Sagitario,X9620,7,0,0
TRAIN_00594,2024-11,Data Analytics,Web Organico,UTN,Economia,Cordoba,24,Full-time,Intermedia,6.2,Efectivo,9,193000,25,16,Medio,SR08,5.9,0,1,0,6,3,4,6.8,0,0,Desempleado activo,3,Lunes,Desktop,Chrome,Rojo,Acuario,X7246,2,0,0
TRAIN_00595,2024-08,Python,Web Organico,Otra,Diseno,La Plata,22,No trabaja,Ninguna,,Tarjeta credito,6,255000,0,19,Bajo,SR05,43.9,1,0,1,9,4,2,6.6,0,0,Upskiller,3,Jueves,Tablet,Chrome,Gris,Leo,X8381,7,0,0
TRAIN_00596,2024-11,SQL,TikTok Ads,UBA,Psicologia,GBA Sur,22,Freelance,,9.4,Tarjeta credito,9,135000,25,17,Medio,SR07,22.2,0,0,1,10,4,0,9.2,0,0,Explorer,5,Jueves,Mobile,Edge,Azul,Tauro,X9212,4,0,0
TRAIN_00597,2025-04,IA Generativa,Universidad Partner,UTN,Administracion,Otra,29,Freelance,Basica,,Tarjeta credito,9,181000,20,8,Alto,SR02,7.7,1,1,1,10,4,3,,0,0,Upskiller,2,Viernes,Mobile,Safari,Gris,Tauro,X3585,8,0,0
TRAIN_00598,2025-05,SQL,TikTok Ads,Otra,Otra,Cordoba,24,Full-time,Basica,2.7,Transferencia,3,151000,15,19,Medio,SR11,5.8,1,1,1,6,3,2,8.8,0,1,Explorer,0,Miercoles,Mobile,Edge,Violeta,Geminis,X5803,2,0,0
TRAIN_00599,2024-10,IA Generativa,Instagram Ads,UTN,Economia,CABA,24,Full-time,Basica,1.0,Tarjeta credito,3,223000,5,22,Medio,SR08,17.3,1,0,1,14,4,5,,0,0,Career switcher,2,Miercoles,Desktop,Safari,Violeta,Piscis,X5043,3,0,0
TRAIN_00600,2024-10,Python,Universidad Partner,UADE,Cs Datos,CABA,22,Busca trabajo,Intermedia,9.2,Mercado Pago,3,218000,10,16,Medio,SR12,4.9,1,0,0,2,0,4,,0,0,Upskiller,1,Miercoles,Mobile,Chrome,Gris,Cancer,X1870,1,1,1
TRAIN_00601,2025-03,Python,TikTok Ads,ITBA,Ingenieria,CABA,24,Full-time,Intermedia,1.9,Transferencia,9,187000,25,11,Alto,SR08,30.8,1,0,1,4,4,2,6.2,0,0,Curioso,1,Sabado,Desktop,Safari,Naranja,Leo,X3120,5,1,0
TRAIN_00602,2024-10,Python,Universidad Partner,,Economia,CABA,23,Part-time,,1.3,Tarjeta credito,6,213000,10,6,Bajo,SR06,0.7,1,0,1,7,3,2,8.5,1,0,Upskiller,2,Miercoles,Desktop,Safari,Azul,Leo,X4970,1,0,0
TRAIN_00603,2025-05,Python,Instagram Ads,UBA,Otra,Cordoba,20,No trabaja,Ninguna,5.2,Efectivo,3,217000,15,14,Alto,SR06,2.0,1,1,1,13,4,4,12.0,0,0,Curioso,2,Martes,Mobile,Safari,Verde,Cancer,X3437,0,0,0
TRAIN_00604,2024-09,Python,TikTok Ads,UNLP,Economia,CABA,18,Freelance,Basica,0.3,Tarjeta credito,2,174000,35,0,Bajo,SR02,1.4,1,1,1,7,4,3,8.9,0,0,Career switcher,3,Miercoles,Mobile,Chrome,Azul,Tauro,X7939,4,0,0
TRAIN_00605,2024-08,Python,TikTok Ads,ITBA,Otra,GBA Oeste,21,Full-time,Basica,6.4,Transferencia,6,177000,20,25,Medio,SR03,25.5,1,0,0,0,1,1,,0,0,Curioso,6,Jueves,Desktop,Chrome,Rojo,Capricornio,X4537,3,1,1
TRAIN_00606,2025-04,Python,Instagram Ads,UBA,Ingenieria,GBA Oeste,20,Busca trabajo,Basica,11.0,Mercado Pago,12,135000,40,0,Bajo,SR02,11.7,0,1,1,31,4,8,9.5,0,0,Career switcher,2,Miercoles,Desktop,Firefox,Rojo,Libra,X9292,2,0,0
TRAIN_00607,2024-09,Web Dev,Instagram Ads,UBA,Psicologia,GBA Norte,18,Full-time,Avanzada,5.0,Tarjeta debito,9,196000,20,2,Bajo,SR10,6.1,1,0,1,9,4,3,,0,1,Upskiller,3,Lunes,Mobile,Chrome,Azul,Acuario,X7387,4,1,1
TRAIN_00608,2025-05,Data Analytics,TikTok Ads,UTN,Ingenieria,GBA Oeste,21,No trabaja,Avanzada,,Tarjeta debito,2,240000,5,13,Alto,SR12,,1,0,1,11,4,3,,1,0,Upskiller,1,Sabado,Mobile,Edge,Naranja,Sagitario,X8159,0,1,1
TRAIN_00609,2024-11,Python,Universidad Partner,UTN,Ingenieria,CABA,29,Part-time,Ninguna,10.2,Transferencia,6,227000,10,13,Medio,SR10,5.2,1,1,1,10,4,3,8.6,0,0,Explorer,2,Lunes,Desktop,Chrome,Rojo,Capricornio,X9537,2,0,0
TRAIN_00610,2024-10,Machine Learning,Instagram Ads,UNLP,Otra,CABA,18,No trabaja,Ninguna,11.3,Mercado Pago,6,298000,15,12,Bajo,SR05,29.6,1,0,1,8,4,1,9.3,0,0,Upskiller,1,Viernes,Mobile,Safari,Rojo,Aries,X8743,5,0,0
TRAIN_00611,2024-09,Python,Google Ads,UNLP,Cs Datos,GBA Oeste,19,Full-time,Basica,5.4,Transferencia,1,222000,20,11,Alto,SR01,14.7,0,1,0,2,1,2,6.5,0,0,Desempleado activo,2,Martes,Tablet,Firefox,Verde,Virgo,X2228,6,0,0
TRAIN_00612,2025-03,Python,Instagram Ads,UNLP,Cs Datos,CABA,19,Freelance,Basica,6.3,Tarjeta credito,6,190000,15,14,Alto,SR05,1.5,1,0,1,9,4,4,7.7,0,0,Explorer,3,Jueves,Desktop,Safari,Violeta,Escorpio,X1064,7,0,0
TRAIN_00613,2025-05,IA Generativa,Instagram Ads,UTN,Cs Datos,La Plata,30,No trabaja,,10.7,Tarjeta credito,2,163000,15,17,Alto,SR08,25.1,0,0,1,4,2,1,8.9,0,1,Career switcher,1,Martes,Desktop,Chrome,Violeta,Sagitario,X6457,4,1,0
TRAIN_00614,2024-09,Data Analytics,TikTok Ads,UADE,Cs Datos,Mendoza,24,Full-time,Basica,7.1,Transferencia,4,168000,40,24,Bajo,SR09,64.6,1,0,0,9,3,3,9.7,0,1,Career switcher,4,Martes,Mobile,Edge,Verde,Cancer,X8799,9,0,0
TRAIN_00615,2025-03,Web Dev,Google Ads,UBA,Ingenieria,Mendoza,27,Full-time,Basica,0.0,Transferencia,6,84000,20,14,Bajo,SR05,3.2,0,0,0,4,1,2,,0,1,Curioso,4,Viernes,Tablet,Chrome,Azul,Sagitario,X5526,0,0,0
TRAIN_00616,2024-10,IA Generativa,Instagram Ads,UNLP,Administracion,GBA Sur,27,Full-time,,9.2,Tarjeta debito,4,166000,25,19,Medio,SR07,21.9,1,1,1,8,3,3,7.3,0,0,Explorer,3,Lunes,Mobile,Chrome,Violeta,Libra,X1528,4,0,0
TRAIN_00617,2024-09,Data Analytics,Google Ads,UTN,Administracion,Otra,18,Part-time,Ninguna,10.1,Efectivo,4,241000,10,15,Bajo,SR10,4.1,1,1,1,10,3,3,9.8,0,0,Explorer,7,Viernes,Desktop,Chrome,Violeta,Geminis,X7193,3,0,0
TRAIN_00618,2024-10,IA Generativa,TikTok Ads,UTN,Ingenieria,GBA Norte,48,No trabaja,Ninguna,6.8,Mercado Pago,12,117000,40,14,Medio,SR07,8.9,1,0,1,9,3,3,9.7,0,0,Career switcher,8,Martes,Mobile,Safari,Gris,Virgo,X4123,9,0,0
TRAIN_00619,2024-09,SQL,Web Organico,UADE,Ingenieria,Rosario,23,Busca trabajo,Intermedia,11.4,Mercado Pago,6,169000,0,19,Alto,SR02,27.3,0,1,0,0,1,0,,0,0,Curioso,0,Miercoles,Mobile,Edge,Gris,Libra,X9653,3,0,0
TRAIN_00620,2024-09,Machine Learning,Google Ads,Universidad Austral,Ingenieria,GBA Norte,26,Freelance,Ninguna,11.4,Tarjeta debito,1,245000,25,1,Bajo,SR07,,1,1,1,6,3,3,5.8,0,0,Career switcher,1,Miercoles,Desktop,Chrome,Gris,Virgo,X5590,4,0,0
TRAIN_00621,2024-11,IA Generativa,Google Ads,UNLP,Cs Datos,GBA Oeste,18,No trabaja,Intermedia,4.3,Efectivo,3,157000,25,17,Medio,SR04,7.3,0,0,1,9,3,4,8.8,1,0,Career switcher,1,Viernes,Mobile,Chrome,Azul,Sagitario,X6825,2,0,0
TRAIN_00622,2025-03,SQL,Instagram Ads,UADE,Psicologia,CABA,23,Busca trabajo,Basica,5.8,Tarjeta debito,3,148000,25,6,Bajo,SR04,10.7,0,0,1,8,4,1,10.0,0,0,Curioso,6,Miercoles,Desktop,Chrome,Gris,Leo,X2106,2,0,0
TRAIN_00623,2025-03,Python,Universidad Partner,UADE,Diseno,Rosario,24,Part-time,Basica,13.9,Tarjeta debito,9,173000,25,10,Alto,SR10,1.9,1,0,1,8,4,4,6.8,0,0,Upskiller,3,Sabado,Mobile,Chrome,Azul,Sagitario,X2377,5,0,0
TRAIN_00624,2025-04,Machine Learning,Referido,Otra,Administracion,Otra,19,Freelance,Intermedia,4.9,Transferencia,3,261000,25,27,Bajo,SR09,11.9,1,0,1,5,3,3,7.6,0,0,Curioso,1,Martes,Mobile,Safari,Violeta,Virgo,X5785,9,0,0
TRAIN_00625,2024-09,Python,Instagram Ads,Otra,Ingenieria,GBA Norte,21,Busca trabajo,Avanzada,6.3,Efectivo,6,203000,15,11,Alto,SR12,30.6,1,1,1,5,2,0,7.4,0,0,Upskiller,3,Sabado,Desktop,Chrome,Naranja,Libra,X3097,3,0,0
TRAIN_00626,2024-09,Data Analytics,Evento,UBA,Cs Datos,Cordoba,28,No trabaja,Ninguna,4.6,Tarjeta credito,3,236000,15,13,Medio,SR03,24.0,1,1,1,7,3,5,9.4,0,0,Explorer,3,Miercoles,Mobile,Chrome,Violeta,Cancer,X5098,1,0,0
TRAIN_00627,2024-10,Python,TikTok Ads,ITBA,Ingenieria,GBA Oeste,22,Freelance,Basica,,Transferencia,6,228000,0,9,Medio,SR03,3.6,1,0,1,8,4,3,,0,0,Upskiller,4,Miercoles,Mobile,Chrome,Verde,Sagitario,X9012,2,1,1
TRAIN_00628,2024-09,Python,Instagram Ads,UTN,Otra,GBA Oeste,27,No trabaja,Intermedia,9.7,Mercado Pago,4,150000,30,0,Medio,SR12,20.7,1,0,1,7,4,3,6.6,1,1,Curioso,3,Martes,Mobile,Chrome,Azul,Aries,X8742,2,0,0
TRAIN_00629,2025-03,Web Dev,Universidad Partner,UADE,Cs Datos,GBA Oeste,27,Part-time,Ninguna,5.4,Transferencia,4,387000,30,16,Alto,SR03,5.0,1,1,1,10,4,3,10.0,0,0,Career switcher,0,Martes,Mobile,Chrome,Verde,Leo,X5363,5,0,0
TRAIN_00630,2025-03,IA Generativa,Google Ads,Otra,Administracion,Mendoza,18,Busca trabajo,Basica,10.4,Tarjeta credito,3,190000,15,19,Medio,SR03,0.2,0,1,1,8,4,4,10.0,0,0,Upskiller,0,Viernes,Desktop,Firefox,Violeta,Geminis,X6923,5,0,0
TRAIN_00631,2024-10,Web Dev,Web Organico,UBA,Otra,CABA,21,No trabaja,Intermedia,7.5,Tarjeta credito,4,191000,25,21,Bajo,SR01,15.2,1,0,1,7,4,2,10.0,0,0,Curioso,2,Sabado,Desktop,Chrome,Violeta,Sagitario,X9273,1,0,0
TRAIN_00632,2025-02,Web Dev,Referido,UTN,Administracion,Mendoza,19,Part-time,Ninguna,9.7,Transferencia,6,213000,10,17,Alto,SR08,2.3,1,1,1,11,4,4,10.0,0,0,Upskiller,2,Miercoles,Mobile,Chrome,Rojo,Geminis,X9582,9,0,0
TRAIN_00633,2025-04,IA Generativa,TikTok Ads,UBA,Psicologia,Rosario,18,Part-time,Basica,7.3,Tarjeta credito,4,167000,20,18,Medio,SR03,8.2,1,1,1,27,4,7,7.3,0,0,Career switcher,2,Miercoles,Tablet,Safari,Violeta,Geminis,X7120,1,0,0
TRAIN_00634,2025-05,Machine Learning,TikTok Ads,Otra,Administracion,CABA,25,Part-time,,5.3,Mercado Pago,9,214000,40,0,Medio,SR03,2.4,0,0,1,9,4,4,8.1,0,0,Career switcher,5,Martes,Desktop,Chrome,Violeta,Piscis,X4832,9,1,0
TRAIN_00635,2024-10,Python,TikTok Ads,Universidad Austral,Diseno,GBA Norte,25,No trabaja,,9.6,Transferencia,4,203000,20,11,Bajo,SR10,18.5,1,0,0,9,3,4,,0,0,Curioso,1,Jueves,Mobile,Chrome,Azul,Libra,X9026,4,1,1
TRAIN_00636,2025-05,Machine Learning,Referido,UTN,Otra,CABA,18,Full-time,Intermedia,,Tarjeta debito,6,319000,0,17,Bajo,SR04,38.3,1,1,1,5,3,2,,0,1,Desempleado activo,4,Sabado,Desktop,Chrome,Gris,Virgo,X8110,3,1,1
TRAIN_00637,2025-04,Python,TikTok Ads,UTN,Cs Datos,Mendoza,25,Full-time,,2.4,Tarjeta debito,6,189000,15,18,Medio,SR07,22.5,1,0,1,4,3,2,7.5,0,1,Upskiller,0,Lunes,Mobile,Safari,Naranja,Geminis,X5496,7,0,0
TRAIN_00638,2025-03,Python,Instagram Ads,Otra,Otra,GBA Sur,21,Freelance,,5.5,Mercado Pago,3,193000,25,7,Medio,SR08,5.8,1,0,1,6,3,1,,0,1,Explorer,3,Martes,Mobile,Chrome,Gris,Libra,X8089,4,1,1
TRAIN_00639,2025-04,Python,TikTok Ads,Otra,Administracion,Rosario,20,Busca trabajo,Intermedia,14.6,Transferencia,9,182000,20,9,Medio,SR11,57.9,1,0,1,13,4,3,9.8,0,0,Desempleado activo,6,Sabado,Mobile,Safari,Naranja,Capricornio,X9996,1,1,0
TRAIN_00640,2024-10,Machine Learning,Google Ads,UNLP,Ingenieria,Rosario,18,Busca trabajo,Avanzada,7.3,Tarjeta credito,1,268000,15,17,Medio,SR03,4.9,0,1,1,6,4,0,9.7,0,0,Curioso,0,Viernes,Mobile,Chrome,Azul,Capricornio,X7911,8,0,0
TRAIN_00641,2025-04,Data Analytics,Universidad Partner,Universidad Austral,Cs Datos,GBA Norte,21,Full-time,Ninguna,4.5,Tarjeta credito,9,255000,0,5,Bajo,SR06,1.4,1,0,0,7,1,1,10.0,0,0,Explorer,4,Sabado,Mobile,Safari,Gris,Acuario,X5036,9,1,1
TRAIN_00642,2025-04,Python,Web Organico,Otra,Economia,CABA,21,Full-time,Ninguna,4.1,Mercado Pago,6,201000,15,12,Medio,SR03,24.6,1,0,0,7,3,2,10.0,0,0,Desempleado activo,4,Miercoles,Desktop,Chrome,Verde,Piscis,X9707,3,0,0
TRAIN_00643,2025-05,Python,Google Ads,Otra,Diseno,GBA Norte,27,Part-time,Basica,10.4,Mercado Pago,4,232000,5,16,Medio,SR01,4.6,1,0,1,8,4,4,7.4,0,0,Upskiller,5,Viernes,Mobile,Otro,Verde,Piscis,X7629,9,0,0
TRAIN_00644,2025-03,IA Generativa,Google Ads,UBA,Otra,Cordoba,22,Part-time,Basica,12.3,Tarjeta credito,2,166000,15,0,Medio,SR04,14.5,0,1,1,8,4,5,,1,0,Upskiller,4,Miercoles,Mobile,Chrome,Gris,Tauro,X9221,5,0,0
TRAIN_00645,2025-04,IA Generativa,Referido,Universidad Austral,Administracion,Rosario,23,Full-time,Ninguna,6.2,Tarjeta credito,2,185000,10,28,Medio,SR04,11.3,1,0,0,5,2,1,6.5,0,0,Career switcher,0,Jueves,Desktop,Chrome,Verde,Virgo,X6674,7,0,0
TRAIN_00646,2025-04,Python,Universidad Partner,UADE,Administracion,CABA,18,Freelance,Ninguna,5.5,Mercado Pago,2,246000,5,18,Bajo,SR06,0.6,1,1,1,11,4,5,,0,1,Career switcher,0,Viernes,Desktop,Chrome,Rojo,Cancer,X3242,7,0,0
TRAIN_00647,2024-09,Data Analytics,Universidad Partner,UADE,Diseno,GBA Norte,23,Freelance,Ninguna,12.6,Tarjeta credito,12,211000,15,8,Medio,SR02,9.8,1,1,1,6,4,1,,0,0,Desempleado activo,0,Lunes,Desktop,Chrome,Naranja,Libra,X7843,4,0,0
TRAIN_00648,2025-04,Python,TikTok Ads,UADE,Cs Datos,Cordoba,24,Freelance,Basica,7.8,Transferencia,9,207000,10,37,Alto,SR01,21.5,1,0,1,6,3,2,,0,0,Desempleado activo,3,Jueves,Desktop,Chrome,Naranja,Cancer,X2190,9,0,0
TRAIN_00649,2025-02,Web Dev,Referido,ITBA,Economia,CABA,18,Freelance,Basica,9.8,Tarjeta credito,4,187000,20,11,Bajo,SR06,6.0,1,0,1,6,4,0,,0,1,Explorer,0,Jueves,Mobile,Firefox,Rojo,Capricornio,X9036,2,0,0
TRAIN_00650,2024-11,IA Generativa,Web Organico,UADE,Psicologia,CABA,18,Full-time,Ninguna,6.1,Tarjeta credito,1,168000,25,30,Medio,SR04,14.2,0,0,0,7,2,1,4.9,0,1,Curioso,3,Martes,Mobile,Safari,Rojo,Cancer,X4675,9,0,0
TRAIN_00651,2025-05,Python,Instagram Ads,UADE,Ingenieria,CABA,29,No trabaja,Ninguna,11.2,Tarjeta debito,6,249000,0,11,Alto,SR09,49.1,1,1,1,8,4,4,7.7,0,1,Curioso,2,Lunes,Desktop,Chrome,Azul,Acuario,X7193,1,0,0
TRAIN_00652,2024-11,Data Analytics,Web Organico,UNLP,Cs Datos,Rosario,18,Freelance,Intermedia,1.7,Tarjeta credito,3,260000,10,23,Bajo,SR03,16.4,1,0,0,8,3,2,7.6,0,0,Career switcher,3,Martes,Mobile,Safari,Verde,Geminis,X8763,8,0,0
TRAIN_00653,2025-04,IA Generativa,Google Ads,ITBA,Diseno,GBA Sur,25,Full-time,Basica,4.9,Transferencia,9,187000,10,4,Bajo,SR02,2.4,0,1,1,6,3,3,7.2,0,0,Explorer,5,Jueves,Mobile,Safari,Azul,Acuario,X9019,0,0,0
TRAIN_00654,2025-03,Web Dev,Evento,ITBA,Economia,CABA,21,Busca trabajo,Basica,8.3,Transferencia,4,187000,30,23,Bajo,SR10,,1,0,0,4,3,2,7.7,0,0,Curioso,4,Lunes,Mobile,Chrome,Rojo,Leo,X3855,5,1,0
TRAIN_00655,2024-10,Python,TikTok Ads,UTN,Administracion,GBA Norte,28,Freelance,Basica,1.9,Tarjeta credito,6,216000,0,3,Bajo,SR08,7.5,1,1,1,7,3,3,,0,0,Upskiller,0,Viernes,Desktop,Chrome,Verde,Leo,X3952,7,1,0
TRAIN_00656,2024-09,Data Analytics,Universidad Partner,ITBA,Diseno,Mendoza,26,Part-time,Basica,4.8,Transferencia,1,189000,30,11,Alto,SR09,3.8,1,0,0,6,3,4,5.4,0,0,Curioso,2,Lunes,Mobile,Firefox,Gris,Aries,X8603,2,0,0
TRAIN_00657,2024-09,Web Dev,TikTok Ads,UADE,Diseno,CABA,28,Part-time,Ninguna,7.3,Transferencia,4,251000,0,18,Medio,SR01,11.0,1,0,1,4,4,0,8.6,0,0,Explorer,0,Sabado,Mobile,Safari,Rojo,Geminis,X1827,8,0,0
TRAIN_00658,2024-10,Python,Instagram Ads,Otra,Economia,Otra,31,Full-time,Basica,2.6,Transferencia,4,188000,20,22,Bajo,SR02,7.4,1,0,0,8,1,3,,0,0,Curioso,2,Jueves,Mobile,Chrome,Verde,Leo,X7735,6,1,1
TRAIN_00659,2025-05,Python,TikTok Ads,UADE,Economia,CABA,22,Freelance,Intermedia,6.9,Mercado Pago,3,161000,35,1,Medio,SR08,5.3,1,1,1,8,4,1,9.7,1,0,Explorer,0,Martes,Desktop,Safari,Violeta,Virgo,X9235,6,0,0
TRAIN_00660,2025-02,Python,Referido,UTN,Ingenieria,Cordoba,22,Busca trabajo,Ninguna,2.9,Mercado Pago,9,184000,30,14,Medio,SR09,1.9,1,0,1,8,4,3,8.4,0,0,Explorer,1,Viernes,Desktop,Chrome,Azul,Virgo,X4340,2,0,0
TRAIN_00661,2025-03,Web Dev,Universidad Partner,UTN,Psicologia,CABA,20,Freelance,Ninguna,8.6,Tarjeta credito,3,254000,5,27,Bajo,SR03,89.1,0,1,1,7,4,0,,0,0,Explorer,1,Lunes,Desktop,Chrome,Gris,Libra,X5242,8,0,0
TRAIN_00662,2024-10,Python,TikTok Ads,Universidad Austral,Ingenieria,GBA Sur,24,No trabaja,Ninguna,5.7,Mercado Pago,3,215000,15,5,Alto,SR09,2.7,1,0,1,6,4,3,,1,0,Curioso,4,Jueves,Mobile,Chrome,Violeta,Cancer,X4965,7,0,0
TRAIN_00663,2025-02,Web Dev,Universidad Partner,Otra,Cs Datos,GBA Norte,22,Full-time,Basica,,Tarjeta debito,12,199000,25,2,Bajo,SR03,1.1,1,0,1,8,4,4,10.0,0,0,Explorer,2,Lunes,Mobile,Safari,Gris,Aries,X1788,6,0,0
TRAIN_00664,2025-02,Data Analytics,Instagram Ads,Otra,Ingenieria,GBA Oeste,18,Busca trabajo,Ninguna,9.8,Tarjeta debito,9,229000,10,5,Alto,SR11,3.1,1,1,0,5,1,2,,1,0,Career switcher,0,Viernes,Tablet,Safari,Violeta,Piscis,X5015,3,1,1
TRAIN_00665,2024-10,Machine Learning,TikTok Ads,UADE,Administracion,CABA,19,Busca trabajo,Intermedia,10.2,Mercado Pago,1,257000,20,39,Medio,SR02,18.2,1,1,1,3,4,0,9.3,0,1,Upskiller,4,Viernes,Desktop,Chrome,Violeta,Leo,X9964,5,0,0
TRAIN_00666,2025-05,Python,Instagram Ads,UNLP,Administracion,CABA,20,No trabaja,Intermedia,12.1,Mercado Pago,4,214000,10,11,Alto,SR10,32.7,1,0,1,4,4,2,5.2,0,0,Career switcher,2,Jueves,Mobile,Chrome,Verde,Aries,X7187,8,0,0
TRAIN_00667,2025-02,Python,Referido,UTN,Administracion,Mendoza,25,Full-time,Basica,0.0,Mercado Pago,4,204000,15,7,Bajo,SR04,12.4,1,0,1,8,4,2,7.9,0,0,Curioso,5,Viernes,Mobile,Chrome,Naranja,Capricornio,X6194,3,0,0
TRAIN_00668,2024-11,Machine Learning,Instagram Ads,ITBA,Diseno,GBA Norte,21,Full-time,Basica,4.9,Tarjeta credito,12,254000,25,7,Alto,SR01,26.4,1,0,0,7,2,1,6.2,0,0,Career switcher,6,Lunes,Desktop,Chrome,Violeta,Piscis,X6979,7,0,0
TRAIN_00669,2024-11,Web Dev,Instagram Ads,UADE,Otra,La Plata,29,Part-time,,9.8,Efectivo,9,145000,45,11,Bajo,SR05,3.6,1,0,0,5,3,3,,0,0,Career switcher,0,Sabado,Desktop,Safari,Gris,Tauro,X5450,2,0,0
TRAIN_00670,2025-04,IA Generativa,Universidad Partner,UBA,Cs Datos,La Plata,28,Part-time,Avanzada,8.2,Tarjeta credito,2,177000,15,24,Medio,SR10,18.0,1,0,1,4,4,2,8.1,0,0,Desempleado activo,0,Martes,Mobile,Chrome,Naranja,Geminis,X4839,0,0,0
TRAIN_00671,2024-09,Data Analytics,Web Organico,UBA,Cs Datos,CABA,28,Part-time,Basica,10.1,Tarjeta credito,2,192000,25,11,Medio,SR05,7.4,1,0,1,13,4,3,7.6,1,0,Career switcher,7,Martes,Mobile,Chrome,Verde,Piscis,X6242,9,1,0
TRAIN_00672,2025-04,Data Analytics,Referido,UNLP,Administracion,GBA Sur,19,No trabaja,Basica,10.3,Transferencia,4,228000,25,7,Bajo,SR01,0.5,1,1,0,4,2,2,8.6,0,1,Curioso,0,Miercoles,Mobile,Firefox,Rojo,Geminis,X1610,3,0,0
TRAIN_00673,2025-03,Data Analytics,Instagram Ads,UNLP,Ingenieria,Otra,25,Full-time,Avanzada,7.7,,4,217000,10,17,Bajo,SR07,,0,0,0,4,2,2,,0,0,Curioso,6,Martes,Mobile,Chrome,Gris,Piscis,X9850,6,0,0
TRAIN_00674,2025-03,Web Dev,Google Ads,UTN,Diseno,GBA Norte,20,Full-time,Avanzada,3.7,Tarjeta credito,6,195000,20,0,Medio,SR02,0.9,1,1,0,9,3,2,7.0,1,0,Career switcher,0,Jueves,Tablet,Chrome,Rojo,Tauro,X6441,3,0,0
TRAIN_00675,2024-10,Machine Learning,Instagram Ads,UTN,Ingenieria,Rosario,21,Part-time,Basica,3.9,Transferencia,1,226000,35,0,Medio,SR07,14.9,1,1,1,9,4,1,8.0,1,0,Career switcher,0,Viernes,Desktop,Otro,Verde,Tauro,X5182,5,0,0
TRAIN_00676,2024-11,Machine Learning,Referido,UTN,Diseno,Mendoza,34,Freelance,Ninguna,12.1,Tarjeta credito,3,333000,0,22,Bajo,SR05,15.5,1,0,0,28,4,9,7.5,0,1,Curioso,3,Miercoles,Mobile,Safari,Naranja,Tauro,X1042,7,0,0
TRAIN_00677,2025-05,Python,Google Ads,UBA,Cs Datos,CABA,23,No trabaja,Avanzada,8.7,Transferencia,3,255000,0,9,Medio,SR08,9.6,0,0,0,0,0,3,6.8,1,1,Career switcher,2,Sabado,Mobile,Chrome,Violeta,Capricornio,X9792,9,0,0
TRAIN_00678,2024-10,Web Dev,Instagram Ads,UTN,Psicologia,Mendoza,31,Freelance,Ninguna,6.1,Mercado Pago,1,199000,25,18,Bajo,SR06,38.8,1,0,1,12,4,2,8.6,0,0,Desempleado activo,2,Lunes,Mobile,Chrome,Rojo,Capricornio,X4511,3,0,0
TRAIN_00679,2024-09,Machine Learning,Instagram Ads,UBA,Economia,Mendoza,22,Freelance,Intermedia,10.2,Tarjeta credito,3,212000,30,0,Medio,SR04,1.7,1,1,1,12,4,4,9.4,0,0,Desempleado activo,3,Martes,Desktop,Safari,Rojo,Escorpio,X9064,4,0,0
TRAIN_00680,2024-09,Data Analytics,Google Ads,UBA,Otra,Otra,27,No trabaja,Ninguna,,Tarjeta credito,4,219000,15,23,Medio,SR01,12.7,0,0,0,1,3,0,10.0,1,0,Career switcher,1,Viernes,Desktop,Safari,Rojo,Tauro,X1519,9,0,1
TRAIN_00681,2025-02,Data Analytics,Google Ads,UNLP,Administracion,Otra,25,Part-time,Basica,2.1,Tarjeta credito,3,244000,5,10,Alto,SR10,21.0,1,1,1,6,2,3,10.0,0,0,Career switcher,5,Sabado,Mobile,Chrome,Violeta,Libra,X1687,1,1,1
TRAIN_00682,2025-03,Data Analytics,Instagram Ads,UTN,Diseno,Otra,19,Freelance,Avanzada,11.7,,4,270000,0,9,Medio,SR06,13.8,1,0,1,9,4,4,9.5,0,0,Career switcher,6,Miercoles,Desktop,Otro,Rojo,Virgo,X1943,5,0,0
TRAIN_00683,2025-03,Python,Universidad Partner,UTN,Administracion,GBA Sur,21,Part-time,Basica,13.1,Mercado Pago,1,187000,20,30,Bajo,SR06,1.8,1,0,1,8,4,4,,0,0,Explorer,2,Viernes,Mobile,Chrome,Gris,Sagitario,X2978,8,1,1
TRAIN_00684,2024-08,IA Generativa,Google Ads,UNLP,Ingenieria,CABA,23,No trabaja,Intermedia,7.4,Mercado Pago,1,197000,10,26,,SR02,20.9,1,0,1,11,4,3,8.1,1,0,Desempleado activo,2,Viernes,Mobile,Safari,Azul,Leo,X5485,8,0,0
TRAIN_00685,2024-09,Web Dev,Web Organico,UTN,Economia,CABA,18,No trabaja,Basica,2.4,Mercado Pago,2,211000,15,9,Bajo,SR01,22.5,1,0,0,7,4,1,7.9,0,1,Curioso,0,Sabado,Mobile,Chrome,Naranja,Leo,X2104,6,1,1
TRAIN_00686,2024-09,Data Analytics,Web Organico,ITBA,Economia,Rosario,20,Full-time,Intermedia,2.7,Efectivo,6,237000,10,28,Alto,SR04,10.7,1,1,0,9,1,3,4.2,0,0,Curioso,3,Jueves,Mobile,Chrome,Rojo,Piscis,X7567,9,1,1
TRAIN_00687,2025-04,Python,Instagram Ads,UBA,Ingenieria,GBA Norte,18,No trabaja,Basica,8.3,Tarjeta credito,3,197000,10,15,Medio,SR01,18.9,1,0,0,11,4,1,5.1,1,1,Career switcher,2,Viernes,Desktop,Chrome,Azul,Piscis,X8859,1,0,0
TRAIN_00688,2024-08,Web Dev,Web Organico,UTN,Economia,GBA Oeste,23,Busca trabajo,Basica,9.7,Efectivo,2,205000,25,22,Medio,SR06,25.2,1,1,1,11,4,3,10.0,0,1,Upskiller,3,Jueves,Mobile,Safari,Gris,Aries,X8496,5,0,0
TRAIN_00689,2024-08,SQL,Web Organico,UTN,Cs Datos,CABA,26,Full-time,Ninguna,6.4,Tarjeta credito,3,182000,0,8,Medio,SR09,16.1,1,0,1,10,4,5,,0,0,Upskiller,3,Sabado,Mobile,Safari,Violeta,Tauro,X9962,2,0,1
TRAIN_00690,2025-02,Python,Google Ads,UBA,Diseno,GBA Oeste,22,Part-time,Basica,6.6,Tarjeta credito,2,189000,20,2,Medio,SR05,5.1,1,0,1,11,4,6,,0,1,Explorer,1,Martes,Mobile,Chrome,Naranja,Cancer,X8300,2,1,1
TRAIN_00691,2025-03,Web Dev,TikTok Ads,UBA,Economia,Rosario,28,Part-time,Basica,,Transferencia,3,236000,15,14,Bajo,SR07,4.3,0,0,0,5,2,2,7.7,0,1,Upskiller,4,Martes,Desktop,Chrome,Azul,Virgo,X2584,5,0,0
TRAIN_00692,2024-09,Python,Universidad Partner,UADE,Otra,GBA Sur,26,No trabaja,Ninguna,10.6,Tarjeta debito,9,222000,5,11,Medio,SR02,3.4,0,0,1,4,4,1,7.1,0,0,Explorer,1,Lunes,Mobile,Chrome,Azul,Tauro,X9551,8,0,0
TRAIN_00693,2025-03,Python,Web Organico,Otra,Economia,GBA Norte,22,Full-time,Intermedia,0.0,Tarjeta credito,6,229000,5,0,Medio,SR02,6.7,1,0,0,2,1,4,,0,0,Explorer,5,Sabado,Desktop,Firefox,Rojo,Leo,X7038,1,0,1
TRAIN_00694,2025-05,IA Generativa,Web Organico,UADE,Diseno,Mendoza,23,Part-time,Basica,1.0,,12,154000,25,20,Medio,SR09,6.6,1,0,0,6,3,2,7.8,1,0,Career switcher,3,Viernes,Desktop,Chrome,Violeta,Virgo,X2780,8,1,0
TRAIN_00695,2024-10,Python,Evento,UADE,Ingenieria,GBA Norte,22,Full-time,Basica,6.3,Tarjeta debito,4,232000,0,4,Alto,SR11,11.0,1,1,1,5,4,3,8.9,0,0,Explorer,0,Sabado,Mobile,Chrome,Violeta,Sagitario,X2334,1,0,0
TRAIN_00696,2025-03,Data Analytics,Evento,UADE,Economia,Otra,22,No trabaja,Basica,2.2,,3,248000,5,5,Medio,SR03,28.5,1,0,0,4,2,2,,1,1,Desempleado activo,4,Viernes,Desktop,Chrome,Gris,Aries,X5873,0,0,0
TRAIN_00697,2025-03,Python,Universidad Partner,Otra,Economia,Cordoba,26,Busca trabajo,Basica,9.1,Mercado Pago,12,226000,10,1,Bajo,SR08,6.6,1,0,1,12,4,3,9.0,0,1,Explorer,5,Miercoles,Mobile,Safari,Rojo,Sagitario,X5551,4,0,0
TRAIN_00698,2024-09,Python,Instagram Ads,UNLP,Ingenieria,Rosario,27,Full-time,Basica,3.8,Mercado Pago,4,181000,20,16,Bajo,SR09,11.9,1,1,0,5,2,2,8.2,0,0,Explorer,1,Lunes,Mobile,Safari,Naranja,Sagitario,X6751,1,0,0
TRAIN_00699,2025-03,Web Dev,Referido,UTN,Psicologia,CABA,28,Freelance,Avanzada,13.2,Transferencia,3,195000,25,17,Bajo,SR11,21.6,1,0,1,6,4,2,7.2,0,0,Career switcher,3,Jueves,Mobile,Chrome,Violeta,Aries,X1828,4,0,0
TRAIN_00700,2025-05,Machine Learning,Evento,UADE,Otra,CABA,25,Full-time,,6.1,Efectivo,6,265000,15,19,Alto,SR05,12.9,1,1,1,8,4,4,9.6,1,1,Upskiller,2,Miercoles,Desktop,Chrome,Rojo,Virgo,X2380,3,0,0
TRAIN_00701,2025-03,Data Analytics,TikTok Ads,ITBA,Diseno,Rosario,20,Part-time,Avanzada,2.6,Mercado Pago,3,242000,10,10,Bajo,SR09,2.3,1,0,1,7,4,2,,0,0,Curioso,2,Martes,Mobile,Edge,Violeta,Tauro,X9147,4,0,0
TRAIN_00702,2025-05,SQL,Instagram Ads,UADE,Psicologia,Rosario,21,Full-time,,2.1,Mercado Pago,9,158000,15,27,Alto,SR05,1.4,1,0,0,2,3,0,6.4,0,0,Desempleado activo,2,Jueves,Mobile,Chrome,Naranja,Sagitario,X2591,6,0,0
TRAIN_00703,2024-10,Data Analytics,TikTok Ads,ITBA,Otra,CABA,33,No trabaja,Ninguna,11.7,,4,190000,30,0,Alto,SR05,16.7,1,1,1,8,4,3,9.3,0,0,Upskiller,2,Lunes,Mobile,Safari,Violeta,Acuario,X3949,3,0,0
TRAIN_00704,2025-04,Machine Learning,Google Ads,UADE,Ingenieria,GBA Oeste,27,Part-time,Ninguna,2.8,Tarjeta credito,6,259000,15,21,Alto,SR02,7.4,1,1,1,6,4,1,7.4,0,0,Explorer,1,Sabado,Mobile,Chrome,Verde,Geminis,X9743,2,0,0
TRAIN_00705,2024-08,Python,TikTok Ads,,Economia,GBA Sur,18,No trabaja,Ninguna,9.4,Tarjeta credito,3,184000,20,10,Medio,SR12,0.2,1,0,1,7,3,1,,1,0,Career switcher,4,Lunes,Mobile,Chrome,Azul,Escorpio,X2669,2,1,1
TRAIN_00706,2025-02,Python,TikTok Ads,Otra,Psicologia,Cordoba,25,Busca trabajo,Avanzada,0.0,Tarjeta debito,2,174000,30,13,Medio,SR12,8.7,1,0,1,12,4,5,8.5,0,1,Upskiller,3,Viernes,Desktop,Chrome,Azul,Leo,X8309,2,0,0
TRAIN_00707,2024-10,Web Dev,Instagram Ads,Otra,Cs Datos,Cordoba,19,Freelance,Basica,5.1,Tarjeta credito,9,183000,35,15,Alto,SR06,12.2,1,0,1,10,4,2,8.7,0,0,Desempleado activo,1,Martes,Mobile,Safari,Azul,Capricornio,X2014,8,0,0
TRAIN_00708,2024-10,Data Analytics,Evento,Otra,Cs Datos,Cordoba,20,Busca trabajo,Intermedia,,Mercado Pago,2,200000,30,15,Alto,SR03,8.1,1,0,1,10,4,2,7.2,0,0,Explorer,6,Miercoles,Desktop,Chrome,Azul,Sagitario,X7855,4,0,0
TRAIN_00709,2024-11,Machine Learning,Referido,,Otra,CABA,25,Freelance,Intermedia,12.6,Transferencia,9,250000,20,33,Medio,SR06,0.6,1,1,1,7,4,2,9.2,0,0,Explorer,1,Martes,Desktop,Chrome,Naranja,Aries,X1191,0,0,0
TRAIN_00710,2025-05,Python,TikTok Ads,Otra,Economia,La Plata,27,No trabaja,Ninguna,9.4,Transferencia,4,244000,5,25,Bajo,SR02,7.2,1,0,0,10,3,1,,0,0,Curioso,3,Martes,Mobile,Safari,Azul,Tauro,X7223,4,0,0
TRAIN_00711,2024-08,Python,Web Organico,UBA,Otra,GBA Sur,19,Freelance,Ninguna,11.6,Tarjeta debito,12,251000,5,26,Bajo,SR12,1.1,1,1,1,6,4,2,8.2,0,1,Curioso,1,Martes,Mobile,Otro,Azul,Libra,X9884,5,0,0
TRAIN_00712,2024-10,Machine Learning,Web Organico,UADE,Cs Datos,Rosario,22,Full-time,Intermedia,6.9,Efectivo,3,340000,5,7,Bajo,SR03,5.1,0,0,1,2,3,1,10.0,1,0,Explorer,0,Jueves,Mobile,Chrome,Azul,Leo,X5969,5,0,0
TRAIN_00713,2024-11,Python,TikTok Ads,UBA,Ingenieria,Cordoba,24,Freelance,Basica,0.0,Tarjeta credito,4,150000,40,21,,SR03,10.3,1,0,1,8,4,0,10.0,0,0,Explorer,5,Jueves,Mobile,Safari,Gris,Capricornio,X7031,1,0,0
TRAIN_00714,2024-08,Data Analytics,Referido,,Diseno,GBA Norte,23,Full-time,Basica,6.9,Tarjeta debito,3,259000,10,16,Medio,SR02,21.9,1,1,0,2,4,0,7.5,0,0,Upskiller,5,Viernes,Mobile,Chrome,Azul,Tauro,X5814,6,0,0
TRAIN_00715,2024-08,Python,Google Ads,Universidad Austral,Diseno,GBA Sur,19,Full-time,Basica,6.2,Tarjeta debito,6,214000,0,12,Medio,SR02,2.5,0,1,1,7,3,3,8.5,0,0,Curioso,5,Sabado,Mobile,Chrome,Azul,Piscis,X4907,7,0,0
TRAIN_00716,2025-05,Python,Google Ads,UBA,Cs Datos,GBA Oeste,21,Freelance,Basica,8.3,Tarjeta credito,2,199000,5,13,Medio,SR02,5.7,1,0,0,7,3,3,,0,0,Upskiller,0,Lunes,Desktop,Firefox,Naranja,Aries,X4629,1,1,1
TRAIN_00717,2024-09,Python,Instagram Ads,UNLP,Cs Datos,GBA Norte,18,Freelance,Basica,10.8,Tarjeta debito,3,229000,10,25,Medio,SR04,37.6,1,1,1,9,4,2,6.3,0,0,Career switcher,7,Lunes,Desktop,Chrome,Verde,Tauro,X5713,5,0,0
TRAIN_00718,2024-10,Python,Web Organico,UTN,Ingenieria,CABA,22,Full-time,Ninguna,2.7,Transferencia,3,232000,5,28,Medio,SR05,8.8,1,0,1,3,3,3,7.4,0,0,Career switcher,3,Martes,Mobile,Chrome,Azul,Sagitario,X9189,0,0,0
TRAIN_00719,2025-03,Machine Learning,Instagram Ads,UTN,Cs Datos,CABA,19,Busca trabajo,Basica,9.8,Tarjeta debito,9,211000,30,11,Medio,SR01,37.5,0,0,0,7,2,0,,1,0,Desempleado activo,1,Lunes,Desktop,Chrome,Naranja,Aries,X6470,3,0,0
TRAIN_00720,2024-11,IA Generativa,Universidad Partner,UADE,Otra,GBA Sur,22,Part-time,Basica,4.8,Transferencia,6,203000,10,5,Medio,SR03,0.8,1,1,1,8,4,1,10.0,0,0,Curioso,2,Jueves,Mobile,Chrome,Azul,Cancer,X6087,7,0,0
TRAIN_00721,2024-08,Data Analytics,Google Ads,UNLP,Ingenieria,GBA Norte,22,Full-time,Basica,4.6,Transferencia,2,197000,25,32,Medio,SR06,13.9,0,0,1,10,4,6,,0,0,Career switcher,2,Jueves,Mobile,Chrome,Naranja,Tauro,X7829,8,1,1
TRAIN_00722,2024-09,SQL,Referido,UADE,Cs Datos,GBA Oeste,23,Full-time,Basica,5.3,Tarjeta debito,4,161000,10,24,Medio,SR03,3.9,1,0,1,7,4,1,10.0,0,0,Curioso,4,Martes,Desktop,Firefox,Rojo,Geminis,X3450,7,0,0
TRAIN_00723,2025-05,Machine Learning,Universidad Partner,UTN,Cs Datos,CABA,24,Full-time,Ninguna,7.6,Transferencia,1,301000,5,30,Medio,SR05,33.9,0,0,0,2,2,2,,0,1,Upskiller,3,Lunes,Mobile,Chrome,Naranja,Escorpio,X9151,9,0,1
TRAIN_00724,2025-04,Machine Learning,Instagram Ads,UTN,Diseno,Rosario,19,No trabaja,Intermedia,11.1,Tarjeta credito,2,187000,40,0,,SR08,4.5,0,1,1,6,4,2,10.0,0,0,Upskiller,0,Martes,Desktop,Otro,Gris,Capricornio,X4750,9,0,0
TRAIN_00725,2025-02,Python,Referido,UBA,Ingenieria,CABA,25,Freelance,Avanzada,7.6,Transferencia,6,216000,15,0,Medio,SR04,24.3,1,0,1,6,3,1,,0,0,Desempleado activo,0,Lunes,Desktop,Chrome,Azul,Cancer,X9027,6,0,0
TRAIN_00726,2025-04,Python,Referido,UBA,Otra,GBA Norte,18,No trabaja,Avanzada,5.8,Transferencia,4,184000,15,13,Medio,SR10,13.9,1,0,1,9,4,5,5.9,0,0,Upskiller,4,Lunes,Mobile,Safari,Gris,Acuario,X2540,7,0,0
TRAIN_00727,2024-08,Machine Learning,Referido,UNLP,Psicologia,Mendoza,29,Part-time,Ninguna,,Transferencia,2,263000,20,3,Medio,SR01,3.8,0,1,0,5,4,0,,0,1,Desempleado activo,2,Miercoles,Desktop,Chrome,Verde,Acuario,X4991,9,0,0
TRAIN_00728,2024-08,Web Dev,Referido,UTN,Diseno,CABA,19,Full-time,Intermedia,2.1,Transferencia,6,180000,30,9,Medio,SR04,9.3,1,1,1,9,4,2,,0,1,Upskiller,7,Sabado,Desktop,Chrome,Violeta,Aries,X5543,2,0,0
TRAIN_00729,2024-08,Data Analytics,Referido,UTN,Ingenieria,Rosario,23,Part-time,Ninguna,6.6,Tarjeta debito,3,198000,30,21,Bajo,SR12,111.6,1,0,1,11,4,5,9.3,0,0,Career switcher,1,Lunes,Mobile,Edge,Verde,Leo,X7926,2,1,0
TRAIN_00730,2024-11,Python,TikTok Ads,UTN,Economia,GBA Norte,22,Full-time,Basica,9.1,Tarjeta debito,4,228000,5,27,,SR09,14.9,0,1,0,4,1,0,,0,0,Explorer,4,Lunes,Mobile,Chrome,Naranja,Virgo,X5294,8,0,0
TRAIN_00731,2024-09,IA Generativa,Instagram Ads,Otra,Ingenieria,CABA,23,Part-time,Basica,6.6,Tarjeta credito,6,121000,35,12,Medio,SR07,2.3,1,1,1,13,4,4,8.4,0,0,Upskiller,1,Miercoles,Desktop,Chrome,Gris,Cancer,X6384,8,0,0
TRAIN_00732,2025-04,IA Generativa,Google Ads,UTN,Administracion,GBA Sur,19,No trabaja,Intermedia,11.4,Mercado Pago,1,155000,30,14,Medio,SR09,1.0,1,0,1,9,4,2,8.3,1,1,Career switcher,3,Sabado,Mobile,Chrome,Azul,Escorpio,X1054,7,0,0
TRAIN_00733,2024-11,Data Analytics,Evento,UTN,Ingenieria,La Plata,21,Part-time,Basica,7.1,,3,194000,25,16,Bajo,SR01,66.7,1,0,1,5,3,1,7.5,0,0,Explorer,3,Martes,Desktop,Chrome,Gris,Aries,X9267,2,0,0
TRAIN_00734,2024-08,Data Analytics,Referido,UADE,Cs Datos,GBA Oeste,23,No trabaja,Avanzada,16.8,Efectivo,3,181000,20,19,Medio,SR05,8.0,1,0,1,10,4,3,9.6,0,1,Desempleado activo,2,Martes,Desktop,Chrome,Rojo,Sagitario,X9334,2,0,0
TRAIN_00735,2024-10,Data Analytics,Web Organico,UADE,Economia,Otra,25,Busca trabajo,Intermedia,5.1,Transferencia,9,214000,20,21,Bajo,SR12,32.2,1,0,0,4,0,2,7.0,0,0,Explorer,4,Viernes,Mobile,Chrome,Gris,Geminis,X2692,6,0,0
TRAIN_00736,2025-02,Python,Google Ads,UNLP,Psicologia,CABA,23,Full-time,Ninguna,5.1,Transferencia,1,219000,10,0,Bajo,SR01,8.0,1,0,1,8,4,3,9.1,0,1,Career switcher,5,Sabado,Desktop,Chrome,Gris,Acuario,X2862,7,0,0
TRAIN_00737,2024-09,Python,Evento,Otra,Economia,GBA Norte,19,Freelance,Ninguna,7.8,,3,232000,0,14,Medio,SR09,9.0,1,0,0,2,2,2,,0,1,Explorer,2,Lunes,Mobile,Chrome,Gris,Geminis,X6455,5,1,1
TRAIN_00738,2024-09,Data Analytics,TikTok Ads,UTN,Otra,GBA Sur,22,No trabaja,,10.6,Tarjeta debito,2,250000,0,7,Medio,SR10,17.5,1,0,0,5,3,0,10.0,0,0,Career switcher,0,Lunes,Mobile,Chrome,Gris,Aries,X1004,9,0,0
TRAIN_00739,2025-02,Web Dev,Referido,Otra,Cs Datos,GBA Norte,24,Part-time,Avanzada,16.7,Efectivo,9,250000,0,12,Alto,SR05,0.8,1,0,1,7,4,0,9.1,0,1,Upskiller,2,Miercoles,Desktop,Chrome,Verde,Escorpio,X4971,6,0,0
TRAIN_00740,2024-11,Python,Universidad Partner,UADE,Psicologia,Otra,21,Full-time,Avanzada,9.1,Tarjeta credito,1,234000,5,8,Bajo,SR05,26.4,1,0,1,13,4,4,,0,0,Explorer,0,Viernes,Mobile,Chrome,Naranja,Cancer,X4706,0,0,0
TRAIN_00741,2024-09,Web Dev,Instagram Ads,ITBA,Ingenieria,CABA,22,No trabaja,Basica,11.4,Tarjeta credito,12,199000,25,27,Medio,SR06,10.8,1,1,0,6,2,2,9.4,0,0,Upskiller,4,Martes,Mobile,Chrome,Verde,Aries,X6919,6,0,0
TRAIN_00742,2024-11,SQL,Instagram Ads,Universidad Austral,Psicologia,GBA Oeste,18,Part-time,Basica,9.0,Tarjeta credito,3,118000,30,17,Medio,SR08,45.3,1,0,0,2,1,0,,0,0,Curioso,1,Martes,Mobile,Safari,Azul,Aries,X5483,4,1,1
TRAIN_00743,2024-08,IA Generativa,Evento,Otra,Otra,Otra,22,Full-time,Basica,9.8,Transferencia,2,195000,5,17,Medio,SR01,13.3,1,1,1,7,4,2,8.7,0,1,Desempleado activo,0,Viernes,Mobile,Chrome,Verde,Leo,X8369,8,0,0
TRAIN_00744,2024-09,Web Dev,Universidad Partner,Otra,Ingenieria,CABA,28,Part-time,Basica,,Tarjeta debito,4,199000,20,9,Medio,SR12,2.5,1,0,1,12,4,4,8.7,0,0,Career switcher,2,Jueves,Mobile,Edge,Azul,Leo,X7473,0,0,0
TRAIN_00745,2025-05,Web Dev,Instagram Ads,UADE,Administracion,GBA Norte,23,Freelance,,5.7,Tarjeta credito,12,216000,10,8,Bajo,SR07,0.3,0,0,1,6,4,3,8.9,0,1,Desempleado activo,0,Jueves,Desktop,Edge,Rojo,Cancer,X6059,9,0,0
TRAIN_00746,2024-09,IA Generativa,TikTok Ads,Otra,Administracion,CABA,21,Full-time,Avanzada,5.2,Tarjeta credito,3,129000,40,2,Alto,SR12,0.7,1,0,1,8,4,5,10.0,1,0,Curioso,1,Lunes,Desktop,Chrome,Naranja,Cancer,X9514,0,0,0
TRAIN_00747,2024-09,IA Generativa,Instagram Ads,UBA,Ingenieria,Rosario,18,Busca trabajo,Ninguna,7.9,Tarjeta credito,12,183000,15,6,Medio,SR02,5.9,0,0,0,3,2,1,9.7,0,0,Desempleado activo,2,Miercoles,Mobile,Edge,Violeta,Piscis,X6011,0,0,0
TRAIN_00748,2025-04,Data Analytics,Referido,UNLP,Cs Datos,CABA,29,Part-time,Intermedia,9.7,Transferencia,2,243000,10,27,Alto,SR04,,1,0,1,9,4,1,8.7,0,0,Explorer,3,Viernes,Desktop,Chrome,Gris,Acuario,X1278,8,0,0
TRAIN_00749,2024-10,Machine Learning,Web Organico,Otra,Administracion,CABA,24,Freelance,Avanzada,13.5,Tarjeta debito,4,230000,25,21,Bajo,SR05,0.9,0,1,0,2,3,1,7.3,0,0,Curioso,2,Lunes,Mobile,Edge,Azul,Aries,X5798,6,0,0
TRAIN_00750,2025-04,IA Generativa,TikTok Ads,UTN,Cs Datos,CABA,24,Part-time,Basica,5.5,Mercado Pago,4,176000,10,17,Alto,SR02,,1,1,1,11,4,3,7.8,0,0,Explorer,4,Jueves,Mobile,Chrome,Naranja,Virgo,X2945,9,1,1
TRAIN_00751,2025-05,Data Analytics,TikTok Ads,UNLP,Cs Datos,CABA,27,Full-time,Ninguna,,Tarjeta credito,6,190000,30,22,Medio,SR07,21.3,0,0,0,4,2,2,,1,0,Upskiller,1,Miercoles,Mobile,Chrome,Azul,Libra,X2224,8,0,0
TRAIN_00752,2025-05,Web Dev,Instagram Ads,UTN,Diseno,GBA Sur,22,Full-time,Ninguna,4.0,Tarjeta credito,3,185000,25,17,Medio,SR11,38.3,0,1,1,7,4,2,,0,0,Desempleado activo,5,Miercoles,Mobile,Safari,Naranja,Cancer,X9875,6,1,1
TRAIN_00753,2025-05,IA Generativa,Instagram Ads,ITBA,Administracion,La Plata,29,No trabaja,Intermedia,7.8,Transferencia,3,155000,25,23,Medio,SR02,0.3,0,1,1,8,4,3,7.4,0,0,Desempleado activo,0,Viernes,Desktop,Chrome,Naranja,Aries,X7432,6,0,0
TRAIN_00754,2025-03,Web Dev,Google Ads,UADE,Administracion,CABA,24,Full-time,Ninguna,8.2,Tarjeta debito,6,256000,0,0,Medio,SR11,0.3,0,0,1,7,3,5,,0,0,Curioso,0,Viernes,Desktop,Otro,Gris,Tauro,X8780,1,0,0
TRAIN_00755,2025-03,Web Dev,Referido,UBA,Administracion,CABA,22,No trabaja,Basica,13.8,Efectivo,4,188000,15,18,Medio,SR08,45.9,0,0,0,2,1,0,,0,0,Explorer,2,Viernes,Desktop,Chrome,Violeta,Libra,X5390,9,1,1
TRAIN_00756,2025-04,Machine Learning,Web Organico,Otra,Diseno,Rosario,26,Part-time,Ninguna,8.7,Mercado Pago,4,231000,30,0,Medio,SR03,6.0,1,0,1,11,4,3,,0,0,Explorer,0,Jueves,Mobile,Firefox,Violeta,Acuario,X1979,5,0,0
TRAIN_00757,2024-08,Web Dev,Referido,ITBA,Otra,GBA Norte,21,Part-time,Basica,,Tarjeta credito,3,167000,30,9,Medio,SR10,7.4,1,0,0,7,1,1,7.5,0,0,Desempleado activo,3,Jueves,Mobile,Chrome,Azul,Leo,X5751,5,0,0
TRAIN_00758,2024-08,Web Dev,Instagram Ads,Otra,Diseno,Cordoba,18,No trabaja,,1.8,Transferencia,6,156000,40,15,Medio,SR07,4.2,1,1,0,5,3,5,8.6,0,0,Career switcher,0,Sabado,Mobile,Safari,Gris,Acuario,X5691,1,0,0
TRAIN_00759,2025-04,Data Analytics,Instagram Ads,UNLP,Administracion,CABA,25,Full-time,,1.3,Tarjeta debito,3,193000,25,19,Bajo,SR01,15.5,1,0,0,0,1,0,6.6,0,0,Upskiller,2,Lunes,Mobile,Firefox,Verde,Aries,X2800,3,0,0
TRAIN_00760,2024-08,IA Generativa,Instagram Ads,Otra,Administracion,Rosario,19,Busca trabajo,,10.0,Tarjeta debito,3,196000,0,13,Alto,SR09,7.4,1,1,1,8,4,4,,0,1,Upskiller,1,Martes,Mobile,Chrome,Naranja,Aries,X2180,1,1,1
TRAIN_00761,2025-05,Python,Web Organico,UTN,Otra,CABA,27,Part-time,Ninguna,6.7,Tarjeta credito,1,183000,25,25,Medio,SR12,11.9,1,1,1,9,4,3,6.6,0,0,Career switcher,1,Lunes,Desktop,Chrome,Rojo,Libra,X6418,1,0,0
TRAIN_00762,2025-03,Python,Referido,UBA,Psicologia,GBA Oeste,25,Part-time,Basica,11.0,Transferencia,1,239000,5,2,Alto,SR07,16.6,1,0,0,6,4,1,9.9,0,1,Upskiller,4,Lunes,Tablet,Safari,Violeta,Virgo,X7788,0,0,0
TRAIN_00763,2024-11,Data Analytics,Google Ads,UADE,Psicologia,GBA Norte,18,No trabaja,Basica,,Transferencia,3,223000,10,6,Alto,SR10,4.7,1,1,1,11,4,2,8.8,0,0,Curioso,4,Lunes,Mobile,Chrome,Verde,Acuario,X2641,2,0,0
TRAIN_00764,2025-05,Data Analytics,TikTok Ads,UTN,Administracion,GBA Oeste,25,Freelance,Intermedia,8.5,Transferencia,3,167000,35,33,Bajo,SR06,16.7,0,1,0,7,2,0,4.9,1,1,Upskiller,0,Jueves,Desktop,Safari,Verde,Leo,X9772,6,1,1
TRAIN_00765,2024-10,Web Dev,Referido,UBA,Administracion,Rosario,19,Busca trabajo,Ninguna,9.2,Tarjeta credito,3,242000,0,17,,SR04,11.5,1,1,1,12,4,2,8.1,0,0,Curioso,5,Jueves,Mobile,Firefox,Violeta,Acuario,X1622,1,0,0
TRAIN_00766,2025-04,Python,Referido,ITBA,Cs Datos,CABA,26,Busca trabajo,Ninguna,14.4,Efectivo,4,133000,30,3,Medio,SR06,2.0,1,1,1,9,4,2,6.9,0,0,Career switcher,4,Viernes,Desktop,Firefox,Gris,Acuario,X2083,4,0,0
TRAIN_00767,2025-04,Data Analytics,TikTok Ads,ITBA,Ingenieria,Mendoza,20,Busca trabajo,Ninguna,8.2,Tarjeta credito,3,205000,25,23,Medio,SR02,12.1,0,0,1,6,4,2,5.8,0,1,Desempleado activo,3,Viernes,Desktop,Safari,Violeta,Piscis,X3867,0,0,1
TRAIN_00768,2024-10,Data Analytics,Universidad Partner,UTN,Diseno,CABA,20,Busca trabajo,Ninguna,8.2,Tarjeta debito,3,243000,15,15,Medio,SR09,17.2,1,0,0,5,0,3,5.6,0,0,Desempleado activo,6,Martes,Desktop,Edge,Gris,Escorpio,X1871,3,0,0
TRAIN_00769,2024-10,Python,Web Organico,UTN,Ingenieria,CABA,29,Part-time,Avanzada,5.5,Tarjeta credito,3,205000,5,25,Bajo,SR08,,0,1,1,3,3,2,7.6,0,0,Desempleado activo,0,Miercoles,Desktop,Chrome,Naranja,Capricornio,X2758,5,0,1
TRAIN_00770,2025-04,Python,TikTok Ads,Universidad Austral,Otra,La Plata,18,No trabaja,Intermedia,4.1,Tarjeta credito,1,120000,40,15,Medio,SR12,4.6,0,0,1,5,4,2,6.8,1,0,Career switcher,2,Miercoles,Tablet,Otro,Rojo,Sagitario,X2919,7,1,1
TRAIN_00771,2025-04,Web Dev,TikTok Ads,UBA,Cs Datos,Mendoza,31,Freelance,Basica,8.8,Mercado Pago,4,227000,15,9,Alto,SR07,6.9,0,0,0,4,2,1,8.5,0,0,Upskiller,4,Jueves,Desktop,Chrome,Naranja,Libra,X5563,5,0,0
TRAIN_00772,2025-04,Python,Referido,UADE,Cs Datos,GBA Oeste,22,Busca trabajo,Intermedia,3.9,Mercado Pago,6,206000,20,32,Bajo,SR02,7.5,1,1,1,5,4,0,7.5,0,0,Career switcher,2,Viernes,Desktop,Chrome,Azul,Geminis,X8737,6,0,0
TRAIN_00773,2024-10,Python,Referido,UTN,Psicologia,Otra,30,No trabaja,Ninguna,8.8,Tarjeta debito,6,223000,10,10,Bajo,SR02,0.7,0,0,0,4,3,1,6.2,0,1,Upskiller,0,Viernes,Desktop,Edge,Azul,Tauro,X2465,4,0,0
TRAIN_00774,2024-11,Python,Google Ads,Universidad Austral,Cs Datos,GBA Oeste,28,Full-time,Ninguna,1.5,Efectivo,2,219000,0,13,Medio,SR11,2.4,1,1,1,10,4,4,,0,0,Upskiller,1,Jueves,Mobile,Chrome,Gris,Sagitario,X7083,5,0,0
TRAIN_00775,2024-08,Web Dev,Instagram Ads,Otra,Ingenieria,CABA,22,Part-time,Basica,9.7,Tarjeta credito,4,209000,20,15,Medio,SR03,7.3,1,1,1,12,4,3,9.1,0,0,Curioso,3,Jueves,Tablet,Safari,Gris,Sagitario,X5016,2,0,0
TRAIN_00776,2025-04,Python,Universidad Partner,UTN,Psicologia,CABA,26,Full-time,Ninguna,1.9,Transferencia,2,182000,20,15,Alto,SR02,8.8,1,1,1,9,4,4,6.3,0,1,Curioso,5,Miercoles,Desktop,Chrome,Gris,Sagitario,X5496,2,0,0
TRAIN_00777,2024-10,Data Analytics,Instagram Ads,UBA,Economia,CABA,18,Part-time,Intermedia,10.2,Mercado Pago,4,165000,30,20,Medio,SR03,10.9,1,0,0,3,2,2,4.6,0,1,Career switcher,3,Sabado,Mobile,Chrome,Rojo,Cancer,X3133,1,0,0
TRAIN_00778,2025-02,Python,Referido,Universidad Austral,Ingenieria,GBA Sur,26,Part-time,Ninguna,5.5,Tarjeta credito,2,91000,10,34,Alto,SR12,3.5,1,0,1,11,4,1,10.0,1,0,Career switcher,0,Martes,Mobile,Chrome,Verde,Tauro,X5066,1,0,0
TRAIN_00779,2025-02,SQL,Referido,UADE,Administracion,CABA,26,Freelance,Ninguna,8.5,Tarjeta credito,3,172000,0,16,Medio,SR09,27.7,1,1,1,14,4,7,4.6,0,0,Career switcher,5,Sabado,Mobile,Chrome,Violeta,Aries,X7470,8,0,0
TRAIN_00780,2025-03,IA Generativa,TikTok Ads,UTN,Psicologia,CABA,25,Freelance,Basica,8.7,Tarjeta debito,9,115000,45,8,Alto,SR09,7.1,1,0,0,2,2,0,8.1,0,0,Career switcher,7,Jueves,Mobile,Safari,Violeta,Libra,X8940,0,0,0
TRAIN_00781,2025-02,Data Analytics,Google Ads,UBA,Administracion,CABA,33,Part-time,Basica,5.2,Transferencia,1,204000,20,36,Alto,SR03,5.1,1,0,1,6,4,1,7.6,0,0,Curioso,1,Martes,Desktop,Chrome,Violeta,Geminis,X3216,6,0,0
TRAIN_00782,2024-11,Web Dev,Universidad Partner,UBA,Administracion,GBA Oeste,22,Full-time,Basica,5.4,Mercado Pago,1,256000,5,5,Medio,SR09,10.6,1,0,0,2,1,2,7.2,0,0,Upskiller,3,Miercoles,Mobile,Chrome,Rojo,Leo,X5674,2,0,0
TRAIN_00783,2025-05,IA Generativa,Referido,UTN,Ingenieria,Rosario,21,Part-time,Avanzada,9.7,Tarjeta credito,12,193000,10,13,Medio,SR03,29.4,1,1,1,10,4,5,8.1,1,0,Upskiller,3,Sabado,Mobile,Chrome,Rojo,Cancer,X9020,7,0,0
TRAIN_00784,2024-08,Data Analytics,Google Ads,UNLP,Cs Datos,GBA Norte,27,No trabaja,Ninguna,3.1,Tarjeta credito,6,228000,0,7,Alto,SR03,2.4,0,0,0,7,3,4,7.1,0,1,Career switcher,6,Jueves,Mobile,Safari,Gris,Sagitario,X9654,7,0,0
TRAIN_00785,2025-03,Python,Web Organico,Otra,Diseno,CABA,25,No trabaja,Ninguna,12.2,Transferencia,2,179000,30,1,Bajo,SR08,2.0,1,0,1,8,4,2,9.6,0,0,Explorer,2,Jueves,Desktop,Chrome,Rojo,Acuario,X4428,0,0,0
TRAIN_00786,2025-04,Data Analytics,Universidad Partner,UBA,Cs Datos,Mendoza,27,Part-time,Basica,6.5,Mercado Pago,4,219000,15,0,Alto,SR08,18.8,1,1,1,9,3,3,9.4,0,0,Explorer,7,Miercoles,Tablet,Chrome,Azul,Leo,X9893,4,0,0
TRAIN_00787,2024-10,IA Generativa,Google Ads,ITBA,Diseno,GBA Norte,23,No trabaja,Basica,7.1,Tarjeta credito,6,214000,5,16,Alto,SR08,3.9,1,0,0,4,1,1,10.0,0,1,Upskiller,2,Viernes,Mobile,Safari,Rojo,Escorpio,X2198,5,0,0
TRAIN_00788,2024-08,Python,Web Organico,UTN,Psicologia,Rosario,26,Full-time,Intermedia,1.6,Tarjeta credito,6,184000,25,2,Bajo,SR04,0.1,0,0,0,4,0,1,8.4,0,0,Career switcher,3,Sabado,Mobile,Firefox,Violeta,Libra,X8250,9,0,0
TRAIN_00789,2025-05,Python,TikTok Ads,ITBA,Economia,Rosario,18,Full-time,,9.0,Tarjeta credito,6,229000,5,8,Alto,SR02,14.8,1,1,1,10,4,2,,0,0,Curioso,2,Viernes,Mobile,Chrome,Rojo,Leo,X1989,4,0,0
TRAIN_00790,2025-03,Python,Referido,Otra,Ingenieria,GBA Sur,23,No trabaja,Ninguna,10.3,Transferencia,9,200000,15,20,Bajo,SR02,10.8,1,0,1,9,2,2,7.1,1,0,Desempleado activo,4,Sabado,Desktop,Chrome,Naranja,Capricornio,X5542,9,0,0
TRAIN_00791,2025-02,SQL,TikTok Ads,UADE,Ingenieria,GBA Norte,19,Busca trabajo,Ninguna,7.3,Efectivo,9,174000,0,5,Medio,SR01,4.4,0,0,0,1,1,0,,0,1,Upskiller,2,Miercoles,Desktop,Chrome,Naranja,Aries,X6425,0,1,1
TRAIN_00792,2025-04,SQL,Instagram Ads,UADE,Administracion,GBA Oeste,24,No trabaja,Ninguna,6.8,Transferencia,3,132000,30,11,Alto,SR11,11.8,1,0,1,7,3,2,8.7,1,0,Upskiller,5,Lunes,Mobile,Chrome,Verde,Piscis,X9810,4,0,0
TRAIN_00793,2024-09,Web Dev,TikTok Ads,Otra,Ingenieria,CABA,23,Full-time,Avanzada,7.0,Mercado Pago,4,246000,10,0,Bajo,SR08,1.9,1,0,1,7,2,3,6.8,0,0,Curioso,6,Viernes,Mobile,Edge,Rojo,Acuario,X1062,7,0,0
TRAIN_00794,2024-08,Python,Evento,UADE,Otra,GBA Sur,18,Part-time,Basica,7.9,,4,187000,20,29,Medio,SR07,42.3,0,1,0,4,2,3,,0,0,Upskiller,1,Miercoles,Desktop,Chrome,Verde,Tauro,X6441,1,1,1
TRAIN_00795,2024-09,SQL,Google Ads,UBA,Diseno,GBA Sur,25,Part-time,Basica,9.7,Mercado Pago,3,199000,0,27,Bajo,SR07,26.1,0,0,1,9,4,3,9.2,0,0,Career switcher,1,Jueves,Mobile,Chrome,Azul,Cancer,X7200,0,0,0
TRAIN_00796,2025-05,IA Generativa,Universidad Partner,UBA,Administracion,GBA Sur,19,Full-time,Avanzada,11.1,Efectivo,4,174000,20,7,Alto,SR10,4.8,1,1,1,11,4,3,5.7,0,0,Career switcher,1,Jueves,Mobile,Chrome,Naranja,Tauro,X6069,8,0,0
TRAIN_00797,2024-11,Python,Instagram Ads,UBA,Otra,GBA Sur,22,No trabaja,,6.5,Tarjeta credito,9,233000,5,21,Alto,SR02,6.4,1,1,1,8,4,2,9.4,0,0,Career switcher,3,Jueves,Tablet,Edge,Rojo,Acuario,X9219,7,0,0
TRAIN_00798,2024-11,Web Dev,Referido,UADE,Cs Datos,Rosario,23,Part-time,Basica,5.3,Efectivo,3,104000,0,5,Medio,SR06,5.1,1,1,1,8,4,3,,0,0,Upskiller,3,Miercoles,Desktop,Otro,Rojo,Piscis,X8299,4,1,1
TRAIN_00799,2024-11,Data Analytics,Web Organico,UBA,Otra,CABA,32,No trabaja,Ninguna,6.0,Tarjeta credito,6,187000,30,8,Bajo,SR08,1.5,1,0,0,0,0,0,,0,0,Career switcher,3,Martes,Mobile,Safari,Naranja,Piscis,X9660,2,1,1
TRAIN_00800,2024-10,Python,Web Organico,UTN,Cs Datos,Mendoza,23,Freelance,Ninguna,9.6,Efectivo,3,233000,0,0,Medio,SR09,4.0,0,0,1,6,4,2,5.6,0,0,Career switcher,1,Sabado,Desktop,Chrome,Azul,Aries,X3785,7,0,0
TRAIN_00801,2025-04,Python,TikTok Ads,Universidad Austral,Economia,GBA Sur,25,Part-time,Intermedia,3.5,Tarjeta debito,2,240000,0,25,Bajo,SR08,6.3,0,1,1,4,3,1,8.2,0,0,Curioso,6,Lunes,Mobile,Edge,Naranja,Sagitario,X4327,1,0,0
TRAIN_00802,2024-10,IA Generativa,Universidad Partner,UNLP,Ingenieria,CABA,24,Busca trabajo,Ninguna,3.5,Mercado Pago,3,140000,30,13,Medio,SR10,47.4,1,0,1,5,4,1,8.6,0,1,Curioso,0,Viernes,Tablet,Safari,Naranja,Sagitario,X4389,7,0,0
TRAIN_00803,2024-09,SQL,Instagram Ads,Otra,Administracion,GBA Norte,27,Freelance,Intermedia,6.4,Transferencia,3,175000,0,3,Bajo,SR08,26.2,1,0,1,9,4,4,8.4,0,1,Career switcher,2,Viernes,Desktop,Chrome,Verde,Cancer,X5394,9,0,0
TRAIN_00804,2025-05,Machine Learning,Google Ads,UTN,Economia,Cordoba,29,Busca trabajo,Intermedia,,Tarjeta debito,1,227000,30,0,Bajo,SR02,5.0,1,0,0,4,2,1,8.0,0,0,Upskiller,4,Jueves,Desktop,Chrome,Azul,Capricornio,X9775,3,0,0
TRAIN_00805,2024-11,Data Analytics,Referido,UBA,Cs Datos,CABA,26,No trabaja,Basica,7.0,Tarjeta debito,2,231000,15,14,Bajo,SR04,6.2,1,0,1,12,4,3,6.3,1,0,Upskiller,2,Sabado,Tablet,Chrome,Azul,Leo,X7962,4,0,0
TRAIN_00806,2025-05,SQL,Evento,UBA,Administracion,GBA Norte,18,No trabaja,Basica,7.3,Mercado Pago,3,156000,5,12,Medio,SR07,13.1,1,0,1,10,4,1,8.8,0,1,Upskiller,0,Viernes,Mobile,Chrome,Violeta,Tauro,X2970,8,0,0
TRAIN_00807,2025-03,Python,TikTok Ads,UTN,Economia,GBA Sur,21,Full-time,Ninguna,6.3,Transferencia,4,252000,0,18,Alto,SR01,81.0,0,0,0,7,3,4,9.0,0,0,Desempleado activo,3,Lunes,Desktop,Chrome,Rojo,Libra,X8592,6,0,0
TRAIN_00808,2025-04,Web Dev,TikTok Ads,UBA,Cs Datos,CABA,23,No trabaja,Ninguna,3.5,Mercado Pago,12,206000,25,18,Bajo,SR07,2.4,1,0,1,12,4,5,7.6,0,0,Desempleado activo,7,Miercoles,Mobile,Chrome,Verde,Acuario,X7449,2,0,0
TRAIN_00809,2024-09,Machine Learning,TikTok Ads,Universidad Austral,Ingenieria,CABA,24,Full-time,Basica,3.4,Transferencia,3,275000,15,7,Medio,SR10,7.8,0,1,0,3,1,0,6.8,0,0,Explorer,2,Miercoles,Desktop,Chrome,Naranja,Cancer,X7436,5,0,0
TRAIN_00810,2025-04,Machine Learning,Instagram Ads,UNLP,Ingenieria,CABA,22,No trabaja,,5.6,Tarjeta credito,2,198000,40,19,Alto,SR01,22.7,1,1,1,9,4,2,8.8,0,0,Upskiller,4,Viernes,Mobile,Safari,Azul,Virgo,X7189,2,0,0
TRAIN_00811,2025-05,Python,Instagram Ads,Otra,Cs Datos,Mendoza,23,No trabaja,Basica,11.7,Tarjeta credito,4,238000,10,3,Medio,SR01,4.1,1,1,1,8,4,1,7.9,0,0,Explorer,0,Lunes,Mobile,Firefox,Rojo,Aries,X5643,7,0,0
TRAIN_00812,2025-04,Data Analytics,Google Ads,Otra,Ingenieria,CABA,23,Busca trabajo,Basica,2.1,Tarjeta credito,4,181000,20,6,,SR12,4.5,1,0,1,6,4,2,9.7,0,0,Upskiller,0,Martes,Desktop,Chrome,Azul,Libra,X5315,8,0,0
TRAIN_00813,2025-02,Python,Web Organico,Otra,Cs Datos,GBA Norte,18,No trabaja,Basica,10.8,Mercado Pago,3,202000,15,5,Alto,SR01,15.6,1,0,0,5,2,4,8.6,0,0,Desempleado activo,0,Sabado,Desktop,Edge,Azul,Libra,X2645,8,0,0
TRAIN_00814,2024-11,Web Dev,Universidad Partner,UNLP,Ingenieria,Rosario,22,Full-time,Basica,0.9,Tarjeta credito,3,246000,0,0,Alto,SR02,3.6,1,1,0,10,4,5,6.7,0,0,Upskiller,1,Jueves,Desktop,Safari,Azul,Leo,X9019,4,0,0
TRAIN_00815,2024-10,Python,Google Ads,UNLP,Diseno,CABA,29,Part-time,,9.8,Tarjeta credito,3,177000,25,23,Bajo,SR06,3.0,1,1,1,10,4,3,,0,0,Desempleado activo,4,Sabado,Mobile,Safari,Violeta,Virgo,X1908,5,0,0
TRAIN_00816,2025-03,Machine Learning,Web Organico,Otra,Economia,CABA,18,No trabaja,Ninguna,4.0,Mercado Pago,2,279000,10,4,Medio,SR05,7.9,1,0,1,9,4,2,10.0,0,0,Curioso,3,Sabado,Desktop,Chrome,Azul,Tauro,X9103,0,0,0
TRAIN_00817,2024-09,Web Dev,Referido,Otra,Ingenieria,Otra,21,No trabaja,Avanzada,4.8,Tarjeta credito,6,180000,30,5,Alto,SR11,4.0,1,1,1,7,3,2,7.2,0,0,Curioso,3,Lunes,Desktop,Chrome,Naranja,Acuario,X7867,0,0,0
TRAIN_00818,2024-10,Web Dev,TikTok Ads,UTN,Ingenieria,GBA Norte,25,Part-time,Intermedia,7.0,Tarjeta credito,1,228000,5,11,Medio,SR06,38.7,0,0,1,9,4,4,8.5,0,0,Upskiller,4,Sabado,Mobile,Safari,Verde,Tauro,X6745,7,0,0
TRAIN_00819,2025-03,Web Dev,TikTok Ads,UBA,Economia,GBA Sur,31,No trabaja,Basica,6.6,Tarjeta debito,6,164000,35,24,Medio,SR11,2.1,1,0,1,8,4,2,8.2,0,0,Career switcher,5,Jueves,Mobile,Edge,Naranja,Virgo,X9103,4,0,0
TRAIN_00820,2024-11,IA Generativa,TikTok Ads,UBA,Ingenieria,CABA,28,Freelance,Avanzada,3.1,Tarjeta credito,6,181000,15,15,Medio,SR01,7.4,1,0,0,1,1,2,7.0,0,0,Curioso,3,Jueves,Desktop,Chrome,Violeta,Aries,X8120,0,1,1
TRAIN_00821,2025-02,Python,Google Ads,Otra,Otra,CABA,25,Part-time,Ninguna,9.5,Mercado Pago,3,197000,15,16,,SR12,5.2,1,0,0,12,4,4,6.9,0,0,Career switcher,3,Lunes,Desktop,Chrome,Violeta,Acuario,X4002,6,0,0
TRAIN_00822,2024-09,Python,Referido,UBA,Ingenieria,CABA,18,Busca trabajo,Basica,3.1,Mercado Pago,2,170000,30,16,Medio,SR09,6.1,0,0,0,3,1,0,,0,0,Explorer,1,Miercoles,Desktop,Chrome,Gris,Acuario,X2383,2,1,1
TRAIN_00823,2024-10,IA Generativa,TikTok Ads,Universidad Austral,Diseno,GBA Oeste,30,No trabaja,Basica,9.1,Transferencia,3,155000,30,14,Medio,SR01,14.0,1,0,1,9,4,3,7.5,1,0,Desempleado activo,2,Viernes,Mobile,Firefox,Verde,Aries,X2293,9,0,0
TRAIN_00824,2025-02,Machine Learning,Google Ads,Universidad Austral,Ingenieria,CABA,24,Part-time,Ninguna,6.1,Tarjeta credito,1,229000,30,17,Alto,SR01,3.5,0,1,0,6,1,3,8.3,0,0,Curioso,1,Lunes,Mobile,Chrome,Naranja,Escorpio,X1891,4,0,0
TRAIN_00825,2024-11,Web Dev,Instagram Ads,UBA,Cs Datos,GBA Norte,32,Part-time,,10.2,Tarjeta credito,2,176000,25,15,Alto,SR06,12.3,1,1,0,10,3,3,,1,1,Upskiller,0,Martes,Desktop,Chrome,Violeta,Aries,X6128,8,0,1
TRAIN_00826,2024-08,Python,Referido,UTN,Ingenieria,GBA Oeste,18,Part-time,Ninguna,8.5,Efectivo,6,212000,5,1,Bajo,SR07,1.7,0,0,0,5,2,1,7.6,0,0,Explorer,0,Sabado,Desktop,Chrome,Verde,Piscis,X5434,6,0,0
TRAIN_00827,2024-11,Machine Learning,Referido,Universidad Austral,Ingenieria,Rosario,26,No trabaja,Basica,6.2,Mercado Pago,2,303000,5,22,Medio,SR06,78.7,1,0,1,12,4,3,8.0,1,0,Explorer,0,Miercoles,Desktop,Chrome,Verde,Capricornio,X9984,5,0,0
TRAIN_00828,2024-09,Data Analytics,TikTok Ads,Otra,Otra,GBA Sur,26,Busca trabajo,Ninguna,6.4,Tarjeta credito,1,235000,10,17,Bajo,SR03,1.6,0,1,1,4,1,2,,0,1,Desempleado activo,3,Lunes,Desktop,Chrome,Violeta,Cancer,X8529,1,0,0
TRAIN_00829,2025-02,Data Analytics,Google Ads,UTN,Cs Datos,GBA Oeste,28,No trabaja,Ninguna,6.8,Tarjeta credito,3,241000,5,1,Bajo,SR09,30.9,1,1,1,8,4,2,9.9,0,0,Career switcher,3,Martes,Desktop,Chrome,Naranja,Cancer,X2441,7,0,0
TRAIN_00830,2025-04,SQL,Universidad Partner,ITBA,Psicologia,CABA,21,Part-time,Intermedia,11.1,Transferencia,2,129000,25,19,Medio,SR09,9.7,1,1,1,7,4,1,,0,0,Curioso,0,Sabado,Desktop,Chrome,Verde,Acuario,X1740,9,0,0
TRAIN_00831,2024-11,Machine Learning,Instagram Ads,Otra,Diseno,Rosario,27,No trabaja,Intermedia,12.2,Transferencia,3,192000,35,12,Medio,SR11,0.6,0,1,0,2,0,0,,0,0,Desempleado activo,3,Martes,Mobile,Safari,Azul,Acuario,X2308,3,0,0
TRAIN_00832,2024-11,IA Generativa,Referido,UBA,Otra,GBA Oeste,21,Full-time,,0.0,Tarjeta credito,3,213000,5,17,Alto,SR07,3.8,1,0,1,10,4,2,6.3,0,0,Upskiller,2,Lunes,Tablet,Chrome,Rojo,Acuario,X6611,9,0,0
TRAIN_00833,2025-02,Web Dev,Instagram Ads,ITBA,Ingenieria,CABA,19,No trabaja,Intermedia,10.3,Mercado Pago,9,215000,15,24,Alto,SR01,14.1,1,1,1,43,4,10,8.6,1,0,Curioso,0,Sabado,Mobile,Chrome,Verde,Virgo,X4094,0,0,0
TRAIN_00834,2024-11,Web Dev,Referido,Otra,Economia,Rosario,23,No trabaja,Ninguna,6.0,Tarjeta credito,2,234000,20,12,Medio,SR05,19.6,1,0,1,3,1,4,,0,0,Career switcher,6,Sabado,Desktop,Firefox,Violeta,Escorpio,X1769,5,0,0
TRAIN_00835,2025-03,Python,Instagram Ads,Otra,Administracion,Rosario,25,Part-time,Intermedia,5.5,Transferencia,2,200000,15,7,Medio,SR03,9.2,1,0,1,4,4,1,,0,1,Career switcher,3,Martes,Mobile,Chrome,Violeta,Leo,X7812,8,1,1
TRAIN_00836,2025-05,Web Dev,Google Ads,UBA,Economia,CABA,35,No trabaja,Basica,12.6,Tarjeta credito,6,247000,0,15,Alto,SR06,16.4,1,1,1,11,4,4,7.5,0,0,Upskiller,2,Miercoles,Desktop,Chrome,Verde,Acuario,X8775,4,0,0
TRAIN_00837,2024-10,Machine Learning,Universidad Partner,Otra,Otra,CABA,31,Freelance,Basica,4.3,Tarjeta debito,4,218000,30,26,Medio,SR08,0.7,0,1,0,2,2,2,5.1,0,0,Explorer,1,Lunes,Mobile,Chrome,Violeta,Cancer,X2837,0,0,0
TRAIN_00838,2025-04,Data Analytics,Referido,UADE,Cs Datos,GBA Norte,25,Freelance,Ninguna,1.5,Transferencia,9,203000,25,10,Medio,SR07,0.2,1,0,0,5,2,2,5.5,0,0,Career switcher,2,Lunes,Mobile,Safari,Violeta,Piscis,X2149,1,0,0
TRAIN_00839,2024-09,Python,Instagram Ads,Otra,Administracion,CABA,23,No trabaja,Avanzada,10.3,Tarjeta credito,6,209000,10,30,Medio,SR02,13.9,1,1,1,5,4,2,9.1,0,0,Career switcher,4,Sabado,Mobile,Edge,Azul,Aries,X6334,3,0,0
TRAIN_00840,2025-04,Data Analytics,Referido,Otra,Economia,Mendoza,31,No trabaja,Ninguna,16.3,Tarjeta debito,3,230000,15,1,Medio,SR02,21.7,1,1,1,8,4,2,8.5,0,0,Career switcher,0,Viernes,Desktop,Firefox,Verde,Escorpio,X1812,0,0,0
TRAIN_00841,2025-02,Data Analytics,TikTok Ads,UNLP,Cs Datos,Mendoza,18,Busca trabajo,Basica,7.9,Tarjeta debito,6,260000,0,14,Bajo,SR12,26.0,1,0,1,7,4,1,,0,0,Upskiller,4,Jueves,Mobile,Chrome,Naranja,Tauro,X4447,6,0,0
TRAIN_00842,2024-10,Data Analytics,TikTok Ads,ITBA,Administracion,La Plata,22,Part-time,Ninguna,,Transferencia,2,254000,10,6,Medio,SR02,2.4,0,0,0,6,4,4,8.8,0,1,Career switcher,3,Miercoles,Mobile,Chrome,Azul,Escorpio,X6818,9,0,0
TRAIN_00843,2025-02,SQL,Instagram Ads,Universidad Austral,Ingenieria,La Plata,28,Part-time,,9.7,Transferencia,6,139000,25,16,Alto,SR03,4.9,0,0,1,6,4,0,9.9,1,0,Curioso,5,Lunes,Mobile,Safari,Rojo,Libra,X1146,0,0,0
TRAIN_00844,2025-02,Web Dev,Evento,Otra,Cs Datos,La Plata,21,Busca trabajo,Avanzada,5.5,Tarjeta credito,4,206000,25,7,Alto,SR10,1.3,1,1,1,12,4,3,7.4,0,0,Career switcher,2,Lunes,Desktop,Safari,Rojo,Escorpio,X9090,9,0,0
TRAIN_00845,2025-04,Data Analytics,Google Ads,UBA,Otra,Mendoza,26,Full-time,Intermedia,0.0,Transferencia,4,186000,30,19,Bajo,SR06,5.0,1,0,0,6,3,4,7.0,0,0,Desempleado activo,2,Martes,Mobile,Safari,Violeta,Capricornio,X2250,2,0,0
TRAIN_00846,2024-11,Machine Learning,Instagram Ads,UADE,Ingenieria,Mendoza,31,Full-time,Basica,10.5,Tarjeta credito,3,310000,5,7,Bajo,SR12,13.1,1,0,1,12,4,2,,0,0,Curioso,3,Sabado,Desktop,Chrome,Violeta,Cancer,X2854,7,0,0
TRAIN_00847,2024-09,Python,Instagram Ads,UBA,Ingenieria,CABA,21,Part-time,Ninguna,7.3,Transferencia,4,182000,20,13,Medio,SR08,0.1,1,1,1,5,4,2,,0,0,Curioso,3,Viernes,Desktop,Safari,Azul,Geminis,X7421,2,0,1
TRAIN_00848,2025-03,IA Generativa,Evento,UBA,Economia,Rosario,23,Freelance,Basica,8.9,Transferencia,6,168000,20,15,Bajo,SR10,6.7,1,0,1,8,4,2,,0,1,Upskiller,4,Martes,Desktop,Chrome,Verde,Capricornio,X7877,8,0,0
TRAIN_00849,2024-08,IA Generativa,Universidad Partner,Otra,Cs Datos,GBA Sur,23,No trabaja,Basica,11.2,Tarjeta credito,6,215000,0,12,Medio,SR08,5.0,1,0,1,10,4,3,9.2,0,0,Curioso,3,Miercoles,Mobile,Safari,Gris,Sagitario,X7002,5,0,0
TRAIN_00850,2025-04,Machine Learning,Google Ads,Universidad Austral,Cs Datos,La Plata,27,Freelance,Intermedia,8.6,Tarjeta credito,3,231000,30,13,Alto,SR08,7.1,1,1,1,12,4,4,8.6,0,1,Curioso,2,Martes,Mobile,Edge,Azul,Piscis,X5416,9,0,0
TRAIN_00851,2024-09,SQL,Referido,Universidad Austral,Ingenieria,CABA,26,No trabaja,Intermedia,9.8,Mercado Pago,4,172000,5,15,Medio,SR03,11.5,1,0,1,9,4,4,8.6,0,0,Desempleado activo,0,Miercoles,Desktop,Chrome,Gris,Leo,X9229,8,0,0
TRAIN_00852,2025-03,Web Dev,Web Organico,UADE,Cs Datos,Rosario,27,No trabaja,Ninguna,12.8,Tarjeta debito,2,240000,0,22,Alto,SR09,8.5,1,1,1,10,4,3,7.3,0,0,Explorer,3,Miercoles,Mobile,Chrome,Verde,Aries,X9505,0,0,0
TRAIN_00853,2024-10,Machine Learning,Referido,Otra,Ingenieria,CABA,21,Full-time,Intermedia,0.1,Tarjeta credito,3,226000,30,14,Medio,SR03,4.8,1,0,1,9,4,5,6.8,0,0,Desempleado activo,4,Lunes,Mobile,Edge,Naranja,Escorpio,X8783,5,0,0
TRAIN_00854,2024-10,Python,Web Organico,UNLP,Otra,Mendoza,31,No trabaja,Ninguna,6.3,Tarjeta credito,9,193000,30,20,Bajo,SR01,9.9,1,0,0,4,2,0,,0,1,Curioso,1,Miercoles,Mobile,Chrome,Verde,Capricornio,X4317,6,1,1
TRAIN_00855,2025-05,IA Generativa,Universidad Partner,Otra,Diseno,CABA,24,Full-time,Basica,7.6,Tarjeta debito,12,175000,15,12,Medio,SR07,2.2,1,1,1,11,4,2,10.0,0,1,Explorer,3,Sabado,Mobile,Safari,Gris,Cancer,X4631,3,0,0
TRAIN_00856,2024-10,IA Generativa,Google Ads,ITBA,Administracion,CABA,18,Freelance,Ninguna,11.2,Tarjeta credito,6,149000,25,22,Medio,SR11,7.1,0,0,1,4,4,2,10.0,0,0,Career switcher,5,Sabado,Mobile,Chrome,Violeta,Aries,X5069,3,0,0
TRAIN_00857,2024-09,Web Dev,Web Organico,UADE,Otra,CABA,25,Busca trabajo,Ninguna,9.6,Transferencia,6,187000,20,17,Alto,SR02,31.7,1,0,1,7,4,3,10.0,0,1,Career switcher,0,Sabado,Mobile,Chrome,Violeta,Geminis,X4533,6,0,0
TRAIN_00858,2025-05,Python,Referido,Otra,Cs Datos,CABA,24,Full-time,Ninguna,3.7,Tarjeta credito,4,198000,20,19,Medio,SR04,0.4,1,0,1,6,4,3,7.2,0,0,Explorer,4,Viernes,Mobile,Edge,Naranja,Tauro,X7268,8,0,0
TRAIN_00859,2025-02,Web Dev,Instagram Ads,UADE,Cs Datos,GBA Oeste,24,No trabaja,Ninguna,15.2,Tarjeta credito,4,266000,0,24,Medio,SR03,36.7,0,0,1,4,4,1,,0,0,Career switcher,3,Martes,Mobile,Edge,Rojo,Aries,X7666,9,0,0
TRAIN_00860,2024-09,Data Analytics,Universidad Partner,Universidad Austral,Economia,CABA,29,Part-time,Ninguna,6.1,Transferencia,2,169000,30,18,Alto,SR01,19.2,0,1,1,8,4,0,9.7,0,0,Upskiller,0,Viernes,Desktop,Chrome,Naranja,Escorpio,X5630,9,0,0
TRAIN_00861,2024-08,Python,TikTok Ads,Universidad Austral,Ingenieria,GBA Sur,21,Busca trabajo,Basica,6.0,Tarjeta credito,4,190000,20,16,Alto,SR02,43.0,0,0,1,4,4,1,7.3,0,1,Career switcher,1,Sabado,Mobile,Otro,Violeta,Leo,X8165,9,0,0
TRAIN_00862,2025-04,Machine Learning,Google Ads,UTN,Cs Datos,La Plata,25,No trabaja,Ninguna,12.6,Tarjeta debito,3,107000,20,8,Bajo,SR05,6.1,1,1,1,15,4,4,,1,0,Curioso,5,Martes,Tablet,Safari,Violeta,Capricornio,X2116,6,1,1
TRAIN_00863,2024-08,Data Analytics,Instagram Ads,UTN,Economia,CABA,22,Busca trabajo,Intermedia,9.3,Mercado Pago,3,231000,15,24,Alto,SR03,3.1,0,1,0,3,0,2,,1,0,Career switcher,0,Viernes,Desktop,Chrome,Naranja,Acuario,X4962,0,1,1
TRAIN_00864,2025-02,Python,Google Ads,UADE,Ingenieria,GBA Oeste,25,No trabaja,Intermedia,8.6,Tarjeta credito,1,173000,25,18,Medio,SR05,4.1,1,0,1,9,4,3,8.1,1,0,Desempleado activo,2,Sabado,Mobile,Chrome,Gris,Piscis,X7556,8,0,0
TRAIN_00865,2024-11,Data Analytics,Instagram Ads,UBA,Cs Datos,Rosario,25,Full-time,Ninguna,,Tarjeta credito,3,218000,20,7,Bajo,SR11,39.2,1,0,0,3,2,3,,0,0,Curioso,1,Miercoles,Mobile,Chrome,Azul,Geminis,X7915,6,1,1
TRAIN_00866,2025-02,Data Analytics,TikTok Ads,UBA,Otra,GBA Norte,24,No trabaja,Basica,11.4,Tarjeta credito,6,223000,20,5,Medio,SR03,1.1,1,1,1,2,2,1,,0,1,Career switcher,0,Sabado,Mobile,Edge,Rojo,Escorpio,X2307,3,0,0
TRAIN_00867,2024-10,IA Generativa,Google Ads,UTN,Cs Datos,GBA Norte,24,Part-time,Basica,8.5,Mercado Pago,12,152000,20,0,Medio,SR02,7.9,1,1,1,10,4,2,10.0,0,0,Explorer,0,Sabado,Mobile,Edge,Naranja,Tauro,X5843,0,0,0
TRAIN_00868,2024-11,IA Generativa,Evento,ITBA,Ingenieria,CABA,19,Busca trabajo,Intermedia,12.5,,3,160000,25,16,Alto,SR10,9.5,1,0,1,14,4,2,8.5,0,0,Desempleado activo,5,Viernes,Mobile,Chrome,Rojo,Capricornio,X5801,3,0,0
TRAIN_00869,2024-11,Machine Learning,Instagram Ads,UBA,Economia,CABA,19,Busca trabajo,Avanzada,7.3,Transferencia,3,204000,30,20,Medio,SR12,18.9,1,0,0,3,2,2,7.0,0,0,Curioso,1,Lunes,Desktop,Chrome,Naranja,Acuario,X1934,1,0,1
TRAIN_00870,2025-05,Data Analytics,Google Ads,UBA,Economia,GBA Sur,23,Part-time,Intermedia,8.0,Transferencia,4,248000,5,10,Medio,SR02,30.6,1,0,0,9,4,2,,0,0,Curioso,3,Viernes,Mobile,Chrome,Naranja,Aries,X9518,4,0,1
TRAIN_00871,2024-11,Machine Learning,Instagram Ads,Otra,Otra,Mendoza,22,Freelance,Ninguna,4.9,Mercado Pago,9,310000,5,26,Bajo,SR06,0.3,1,0,1,10,4,4,5.6,0,0,Career switcher,0,Lunes,Mobile,Chrome,Rojo,Libra,X2341,0,0,0
TRAIN_00872,2024-09,IA Generativa,Referido,Otra,Administracion,GBA Norte,19,Part-time,Basica,11.9,Mercado Pago,4,159000,30,8,Bajo,SR10,,1,0,1,12,4,5,8.2,0,0,Curioso,2,Martes,Mobile,Firefox,Naranja,Capricornio,X1041,9,0,0
TRAIN_00873,2024-09,IA Generativa,TikTok Ads,Otra,Otra,CABA,24,No trabaja,Intermedia,4.4,Tarjeta debito,6,120000,35,10,,SR07,8.7,1,1,0,9,2,1,,0,1,Explorer,1,Viernes,Desktop,Chrome,Gris,Geminis,X5595,3,1,1
TRAIN_00874,2024-10,Machine Learning,Google Ads,UNLP,Otra,Rosario,21,Full-time,Basica,5.1,Tarjeta debito,6,232000,25,7,Medio,SR07,11.3,0,1,1,4,2,1,6.9,0,0,Desempleado activo,1,Sabado,Desktop,Otro,Gris,Libra,X3880,4,0,0
TRAIN_00875,2025-02,Data Analytics,Web Organico,UTN,Economia,CABA,30,Freelance,Ninguna,11.6,Tarjeta credito,3,212000,20,2,Medio,SR12,1.6,0,0,0,3,0,1,6.9,0,0,Desempleado activo,0,Martes,Desktop,Edge,Rojo,Piscis,X8667,2,0,0
TRAIN_00876,2024-11,Python,Google Ads,UTN,Ingenieria,GBA Norte,31,No trabaja,Basica,13.3,Tarjeta debito,3,193000,15,12,Bajo,SR08,4.5,1,0,1,10,4,1,9.3,0,0,Career switcher,2,Lunes,Mobile,Firefox,Gris,Piscis,X4228,5,0,0
TRAIN_00877,2025-05,IA Generativa,Instagram Ads,Universidad Austral,Cs Datos,GBA Sur,27,Full-time,Intermedia,9.6,Mercado Pago,1,148000,30,11,,SR01,14.0,1,0,1,5,3,3,7.2,0,0,Upskiller,4,Martes,Mobile,Chrome,Naranja,Sagitario,X4770,9,0,0
TRAIN_00878,2024-08,Machine Learning,Web Organico,UNLP,Cs Datos,CABA,26,No trabaja,Basica,10.1,Tarjeta credito,9,232000,30,18,Medio,SR05,0.3,1,0,1,14,4,6,10.0,1,1,Explorer,1,Jueves,Desktop,Chrome,Rojo,Sagitario,X9462,1,0,0
TRAIN_00879,2025-05,Machine Learning,Evento,Otra,Ingenieria,GBA Oeste,20,No trabaja,Ninguna,5.0,Transferencia,6,291000,10,17,Medio,SR04,13.9,1,1,0,10,4,2,9.1,0,0,Curioso,6,Martes,Mobile,Otro,Verde,Capricornio,X7404,6,0,0
TRAIN_00880,2024-08,Data Analytics,TikTok Ads,Otra,Otra,GBA Oeste,26,Full-time,Ninguna,6.2,Efectivo,3,200000,30,9,,SR06,5.1,1,0,1,9,4,4,7.3,0,0,Explorer,3,Viernes,Desktop,Chrome,Violeta,Virgo,X6852,5,0,0
TRAIN_00881,2025-02,Data Analytics,TikTok Ads,Otra,Diseno,CABA,22,No trabaja,Intermedia,8.7,Tarjeta debito,2,168000,35,14,Medio,SR08,6.4,1,0,1,12,4,1,5.8,1,0,Upskiller,2,Sabado,Mobile,Chrome,Gris,Sagitario,X1786,5,1,0
TRAIN_00882,2025-05,SQL,TikTok Ads,ITBA,Ingenieria,CABA,25,Part-time,Ninguna,9.6,Tarjeta debito,6,128000,30,14,Alto,SR11,2.5,0,1,1,9,4,3,10.0,1,1,Desempleado activo,1,Miercoles,Tablet,Safari,Gris,Leo,X3586,2,0,0
TRAIN_00883,2025-05,Python,Evento,UBA,Otra,Otra,18,Busca trabajo,Basica,9.2,,2,175000,30,0,Medio,SR04,14.9,1,1,1,4,3,1,6.4,1,0,Desempleado activo,1,Lunes,Mobile,Edge,Naranja,Cancer,X5674,2,0,0
TRAIN_00884,2024-10,Web Dev,Instagram Ads,Otra,Ingenieria,Otra,24,No trabaja,Basica,10.4,Tarjeta credito,6,251000,10,22,Bajo,SR01,14.8,1,0,1,12,4,1,6.6,0,0,Upskiller,0,Sabado,Desktop,Chrome,Rojo,Aries,X5165,5,0,0
TRAIN_00885,2024-10,SQL,Instagram Ads,UTN,Administracion,GBA Norte,19,No trabaja,Ninguna,8.8,Tarjeta debito,3,137000,25,19,Medio,SR12,15.3,0,1,1,8,4,2,,0,1,Curioso,0,Miercoles,Desktop,Chrome,Azul,Libra,X3852,7,0,1
TRAIN_00886,2024-10,SQL,Web Organico,UADE,Otra,Cordoba,23,Freelance,Ninguna,8.6,Tarjeta debito,3,162000,15,19,Alto,SR02,6.7,1,1,1,12,4,4,8.2,0,0,Upskiller,2,Martes,Mobile,Firefox,Violeta,Capricornio,X9248,8,0,0
TRAIN_00887,2025-03,Machine Learning,TikTok Ads,UADE,Ingenieria,Cordoba,28,Full-time,Ninguna,6.9,Mercado Pago,6,293000,5,14,Medio,SR10,6.5,0,0,1,6,4,2,8.7,0,0,Upskiller,2,Viernes,Mobile,Chrome,Verde,Acuario,X7444,8,0,0
TRAIN_00888,2025-04,Python,Referido,UADE,Ingenieria,CABA,21,Full-time,Ninguna,4.5,Transferencia,4,253000,0,9,Alto,SR05,0.4,1,1,1,7,4,4,8.3,0,0,Career switcher,2,Jueves,Desktop,Chrome,Azul,Sagitario,X1697,3,0,0
TRAIN_00889,2025-05,Python,TikTok Ads,UTN,Administracion,Rosario,26,No trabaja,,9.6,Mercado Pago,6,163000,30,19,Medio,SR01,13.5,1,1,0,3,2,0,7.8,0,0,Curioso,4,Lunes,Desktop,Chrome,Verde,Libra,X1570,3,0,0
TRAIN_00890,2024-08,Python,TikTok Ads,UADE,Cs Datos,Mendoza,23,No trabaja,Ninguna,10.5,Tarjeta debito,3,204000,30,8,Medio,SR12,30.0,0,0,0,3,1,3,6.0,0,0,Explorer,1,Martes,Mobile,Chrome,Azul,Escorpio,X3923,2,0,0
TRAIN_00891,2025-04,Machine Learning,Google Ads,UTN,Otra,Mendoza,27,Part-time,Ninguna,1.2,Tarjeta credito,6,242000,30,22,Alto,SR06,14.3,1,1,1,11,4,2,7.9,0,0,Upskiller,2,Martes,Desktop,Chrome,Azul,Tauro,X3585,3,0,0
TRAIN_00892,2025-02,Python,Universidad Partner,UTN,Administracion,Otra,29,Busca trabajo,Basica,6.0,Tarjeta credito,9,147000,30,12,Medio,SR06,4.3,1,0,0,6,4,1,8.6,0,0,Career switcher,1,Lunes,Desktop,Chrome,Azul,Virgo,X4218,5,0,0
TRAIN_00893,2025-05,Data Analytics,TikTok Ads,UTN,Economia,CABA,19,No trabaja,,11.6,Mercado Pago,3,258000,10,9,Medio,SR06,1.6,0,0,0,2,1,4,5.6,0,0,Desempleado activo,0,Viernes,Desktop,Chrome,Gris,Capricornio,X8380,8,1,1
TRAIN_00894,2025-02,Data Analytics,Instagram Ads,ITBA,Cs Datos,Cordoba,27,Freelance,Intermedia,8.8,Tarjeta debito,3,274000,0,11,Medio,SR12,2.6,1,0,1,8,4,1,,0,0,Explorer,0,Sabado,Desktop,Chrome,Verde,Cancer,X9315,4,1,1
TRAIN_00895,2025-02,Data Analytics,Web Organico,ITBA,Ingenieria,GBA Sur,26,Part-time,Intermedia,5.3,Tarjeta credito,2,209000,20,11,Medio,SR02,2.3,1,0,1,10,4,4,8.2,0,0,Explorer,1,Jueves,Mobile,Safari,Naranja,Geminis,X3589,0,0,0
TRAIN_00896,2024-10,Python,Web Organico,UBA,Ingenieria,CABA,48,No trabaja,Avanzada,11.5,Efectivo,3,173000,25,15,Alto,SR12,1.9,1,1,1,10,4,3,9.6,0,1,Career switcher,3,Lunes,Desktop,Chrome,Azul,Escorpio,X8933,1,0,0
TRAIN_00897,2025-04,Web Dev,Evento,Otra,Cs Datos,Otra,27,Part-time,Intermedia,10.6,Mercado Pago,3,196000,30,13,,SR11,1.0,1,0,1,8,4,1,10.0,0,0,Career switcher,4,Viernes,Mobile,Chrome,Azul,Capricornio,X3795,8,0,0
TRAIN_00898,2025-03,Python,Evento,UNLP,Ingenieria,La Plata,29,Busca trabajo,Basica,,Transferencia,6,225000,0,18,Medio,SR05,12.7,1,0,1,9,4,3,6.9,0,0,Curioso,5,Jueves,Desktop,Chrome,Verde,Escorpio,X7456,0,0,0
TRAIN_00899,2024-09,IA Generativa,Referido,Otra,Ingenieria,Cordoba,22,No trabaja,Basica,14.3,Tarjeta credito,2,192000,10,17,Medio,SR06,12.8,1,0,1,6,3,3,8.2,1,0,Career switcher,2,Martes,Mobile,Chrome,Azul,Tauro,X4697,9,0,0
TRAIN_00900,2024-10,Web Dev,Universidad Partner,UADE,Otra,Rosario,18,Part-time,Basica,1.1,Tarjeta credito,1,200000,30,11,Medio,SR09,21.8,0,1,1,6,3,2,8.7,0,0,Career switcher,2,Viernes,Mobile,Safari,Verde,Leo,X8480,5,0,0
TRAIN_00901,2025-02,Python,Instagram Ads,Universidad Austral,Otra,Otra,31,No trabaja,,9.0,Transferencia,9,156000,30,16,Bajo,SR03,61.2,1,0,1,8,4,0,7.3,1,0,Explorer,2,Sabado,Mobile,Edge,Naranja,Acuario,X7659,0,0,0
TRAIN_00902,2025-04,Data Analytics,Referido,UTN,Otra,Otra,26,Full-time,Ninguna,,Mercado Pago,6,251000,0,29,Medio,SR11,5.0,1,1,1,11,4,4,8.2,1,0,Explorer,5,Miercoles,Desktop,Edge,Violeta,Geminis,X2769,5,0,0
TRAIN_00903,2024-09,Web Dev,TikTok Ads,UTN,Psicologia,CABA,21,No trabaja,Intermedia,10.4,Mercado Pago,9,247000,0,11,Medio,SR03,233.6,1,0,0,6,2,3,4.9,0,0,Curioso,4,Viernes,Mobile,Chrome,Rojo,Aries,X7481,6,1,1
TRAIN_00904,2024-08,Web Dev,Instagram Ads,ITBA,Cs Datos,Otra,23,Part-time,Ninguna,0.0,,2,173000,30,23,Medio,SR07,9.3,1,0,0,7,3,1,7.8,0,0,Career switcher,0,Sabado,Desktop,Chrome,Azul,Sagitario,X7034,1,0,0
TRAIN_00905,2024-08,IA Generativa,TikTok Ads,UTN,Cs Datos,Mendoza,24,Full-time,Ninguna,7.5,Tarjeta credito,3,221000,5,2,Alto,SR10,0.7,1,1,1,8,4,2,6.4,0,0,Curioso,3,Martes,Mobile,Chrome,Azul,Escorpio,X4288,1,0,0
TRAIN_00906,2025-04,Python,Instagram Ads,Otra,Psicologia,CABA,19,Part-time,Basica,8.1,Tarjeta credito,2,175000,30,3,Bajo,SR09,12.4,1,1,0,3,1,3,,0,0,Career switcher,6,Martes,Mobile,Chrome,Violeta,Tauro,X4841,1,0,0
TRAIN_00907,2024-09,IA Generativa,Instagram Ads,UBA,Economia,GBA Norte,18,No trabaja,Basica,8.6,Transferencia,9,83000,5,22,Bajo,SR08,50.4,1,0,1,13,4,5,,0,0,Explorer,1,Lunes,Mobile,Safari,Azul,Escorpio,X9758,5,0,1
TRAIN_00908,2024-08,SQL,Universidad Partner,UNLP,Ingenieria,GBA Oeste,19,Part-time,Ninguna,9.2,Tarjeta credito,9,142000,25,8,Medio,SR08,2.9,0,1,1,11,4,4,8.7,0,1,Upskiller,2,Jueves,Desktop,Chrome,Gris,Sagitario,X1702,4,0,0
TRAIN_00909,2024-08,Data Analytics,TikTok Ads,UBA,Administracion,Mendoza,27,Full-time,Intermedia,0.9,Tarjeta debito,2,218000,20,12,Bajo,SR11,7.9,1,0,0,8,1,1,6.2,0,0,Career switcher,3,Viernes,Mobile,Safari,Verde,Escorpio,X2127,3,0,0
TRAIN_00910,2025-03,Web Dev,Google Ads,Otra,Economia,La Plata,21,Full-time,Intermedia,4.5,Mercado Pago,4,223000,15,0,Alto,SR07,0.6,1,0,0,5,0,2,,0,0,Upskiller,4,Sabado,Desktop,Safari,Naranja,Acuario,X8014,5,0,0
TRAIN_00911,2024-10,IA Generativa,Instagram Ads,UNLP,Economia,CABA,25,Freelance,Intermedia,,Transferencia,3,195000,10,21,Medio,SR07,11.0,0,1,0,9,4,4,,1,0,Career switcher,7,Lunes,Tablet,Chrome,Violeta,Sagitario,X8215,2,1,1
TRAIN_00912,2025-03,Python,Evento,UBA,Otra,GBA Sur,23,Part-time,Ninguna,2.9,,2,225000,0,19,Bajo,SR08,59.2,1,1,1,12,4,3,10.0,0,1,Explorer,3,Sabado,Mobile,Chrome,Azul,Escorpio,X1150,6,0,0
TRAIN_00913,2025-04,Machine Learning,Instagram Ads,UBA,Administracion,Otra,18,Part-time,Ninguna,7.7,Transferencia,2,265000,15,12,Medio,SR01,,1,0,1,12,4,6,8.3,0,0,Career switcher,3,Martes,Mobile,Firefox,Naranja,Virgo,X1834,6,0,0
TRAIN_00914,2024-10,Web Dev,Referido,UTN,Administracion,GBA Oeste,28,Part-time,Basica,9.5,Tarjeta credito,6,222000,10,20,Alto,SR09,15.3,1,1,1,11,4,7,,0,1,Explorer,4,Jueves,Mobile,Chrome,Rojo,Leo,X7185,1,0,0
TRAIN_00915,2025-04,Web Dev,TikTok Ads,UBA,Otra,Rosario,29,Busca trabajo,Basica,9.1,Mercado Pago,9,207000,20,13,Medio,SR03,4.7,0,0,0,0,0,1,7.7,0,0,Explorer,2,Miercoles,Tablet,Safari,Violeta,Geminis,X1910,6,0,0
TRAIN_00916,2024-09,Python,Web Organico,UNLP,Psicologia,Otra,24,Freelance,Intermedia,5.8,Efectivo,6,189000,20,12,Alto,SR06,9.9,1,1,1,6,3,3,,0,0,Desempleado activo,3,Miercoles,Desktop,Otro,Azul,Leo,X4146,4,0,0
TRAIN_00917,2025-05,Data Analytics,Instagram Ads,Otra,Diseno,CABA,24,No trabaja,Intermedia,3.6,,2,154000,35,12,Medio,SR11,0.1,0,1,1,3,3,0,,0,0,Explorer,0,Sabado,Desktop,Chrome,Violeta,Libra,X6437,7,0,0
TRAIN_00918,2025-02,Python,TikTok Ads,UBA,Ingenieria,CABA,20,Busca trabajo,Ninguna,13.5,Mercado Pago,1,229000,0,15,Medio,SR07,29.7,1,1,1,6,3,2,8.0,0,0,Upskiller,3,Lunes,Mobile,Safari,Gris,Tauro,X3457,7,0,0
TRAIN_00919,2024-11,IA Generativa,Web Organico,UBA,Administracion,CABA,22,Full-time,Basica,9.0,Mercado Pago,2,169000,20,19,Bajo,SR03,1.5,0,0,0,11,4,3,8.5,0,0,Desempleado activo,0,Viernes,Mobile,Chrome,Verde,Piscis,X7454,0,0,0
TRAIN_00920,2024-10,IA Generativa,TikTok Ads,UADE,Ingenieria,CABA,23,Full-time,Intermedia,6.4,Tarjeta debito,6,208000,0,18,Medio,SR07,4.4,1,0,1,7,4,3,9.7,0,0,Career switcher,4,Sabado,Mobile,Chrome,Rojo,Piscis,X2169,4,0,0
TRAIN_00921,2025-02,Machine Learning,Google Ads,UTN,Cs Datos,CABA,21,Full-time,Intermedia,7.9,Tarjeta debito,9,258000,15,6,Alto,SR05,27.1,0,0,0,0,0,2,5.0,0,0,Career switcher,3,Miercoles,Mobile,Firefox,Verde,Tauro,X4340,1,1,1
TRAIN_00922,2025-02,Web Dev,Evento,Otra,Cs Datos,Otra,24,No trabaja,Ninguna,4.1,Tarjeta credito,4,248000,10,10,Alto,SR02,2.2,1,1,1,43,4,10,9.8,1,0,Career switcher,3,Jueves,Desktop,Chrome,Verde,Cancer,X7705,8,0,0
TRAIN_00923,2024-08,Web Dev,Instagram Ads,UBA,Administracion,GBA Norte,18,Part-time,Avanzada,,Tarjeta credito,3,145000,40,26,Medio,SR08,15.1,0,0,1,2,2,0,5.4,1,0,Explorer,3,Miercoles,Desktop,Chrome,Naranja,Sagitario,X3387,5,0,0
TRAIN_00924,2024-10,Data Analytics,Web Organico,UADE,Economia,CABA,18,Part-time,Ninguna,15.3,,3,249000,0,27,Medio,SR10,49.1,0,0,0,7,2,2,6.3,0,0,Career switcher,3,Martes,Desktop,Firefox,Verde,Aries,X7792,7,0,0
TRAIN_00925,2025-03,Machine Learning,Universidad Partner,UTN,Ingenieria,GBA Norte,28,Full-time,Ninguna,3.9,Efectivo,2,308000,0,21,Medio,SR05,15.5,1,1,1,12,4,3,,0,0,Career switcher,5,Viernes,Desktop,Chrome,Gris,Acuario,X9484,3,0,0
TRAIN_00926,2024-10,Python,TikTok Ads,UTN,Ingenieria,CABA,18,Part-time,Basica,14.6,Transferencia,6,165000,30,18,Medio,SR05,7.7,0,1,1,3,4,2,7.7,1,0,Career switcher,2,Viernes,Mobile,Chrome,Naranja,Leo,X2798,3,0,0
TRAIN_00927,2024-10,Web Dev,Instagram Ads,Otra,Administracion,GBA Sur,18,No trabaja,Avanzada,9.0,Efectivo,2,234000,15,29,Bajo,SR09,35.4,1,1,1,11,4,5,9.0,0,0,Explorer,6,Sabado,Mobile,Chrome,Naranja,Libra,X6293,2,0,0
TRAIN_00928,2024-11,Python,Google Ads,UTN,Otra,GBA Norte,25,No trabaja,Ninguna,10.6,Transferencia,3,214000,5,16,Bajo,SR06,16.8,0,0,0,2,0,2,,0,0,Desempleado activo,0,Martes,Desktop,Chrome,Verde,Aries,X1320,9,1,1
TRAIN_00929,2024-11,Web Dev,Universidad Partner,Otra,Psicologia,GBA Sur,18,No trabaja,Basica,9.0,Transferencia,2,248000,5,20,Medio,SR08,3.5,1,1,0,4,2,1,9.1,1,0,Career switcher,3,Miercoles,Mobile,Edge,Violeta,Aries,X3056,3,0,0
TRAIN_00930,2025-04,Data Analytics,Evento,UBA,Ingenieria,CABA,29,Full-time,Basica,1.7,Transferencia,6,213000,25,8,Medio,SR03,3.2,0,1,0,5,1,0,,0,0,Career switcher,2,Viernes,Desktop,Otro,Gris,Acuario,X6149,7,0,1
TRAIN_00931,2024-09,Data Analytics,Referido,Otra,Administracion,CABA,18,No trabaja,Basica,7.9,Mercado Pago,6,248000,5,22,Medio,SR02,35.2,1,0,0,24,4,7,7.2,0,0,Career switcher,4,Viernes,Desktop,Safari,Gris,Cancer,X2272,9,0,0
TRAIN_00932,2025-03,IA Generativa,Google Ads,UTN,Ingenieria,GBA Norte,20,No trabaja,Basica,3.2,Transferencia,6,205000,5,11,Medio,SR01,1.5,1,1,0,7,2,0,8.1,0,1,Curioso,4,Jueves,Mobile,Edge,Violeta,Acuario,X6789,4,0,0
TRAIN_00933,2025-05,Data Analytics,Instagram Ads,Universidad Austral,Ingenieria,GBA Sur,18,No trabaja,Basica,7.9,Mercado Pago,2,202000,35,27,Bajo,SR09,0.8,1,0,0,7,3,2,5.5,1,0,Career switcher,3,Jueves,Mobile,Chrome,Azul,Acuario,X4263,1,0,1
TRAIN_00934,2025-05,SQL,Web Organico,Otra,Ingenieria,Rosario,24,Full-time,Basica,5.1,Transferencia,3,129000,30,38,Alto,SR06,2.9,1,0,0,8,2,1,,1,0,Curioso,3,Martes,Mobile,Safari,Gris,Tauro,X7344,7,0,0
TRAIN_00935,2024-11,Python,TikTok Ads,Otra,Diseno,CABA,23,No trabaja,Basica,11.6,Tarjeta credito,2,219000,5,20,Medio,SR11,7.4,1,1,1,8,4,3,,0,0,Explorer,5,Miercoles,Desktop,Safari,Violeta,Leo,X8406,3,1,1
TRAIN_00936,2024-08,Machine Learning,TikTok Ads,UTN,Otra,CABA,19,Full-time,Ninguna,,Mercado Pago,2,302000,0,15,Alto,SR03,14.6,0,1,0,6,3,2,8.8,0,0,Career switcher,5,Miercoles,Mobile,Safari,Naranja,Tauro,X8091,3,0,0
TRAIN_00937,2024-08,Python,Instagram Ads,Universidad Austral,Otra,CABA,22,No trabaja,Basica,,Mercado Pago,3,155000,30,25,Medio,SR09,13.2,1,0,1,5,4,0,8.1,1,0,Upskiller,3,Sabado,Desktop,Chrome,Rojo,Tauro,X6072,4,0,0
TRAIN_00938,2025-02,Python,Referido,UTN,Administracion,Otra,21,No trabaja,Intermedia,10.6,Tarjeta debito,4,185000,10,16,Alto,SR11,30.1,1,0,1,9,4,2,,0,0,Desempleado activo,1,Martes,Mobile,Chrome,Naranja,Aries,X3967,4,0,1
TRAIN_00939,2025-02,Data Analytics,Web Organico,UADE,Ingenieria,GBA Oeste,18,Full-time,Basica,2.8,Tarjeta credito,12,219000,20,6,Bajo,SR10,24.9,1,0,0,28,4,5,10.0,0,0,Explorer,3,Sabado,Tablet,Chrome,Violeta,Geminis,X2410,2,0,0
TRAIN_00940,2025-04,Machine Learning,Referido,UADE,Otra,GBA Oeste,18,Part-time,Basica,10.8,Tarjeta credito,3,263000,20,15,Medio,SR11,1.2,1,1,1,13,4,2,7.4,0,0,Explorer,2,Viernes,Desktop,Chrome,Azul,Acuario,X7885,0,1,0
TRAIN_00941,2025-02,IA Generativa,TikTok Ads,ITBA,Economia,CABA,27,Full-time,Avanzada,9.6,Transferencia,3,179000,15,18,Medio,SR07,26.1,1,0,0,5,1,0,,0,0,Curioso,2,Lunes,Mobile,Safari,Gris,Libra,X6648,0,0,1
TRAIN_00942,2024-09,Web Dev,Web Organico,Otra,Ingenieria,CABA,27,No trabaja,Intermedia,10.0,Transferencia,3,194000,15,9,Alto,SR06,4.8,1,1,1,9,4,5,6.6,0,0,Upskiller,0,Miercoles,Mobile,Firefox,Gris,Aries,X8567,2,0,0
TRAIN_00943,2024-11,SQL,Referido,UNLP,Ingenieria,GBA Sur,21,No trabaja,Avanzada,11.3,Tarjeta credito,6,172000,0,6,Alto,SR04,6.0,1,1,1,9,4,4,8.9,0,0,Career switcher,1,Viernes,Mobile,Safari,Verde,Tauro,X2061,5,0,0
TRAIN_00944,2025-03,Data Analytics,Instagram Ads,UTN,Ingenieria,GBA Norte,21,Full-time,,3.1,Tarjeta credito,9,160000,35,14,Medio,SR09,17.5,1,0,0,7,2,2,,0,0,Curioso,4,Martes,Mobile,Chrome,Azul,Cancer,X7163,4,1,1
TRAIN_00945,2025-05,Data Analytics,TikTok Ads,UBA,Cs Datos,Rosario,23,Part-time,Avanzada,3.4,Tarjeta credito,1,207000,20,23,Alto,SR05,53.6,1,1,1,12,4,3,8.4,0,0,Career switcher,2,Martes,Mobile,Chrome,Azul,Cancer,X1256,0,0,0
TRAIN_00946,2024-08,Machine Learning,TikTok Ads,UNLP,Ingenieria,GBA Oeste,26,Part-time,Basica,8.2,Efectivo,3,191000,40,2,Bajo,SR08,17.8,0,0,1,5,4,1,,0,1,Career switcher,0,Viernes,Mobile,Chrome,Azul,Tauro,X9656,2,1,1
TRAIN_00947,2025-02,Data Analytics,Instagram Ads,UTN,Ingenieria,GBA Norte,18,Freelance,,16.3,Transferencia,6,255000,5,15,Medio,SR10,0.9,0,0,0,0,2,0,5.3,0,0,Upskiller,1,Martes,Desktop,Safari,Violeta,Virgo,X8382,0,0,0
TRAIN_00948,2024-09,Python,Instagram Ads,ITBA,Ingenieria,CABA,22,Busca trabajo,Ninguna,10.6,Tarjeta debito,3,184000,30,6,Medio,SR07,19.2,1,0,1,9,4,4,7.7,0,0,Curioso,4,Viernes,Desktop,Chrome,Gris,Cancer,X3618,6,0,0
TRAIN_00949,2024-08,Web Dev,Referido,ITBA,Economia,CABA,19,Freelance,,8.4,,6,179000,25,0,Alto,SR07,14.7,1,1,1,8,4,3,7.2,0,0,Desempleado activo,1,Jueves,Desktop,Chrome,Azul,Virgo,X5208,9,0,0
TRAIN_00950,2024-10,Python,Universidad Partner,UTN,Ingenieria,GBA Sur,18,No trabaja,Basica,10.3,Tarjeta debito,3,192000,15,7,Medio,SR03,6.2,1,1,1,6,4,0,9.6,0,0,Desempleado activo,3,Sabado,Mobile,Safari,Verde,Leo,X7119,0,0,0
TRAIN_00951,2025-03,SQL,Google Ads,UBA,Diseno,Cordoba,24,No trabaja,Intermedia,12.1,Mercado Pago,2,130000,15,23,Alto,SR06,7.4,1,1,1,9,4,2,10.0,0,0,Explorer,4,Miercoles,Desktop,Chrome,Azul,Piscis,X7308,0,0,0
TRAIN_00952,2024-11,Python,Instagram Ads,Otra,Economia,La Plata,22,Freelance,Ninguna,6.7,Tarjeta credito,3,142000,35,19,Medio,SR08,0.3,0,0,0,6,4,2,8.4,0,0,Career switcher,2,Miercoles,Desktop,Chrome,Rojo,Geminis,X2384,6,0,0
TRAIN_00953,2024-11,Web Dev,Instagram Ads,UBA,Cs Datos,GBA Norte,25,Part-time,Ninguna,3.5,Tarjeta credito,9,221000,10,18,Medio,SR08,2.0,1,1,1,7,4,3,7.6,0,0,Explorer,5,Jueves,Tablet,Safari,Azul,Capricornio,X2669,8,0,0
TRAIN_00954,2024-11,Machine Learning,TikTok Ads,UTN,Diseno,Otra,29,Full-time,Basica,4.8,Tarjeta credito,2,298000,5,7,Medio,SR09,2.1,0,0,0,0,2,0,5.7,0,0,Desempleado activo,3,Lunes,Desktop,Edge,Violeta,Libra,X5970,7,0,0
TRAIN_00955,2024-09,Web Dev,Instagram Ads,UBA,Psicologia,CABA,25,Full-time,Ninguna,8.6,Tarjeta credito,1,192000,25,11,Medio,SR05,9.8,0,0,0,4,1,1,9.3,0,1,Desempleado activo,3,Viernes,Mobile,Chrome,Azul,Aries,X8550,3,0,0
TRAIN_00956,2024-11,Web Dev,TikTok Ads,Otra,Ingenieria,CABA,24,Freelance,Avanzada,10.6,Tarjeta debito,12,176000,25,5,Alto,SR01,4.2,1,0,1,5,4,0,,0,0,Curioso,4,Viernes,Mobile,Chrome,Gris,Libra,X8567,6,0,1
TRAIN_00957,2024-10,Python,TikTok Ads,Otra,Ingenieria,La Plata,18,Freelance,Basica,11.1,Tarjeta credito,3,187000,25,3,Alto,SR11,,1,1,1,11,4,2,9.6,0,0,Explorer,4,Martes,Desktop,Chrome,Naranja,Virgo,X7389,2,0,0
TRAIN_00958,2025-04,Data Analytics,Instagram Ads,UADE,Cs Datos,CABA,27,No trabaja,Ninguna,8.6,Tarjeta credito,3,212000,20,17,Medio,SR02,6.0,0,0,1,5,3,1,6.8,0,0,Curioso,3,Sabado,Mobile,Chrome,Gris,Aries,X2544,2,0,0
TRAIN_00959,2024-09,Web Dev,Google Ads,UBA,Psicologia,CABA,27,Part-time,Ninguna,10.4,Efectivo,3,255000,0,26,Medio,SR03,13.5,1,0,1,13,4,3,6.5,0,0,Desempleado activo,2,Miercoles,Desktop,Chrome,Violeta,Aries,X3216,5,0,0
TRAIN_00960,2025-03,Python,Universidad Partner,UNLP,Ingenieria,CABA,27,Full-time,Intermedia,0.9,Mercado Pago,4,210000,10,21,Alto,SR06,4.3,1,0,0,5,1,1,6.7,0,1,Career switcher,5,Miercoles,Desktop,Chrome,Azul,Cancer,X1642,0,0,0
TRAIN_00961,2024-09,Machine Learning,Instagram Ads,Universidad Austral,Ingenieria,GBA Norte,24,Freelance,Ninguna,11.1,Tarjeta debito,2,224000,35,23,Bajo,SR04,1.4,1,0,0,8,2,3,6.6,0,1,Explorer,5,Viernes,Desktop,Chrome,Rojo,Leo,X4224,7,0,0
TRAIN_00962,2025-05,Data Analytics,Evento,,Administracion,La Plata,23,Freelance,Basica,8.6,Tarjeta credito,9,208000,20,0,Medio,SR07,5.6,1,0,0,4,2,1,,0,1,Career switcher,2,Sabado,Mobile,Safari,Violeta,Leo,X9398,1,1,1
TRAIN_00963,2025-02,SQL,Instagram Ads,UTN,Ingenieria,GBA Norte,18,Freelance,Intermedia,10.8,Mercado Pago,4,139000,20,3,Bajo,SR06,11.4,1,1,1,10,4,4,6.2,0,0,Upskiller,1,Miercoles,Desktop,Chrome,Naranja,Acuario,X9158,2,0,0
TRAIN_00964,2025-04,SQL,Instagram Ads,Otra,Administracion,CABA,23,Part-time,Intermedia,4.4,Tarjeta credito,6,176000,5,28,Bajo,SR08,11.0,1,1,1,8,4,1,8.6,0,0,Upskiller,2,Viernes,Desktop,Chrome,Rojo,Piscis,X8584,8,0,0
TRAIN_00965,2025-02,Data Analytics,Web Organico,Otra,Ingenieria,CABA,18,Full-time,Intermedia,4.4,Transferencia,3,261000,5,28,Bajo,SR08,22.0,0,0,0,4,2,0,,1,0,Upskiller,0,Martes,Mobile,Chrome,Gris,Libra,X7735,2,0,0
TRAIN_00966,2024-11,Data Analytics,Evento,Otra,Cs Datos,GBA Sur,20,No trabaja,Basica,8.5,Tarjeta debito,3,183000,30,30,Alto,SR08,22.5,1,0,0,4,2,0,8.8,0,0,Career switcher,4,Lunes,Mobile,Safari,Gris,Aries,X8721,4,0,0
TRAIN_00967,2025-04,IA Generativa,Web Organico,UTN,Otra,Mendoza,28,Part-time,Avanzada,3.5,Tarjeta credito,12,184000,15,13,Bajo,SR07,1.8,0,1,1,11,4,4,7.3,0,0,Curioso,2,Miercoles,Mobile,Chrome,Azul,Virgo,X7505,2,0,0
TRAIN_00968,2025-02,Python,Referido,UTN,Ingenieria,GBA Norte,25,Busca trabajo,Ninguna,11.7,Tarjeta credito,4,188000,25,15,Medio,SR09,,1,1,1,7,4,2,,1,0,Career switcher,3,Sabado,Mobile,Firefox,Gris,Geminis,X4150,4,0,0
TRAIN_00969,2025-02,Data Analytics,Google Ads,UNLP,Cs Datos,GBA Norte,23,Busca trabajo,Basica,5.7,Tarjeta credito,1,238000,5,8,Alto,SR12,5.7,1,1,1,7,3,1,8.5,0,0,Career switcher,6,Lunes,Mobile,Safari,Rojo,Cancer,X4490,8,1,0
TRAIN_00970,2025-04,Python,Instagram Ads,UBA,Otra,Mendoza,20,No trabaja,Basica,7.0,Tarjeta credito,3,235000,5,0,Bajo,SR04,27.4,0,0,0,5,3,3,9.5,0,0,Career switcher,4,Sabado,Tablet,Chrome,Naranja,Geminis,X4852,5,0,0
TRAIN_00971,2025-02,Machine Learning,Referido,Universidad Austral,Administracion,CABA,21,Full-time,Basica,3.1,Efectivo,9,293000,5,12,,SR03,33.6,1,0,1,9,4,1,8.9,0,1,Curioso,3,Lunes,Mobile,Safari,Azul,Cancer,X8428,0,0,0
TRAIN_00972,2024-10,Machine Learning,Web Organico,UTN,Cs Datos,Cordoba,21,Full-time,Intermedia,8.1,Tarjeta debito,4,215000,30,11,Medio,SR09,11.4,1,0,1,7,3,2,10.0,0,0,Desempleado activo,1,Sabado,Desktop,Firefox,Verde,Leo,X2807,0,0,0
TRAIN_00973,2024-10,Python,Universidad Partner,UADE,Economia,GBA Sur,26,Part-time,Basica,8.4,Transferencia,3,186000,20,29,Medio,SR08,42.6,0,0,0,0,0,0,,0,0,Desempleado activo,0,Jueves,Tablet,Firefox,Naranja,Geminis,X7094,7,0,0
TRAIN_00974,2024-10,Data Analytics,Google Ads,UTN,Otra,GBA Oeste,18,Part-time,Intermedia,6.8,,4,161000,30,21,Medio,SR10,1.5,1,0,0,6,3,1,,0,0,Upskiller,2,Sabado,Desktop,Chrome,Verde,Escorpio,X9952,6,0,0
TRAIN_00975,2025-02,Python,Instagram Ads,UTN,Otra,CABA,20,No trabaja,Basica,6.1,Efectivo,3,209000,20,9,Medio,SR04,0.7,1,1,0,6,2,0,9.6,0,0,Curioso,2,Jueves,Mobile,Chrome,Rojo,Capricornio,X9357,6,1,1
TRAIN_00976,2024-09,IA Generativa,Google Ads,Otra,Administracion,GBA Oeste,23,Full-time,Basica,7.0,Tarjeta credito,3,186000,10,16,Alto,SR06,3.5,1,1,0,4,3,2,,0,0,Curioso,3,Martes,Mobile,Otro,Gris,Capricornio,X2790,1,0,0
TRAIN_00977,2025-02,Python,TikTok Ads,UNLP,Cs Datos,GBA Oeste,22,Full-time,Avanzada,1.0,Transferencia,6,180000,25,40,Bajo,SR09,10.8,0,1,1,5,3,4,8.0,0,0,Desempleado activo,3,Sabado,Desktop,Firefox,Violeta,Leo,X8916,5,0,0
TRAIN_00978,2025-05,Data Analytics,Instagram Ads,UBA,Ingenieria,CABA,19,Part-time,,9.8,Mercado Pago,3,165000,30,10,Bajo,SR07,3.1,1,0,0,5,2,2,,0,0,Career switcher,0,Lunes,Mobile,Chrome,Rojo,Geminis,X7989,7,0,0
TRAIN_00979,2024-10,Data Analytics,TikTok Ads,Otra,Cs Datos,GBA Sur,27,No trabaja,Basica,5.7,Mercado Pago,6,172000,40,12,Medio,SR10,15.9,1,0,0,6,4,1,,1,0,Explorer,4,Jueves,Mobile,Chrome,Azul,Cancer,X5051,0,1,1
TRAIN_00980,2024-10,Web Dev,Universidad Partner,UTN,Diseno,CABA,24,Freelance,Basica,4.7,Tarjeta credito,3,184000,30,17,Medio,SR11,13.0,1,1,1,6,2,3,9.0,0,0,Desempleado activo,2,Lunes,Mobile,Chrome,Verde,Leo,X5278,4,0,0
TRAIN_00981,2024-09,Python,Instagram Ads,Otra,Administracion,CABA,23,Busca trabajo,,5.7,Tarjeta debito,3,182000,25,19,Alto,SR07,0.2,1,0,1,9,4,4,5.5,0,1,Upskiller,3,Lunes,Mobile,Chrome,Gris,Escorpio,X1638,0,0,0
TRAIN_00982,2025-03,Python,Web Organico,UBA,Diseno,Cordoba,28,Full-time,Intermedia,8.6,Mercado Pago,3,183000,30,18,Alto,SR01,11.3,1,0,1,11,4,3,8.4,0,0,Explorer,3,Sabado,Mobile,Safari,Verde,Sagitario,X8017,0,0,0
TRAIN_00983,2024-11,Python,Referido,UTN,Psicologia,CABA,21,Full-time,Ninguna,2.2,Mercado Pago,6,237000,0,13,Alto,SR07,15.7,1,0,0,6,3,2,,1,0,Career switcher,3,Jueves,Desktop,Chrome,Verde,Tauro,X4659,3,1,1
TRAIN_00984,2025-02,SQL,TikTok Ads,UNLP,Diseno,CABA,18,Full-time,,11.7,Tarjeta credito,9,84000,45,21,Medio,SR09,8.8,0,0,1,6,4,4,5.5,0,0,Career switcher,2,Lunes,Desktop,Safari,Naranja,Leo,X9247,4,0,0
TRAIN_00985,2025-05,Data Analytics,Referido,UADE,Otra,GBA Sur,21,No trabaja,Basica,9.6,Transferencia,12,211000,20,16,Bajo,SR12,19.4,1,0,0,4,1,1,,0,0,Upskiller,3,Sabado,Mobile,Safari,Naranja,Escorpio,X6520,2,1,1
TRAIN_00986,2025-03,IA Generativa,Web Organico,UNLP,Diseno,Cordoba,29,Full-time,Avanzada,,Tarjeta credito,4,221000,0,4,Bajo,SR02,2.7,1,0,1,8,4,1,10.0,0,0,Upskiller,4,Sabado,Mobile,Otro,Gris,Aries,X1227,3,0,0
TRAIN_00987,2024-10,Python,TikTok Ads,ITBA,Economia,CABA,19,Part-time,Intermedia,7.4,Mercado Pago,2,229000,5,3,,SR10,3.7,1,0,1,10,4,1,6.8,0,1,Curioso,3,Martes,Mobile,Chrome,Verde,Virgo,X3805,3,0,0
TRAIN_00988,2024-08,Python,Referido,Otra,Diseno,La Plata,18,Full-time,Ninguna,0.7,Mercado Pago,4,166000,25,15,Medio,SR02,30.8,1,0,1,5,4,1,7.0,0,0,Explorer,1,Lunes,Mobile,Chrome,Verde,Escorpio,X7874,7,0,0
TRAIN_00989,2025-03,SQL,TikTok Ads,Otra,Administracion,GBA Oeste,27,No trabaja,Basica,8.1,Efectivo,1,197000,0,24,Medio,SR07,0.2,1,1,1,12,4,2,9.4,0,0,Upskiller,0,Jueves,Desktop,Chrome,Rojo,Escorpio,X6622,4,0,0
TRAIN_00990,2024-08,Data Analytics,Instagram Ads,UTN,Administracion,Mendoza,24,Full-time,Ninguna,4.4,Mercado Pago,6,168000,30,0,Medio,SR07,2.1,1,0,1,4,3,2,9.0,1,0,Desempleado activo,0,Viernes,Mobile,Otro,Gris,Aries,X5068,4,0,0
TRAIN_00991,2024-08,Python,Google Ads,UTN,Ingenieria,Otra,25,Busca trabajo,Ninguna,13.7,Transferencia,3,205000,20,18,Medio,SR02,10.0,1,0,1,7,4,2,8.1,0,0,Career switcher,0,Miercoles,Mobile,Chrome,Naranja,Aries,X6468,3,0,0
TRAIN_00992,2025-03,Python,Instagram Ads,UTN,Economia,CABA,23,Busca trabajo,Ninguna,6.5,Tarjeta credito,6,198000,10,19,Medio,SR09,17.2,1,0,0,9,4,3,,0,0,Curioso,4,Martes,Mobile,Chrome,Azul,Geminis,X9870,8,0,0
TRAIN_00993,2024-10,IA Generativa,Evento,Otra,Ingenieria,CABA,26,Part-time,Intermedia,6.7,Tarjeta credito,1,163000,25,11,Bajo,SR04,3.4,1,0,1,11,4,2,10.0,0,0,Curioso,1,Sabado,Desktop,Chrome,Gris,Cancer,X7813,6,0,0
TRAIN_00994,2025-05,Machine Learning,Referido,UBA,Otra,GBA Sur,24,Full-time,Ninguna,0.0,Tarjeta credito,6,315000,5,28,Bajo,SR04,41.5,1,1,1,8,3,2,,0,0,Explorer,1,Jueves,Mobile,Safari,Rojo,Acuario,X2653,1,0,0
TRAIN_00995,2024-08,Machine Learning,Evento,UTN,Diseno,CABA,25,Part-time,Intermedia,0.3,Tarjeta credito,9,258000,15,17,Bajo,SR03,3.6,1,1,0,11,4,4,6.4,0,0,Explorer,2,Jueves,Desktop,Otro,Verde,Acuario,X9490,8,0,0
TRAIN_00996,2025-03,Python,TikTok Ads,UTN,Ingenieria,Rosario,23,Busca trabajo,Basica,10.9,Mercado Pago,4,236000,10,12,Medio,SR06,5.6,1,0,1,7,4,2,8.6,0,0,Career switcher,4,Viernes,Desktop,Chrome,Gris,Acuario,X8324,5,0,0
TRAIN_00997,2025-02,Data Analytics,TikTok Ads,UADE,Economia,CABA,18,Full-time,Ninguna,1.9,Transferencia,4,205000,25,7,Medio,SR01,0.4,1,0,1,8,4,3,10.0,0,1,Explorer,4,Martes,Mobile,Chrome,Rojo,Leo,X7504,4,0,0
TRAIN_00998,2025-03,IA Generativa,Web Organico,Otra,Economia,Rosario,24,No trabaja,Avanzada,2.8,Transferencia,2,173000,15,6,Medio,SR12,11.8,0,0,0,3,3,0,9.4,0,0,Career switcher,3,Miercoles,Tablet,Chrome,Verde,Geminis,X4903,9,0,0
TRAIN_00999,2024-11,Python,Web Organico,Otra,Ingenieria,Otra,21,Full-time,Avanzada,1.3,Mercado Pago,3,219000,10,12,Medio,SR06,1.9,1,0,1,12,4,3,6.8,0,1,Career switcher,0,Martes,Desktop,Chrome,Violeta,Sagitario,X4870,4,0,0
TRAIN_01000,2024-08,Web Dev,Web Organico,UBA,Ingenieria,CABA,29,Freelance,Basica,0.2,Tarjeta debito,3,186000,30,23,Bajo,SR05,2.0,1,0,1,8,4,0,9.2,1,1,Career switcher,0,Lunes,Mobile,Firefox,Gris,Escorpio,X9254,1,0,1
TRAIN_01001,2025-05,Web Dev,Instagram Ads,UADE,Administracion,La Plata,18,Part-time,Basica,9.7,Transferencia,4,167000,30,14,Medio,SR11,,1,0,0,5,1,3,,0,1,Desempleado activo,2,Miercoles,Desktop,Safari,Rojo,Escorpio,X8166,6,1,1
TRAIN_01002,2024-09,SQL,Web Organico,ITBA,Administracion,Mendoza,18,Full-time,Intermedia,7.1,Efectivo,1,194000,0,8,Alto,SR04,4.4,0,0,1,8,4,4,8.6,0,0,Curioso,0,Jueves,Mobile,Chrome,Naranja,Cancer,X5850,8,0,0
TRAIN_01003,2025-04,Python,Instagram Ads,Otra,Ingenieria,Otra,25,Part-time,Ninguna,7.3,Tarjeta credito,3,166000,30,15,Medio,SR06,1.6,1,1,0,2,0,1,,0,0,Curioso,4,Sabado,Tablet,Safari,Naranja,Tauro,X6962,5,1,1
TRAIN_01004,2025-03,IA Generativa,Google Ads,ITBA,Ingenieria,GBA Oeste,18,No trabaja,Basica,5.6,Tarjeta credito,12,209000,0,23,Bajo,SR07,,1,1,1,11,4,4,5.8,0,1,Curioso,3,Jueves,Desktop,Chrome,Verde,Virgo,X2302,1,0,0
TRAIN_01005,2025-04,Data Analytics,Referido,UTN,Economia,GBA Norte,24,No trabaja,Intermedia,7.5,Tarjeta debito,3,249000,0,26,Medio,SR11,0.6,0,1,1,10,4,3,9.7,0,0,Curioso,0,Sabado,Desktop,Safari,Naranja,Geminis,X9335,5,0,0
TRAIN_01006,2024-09,Python,Universidad Partner,UTN,Cs Datos,CABA,23,Full-time,Intermedia,2.8,Tarjeta credito,6,227000,10,26,Medio,SR10,19.7,1,1,0,0,0,0,,0,0,Upskiller,6,Jueves,Mobile,Safari,Gris,Geminis,X2103,3,0,0
TRAIN_01007,2024-10,Python,Instagram Ads,Otra,Otra,GBA Norte,23,No trabaja,Ninguna,11.0,Tarjeta credito,9,231000,0,7,Medio,SR03,4.3,1,0,0,6,2,1,,0,1,Career switcher,4,Jueves,Mobile,Chrome,Gris,Escorpio,X4622,8,0,1
TRAIN_01008,2025-03,IA Generativa,Instagram Ads,UBA,Administracion,CABA,26,Full-time,Avanzada,1.0,Transferencia,6,173000,15,26,Medio,SR07,15.7,1,0,1,10,3,4,,0,0,Upskiller,2,Martes,Desktop,Firefox,Verde,Escorpio,X2359,0,0,0
TRAIN_01009,2025-04,Python,Google Ads,UTN,Ingenieria,GBA Oeste,27,Full-time,Basica,7.2,Transferencia,2,217000,10,19,Bajo,SR07,3.8,1,0,0,27,4,7,5.6,0,0,Upskiller,5,Lunes,Mobile,Chrome,Naranja,Cancer,X9102,2,1,1
TRAIN_01010,2024-11,Python,Referido,UTN,Otra,GBA Oeste,18,No trabaja,Ninguna,13.1,Transferencia,9,150000,30,15,Bajo,SR10,3.5,0,0,0,0,2,0,5.7,0,1,Career switcher,2,Jueves,Mobile,Chrome,Rojo,Acuario,X2640,8,1,0
TRAIN_01011,2025-03,IA Generativa,Instagram Ads,UBA,Administracion,Mendoza,28,No trabaja,,8.7,Transferencia,3,181000,15,0,Alto,SR11,17.8,1,0,1,11,4,3,9.6,0,0,Curioso,3,Viernes,Tablet,Chrome,Gris,Libra,X8995,1,0,0
TRAIN_01012,2025-03,Python,Universidad Partner,UNLP,Otra,GBA Sur,32,Full-time,Ninguna,8.6,Tarjeta credito,3,224000,10,19,Medio,SR10,33.8,1,0,0,9,3,3,8.8,0,0,Career switcher,2,Lunes,Mobile,Chrome,Verde,Capricornio,X8706,9,0,0
TRAIN_01013,2025-05,Data Analytics,Google Ads,UBA,Psicologia,GBA Norte,30,No trabaja,Basica,10.7,Mercado Pago,3,208000,15,11,Medio,SR03,2.1,1,0,0,7,1,3,6.1,0,0,Upskiller,1,Viernes,Desktop,Chrome,Gris,Leo,X1213,8,0,0
TRAIN_01014,2025-02,Data Analytics,Google Ads,UTN,Ingenieria,GBA Norte,18,No trabaja,Intermedia,11.1,Tarjeta credito,3,508000,15,15,Bajo,SR12,21.8,1,0,1,11,4,2,7.2,1,0,Upskiller,4,Martes,Mobile,Safari,Gris,Aries,X3345,5,0,0
TRAIN_01015,2024-09,Web Dev,Instagram Ads,ITBA,Ingenieria,CABA,30,Busca trabajo,Ninguna,10.0,Transferencia,6,253000,0,0,Bajo,SR08,8.1,1,0,0,4,2,1,,0,0,Desempleado activo,7,Jueves,Mobile,Chrome,Gris,Escorpio,X6953,6,0,0
TRAIN_01016,2025-05,Python,Web Organico,,Otra,Mendoza,24,Full-time,Intermedia,4.2,Tarjeta credito,6,243000,0,10,Alto,SR05,16.2,1,0,0,4,4,2,8.1,0,0,Career switcher,2,Viernes,Mobile,Firefox,Rojo,Virgo,X9639,5,0,0
TRAIN_01017,2025-02,Machine Learning,Google Ads,UADE,Psicologia,Rosario,22,No trabaja,Intermedia,9.7,Mercado Pago,3,248000,20,0,Medio,SR12,3.4,1,0,0,1,1,0,,0,0,Explorer,4,Miercoles,Desktop,Safari,Violeta,Escorpio,X8764,1,1,1
TRAIN_01018,2024-10,IA Generativa,TikTok Ads,UBA,Ingenieria,CABA,31,No trabaja,Intermedia,6.5,Tarjeta debito,3,140000,25,12,Medio,SR04,8.0,0,1,1,9,4,3,9.0,0,1,Upskiller,4,Martes,Desktop,Chrome,Rojo,Capricornio,X3885,6,0,0
TRAIN_01019,2024-10,Web Dev,Instagram Ads,ITBA,Otra,Rosario,48,Part-time,Ninguna,6.9,Tarjeta credito,4,216000,10,0,Medio,SR04,1.2,1,0,1,9,4,1,7.3,0,1,Desempleado activo,1,Martes,Mobile,Chrome,Violeta,Sagitario,X1269,1,0,0
TRAIN_01020,2025-05,Python,Web Organico,Otra,Cs Datos,La Plata,31,Part-time,Avanzada,4.3,Mercado Pago,3,222000,10,9,Bajo,SR06,1.8,1,0,1,10,4,4,7.7,0,0,Desempleado activo,3,Lunes,Desktop,Chrome,Violeta,Sagitario,X5941,4,0,0
TRAIN_01021,2025-02,Web Dev,Referido,UBA,Administracion,CABA,55,No trabaja,Intermedia,,Transferencia,4,186000,30,31,Medio,SR11,3.5,0,0,1,8,4,5,,0,0,Career switcher,3,Lunes,Mobile,Chrome,Verde,Virgo,X3234,8,0,0
TRAIN_01022,2024-11,Web Dev,Instagram Ads,UTN,Diseno,CABA,25,No trabaja,Intermedia,5.0,Tarjeta credito,2,199000,25,0,Medio,SR06,3.6,1,0,1,11,4,2,,0,0,Desempleado activo,1,Sabado,Desktop,Chrome,Gris,Aries,X7813,6,0,0
TRAIN_01023,2024-10,IA Generativa,TikTok Ads,UNLP,Administracion,Cordoba,25,Freelance,Ninguna,3.2,Tarjeta debito,6,134000,40,17,Medio,SR03,28.6,0,0,0,4,1,2,,0,0,Career switcher,0,Lunes,Mobile,Chrome,Verde,Leo,X3241,0,0,0
TRAIN_01024,2025-04,SQL,Instagram Ads,Otra,Ingenieria,Cordoba,28,No trabaja,,1.9,Tarjeta debito,1,144000,20,14,Medio,SR10,3.7,0,1,1,9,4,2,5.9,0,0,Desempleado activo,3,Sabado,Mobile,Chrome,Rojo,Sagitario,X5075,9,0,0
TRAIN_01025,2024-10,Python,Instagram Ads,ITBA,Economia,GBA Norte,24,Busca trabajo,Ninguna,8.6,Transferencia,6,200000,25,2,Medio,SR03,3.4,1,1,0,3,1,4,,0,1,Career switcher,2,Sabado,Desktop,Safari,Naranja,Capricornio,X7858,2,1,1
TRAIN_01026,2024-09,SQL,Evento,UNLP,Administracion,GBA Sur,18,Part-time,Ninguna,3.4,Tarjeta credito,3,151000,25,12,Medio,SR12,2.2,0,0,1,8,4,0,7.7,0,0,Curioso,3,Sabado,Desktop,Chrome,Gris,Aries,X3625,5,0,0
TRAIN_01027,2024-09,Python,Referido,UADE,Otra,GBA Sur,20,Part-time,Avanzada,6.4,Tarjeta credito,2,244000,0,7,Medio,SR09,62.4,0,0,0,6,3,4,7.1,0,1,Career switcher,3,Martes,Mobile,Chrome,Rojo,Capricornio,X3776,3,0,0
TRAIN_01028,2025-02,Machine Learning,Instagram Ads,UNLP,Economia,Mendoza,23,Full-time,Ninguna,2.6,Transferencia,2,250000,25,7,Bajo,SR02,0.1,0,0,0,5,1,1,7.9,1,1,Curioso,5,Lunes,Mobile,Chrome,Azul,Leo,X4857,7,0,0
TRAIN_01029,2025-04,Data Analytics,Universidad Partner,Universidad Austral,Ingenieria,GBA Sur,23,No trabaja,Avanzada,7.8,Tarjeta credito,6,179000,30,31,Medio,SR03,6.9,1,0,1,4,3,2,,0,1,Upskiller,0,Martes,Desktop,Safari,Verde,Leo,X4550,5,0,0
TRAIN_01030,2024-10,IA Generativa,TikTok Ads,UADE,Diseno,CABA,26,Full-time,Avanzada,,Mercado Pago,3,180000,20,0,Alto,SR07,6.0,1,1,1,10,4,2,10.0,1,0,Desempleado activo,3,Lunes,Desktop,Edge,Azul,Sagitario,X4328,5,0,0
TRAIN_01031,2024-10,Python,TikTok Ads,Otra,Administracion,Cordoba,27,Part-time,Ninguna,12.9,Mercado Pago,3,151000,40,8,Bajo,SR03,9.8,0,0,0,4,4,1,,1,0,Desempleado activo,1,Miercoles,Mobile,Edge,Azul,Leo,X5282,4,0,1
TRAIN_01032,2024-11,Python,Instagram Ads,UTN,Otra,GBA Sur,20,No trabaja,Basica,11.8,Tarjeta debito,2,196000,25,4,Bajo,SR10,3.6,1,0,1,7,3,2,8.5,0,0,Curioso,4,Sabado,Desktop,Chrome,Gris,Sagitario,X8437,0,0,0
TRAIN_01033,2024-10,Data Analytics,TikTok Ads,UTN,Cs Datos,Mendoza,23,No trabaja,Basica,,Tarjeta credito,3,171000,35,17,Alto,SR12,,1,1,0,4,3,0,4.9,0,0,Upskiller,1,Viernes,Mobile,Chrome,Azul,Aries,X6151,6,0,0
TRAIN_01034,2024-09,SQL,Universidad Partner,UADE,Cs Datos,CABA,24,Busca trabajo,Intermedia,,Mercado Pago,3,144000,15,19,,SR12,4.8,1,0,1,13,4,5,9.9,0,1,Curioso,3,Miercoles,Desktop,Chrome,Verde,Cancer,X5194,5,0,0
TRAIN_01035,2024-09,Data Analytics,Universidad Partner,ITBA,Economia,GBA Norte,23,Freelance,Basica,14.0,Transferencia,4,233000,15,0,,SR06,58.9,1,1,1,14,4,5,9.6,0,0,Career switcher,2,Miercoles,Desktop,Chrome,Gris,Virgo,X4822,5,0,0
TRAIN_01036,2025-02,IA Generativa,Instagram Ads,UBA,Economia,Mendoza,25,Freelance,Ninguna,12.1,Transferencia,4,173000,15,9,Medio,SR06,10.2,1,0,0,6,2,0,6.6,0,0,Desempleado activo,4,Miercoles,Desktop,Edge,Rojo,Virgo,X7374,2,0,0
TRAIN_01037,2024-08,SQL,Web Organico,Otra,Economia,Mendoza,23,Busca trabajo,Intermedia,8.8,Mercado Pago,4,171000,5,18,Medio,SR04,1.6,0,0,1,6,4,3,,0,0,Upskiller,2,Lunes,Mobile,Safari,Naranja,Acuario,X8688,7,1,1
TRAIN_01038,2025-04,Python,Referido,UTN,Cs Datos,CABA,23,Full-time,Ninguna,4.3,Tarjeta credito,3,183000,20,12,Alto,SR03,2.6,1,0,0,6,3,0,7.8,0,1,Desempleado activo,3,Viernes,Mobile,Safari,Violeta,Virgo,X6706,3,0,0
TRAIN_01039,2024-11,Python,Instagram Ads,UBA,Ingenieria,CABA,27,Part-time,Ninguna,7.7,Transferencia,9,311000,25,31,Bajo,SR07,5.5,0,0,0,1,4,0,,0,1,Curioso,1,Lunes,Mobile,Otro,Violeta,Aries,X6882,6,1,1
TRAIN_01040,2025-04,IA Generativa,TikTok Ads,UTN,Economia,CABA,30,No trabaja,Ninguna,7.8,Transferencia,3,180000,25,24,Medio,SR12,11.1,0,1,0,5,3,4,7.0,0,0,Desempleado activo,1,Sabado,Desktop,Chrome,Naranja,Tauro,X4036,3,0,0
TRAIN_01041,2025-05,Machine Learning,Instagram Ads,Otra,Cs Datos,CABA,29,No trabaja,Basica,12.3,Tarjeta credito,3,299000,10,11,Alto,SR05,4.9,1,0,0,6,3,0,,0,0,Explorer,3,Martes,Desktop,Chrome,Verde,Geminis,X7663,3,0,0
TRAIN_01042,2024-09,Web Dev,Web Organico,UTN,Economia,GBA Norte,20,Part-time,Intermedia,8.4,Tarjeta debito,6,189000,15,22,Medio,SR05,7.4,1,0,1,13,4,3,7.8,0,0,Upskiller,3,Martes,Mobile,Chrome,Rojo,Piscis,X7158,5,0,0
TRAIN_01043,2025-04,SQL,Referido,UADE,Otra,CABA,21,Busca trabajo,Avanzada,0.1,Tarjeta debito,12,131000,20,20,Alto,SR08,1.9,1,1,1,9,4,3,,0,0,Explorer,5,Viernes,Mobile,Chrome,Violeta,Aries,X9561,6,0,0
TRAIN_01044,2024-09,Python,Google Ads,UTN,Ingenieria,CABA,23,Full-time,Ninguna,,Tarjeta credito,6,240000,0,14,Bajo,SR04,3.8,0,0,1,8,4,3,,0,1,Curioso,1,Lunes,Desktop,Chrome,Azul,Virgo,X6869,6,0,0
TRAIN_01045,2025-02,Web Dev,TikTok Ads,UADE,Psicologia,CABA,27,Full-time,Avanzada,,Tarjeta credito,4,240000,5,23,Alto,SR02,6.3,1,0,0,2,1,0,,1,1,Desempleado activo,3,Martes,Tablet,Chrome,Rojo,Virgo,X1221,6,0,1
TRAIN_01046,2024-08,Data Analytics,Instagram Ads,Universidad Austral,Psicologia,CABA,21,No trabaja,Basica,1.5,Tarjeta credito,12,85000,20,3,Medio,SR11,5.7,0,0,1,4,3,3,,0,0,Upskiller,3,Martes,Mobile,Chrome,Verde,Aries,X7099,6,0,1
TRAIN_01047,2024-09,Data Analytics,TikTok Ads,Otra,Cs Datos,Otra,22,Full-time,Ninguna,0.0,Tarjeta debito,3,262000,5,11,Bajo,SR12,5.3,1,0,1,6,4,2,10.0,0,0,Career switcher,3,Viernes,Mobile,Chrome,Gris,Sagitario,X7116,8,0,0
TRAIN_01048,2024-11,IA Generativa,Instagram Ads,UTN,Economia,Cordoba,27,Busca trabajo,,5.6,Tarjeta debito,2,154000,30,18,Alto,SR09,3.8,1,0,1,2,4,0,,0,0,Career switcher,3,Viernes,Desktop,Chrome,Azul,Aries,X7032,1,0,0
TRAIN_01049,2024-09,Machine Learning,Universidad Partner,ITBA,Diseno,GBA Norte,26,Freelance,Basica,6.8,Tarjeta debito,12,264000,15,12,,SR09,9.5,1,0,1,8,2,3,5.8,0,1,Desempleado activo,4,Jueves,Mobile,Chrome,Verde,Piscis,X5914,0,0,0
TRAIN_01050,2024-11,IA Generativa,TikTok Ads,ITBA,Administracion,Otra,20,No trabaja,Basica,,Tarjeta debito,9,170000,20,0,Medio,SR04,7.8,1,0,0,3,1,0,,0,0,Curioso,2,Lunes,Mobile,Chrome,Gris,Virgo,X6935,1,1,1
TRAIN_01051,2024-10,IA Generativa,TikTok Ads,UBA,Ingenieria,Cordoba,26,Full-time,Ninguna,3.2,Tarjeta debito,6,203000,5,17,Medio,SR01,3.3,1,0,1,6,4,2,5.7,0,0,Career switcher,2,Viernes,Desktop,Chrome,Rojo,Libra,X2783,8,0,0
TRAIN_01052,2024-10,IA Generativa,Referido,UBA,Ingenieria,Otra,29,Busca trabajo,Avanzada,2.6,Transferencia,4,185000,0,15,Bajo,SR11,30.6,0,1,1,8,4,0,9.8,1,0,Desempleado activo,0,Martes,Desktop,Chrome,Verde,Piscis,X1835,4,0,0
TRAIN_01053,2024-10,Python,Web Organico,UADE,Diseno,CABA,22,No trabaja,Basica,9.3,Tarjeta credito,2,223000,10,18,Medio,SR07,11.4,1,1,1,6,4,2,10.0,0,0,Upskiller,0,Martes,Desktop,Chrome,Violeta,Capricornio,X2692,0,0,0
TRAIN_01054,2024-11,Python,Instagram Ads,Otra,Ingenieria,GBA Oeste,24,Full-time,Ninguna,4.5,Tarjeta credito,9,236000,5,12,Alto,SR01,1.6,0,1,0,1,0,1,,0,0,Desempleado activo,2,Lunes,Mobile,Chrome,Violeta,Piscis,X1101,6,0,0
TRAIN_01055,2025-02,Python,Instagram Ads,UBA,Economia,GBA Norte,25,Part-time,Intermedia,5.8,Tarjeta credito,3,247000,0,14,Bajo,SR01,14.8,1,0,1,8,2,4,,0,0,Career switcher,3,Sabado,Desktop,Chrome,Naranja,Escorpio,X9071,0,0,0
TRAIN_01056,2025-02,Web Dev,Universidad Partner,UBA,Economia,La Plata,24,Full-time,Basica,3.9,Transferencia,3,204000,10,0,Medio,SR12,12.9,1,0,0,4,0,1,5.8,0,0,Curioso,0,Martes,Mobile,Safari,Gris,Geminis,X1590,3,1,1
TRAIN_01057,2024-08,SQL,TikTok Ads,UTN,Diseno,GBA Norte,27,Busca trabajo,Intermedia,7.8,Tarjeta debito,6,169000,0,15,Medio,SR08,9.8,1,1,1,6,4,0,,0,0,Curioso,0,Sabado,Mobile,Safari,Verde,Sagitario,X5231,6,0,0
TRAIN_01058,2025-05,SQL,Instagram Ads,Universidad Austral,Cs Datos,Otra,23,Part-time,Ninguna,6.5,Mercado Pago,2,143000,15,23,Alto,SR02,1.8,1,0,1,8,4,3,8.2,0,0,Career switcher,0,Sabado,Mobile,Otro,Rojo,Libra,X2322,4,0,0
TRAIN_01059,2024-08,IA Generativa,Instagram Ads,UBA,Otra,Otra,27,No trabaja,Basica,8.2,Mercado Pago,6,166000,15,3,Medio,SR12,10.3,1,0,1,7,4,2,10.0,0,1,Career switcher,5,Martes,Mobile,Safari,Naranja,Leo,X7754,8,0,0
TRAIN_01060,2024-10,SQL,Instagram Ads,ITBA,Cs Datos,GBA Sur,28,Full-time,Basica,7.2,Transferencia,3,133000,25,15,Bajo,SR10,34.1,1,1,0,6,4,2,7.2,0,1,Career switcher,2,Martes,Desktop,Safari,Azul,Leo,X1975,8,0,0
TRAIN_01061,2024-09,Data Analytics,Universidad Partner,UNLP,Administracion,CABA,18,Busca trabajo,Ninguna,4.9,Tarjeta debito,6,199000,20,21,Medio,SR06,2.0,1,0,1,7,4,3,,0,1,Desempleado activo,0,Lunes,Mobile,Safari,Naranja,Capricornio,X2223,0,0,0
TRAIN_01062,2025-04,IA Generativa,TikTok Ads,Universidad Austral,Administracion,CABA,23,Busca trabajo,Basica,6.8,Transferencia,12,173000,15,17,Medio,SR01,12.0,1,0,0,2,1,1,6.5,1,0,Desempleado activo,5,Lunes,Mobile,Edge,Azul,Aries,X6882,8,0,0
TRAIN_01063,2024-08,Machine Learning,TikTok Ads,UTN,Ingenieria,GBA Norte,22,Part-time,Basica,4.6,Tarjeta debito,3,274000,15,29,Alto,SR06,1.2,1,0,1,6,4,2,11.0,0,0,Upskiller,2,Lunes,Mobile,Chrome,Rojo,Virgo,X6023,5,0,0
TRAIN_01064,2025-04,Data Analytics,Web Organico,UNLP,Otra,CABA,28,Full-time,Ninguna,,Tarjeta credito,2,200000,25,10,Alto,SR01,11.4,1,1,1,5,4,3,9.1,0,0,Career switcher,7,Martes,Desktop,Safari,Violeta,Acuario,X7425,9,0,0
TRAIN_01065,2025-05,Data Analytics,TikTok Ads,UBA,Administracion,La Plata,25,Full-time,Ninguna,3.3,Transferencia,2,242000,5,26,Alto,SR09,15.9,1,1,0,2,1,2,,0,0,Desempleado activo,4,Sabado,Mobile,Chrome,Violeta,Virgo,X7273,1,0,0
TRAIN_01066,2025-05,IA Generativa,TikTok Ads,UBA,Administracion,GBA Norte,21,No trabaja,Intermedia,9.7,Transferencia,12,174000,20,13,Medio,SR08,11.4,1,1,0,3,3,0,,0,0,Desempleado activo,2,Lunes,Desktop,Safari,Naranja,Sagitario,X2323,5,0,0
TRAIN_01067,2024-11,Web Dev,Instagram Ads,Universidad Austral,Economia,CABA,22,Part-time,Basica,3.5,Mercado Pago,9,250000,0,9,Bajo,SR01,37.5,1,1,1,8,4,3,9.1,0,0,Explorer,1,Viernes,Mobile,Chrome,Verde,Libra,X3916,5,0,0
TRAIN_01068,2025-03,Python,TikTok Ads,UBA,Economia,CABA,28,Part-time,Ninguna,10.2,Transferencia,3,219000,15,0,Alto,SR08,3.4,0,0,1,44,4,13,10.0,0,0,Desempleado activo,3,Miercoles,Desktop,Otro,Verde,Geminis,X1473,1,0,0
TRAIN_01069,2024-11,Data Analytics,Evento,UTN,Ingenieria,GBA Sur,21,Freelance,Intermedia,6.0,Transferencia,6,222000,20,22,,SR11,13.9,1,1,1,8,4,1,8.4,0,0,Career switcher,3,Martes,Mobile,Edge,Gris,Libra,X3655,7,0,0
TRAIN_01070,2024-08,Python,Google Ads,UADE,Administracion,Mendoza,21,No trabaja,Intermedia,7.9,Tarjeta credito,2,226000,5,20,Bajo,SR12,1.3,1,0,1,5,3,2,9.8,0,0,Explorer,0,Miercoles,Desktop,Safari,Verde,Cancer,X9395,9,0,0
TRAIN_01071,2025-04,Web Dev,TikTok Ads,Otra,Otra,Otra,24,Busca trabajo,Basica,5.6,Mercado Pago,6,248000,0,19,Alto,SR11,4.0,1,0,1,10,4,3,,0,0,Upskiller,5,Viernes,Mobile,Chrome,Azul,Aries,X7896,1,1,1
TRAIN_01072,2025-02,SQL,Instagram Ads,UTN,Otra,GBA Oeste,28,Full-time,Intermedia,8.3,Mercado Pago,2,133000,15,10,Medio,SR06,3.7,0,1,0,0,2,1,,0,1,Career switcher,4,Martes,Desktop,Firefox,Gris,Virgo,X1869,6,0,0
TRAIN_01073,2024-08,Web Dev,Referido,UADE,Otra,Otra,18,Full-time,Intermedia,3.8,Tarjeta credito,1,250000,0,0,Alto,SR12,27.1,1,0,1,7,4,4,9.1,0,0,Desempleado activo,0,Sabado,Mobile,Chrome,Naranja,Acuario,X6787,6,0,0
TRAIN_01074,2024-11,Web Dev,Web Organico,UBA,Otra,Otra,25,Part-time,Intermedia,7.6,Transferencia,3,176000,25,3,Bajo,SR08,12.8,1,0,0,7,3,2,10.0,0,0,Desempleado activo,2,Martes,Desktop,Otro,Violeta,Sagitario,X2502,4,0,0
TRAIN_01075,2024-11,Python,Google Ads,Otra,Otra,Mendoza,22,Busca trabajo,Ninguna,11.4,Tarjeta debito,2,209000,10,1,,SR02,6.5,1,0,1,6,3,4,10.0,0,0,Desempleado activo,6,Jueves,Desktop,Chrome,Rojo,Geminis,X5287,7,0,0
TRAIN_01076,2024-10,Data Analytics,Referido,UTN,Cs Datos,CABA,22,Part-time,Ninguna,14.9,Tarjeta credito,12,167000,30,30,Medio,SR03,7.0,0,0,1,8,4,0,,1,1,Desempleado activo,3,Lunes,Desktop,Chrome,Violeta,Sagitario,X6846,1,0,0
TRAIN_01077,2025-04,Web Dev,Referido,UBA,Economia,Rosario,20,Busca trabajo,Ninguna,9.7,Tarjeta credito,2,190000,25,21,Medio,SR03,28.4,1,0,0,8,1,3,7.9,0,0,Desempleado activo,2,Miercoles,Mobile,Safari,Verde,Virgo,X8129,2,1,0
TRAIN_01078,2025-02,Python,Universidad Partner,UTN,Cs Datos,CABA,23,Full-time,Ninguna,1.0,Tarjeta debito,3,223000,5,16,Medio,SR07,8.5,1,0,0,1,2,1,,0,1,Explorer,0,Miercoles,Mobile,Safari,Violeta,Piscis,X5701,2,1,1
TRAIN_01079,2024-10,Machine Learning,Referido,Otra,Ingenieria,CABA,21,No trabaja,Basica,7.8,Transferencia,6,202000,30,0,Alto,SR07,63.1,1,0,0,2,0,1,7.5,1,1,Explorer,0,Martes,Mobile,Chrome,Violeta,Escorpio,X2418,7,1,1
TRAIN_01080,2025-02,Python,Web Organico,,Cs Datos,GBA Sur,23,Part-time,Intermedia,9.8,Transferencia,9,238000,0,24,Bajo,SR08,10.0,0,1,1,5,3,1,9.0,0,0,Desempleado activo,1,Martes,Mobile,Edge,Rojo,Sagitario,X7305,5,0,0
TRAIN_01081,2025-04,Data Analytics,Evento,UNLP,Administracion,Otra,28,Full-time,Intermedia,10.1,Transferencia,4,175000,25,9,Medio,SR05,7.3,1,1,1,8,4,1,9.1,0,1,Upskiller,0,Martes,Mobile,Chrome,Naranja,Geminis,X8275,1,0,0
TRAIN_01082,2025-04,Python,TikTok Ads,UBA,Otra,Otra,32,Part-time,Ninguna,6.0,,3,206000,10,10,Medio,SR09,8.2,0,0,0,6,0,3,5.3,0,1,Desempleado activo,4,Lunes,Mobile,Safari,Naranja,Cancer,X4125,6,0,0
TRAIN_01083,2025-04,Web Dev,Referido,Universidad Austral,Cs Datos,CABA,18,Part-time,Basica,4.6,Efectivo,12,199000,20,28,Medio,SR01,3.0,1,1,1,5,2,0,9.4,0,1,Explorer,0,Jueves,Mobile,Chrome,Verde,Cancer,X5486,2,0,0
TRAIN_01084,2024-11,Machine Learning,TikTok Ads,ITBA,Cs Datos,La Plata,20,Full-time,Ninguna,7.5,Tarjeta credito,3,265000,10,0,Medio,SR07,7.1,1,0,0,6,2,4,,0,1,Explorer,6,Lunes,Mobile,Chrome,Verde,Escorpio,X6112,5,1,1
TRAIN_01085,2024-11,Data Analytics,TikTok Ads,Universidad Austral,Psicologia,CABA,20,Part-time,Intermedia,10.5,Tarjeta credito,1,197000,30,10,Medio,SR06,,0,0,0,6,2,2,8.2,1,0,Upskiller,6,Viernes,Mobile,Chrome,Azul,Aries,X8913,2,0,0
TRAIN_01086,2025-05,Data Analytics,TikTok Ads,UBA,Otra,Cordoba,26,No trabaja,Ninguna,7.3,Tarjeta credito,9,163000,30,25,Medio,SR05,6.3,1,0,1,12,4,2,8.7,0,0,Career switcher,0,Viernes,Desktop,Chrome,Rojo,Leo,X9748,0,0,0
TRAIN_01087,2025-02,Data Analytics,Google Ads,UNLP,Administracion,CABA,31,Full-time,Ninguna,5.4,Tarjeta credito,9,203000,25,25,Medio,SR08,2.6,1,0,0,4,3,2,8.2,0,0,Explorer,0,Lunes,Desktop,Chrome,Gris,Cancer,X8475,0,0,0
TRAIN_01088,2025-02,Web Dev,Referido,UTN,Ingenieria,GBA Norte,20,No trabaja,Avanzada,15.7,Transferencia,6,228000,10,18,Medio,SR05,150.0,0,0,1,3,3,4,9.4,0,0,Desempleado activo,0,Sabado,Desktop,Firefox,Verde,Libra,X8305,6,0,0
TRAIN_01089,2024-08,Data Analytics,TikTok Ads,UBA,Otra,Otra,28,Full-time,Basica,7.8,Efectivo,3,236000,10,2,Alto,SR01,7.1,1,1,0,9,1,3,6.1,0,1,Career switcher,0,Sabado,Desktop,Firefox,Azul,Cancer,X2592,6,0,0
TRAIN_01090,2025-03,Machine Learning,Instagram Ads,UBA,Otra,GBA Oeste,27,Part-time,Ninguna,10.8,Efectivo,4,255000,20,7,Alto,SR03,97.6,1,0,0,8,3,3,,1,0,Upskiller,2,Sabado,Desktop,Chrome,Verde,Acuario,X3406,9,0,0
TRAIN_01091,2025-02,Machine Learning,Universidad Partner,UBA,Economia,Rosario,27,Full-time,Avanzada,9.9,,1,303000,5,13,Bajo,SR11,13.3,1,0,0,5,2,3,9.3,0,0,Explorer,1,Lunes,Desktop,Edge,Violeta,Tauro,X5848,8,0,0
TRAIN_01092,2025-02,Machine Learning,Referido,UNLP,Otra,GBA Oeste,27,Busca trabajo,Intermedia,6.3,Mercado Pago,1,248000,25,11,Bajo,SR01,3.2,1,0,0,5,0,0,4.1,1,1,Explorer,2,Viernes,Desktop,Edge,Naranja,Sagitario,X6396,8,0,0
TRAIN_01093,2024-09,Python,Universidad Partner,UTN,Economia,Rosario,28,No trabaja,Ninguna,14.9,Tarjeta credito,3,253000,0,9,Bajo,SR09,0.2,1,0,1,4,4,3,7.7,0,0,Explorer,6,Martes,Desktop,Safari,Rojo,Leo,X4845,4,0,0
TRAIN_01094,2025-05,Machine Learning,TikTok Ads,UTN,Cs Datos,Rosario,21,Full-time,Basica,6.4,Transferencia,12,237000,20,11,Medio,SR03,23.2,0,0,1,5,4,2,7.9,0,0,Desempleado activo,2,Martes,Mobile,Safari,Violeta,Escorpio,X2443,8,0,0
TRAIN_01095,2024-11,Machine Learning,Referido,Otra,Diseno,CABA,25,Busca trabajo,Basica,10.0,Mercado Pago,2,216000,30,2,Alto,SR10,16.2,0,0,1,3,4,0,9.7,0,0,Career switcher,1,Miercoles,Desktop,Firefox,Rojo,Leo,X8263,4,0,0
TRAIN_01096,2024-11,IA Generativa,Instagram Ads,UADE,Otra,Rosario,20,Full-time,Ninguna,7.5,Tarjeta debito,9,134000,30,26,Alto,SR02,16.5,1,1,0,3,1,1,7.0,0,0,Desempleado activo,2,Viernes,Desktop,Edge,Rojo,Geminis,X1815,1,0,0
TRAIN_01097,2024-08,Data Analytics,Universidad Partner,UBA,Ingenieria,Mendoza,24,Part-time,Basica,12.8,Tarjeta credito,3,176000,25,14,Medio,SR09,1.4,0,0,1,4,3,3,,0,1,Explorer,2,Jueves,Mobile,Safari,Rojo,Libra,X7962,6,0,0
TRAIN_01098,2025-02,IA Generativa,Universidad Partner,UADE,Ingenieria,CABA,24,Part-time,Intermedia,5.6,Mercado Pago,3,169000,15,31,Medio,SR11,46.9,1,0,1,11,3,2,,0,0,Upskiller,4,Viernes,Mobile,Chrome,Azul,Sagitario,X4567,6,0,0
TRAIN_01099,2025-04,Machine Learning,TikTok Ads,UADE,Otra,Cordoba,19,Freelance,Ninguna,12.1,Tarjeta credito,6,251000,15,14,Medio,SR06,6.6,0,1,1,5,2,2,,0,0,Desempleado activo,4,Viernes,Mobile,Safari,Azul,Acuario,X1114,3,0,0
TRAIN_01100,2024-09,IA Generativa,TikTok Ads,UBA,Economia,GBA Sur,23,Part-time,Basica,8.9,Mercado Pago,3,197000,10,2,Medio,SR01,26.5,1,0,1,10,4,2,7.9,0,0,Explorer,7,Jueves,Desktop,Chrome,Azul,Geminis,X6680,9,0,0
TRAIN_01101,2024-10,Data Analytics,Instagram Ads,UADE,Diseno,Rosario,20,Busca trabajo,Intermedia,,Mercado Pago,6,251000,0,25,Alto,SR12,1.4,1,0,1,5,3,5,9.2,0,0,Upskiller,3,Miercoles,Desktop,Chrome,Verde,Piscis,X7869,6,0,0
TRAIN_01102,2024-10,Python,Instagram Ads,UTN,Economia,Otra,25,Full-time,Intermedia,6.2,Tarjeta credito,3,182000,20,18,Bajo,SR06,0.4,1,0,1,11,4,4,9.0,0,1,Desempleado activo,1,Jueves,Desktop,Chrome,Azul,Escorpio,X7993,2,0,0
TRAIN_01103,2024-10,SQL,Referido,Universidad Austral,Otra,GBA Sur,24,Part-time,Ninguna,6.2,Transferencia,3,133000,30,17,Medio,SR11,4.0,1,0,1,9,3,4,10.0,0,0,Career switcher,1,Jueves,Desktop,Chrome,Gris,Leo,X9570,7,0,0
TRAIN_01104,2024-10,Data Analytics,Google Ads,UTN,Psicologia,CABA,25,No trabaja,Avanzada,9.8,Transferencia,4,190000,20,22,Medio,SR05,9.9,0,0,1,4,4,1,10.0,0,1,Explorer,3,Martes,Desktop,Safari,Gris,Aries,X9084,4,0,0
TRAIN_01105,2024-08,SQL,Web Organico,UBA,Ingenieria,Cordoba,30,Full-time,Basica,1.3,Efectivo,4,145000,15,0,Bajo,SR12,4.1,1,0,0,5,3,2,,0,0,Curioso,1,Miercoles,Mobile,Chrome,Verde,Leo,X5353,9,1,1
TRAIN_01106,2025-04,IA Generativa,Google Ads,UTN,Cs Datos,GBA Oeste,32,Part-time,Ninguna,8.5,Tarjeta debito,3,221000,5,16,Medio,SR01,9.4,1,0,1,8,4,1,8.3,1,0,Curioso,4,Jueves,Mobile,Otro,Violeta,Geminis,X7974,4,0,0
TRAIN_01107,2025-02,Python,Universidad Partner,Otra,Diseno,La Plata,22,Part-time,Ninguna,4.2,Transferencia,3,211000,15,10,Alto,SR04,13.2,0,0,0,1,0,0,6.6,0,0,Upskiller,4,Sabado,Mobile,Chrome,Gris,Geminis,X6607,9,0,0
TRAIN_01108,2025-02,Web Dev,Google Ads,UBA,Otra,CABA,18,Busca trabajo,Avanzada,8.3,Tarjeta credito,12,242000,5,24,Medio,SR12,14.8,1,0,0,3,0,4,6.6,0,0,Career switcher,1,Lunes,Mobile,Chrome,Naranja,Capricornio,X4112,3,0,0
TRAIN_01109,2025-03,Python,Universidad Partner,UADE,Psicologia,CABA,18,Busca trabajo,Basica,4.4,Tarjeta debito,4,191000,25,23,Bajo,SR01,7.9,0,0,1,10,4,4,7.1,1,0,Desempleado activo,5,Martes,Mobile,Chrome,Naranja,Piscis,X2938,3,0,0
TRAIN_01110,2024-08,Python,Referido,UBA,Otra,CABA,27,Busca trabajo,Basica,5.7,Tarjeta credito,2,150000,25,11,Alto,SR07,8.4,1,1,0,34,4,11,8.2,0,0,Career switcher,1,Viernes,Mobile,Otro,Verde,Tauro,X3880,7,0,0
TRAIN_01111,2025-04,IA Generativa,Google Ads,UTN,Diseno,CABA,29,Part-time,Basica,5.8,Transferencia,12,156000,30,11,Bajo,SR05,39.1,1,1,0,1,1,3,10.0,0,0,Desempleado activo,1,Sabado,Mobile,Chrome,Azul,Acuario,X5839,3,0,0
TRAIN_01112,2024-09,Data Analytics,Universidad Partner,UTN,Otra,GBA Oeste,27,No trabaja,Basica,7.5,Transferencia,6,264000,0,30,Medio,SR05,1.3,0,1,1,9,4,4,8.6,0,0,Upskiller,1,Sabado,Mobile,Chrome,Azul,Sagitario,X4610,8,0,0
TRAIN_01113,2025-02,Web Dev,Instagram Ads,UADE,Otra,CABA,24,Full-time,Basica,11.6,Efectivo,9,199000,15,10,,SR12,3.8,1,1,1,6,4,2,,0,0,Explorer,3,Sabado,Mobile,Chrome,Rojo,Libra,X6091,1,0,0
TRAIN_01114,2024-10,Web Dev,Instagram Ads,ITBA,Diseno,GBA Norte,23,Part-time,Basica,8.1,Mercado Pago,12,209000,15,16,Alto,SR03,4.0,0,1,1,3,0,2,10.0,1,1,Desempleado activo,1,Sabado,Desktop,Chrome,Violeta,Cancer,X9270,5,0,0
TRAIN_01115,2025-05,Machine Learning,Google Ads,ITBA,Ingenieria,GBA Sur,18,No trabaja,Basica,8.6,Mercado Pago,3,340000,0,8,,SR05,10.0,0,0,1,6,4,1,8.0,0,0,Desempleado activo,2,Martes,Desktop,Chrome,Violeta,Aries,X7582,6,0,0
TRAIN_01116,2024-09,Machine Learning,TikTok Ads,UTN,Administracion,CABA,20,Part-time,Ninguna,4.3,Transferencia,3,309000,0,4,Alto,SR07,5.0,1,1,0,5,1,2,9.1,0,0,Upskiller,7,Viernes,Mobile,Edge,Verde,Capricornio,X5060,9,0,0
TRAIN_01117,2024-11,Data Analytics,TikTok Ads,UADE,Cs Datos,CABA,19,Busca trabajo,Avanzada,,Tarjeta debito,6,242000,0,15,Bajo,SR03,2.7,0,0,0,8,2,2,7.7,0,0,Curioso,1,Viernes,Mobile,Chrome,Verde,Sagitario,X2980,5,0,0
TRAIN_01118,2025-02,Web Dev,Instagram Ads,UTN,Ingenieria,GBA Norte,21,Part-time,,6.2,Mercado Pago,2,123000,40,11,,SR01,27.5,0,0,0,4,1,1,7.7,0,0,Career switcher,1,Martes,Mobile,Chrome,Verde,Tauro,X3727,5,0,0
TRAIN_01119,2024-09,SQL,Instagram Ads,ITBA,Diseno,CABA,24,No trabaja,Intermedia,8.6,Transferencia,3,167000,15,8,Medio,SR06,6.2,1,1,1,7,4,5,6.2,1,0,Upskiller,3,Viernes,Desktop,Chrome,Verde,Capricornio,X5030,1,0,0
TRAIN_01120,2024-11,Machine Learning,Referido,UNLP,Otra,Rosario,22,Freelance,Basica,5.4,,3,228000,25,18,Medio,SR09,11.3,1,1,0,7,2,4,7.3,0,0,Upskiller,1,Sabado,Mobile,Chrome,Gris,Libra,X6524,8,1,1
TRAIN_01121,2025-05,Python,Web Organico,UTN,Cs Datos,CABA,27,Full-time,Ninguna,0.0,Mercado Pago,2,200000,20,26,Medio,SR10,14.5,1,1,1,3,3,3,10.0,0,0,Explorer,5,Martes,Desktop,Edge,Verde,Virgo,X3251,4,0,0
TRAIN_01122,2024-08,IA Generativa,Instagram Ads,UTN,Economia,CABA,26,Full-time,Ninguna,8.5,Efectivo,4,149000,15,0,Bajo,SR04,40.2,1,0,0,2,2,3,6.5,1,0,Career switcher,0,Martes,Mobile,Chrome,Azul,Cancer,X1326,2,0,0
TRAIN_01123,2025-02,Python,TikTok Ads,UTN,Otra,Cordoba,29,Busca trabajo,Intermedia,5.4,Tarjeta credito,9,234000,10,13,Alto,SR06,11.7,1,0,1,10,4,2,6.8,0,0,Desempleado activo,4,Viernes,Desktop,Chrome,Azul,Cancer,X7214,4,0,0
TRAIN_01124,2024-11,SQL,Instagram Ads,,Economia,Rosario,22,Freelance,Basica,12.7,Efectivo,12,173000,10,9,Medio,SR10,25.3,0,0,0,0,1,0,,0,0,Career switcher,3,Viernes,Desktop,Chrome,Gris,Capricornio,X6762,0,0,0
TRAIN_01125,2025-02,Python,Instagram Ads,Otra,Otra,CABA,28,No trabaja,Intermedia,7.9,Efectivo,1,164000,30,22,Medio,SR09,23.6,1,0,0,3,0,0,,0,0,Career switcher,2,Sabado,Tablet,Firefox,Violeta,Libra,X9543,3,1,1
TRAIN_01126,2024-11,Data Analytics,TikTok Ads,Universidad Austral,Diseno,Otra,26,No trabaja,Ninguna,13.3,Tarjeta debito,6,185000,25,22,Bajo,SR07,8.9,1,0,0,6,3,0,4.9,0,0,Explorer,0,Jueves,Mobile,Chrome,Gris,Tauro,X9125,5,0,0
TRAIN_01127,2024-09,Python,Instagram Ads,UTN,Economia,CABA,18,No trabaja,Ninguna,,Transferencia,3,205000,20,27,Medio,SR03,17.6,0,0,1,2,4,2,,0,0,Explorer,3,Viernes,Desktop,Chrome,Violeta,Acuario,X1158,3,0,0
TRAIN_01128,2025-03,Data Analytics,Google Ads,Otra,Otra,La Plata,19,Freelance,Basica,7.2,Transferencia,1,207000,20,13,Bajo,SR09,8.2,1,1,1,7,3,0,,0,1,Upskiller,7,Sabado,Desktop,Firefox,Gris,Geminis,X9315,3,1,1
TRAIN_01129,2024-09,Python,Instagram Ads,UTN,Otra,Mendoza,18,Busca trabajo,,4.1,Efectivo,3,133000,35,6,Medio,SR03,36.6,1,0,1,6,4,1,,0,0,Curioso,5,Martes,Desktop,Safari,Violeta,Tauro,X7347,3,1,1
TRAIN_01130,2025-03,Web Dev,Instagram Ads,ITBA,Otra,GBA Oeste,23,Part-time,Ninguna,7.2,Tarjeta credito,4,218000,5,0,Medio,SR08,9.2,1,0,0,7,2,2,4.8,1,1,Desempleado activo,4,Martes,Mobile,Safari,Rojo,Capricornio,X8045,3,0,0
TRAIN_01131,2024-11,Web Dev,TikTok Ads,ITBA,Administracion,GBA Oeste,28,No trabaja,Basica,4.4,Transferencia,3,194000,30,15,,SR07,7.9,1,0,1,12,4,5,7.3,1,0,Desempleado activo,0,Viernes,Desktop,Chrome,Violeta,Sagitario,X9810,6,0,0
TRAIN_01132,2025-05,SQL,TikTok Ads,Universidad Austral,Cs Datos,GBA Sur,20,Busca trabajo,Ninguna,6.0,Tarjeta credito,4,159000,10,19,Bajo,SR06,34.0,1,0,1,8,4,0,8.5,1,0,Desempleado activo,8,Miercoles,Desktop,Chrome,Gris,Cancer,X6080,9,1,0
TRAIN_01133,2024-10,Web Dev,Referido,UBA,Otra,Otra,21,No trabaja,Ninguna,14.6,Mercado Pago,4,222000,15,1,Medio,SR03,21.6,1,0,1,8,3,1,9.1,1,0,Desempleado activo,3,Viernes,Mobile,Edge,Naranja,Capricornio,X7060,7,0,0
TRAIN_01134,2025-02,Web Dev,TikTok Ads,UBA,Administracion,Rosario,22,Busca trabajo,Intermedia,6.7,Tarjeta credito,12,178000,25,27,Alto,SR05,10.7,1,1,1,7,4,4,,0,1,Curioso,5,Miercoles,Mobile,Chrome,Rojo,Escorpio,X9119,6,0,1
TRAIN_01135,2024-11,SQL,TikTok Ads,UNLP,Administracion,GBA Norte,22,Busca trabajo,Basica,6.1,Transferencia,2,144000,15,11,Bajo,SR11,3.9,0,0,0,4,2,1,,0,0,Upskiller,1,Martes,Mobile,Chrome,Naranja,Capricornio,X6711,2,1,1
TRAIN_01136,2025-04,Web Dev,TikTok Ads,ITBA,Ingenieria,Rosario,23,Busca trabajo,Intermedia,7.1,Tarjeta credito,3,234000,5,25,Bajo,SR11,0.4,0,0,0,5,2,1,,0,0,Curioso,0,Lunes,Mobile,Chrome,Gris,Acuario,X5878,4,1,1
TRAIN_01137,2025-05,Python,Google Ads,Universidad Austral,Otra,GBA Norte,22,Busca trabajo,Basica,7.4,Tarjeta credito,6,254000,0,9,Medio,SR04,1.7,1,1,1,7,3,0,9.5,0,0,Curioso,3,Martes,Mobile,Safari,Azul,Capricornio,X4525,5,0,0
TRAIN_01138,2024-11,Data Analytics,TikTok Ads,UNLP,Ingenieria,CABA,20,Part-time,Avanzada,3.7,Transferencia,1,156000,40,9,Medio,SR07,6.3,1,1,0,8,4,1,10.0,1,0,Curioso,5,Viernes,Desktop,Safari,Rojo,Aries,X3557,8,0,0
TRAIN_01139,2024-11,Web Dev,Instagram Ads,UTN,Administracion,Rosario,24,Busca trabajo,Basica,7.7,Transferencia,2,253000,10,25,,SR04,8.6,1,0,1,9,4,2,9.4,0,0,Upskiller,5,Miercoles,Mobile,Chrome,Rojo,Piscis,X3390,0,0,0
TRAIN_01140,2024-10,Data Analytics,Web Organico,UNLP,Ingenieria,CABA,23,Full-time,Ninguna,3.0,Tarjeta credito,2,204000,20,20,Medio,SR09,7.6,0,1,0,4,1,3,,0,0,Career switcher,2,Sabado,Tablet,Edge,Verde,Tauro,X3414,3,0,0
TRAIN_01141,2025-04,Data Analytics,Universidad Partner,UADE,Psicologia,CABA,28,Full-time,Basica,2.5,Transferencia,4,222000,20,16,Medio,SR02,15.9,0,0,1,8,3,3,4.9,0,0,Desempleado activo,0,Jueves,Mobile,Chrome,Gris,Acuario,X9306,0,0,0
TRAIN_01142,2025-03,Machine Learning,Web Organico,UADE,Administracion,CABA,23,Full-time,Basica,2.4,Tarjeta credito,3,292000,5,13,Alto,SR02,3.1,1,1,1,6,4,1,5.6,0,0,Curioso,6,Sabado,Mobile,Chrome,Gris,Escorpio,X2723,6,0,0
TRAIN_01143,2025-04,Python,TikTok Ads,UBA,Cs Datos,Otra,19,Full-time,Intermedia,0.0,Tarjeta debito,9,185000,15,13,Bajo,SR07,13.5,1,1,1,8,4,1,9.6,1,0,Explorer,2,Sabado,Mobile,Safari,Naranja,Escorpio,X7070,7,0,0
TRAIN_01144,2025-04,SQL,Web Organico,UTN,Administracion,GBA Norte,28,Part-time,Ninguna,8.7,Tarjeta debito,3,163000,15,10,Medio,SR07,19.7,1,0,1,11,4,4,9.3,0,0,Career switcher,1,Jueves,Desktop,Chrome,Verde,Cancer,X4044,6,0,0
TRAIN_01145,2024-11,Machine Learning,Google Ads,Otra,Psicologia,GBA Oeste,27,Part-time,Ninguna,9.8,Tarjeta debito,12,204000,30,9,,SR06,20.0,1,0,0,6,1,1,,0,1,Curioso,0,Martes,Mobile,Safari,Rojo,Aries,X1958,9,1,1
TRAIN_01146,2025-03,SQL,Evento,ITBA,Otra,Otra,24,No trabaja,Intermedia,7.9,,1,180000,10,5,Bajo,SR11,13.4,1,0,1,9,3,5,8.9,0,0,Desempleado activo,2,Sabado,Tablet,Chrome,Verde,Cancer,X8283,0,0,0
TRAIN_01147,2024-11,IA Generativa,Google Ads,UNLP,Ingenieria,GBA Sur,25,No trabaja,Intermedia,4.9,Tarjeta debito,6,153000,30,13,Alto,SR03,20.8,1,0,0,4,1,1,,0,0,Curioso,3,Viernes,Desktop,Chrome,Rojo,Leo,X1487,7,1,1
TRAIN_01148,2024-10,Web Dev,Google Ads,UTN,Diseno,CABA,30,Full-time,Intermedia,2.7,Transferencia,2,176000,30,9,Alto,SR08,14.8,1,0,0,2,2,1,,0,0,Career switcher,1,Miercoles,Desktop,Edge,Gris,Libra,X3007,0,0,0
TRAIN_01149,2025-05,Data Analytics,Referido,UBA,Diseno,CABA,24,Busca trabajo,Basica,8.8,Transferencia,1,205000,15,0,Alto,SR01,22.1,1,0,1,14,4,3,,0,1,Career switcher,4,Jueves,Mobile,Chrome,Violeta,Virgo,X2856,5,0,1
TRAIN_01150,2025-04,Python,Evento,UADE,Economia,GBA Norte,23,Freelance,Ninguna,9.4,Tarjeta credito,3,199000,20,9,Medio,SR03,35.8,0,0,1,7,4,1,8.3,0,1,Explorer,5,Lunes,Mobile,Otro,Gris,Tauro,X5035,8,0,0
TRAIN_01151,2025-05,Data Analytics,Instagram Ads,UADE,Ingenieria,GBA Sur,27,Busca trabajo,,4.3,Tarjeta credito,4,193000,25,24,Alto,SR10,20.9,1,0,1,10,4,4,8.8,0,0,Upskiller,4,Martes,Desktop,Chrome,Verde,Aries,X5288,3,0,0
TRAIN_01152,2025-05,Machine Learning,Web Organico,UBA,Cs Datos,GBA Oeste,23,Part-time,Ninguna,2.4,Transferencia,6,289000,10,0,Medio,SR06,1.3,1,1,1,8,4,0,8.2,0,1,Desempleado activo,4,Sabado,Desktop,Safari,Verde,Aries,X5247,6,0,0
TRAIN_01153,2025-04,Machine Learning,Universidad Partner,Otra,Otra,CABA,30,Busca trabajo,Ninguna,6.5,Tarjeta credito,2,253000,20,12,Medio,SR08,2.1,0,1,1,24,4,6,9.1,1,1,Desempleado activo,2,Martes,Mobile,Edge,Rojo,Sagitario,X1031,5,0,0
TRAIN_01154,2024-08,Web Dev,Google Ads,UNLP,Cs Datos,CABA,27,Full-time,Basica,2.3,Tarjeta debito,2,228000,5,14,Bajo,SR06,19.7,1,0,0,8,3,3,8.8,0,0,Explorer,6,Viernes,Mobile,Chrome,Rojo,Escorpio,X9966,5,1,0
TRAIN_01155,2024-11,Web Dev,TikTok Ads,UTN,Ingenieria,GBA Sur,24,Full-time,Intermedia,4.7,Tarjeta credito,2,257000,5,12,Medio,SR10,1.1,1,0,0,9,1,3,,0,1,Upskiller,3,Miercoles,Desktop,Firefox,Naranja,Tauro,X1979,6,1,1
TRAIN_01156,2024-11,Data Analytics,Universidad Partner,ITBA,Cs Datos,Otra,18,Part-time,Ninguna,4.0,Tarjeta credito,3,243000,10,21,Bajo,SR12,3.7,1,0,0,7,1,1,6.7,0,0,Explorer,5,Viernes,Mobile,Chrome,Azul,Leo,X6145,1,0,0
TRAIN_01157,2024-09,Python,Universidad Partner,UTN,Otra,Cordoba,20,Part-time,Intermedia,11.6,Tarjeta credito,6,227000,5,4,Alto,SR05,13.2,1,0,1,9,4,1,8.8,0,0,Career switcher,3,Sabado,Mobile,Chrome,Violeta,Geminis,X1833,7,0,0
TRAIN_01158,2025-05,Data Analytics,TikTok Ads,ITBA,Psicologia,Mendoza,30,Part-time,Basica,4.5,Tarjeta credito,3,154000,40,17,Alto,SR12,19.6,1,0,0,4,2,1,9.0,0,0,Upskiller,0,Miercoles,Desktop,Safari,Verde,Capricornio,X8337,4,0,0
TRAIN_01159,2024-09,Web Dev,Evento,UADE,Diseno,CABA,25,No trabaja,Ninguna,8.1,Transferencia,4,237000,5,8,,SR08,1.5,1,1,1,8,4,3,10.0,0,0,Upskiller,1,Jueves,Mobile,Firefox,Violeta,Geminis,X9908,1,0,0
TRAIN_01160,2025-05,Python,Universidad Partner,UBA,Otra,CABA,31,Part-time,Ninguna,8.4,Tarjeta credito,9,189000,20,0,Bajo,SR02,1.4,1,0,0,5,1,2,8.3,1,1,Desempleado activo,4,Viernes,Desktop,Chrome,Azul,Virgo,X9320,0,0,0
TRAIN_01161,2025-02,SQL,TikTok Ads,UBA,Ingenieria,Cordoba,27,Busca trabajo,Ninguna,7.4,Mercado Pago,9,110000,40,11,Medio,SR01,19.5,1,0,1,8,4,1,9.4,1,0,Career switcher,0,Jueves,Mobile,Safari,Violeta,Sagitario,X5999,2,1,1
TRAIN_01162,2025-02,Data Analytics,Instagram Ads,UTN,Cs Datos,CABA,21,No trabaja,Basica,6.7,Tarjeta credito,3,254000,0,25,Alto,SR11,6.8,0,1,1,5,4,2,8.0,0,0,Curioso,1,Martes,Desktop,Chrome,Azul,Leo,X6234,3,1,1
TRAIN_01163,2025-03,Web Dev,Web Organico,Otra,Diseno,Rosario,21,Full-time,Ninguna,1.9,Transferencia,4,230000,15,17,Medio,SR05,7.1,1,0,0,5,3,0,6.7,0,0,Desempleado activo,0,Miercoles,Mobile,Chrome,Violeta,Escorpio,X2005,4,0,0
TRAIN_01164,2024-09,SQL,Evento,Universidad Austral,Otra,CABA,23,Busca trabajo,Basica,11.4,,3,127000,25,8,Bajo,SR04,3.2,1,1,1,2,2,2,,0,1,Upskiller,2,Jueves,Mobile,Safari,Azul,Sagitario,X9114,7,1,1
TRAIN_01165,2025-04,Data Analytics,Evento,Otra,Otra,Rosario,23,Part-time,Intermedia,6.9,,3,203000,30,0,Alto,SR05,33.5,1,1,1,9,4,2,8.3,1,0,Explorer,1,Lunes,Desktop,Chrome,Verde,Leo,X8970,7,0,0
TRAIN_01166,2024-11,Data Analytics,TikTok Ads,UNLP,Otra,Rosario,23,No trabaja,Ninguna,4.4,Tarjeta debito,1,215000,10,11,Medio,SR05,1.7,1,0,1,9,4,4,,0,0,Explorer,0,Jueves,Mobile,Safari,Violeta,Acuario,X5913,7,0,1
TRAIN_01167,2024-08,Machine Learning,Instagram Ads,Universidad Austral,Administracion,Otra,30,No trabaja,Basica,12.5,Tarjeta credito,6,308000,5,0,Bajo,SR01,9.9,1,1,1,6,4,1,,0,1,Desempleado activo,3,Jueves,Mobile,Safari,Naranja,Cancer,X5042,4,1,1
TRAIN_01168,2025-04,Python,Instagram Ads,Universidad Austral,Otra,GBA Oeste,19,Full-time,Basica,8.5,Efectivo,4,156000,35,0,Alto,SR07,,1,1,0,7,3,2,,0,0,Curioso,2,Miercoles,Desktop,Chrome,Azul,Cancer,X4870,9,0,1
TRAIN_01169,2025-03,Data Analytics,Google Ads,UNLP,Cs Datos,GBA Sur,26,Part-time,Basica,12.5,Tarjeta credito,4,207000,20,10,Alto,SR01,1.6,1,1,1,6,2,1,6.3,1,1,Career switcher,4,Miercoles,Mobile,Edge,Naranja,Virgo,X9841,5,1,1
TRAIN_01170,2025-04,IA Generativa,Instagram Ads,UADE,Economia,CABA,27,Freelance,Basica,6.2,Mercado Pago,3,174000,25,7,Medio,SR12,2.3,1,0,0,3,0,1,7.5,1,1,Upskiller,0,Sabado,Mobile,Chrome,Rojo,Libra,X6872,4,0,0
TRAIN_01171,2025-03,SQL,Evento,UNLP,Otra,GBA Sur,21,Part-time,Intermedia,4.4,Tarjeta debito,2,125000,20,3,Alto,SR11,46.7,1,0,1,7,4,1,9.3,1,0,Curioso,5,Sabado,Desktop,Edge,Violeta,Geminis,X6200,3,0,0
TRAIN_01172,2025-02,Python,TikTok Ads,UBA,Economia,GBA Sur,21,Full-time,,8.1,Tarjeta debito,4,219000,5,29,Medio,SR01,,1,0,1,6,4,2,9.8,0,0,Upskiller,1,Martes,Desktop,Firefox,Verde,Virgo,X6061,3,0,0
TRAIN_01173,2024-11,Python,Universidad Partner,UBA,Ingenieria,CABA,27,No trabaja,Ninguna,8.7,Mercado Pago,4,253000,0,17,Medio,SR06,4.7,0,0,0,7,2,1,8.4,0,0,Career switcher,0,Sabado,Desktop,Edge,Violeta,Sagitario,X6333,7,0,0
TRAIN_01174,2024-10,Web Dev,TikTok Ads,UADE,Otra,Cordoba,31,No trabaja,Ninguna,8.7,Tarjeta credito,12,256000,0,16,Medio,SR06,0.3,0,1,0,3,1,0,,0,0,Desempleado activo,2,Miercoles,Desktop,Safari,Rojo,Tauro,X5197,6,1,1
TRAIN_01175,2025-04,SQL,Referido,UBA,Ingenieria,CABA,19,No trabaja,Ninguna,8.9,Mercado Pago,3,131000,20,0,Medio,SR07,12.4,0,0,1,11,4,4,9.4,0,1,Desempleado activo,3,Miercoles,Mobile,Safari,Gris,Virgo,X6320,7,0,0
TRAIN_01176,2025-03,Python,TikTok Ads,UTN,Economia,CABA,27,Freelance,Intermedia,2.6,Mercado Pago,4,159000,30,15,Medio,SR06,14.6,1,1,1,7,4,1,7.6,0,0,Desempleado activo,0,Jueves,Desktop,Chrome,Azul,Aries,X3262,7,0,0
TRAIN_01177,2025-02,Web Dev,TikTok Ads,ITBA,Ingenieria,CABA,30,Busca trabajo,Basica,8.6,Tarjeta debito,3,192000,25,0,Alto,SR03,17.0,1,1,1,43,4,12,9.3,0,0,Upskiller,0,Jueves,Tablet,Safari,Verde,Aries,X6645,2,0,0
TRAIN_01178,2025-05,Python,Instagram Ads,Universidad Austral,Ingenieria,La Plata,21,Part-time,Basica,4.2,Transferencia,3,171000,35,6,Medio,SR05,34.4,0,0,0,1,3,0,,0,1,Explorer,4,Jueves,Tablet,Chrome,Azul,Tauro,X8559,8,1,1
TRAIN_01179,2025-04,IA Generativa,Instagram Ads,ITBA,Psicologia,CABA,23,Freelance,Ninguna,10.1,Tarjeta credito,2,167000,10,24,Alto,SR05,3.2,1,0,1,13,4,6,7.6,0,0,Career switcher,5,Jueves,Desktop,Edge,Azul,Escorpio,X1367,8,0,0
TRAIN_01180,2025-04,Web Dev,Instagram Ads,UTN,Ingenieria,Mendoza,24,Part-time,Basica,4.0,Tarjeta credito,9,151000,40,1,Alto,SR10,9.1,1,0,0,3,2,2,,0,0,Upskiller,3,Viernes,Mobile,Chrome,Violeta,Libra,X3767,2,0,0
TRAIN_01181,2025-02,Machine Learning,Web Organico,UADE,Ingenieria,Rosario,25,Full-time,Basica,5.6,Mercado Pago,2,230000,20,16,Bajo,SR06,2.2,1,1,0,9,2,5,7.8,0,0,Curioso,0,Viernes,Desktop,Chrome,Verde,Acuario,X5475,3,1,1
TRAIN_01182,2024-10,Web Dev,TikTok Ads,UBA,Economia,GBA Oeste,26,Busca trabajo,Intermedia,4.7,,1,207000,10,12,Bajo,SR03,27.5,1,0,1,5,4,1,8.8,0,0,Curioso,2,Viernes,Desktop,Chrome,Violeta,Tauro,X3419,3,0,0
TRAIN_01183,2025-03,Web Dev,Universidad Partner,Otra,Economia,CABA,18,Freelance,Basica,5.7,Tarjeta debito,3,255000,0,18,Medio,SR04,5.6,1,0,0,4,2,0,,0,1,Explorer,5,Viernes,Tablet,Chrome,Naranja,Capricornio,X2619,1,0,0
TRAIN_01184,2025-04,IA Generativa,TikTok Ads,UTN,Cs Datos,GBA Norte,27,Busca trabajo,Intermedia,7.0,Transferencia,3,183000,20,26,Medio,SR03,,1,0,1,10,4,4,,0,1,Explorer,7,Martes,Mobile,Firefox,Rojo,Libra,X5051,5,1,1
TRAIN_01185,2025-05,Data Analytics,TikTok Ads,Otra,Otra,GBA Sur,23,Freelance,Intermedia,3.1,Transferencia,4,179000,35,11,Medio,SR12,3.2,0,0,1,5,2,2,,0,1,Desempleado activo,1,Sabado,Mobile,Chrome,Verde,Libra,X9316,9,1,1
TRAIN_01186,2025-04,IA Generativa,Google Ads,ITBA,Cs Datos,Mendoza,25,Part-time,Ninguna,11.0,Efectivo,3,288000,25,17,Bajo,SR01,1.7,1,1,1,7,4,0,8.0,1,0,Upskiller,3,Miercoles,Mobile,Chrome,Rojo,Leo,X5000,7,0,0
TRAIN_01187,2024-09,Web Dev,Web Organico,Otra,Otra,GBA Oeste,22,Part-time,Basica,7.1,Tarjeta debito,6,255000,0,15,Bajo,SR07,4.7,1,1,1,9,4,3,8.3,1,0,Curioso,5,Miercoles,Mobile,Edge,Verde,Geminis,X5126,2,0,0
TRAIN_01188,2024-08,Python,Instagram Ads,Universidad Austral,Ingenieria,GBA Oeste,20,Part-time,Basica,2.0,Transferencia,12,224000,15,19,Bajo,SR12,1.2,1,1,1,6,3,2,4.2,0,0,Upskiller,3,Jueves,Mobile,Safari,Verde,Tauro,X2024,7,0,0
TRAIN_01189,2025-04,Data Analytics,Instagram Ads,UADE,Ingenieria,Rosario,23,Full-time,Ninguna,2.5,Tarjeta credito,9,226000,20,6,Bajo,SR03,35.7,1,0,1,6,3,0,,0,1,Career switcher,4,Jueves,Mobile,Chrome,Rojo,Virgo,X2221,0,0,1
TRAIN_01190,2024-10,IA Generativa,TikTok Ads,Otra,Administracion,Rosario,23,Full-time,Basica,0.0,Mercado Pago,3,170000,15,26,Medio,SR01,31.9,1,0,1,8,4,3,9.1,0,1,Desempleado activo,2,Martes,Desktop,Chrome,Azul,Leo,X8956,8,0,0
TRAIN_01191,2024-09,Python,Google Ads,UBA,Ingenieria,Rosario,24,Full-time,Basica,9.4,Transferencia,6,184000,30,11,Bajo,SR03,27.0,0,0,0,4,2,2,,0,0,Upskiller,2,Martes,Mobile,Safari,Verde,Piscis,X2787,3,1,1
TRAIN_01192,2025-02,Data Analytics,Google Ads,UTN,Otra,CABA,22,Full-time,Ninguna,1.2,Mercado Pago,4,146000,30,25,Medio,SR08,11.3,1,1,1,11,4,5,10.0,0,0,Curioso,8,Lunes,Mobile,Chrome,Rojo,Escorpio,X5781,8,0,0
TRAIN_01193,2024-10,Python,Universidad Partner,UTN,Diseno,La Plata,25,No trabaja,Ninguna,5.2,Transferencia,3,180000,30,3,Medio,SR11,7.0,1,0,1,11,4,5,,0,0,Upskiller,1,Sabado,Mobile,Chrome,Gris,Leo,X6673,9,0,0
TRAIN_01194,2024-09,SQL,Referido,UBA,Economia,Rosario,28,Part-time,Basica,4.4,Tarjeta credito,9,129000,25,6,Bajo,SR03,16.9,1,1,1,12,4,4,7.7,0,0,Explorer,0,Jueves,Mobile,Chrome,Naranja,Virgo,X7272,3,0,0
TRAIN_01195,2024-08,IA Generativa,Evento,UBA,Economia,GBA Sur,25,Full-time,Ninguna,0.0,Mercado Pago,6,168000,25,7,Medio,SR03,7.0,1,1,1,9,4,3,,0,0,Desempleado activo,0,Sabado,Desktop,Otro,Violeta,Tauro,X1185,3,0,1
TRAIN_01196,2025-04,Machine Learning,TikTok Ads,UTN,Otra,Rosario,26,No trabaja,Ninguna,6.7,Mercado Pago,3,243000,25,10,Medio,SR02,12.1,0,0,1,12,4,4,7.9,1,1,Upskiller,4,Jueves,Desktop,Chrome,Azul,Leo,X1118,9,0,0
TRAIN_01197,2025-04,Python,Universidad Partner,UADE,Ingenieria,GBA Sur,27,Part-time,Basica,,Mercado Pago,3,208000,15,15,Bajo,SR03,113.2,1,0,0,3,1,0,11.0,1,1,Curioso,3,Jueves,Mobile,Chrome,Rojo,Tauro,X6478,6,0,0
TRAIN_01198,2025-05,IA Generativa,Google Ads,UBA,Ingenieria,Otra,18,Freelance,Ninguna,7.5,Mercado Pago,2,182000,15,2,Medio,SR12,14.8,1,0,1,11,4,4,7.7,0,0,Upskiller,4,Martes,Mobile,Chrome,Violeta,Geminis,X2264,7,0,0
TRAIN_01199,2024-10,SQL,Instagram Ads,,Ingenieria,Cordoba,25,Full-time,,0.0,Mercado Pago,4,127000,20,7,Alto,SR07,13.5,0,1,1,7,4,2,8.7,0,0,Explorer,0,Jueves,Mobile,Safari,Azul,Capricornio,X4100,5,0,0
TRAIN_01200,2024-11,Web Dev,Instagram Ads,UTN,Cs Datos,CABA,25,No trabaja,Ninguna,8.4,Tarjeta credito,3,163000,30,28,Medio,SR02,49.7,0,0,0,6,1,3,,0,0,Curioso,2,Miercoles,Desktop,Safari,Gris,Sagitario,X6769,8,0,1
TRAIN_01201,2024-09,IA Generativa,TikTok Ads,ITBA,Otra,Otra,17,Busca trabajo,Basica,,Mercado Pago,3,182000,10,25,Medio,SR10,10.6,0,0,1,6,3,0,9.7,0,0,Upskiller,0,Lunes,Mobile,Safari,Verde,Acuario,X8770,3,0,0
TRAIN_01202,2024-09,IA Generativa,Instagram Ads,UBA,Psicologia,Cordoba,18,Busca trabajo,Basica,3.8,Tarjeta credito,3,121000,45,13,Medio,SR12,9.0,1,0,1,8,4,0,9.8,0,1,Curioso,2,Sabado,Desktop,Chrome,Verde,Cancer,X9140,7,1,1
TRAIN_01203,2025-02,Web Dev,TikTok Ads,UNLP,Diseno,GBA Oeste,19,Busca trabajo,Intermedia,10.8,Tarjeta credito,2,228000,0,19,Medio,SR02,6.0,1,0,0,11,2,2,4.1,0,0,Desempleado activo,1,Lunes,Mobile,Edge,Verde,Aries,X4740,0,0,0
TRAIN_01204,2025-05,Web Dev,Universidad Partner,Otra,Economia,CABA,19,No trabaja,Basica,10.4,Tarjeta credito,6,223000,10,12,Medio,SR02,1.6,1,1,1,8,3,2,6.7,0,1,Explorer,0,Lunes,Desktop,Chrome,Azul,Escorpio,X1577,6,0,0
TRAIN_01205,2024-09,Data Analytics,Web Organico,Otra,Administracion,CABA,19,No trabaja,Basica,12.8,Transferencia,6,187000,25,12,,SR04,396.0,1,0,0,6,3,3,7.9,0,0,Explorer,3,Sabado,Desktop,Firefox,Gris,Escorpio,X7328,1,0,1
TRAIN_01206,2024-09,Data Analytics,Google Ads,UBA,Cs Datos,Mendoza,19,Full-time,Ninguna,6.3,Tarjeta credito,6,239000,5,10,Medio,SR01,2.6,1,1,1,8,4,4,7.4,0,0,Career switcher,4,Martes,Desktop,Otro,Naranja,Geminis,X6439,1,0,0
TRAIN_01207,2024-09,Python,Evento,Universidad Austral,Ingenieria,GBA Sur,24,Busca trabajo,Ninguna,8.5,Tarjeta debito,2,189000,25,29,Alto,SR09,144.0,0,0,1,7,4,0,9.6,0,1,Explorer,0,Lunes,Desktop,Chrome,Azul,Escorpio,X9231,3,0,0
TRAIN_01208,2024-09,Python,Referido,UADE,Psicologia,GBA Sur,18,Full-time,Basica,10.6,Transferencia,1,254000,0,10,Medio,SR02,6.8,1,1,1,16,4,4,10.0,0,0,Upskiller,4,Miercoles,Mobile,Chrome,Verde,Capricornio,X8566,9,0,0
TRAIN_01209,2025-05,Data Analytics,Google Ads,UADE,Cs Datos,Otra,25,Full-time,Ninguna,8.2,Tarjeta credito,3,248000,5,10,Medio,SR06,16.8,1,0,0,10,4,3,6.8,0,0,Desempleado activo,3,Sabado,Desktop,Chrome,Azul,Virgo,X9399,3,0,0
TRAIN_01210,2024-09,Python,Instagram Ads,UADE,Diseno,GBA Norte,26,Busca trabajo,Ninguna,,Efectivo,2,236000,0,4,Medio,SR10,9.4,1,0,0,3,1,0,4.1,0,0,Career switcher,1,Viernes,Desktop,Safari,Gris,Geminis,X8343,2,1,1
TRAIN_01211,2025-05,Python,Universidad Partner,UADE,Otra,GBA Sur,18,Full-time,Ninguna,8.5,Transferencia,2,175000,20,17,Alto,SR10,7.8,0,1,1,5,3,1,,0,1,Desempleado activo,4,Lunes,Mobile,Chrome,Rojo,Acuario,X8428,4,1,1
TRAIN_01212,2025-03,Python,Instagram Ads,UBA,Otra,Rosario,21,No trabaja,Ninguna,9.3,Tarjeta credito,1,167000,35,19,Bajo,SR09,4.1,1,0,0,4,2,2,5.3,0,0,Upskiller,0,Sabado,Desktop,Safari,Gris,Cancer,X2723,0,0,0
TRAIN_01213,2024-10,Machine Learning,TikTok Ads,ITBA,Psicologia,CABA,24,Part-time,Basica,6.8,Tarjeta credito,2,331000,5,20,Medio,SR07,14.0,0,0,1,6,2,3,,0,0,Explorer,1,Viernes,Desktop,Safari,Azul,Escorpio,X9130,9,0,0
TRAIN_01214,2025-04,Python,Instagram Ads,UBA,Cs Datos,Mendoza,23,No trabaja,Basica,13.1,Mercado Pago,9,199000,20,11,Medio,SR07,10.6,1,0,1,9,4,1,8.2,0,0,Explorer,1,Martes,Desktop,Firefox,Naranja,Aries,X4141,7,0,0
TRAIN_01215,2024-08,Machine Learning,Instagram Ads,Otra,Cs Datos,La Plata,30,Full-time,,,Efectivo,6,225000,30,0,Alto,SR06,24.6,1,0,0,6,3,4,,0,1,Desempleado activo,2,Lunes,Desktop,Firefox,Naranja,Capricornio,X3100,7,0,1
TRAIN_01216,2025-02,IA Generativa,Instagram Ads,UADE,Administracion,CABA,25,Full-time,Basica,4.8,Transferencia,9,164000,20,0,Medio,SR02,37.7,0,0,0,11,2,4,9.9,0,0,Desempleado activo,3,Miercoles,Mobile,Chrome,Azul,Sagitario,X9638,5,0,1
TRAIN_01217,2024-08,IA Generativa,Referido,UBA,Diseno,Rosario,23,No trabaja,Intermedia,6.8,Tarjeta debito,4,168000,15,0,Alto,SR02,18.5,1,1,1,10,4,1,6.1,1,0,Career switcher,6,Jueves,Tablet,Chrome,Gris,Sagitario,X8662,9,0,0
TRAIN_01218,2025-02,Python,Web Organico,ITBA,Ingenieria,Rosario,29,No trabaja,Ninguna,1.9,Tarjeta debito,3,248000,0,7,Alto,SR01,3.3,1,1,1,10,4,2,8.9,0,1,Desempleado activo,3,Martes,Desktop,Chrome,Azul,Virgo,X5965,7,0,0
TRAIN_01219,2024-11,SQL,Google Ads,UBA,Ingenieria,CABA,28,No trabaja,Ninguna,12.1,Tarjeta debito,4,184000,0,8,Bajo,SR10,9.1,1,1,1,8,4,4,7.5,1,0,Career switcher,0,Martes,Mobile,Safari,Violeta,Capricornio,X4627,9,0,0
TRAIN_01220,2025-02,Machine Learning,Web Organico,UTN,Cs Datos,Cordoba,30,No trabaja,Ninguna,9.8,Tarjeta debito,6,311000,5,10,Medio,SR10,11.9,1,0,0,6,1,1,,0,1,Upskiller,4,Lunes,Desktop,Chrome,Azul,Aries,X9854,0,1,1
TRAIN_01221,2024-10,Web Dev,Evento,,Ingenieria,CABA,18,Part-time,Intermedia,11.5,Tarjeta credito,6,241000,0,17,Medio,SR05,6.2,0,1,1,10,4,4,8.4,0,0,Career switcher,2,Lunes,Mobile,Chrome,Azul,Leo,X5863,0,0,0
TRAIN_01222,2025-04,IA Generativa,Referido,ITBA,Cs Datos,CABA,19,Part-time,Basica,8.6,Mercado Pago,2,195000,0,18,Medio,SR08,7.3,1,1,1,7,4,2,6.3,0,0,Desempleado activo,0,Jueves,Mobile,Chrome,Rojo,Leo,X3330,1,0,0
TRAIN_01223,2025-04,IA Generativa,Evento,UNLP,Otra,CABA,18,Full-time,Intermedia,7.0,,2,194000,10,0,Medio,SR11,4.2,1,0,1,8,3,4,7.9,0,0,Desempleado activo,3,Miercoles,Mobile,Chrome,Violeta,Aries,X8231,1,0,0
TRAIN_01224,2025-02,Data Analytics,Web Organico,UBA,Ingenieria,La Plata,24,No trabaja,Ninguna,10.2,Transferencia,6,249000,10,17,Medio,SR09,2.2,1,0,0,7,3,1,,0,1,Curioso,2,Miercoles,Mobile,Safari,Violeta,Capricornio,X4742,2,1,1
TRAIN_01225,2024-11,Web Dev,TikTok Ads,,Diseno,Rosario,18,Part-time,Avanzada,2.0,,3,181000,30,18,Alto,SR01,18.2,0,1,0,8,1,3,,1,0,Career switcher,1,Miercoles,Mobile,Chrome,Rojo,Leo,X7327,7,1,1
TRAIN_01226,2024-08,SQL,TikTok Ads,UBA,Ingenieria,CABA,27,Part-time,Ninguna,6.8,Mercado Pago,3,132000,25,21,Alto,SR10,25.9,1,0,1,5,4,0,10.0,0,0,Curioso,0,Martes,Mobile,Edge,Azul,Cancer,X8157,9,0,0
TRAIN_01227,2025-05,SQL,Web Organico,UBA,Cs Datos,CABA,25,No trabaja,Ninguna,8.7,Tarjeta credito,9,131000,30,9,Alto,SR07,5.2,1,1,1,6,4,2,7.7,1,0,Upskiller,4,Sabado,Desktop,Chrome,Rojo,Tauro,X8086,9,0,0
TRAIN_01228,2025-04,IA Generativa,Evento,ITBA,Economia,La Plata,29,Full-time,Intermedia,2.3,Tarjeta debito,4,171000,20,8,Medio,SR08,1.8,0,1,1,10,4,3,8.4,0,0,Desempleado activo,0,Martes,Desktop,Edge,Rojo,Virgo,X4348,3,0,0
TRAIN_01229,2025-02,SQL,TikTok Ads,UBA,Cs Datos,CABA,24,Busca trabajo,Basica,5.5,Tarjeta debito,9,148000,20,20,Alto,SR02,4.9,0,0,0,6,4,4,,0,0,Curioso,3,Martes,Mobile,Chrome,Violeta,Cancer,X8485,6,0,0
TRAIN_01230,2025-04,Python,Referido,UADE,Administracion,CABA,18,Busca trabajo,Intermedia,6.5,Tarjeta credito,3,152000,30,11,Bajo,SR06,3.9,1,0,1,11,4,2,10.0,1,0,Desempleado activo,0,Viernes,Mobile,Chrome,Rojo,Virgo,X2076,0,0,0
TRAIN_01231,2024-08,Python,Google Ads,Universidad Austral,Economia,CABA,19,Freelance,Ninguna,6.0,Transferencia,4,235000,0,1,Medio,SR10,15.2,1,0,1,8,4,3,7.8,1,1,Explorer,3,Viernes,Tablet,Chrome,Violeta,Leo,X3627,0,0,0
TRAIN_01232,2024-08,Data Analytics,Referido,UBA,Psicologia,GBA Oeste,20,Part-time,Basica,5.3,Tarjeta debito,6,253000,0,26,Medio,SR10,9.5,1,0,1,10,4,3,10.0,0,0,Career switcher,4,Lunes,Desktop,Chrome,Rojo,Leo,X1453,6,0,0
TRAIN_01233,2025-04,IA Generativa,Instagram Ads,UTN,Ingenieria,CABA,19,No trabaja,Ninguna,13.0,Tarjeta debito,6,217000,5,13,,SR01,10.9,1,1,1,7,4,3,8.9,0,1,Curioso,3,Miercoles,Desktop,Safari,Verde,Aries,X7563,0,0,0
TRAIN_01234,2024-09,Machine Learning,Instagram Ads,Universidad Austral,Economia,CABA,26,Part-time,Ninguna,10.8,Efectivo,2,260000,20,17,Alto,SR09,,1,0,1,6,3,1,,0,1,Curioso,3,Sabado,Mobile,Safari,Violeta,Aries,X3401,1,0,1
TRAIN_01235,2025-02,IA Generativa,TikTok Ads,UBA,Administracion,GBA Norte,21,No trabaja,Basica,6.3,Transferencia,4,175000,20,5,Medio,SR11,1.5,1,0,1,12,4,4,9.8,0,0,Desempleado activo,2,Lunes,Mobile,Chrome,Verde,Piscis,X8366,8,0,0
TRAIN_01236,2025-03,Machine Learning,TikTok Ads,UADE,Economia,Mendoza,24,No trabaja,Ninguna,4.1,Tarjeta debito,2,222000,30,12,Alto,SR05,6.2,1,1,1,12,4,4,7.0,0,0,Desempleado activo,1,Lunes,Mobile,Chrome,Rojo,Escorpio,X6973,0,0,0
TRAIN_01237,2025-04,Machine Learning,Instagram Ads,UBA,Economia,La Plata,25,Busca trabajo,Ninguna,3.9,Tarjeta debito,3,274000,15,5,Bajo,SR12,59.3,0,0,1,9,4,1,,1,0,Desempleado activo,0,Lunes,Mobile,Safari,Verde,Acuario,X2334,3,1,1
TRAIN_01238,2024-08,Machine Learning,Universidad Partner,UADE,Ingenieria,Otra,19,Busca trabajo,Basica,8.9,Tarjeta debito,2,258000,15,19,Medio,SR12,2.7,1,1,1,11,4,4,9.0,0,0,Explorer,5,Miercoles,Desktop,Safari,Naranja,Sagitario,X8542,0,0,0
TRAIN_01239,2024-08,Machine Learning,Referido,UBA,Cs Datos,CABA,29,Part-time,Basica,7.5,Mercado Pago,3,314000,5,6,Alto,SR06,19.6,1,0,0,5,3,2,7.8,0,0,Career switcher,4,Martes,Mobile,Chrome,Violeta,Cancer,X1903,5,0,0
TRAIN_01240,2024-11,Data Analytics,Instagram Ads,UADE,Diseno,Cordoba,24,No trabaja,Basica,,Tarjeta debito,3,210000,30,18,Alto,SR04,8.9,1,0,1,10,4,0,9.1,0,1,Career switcher,3,Miercoles,Desktop,Chrome,Azul,Leo,X8021,1,0,0
TRAIN_01241,2025-04,IA Generativa,Web Organico,UADE,Cs Datos,GBA Sur,23,Freelance,,2.9,Tarjeta debito,4,178000,0,11,Medio,SR06,3.4,1,0,1,9,4,2,7.4,0,0,Explorer,0,Jueves,Mobile,Safari,Naranja,Leo,X6823,4,1,1
TRAIN_01242,2025-02,Python,Google Ads,UADE,Ingenieria,GBA Sur,22,Part-time,Basica,10.1,Efectivo,12,210000,15,6,Bajo,SR07,3.6,0,0,0,1,1,1,,0,0,Career switcher,0,Jueves,Mobile,Chrome,Gris,Virgo,X2350,1,1,1
TRAIN_01243,2025-03,Data Analytics,TikTok Ads,Otra,Ingenieria,CABA,23,Full-time,Basica,11.1,Tarjeta credito,3,171000,30,25,Alto,SR08,13.6,0,0,0,3,1,1,,0,0,Career switcher,2,Viernes,Mobile,Chrome,Violeta,Capricornio,X2650,1,1,1
TRAIN_01244,2025-04,Machine Learning,Evento,UTN,Ingenieria,Otra,26,Part-time,Basica,9.9,Tarjeta debito,12,297000,5,26,Medio,SR10,6.1,0,1,1,10,4,4,9.4,0,0,Explorer,3,Viernes,Tablet,Edge,Naranja,Acuario,X3528,9,0,0
TRAIN_01245,2025-04,Web Dev,Google Ads,Otra,Economia,GBA Norte,22,Part-time,Intermedia,6.9,Efectivo,6,194000,20,6,Medio,SR01,0.5,1,0,1,10,4,3,9.8,0,0,Career switcher,4,Miercoles,Desktop,Safari,Naranja,Leo,X6363,2,0,0
TRAIN_01246,2024-10,Data Analytics,Instagram Ads,ITBA,Psicologia,Mendoza,18,No trabaja,Avanzada,7.0,Mercado Pago,12,200000,15,17,Medio,SR01,12.5,1,0,0,6,2,2,7.9,1,0,Career switcher,5,Martes,Desktop,Chrome,Naranja,Escorpio,X7736,2,0,0
TRAIN_01247,2024-11,Data Analytics,TikTok Ads,ITBA,Diseno,Mendoza,20,Full-time,Ninguna,3.8,Tarjeta credito,3,245000,0,24,Medio,SR12,0.5,1,0,1,11,4,1,9.4,0,0,Explorer,5,Martes,Mobile,Safari,Gris,Geminis,X7172,0,0,0
TRAIN_01248,2025-02,SQL,Referido,UADE,Economia,Cordoba,23,Part-time,Ninguna,12.3,Mercado Pago,3,143000,15,16,Medio,SR10,9.0,0,1,1,8,4,1,10.0,0,0,Career switcher,4,Lunes,Desktop,Chrome,Azul,Acuario,X1196,5,0,0
TRAIN_01249,2025-05,Web Dev,Google Ads,UADE,Diseno,CABA,18,No trabaja,Intermedia,7.4,Tarjeta credito,6,226000,10,5,Alto,SR12,49.7,1,1,0,6,2,0,,0,0,Career switcher,8,Jueves,Tablet,Edge,Rojo,Sagitario,X4414,0,0,0
TRAIN_01250,2024-09,Machine Learning,Instagram Ads,UADE,Ingenieria,GBA Sur,23,Full-time,Basica,5.3,Efectivo,6,200000,30,36,Alto,SR04,0.9,1,1,1,9,4,3,,0,1,Explorer,0,Miercoles,Desktop,Firefox,Gris,Virgo,X6521,3,0,0
TRAIN_01251,2025-03,IA Generativa,Evento,UTN,Otra,GBA Oeste,18,No trabaja,Intermedia,13.4,Tarjeta debito,3,174000,20,0,Medio,SR03,4.5,1,0,0,7,3,0,6.3,1,0,Explorer,0,Martes,Mobile,Chrome,Azul,Sagitario,X3197,5,1,1
TRAIN_01252,2024-09,IA Generativa,Web Organico,Universidad Austral,Otra,CABA,27,Freelance,Basica,8.0,Tarjeta credito,6,182000,15,12,,SR04,8.5,0,0,0,3,3,4,9.1,0,1,Career switcher,0,Miercoles,Desktop,Safari,Gris,Escorpio,X5796,4,0,0
TRAIN_01253,2024-11,SQL,TikTok Ads,UBA,Diseno,Cordoba,22,Busca trabajo,Basica,6.4,Transferencia,6,180000,15,28,Alto,SR02,6.2,1,0,1,9,4,4,,1,1,Curioso,0,Sabado,Mobile,Chrome,Azul,Escorpio,X2838,8,0,1
TRAIN_01254,2025-04,Web Dev,Instagram Ads,Otra,Ingenieria,GBA Norte,18,Part-time,,3.1,Efectivo,9,220000,15,11,,SR03,16.9,1,1,0,6,3,0,,0,1,Upskiller,1,Lunes,Mobile,Edge,Gris,Escorpio,X7621,4,1,1
TRAIN_01255,2025-04,Data Analytics,Web Organico,UADE,Cs Datos,GBA Sur,25,Freelance,Basica,12.4,Tarjeta credito,4,206000,25,12,Medio,SR06,7.8,0,0,0,6,2,3,10.0,0,0,Curioso,3,Martes,Mobile,Chrome,Violeta,Leo,X7892,0,0,0
TRAIN_01256,2025-04,Python,Instagram Ads,Otra,Economia,GBA Norte,23,No trabaja,Ninguna,5.2,Transferencia,3,180000,20,22,Alto,SR01,5.2,1,0,0,4,2,2,9.4,0,0,Career switcher,3,Miercoles,Desktop,Chrome,Violeta,Leo,X8261,3,0,0
TRAIN_01257,2024-09,IA Generativa,TikTok Ads,UBA,Ingenieria,Otra,52,Busca trabajo,Intermedia,7.8,Tarjeta debito,6,166000,25,17,Medio,SR09,2.5,0,0,0,2,4,0,6.7,0,0,Desempleado activo,2,Martes,Mobile,Chrome,Verde,Geminis,X5307,6,0,0
TRAIN_01258,2024-10,Machine Learning,Instagram Ads,UNLP,Cs Datos,Rosario,27,Full-time,,,Tarjeta debito,3,254000,25,4,Medio,SR09,22.2,1,1,1,9,4,4,7.1,0,0,Career switcher,3,Sabado,Mobile,Chrome,Gris,Geminis,X3913,8,1,1
TRAIN_01259,2024-09,Python,Instagram Ads,UTN,Otra,Rosario,24,Busca trabajo,Basica,9.1,Transferencia,4,219000,5,0,Bajo,SR01,1.2,1,1,1,7,3,1,,0,0,Career switcher,6,Sabado,Desktop,Chrome,Verde,Libra,X9231,0,1,1
TRAIN_01260,2024-08,Web Dev,Web Organico,UTN,Administracion,GBA Oeste,20,No trabaja,Intermedia,6.6,Mercado Pago,9,166000,30,19,Bajo,SR02,2.5,1,0,0,3,0,2,,0,1,Explorer,6,Miercoles,Desktop,Safari,Verde,Libra,X6682,6,1,1
TRAIN_01261,2025-05,Web Dev,Web Organico,Universidad Austral,Ingenieria,La Plata,28,Full-time,Basica,6.4,Transferencia,3,259000,0,11,Alto,SR07,20.2,0,0,0,4,1,1,,0,0,Career switcher,7,Miercoles,Tablet,Chrome,Azul,Cancer,X8686,6,0,0
TRAIN_01262,2024-11,Python,Instagram Ads,UTN,Economia,Mendoza,18,Part-time,Ninguna,6.8,Tarjeta credito,3,188000,10,5,Alto,SR11,3.9,0,1,0,4,2,1,8.0,0,1,Career switcher,1,Jueves,Desktop,Firefox,Rojo,Libra,X4583,9,0,0
TRAIN_01263,2025-03,IA Generativa,Instagram Ads,ITBA,Ingenieria,Otra,48,No trabaja,Intermedia,9.1,Mercado Pago,3,145000,30,7,Alto,SR07,5.5,0,0,0,4,4,3,5.8,0,0,Curioso,0,Viernes,Mobile,Chrome,Naranja,Capricornio,X7139,9,0,0
TRAIN_01264,2024-10,Web Dev,TikTok Ads,UNLP,Administracion,Mendoza,23,Busca trabajo,Basica,16.3,Mercado Pago,9,193000,25,0,Alto,SR10,25.6,1,1,1,5,4,2,,0,0,Curioso,4,Viernes,Mobile,Otro,Rojo,Escorpio,X7509,7,0,0
TRAIN_01265,2024-09,Data Analytics,Instagram Ads,UADE,Administracion,CABA,18,Part-time,Basica,10.5,Transferencia,4,246000,5,7,Bajo,SR04,4.7,1,1,1,9,4,2,,0,1,Explorer,4,Jueves,Desktop,Safari,Violeta,Cancer,X7569,8,0,0
TRAIN_01266,2025-04,Data Analytics,Google Ads,Universidad Austral,Otra,Cordoba,19,No trabaja,Intermedia,9.0,Transferencia,3,179000,25,11,Medio,SR11,4.3,0,0,0,0,1,1,8.4,0,1,Career switcher,0,Martes,Mobile,Firefox,Naranja,Sagitario,X2895,6,0,0
TRAIN_01267,2024-10,Web Dev,Instagram Ads,Otra,Ingenieria,Cordoba,26,Part-time,Basica,1.4,,3,209000,20,15,Medio,SR02,9.8,1,0,0,3,3,2,,0,0,Explorer,0,Jueves,Desktop,Safari,Azul,Virgo,X3967,2,0,1
TRAIN_01268,2024-09,IA Generativa,Google Ads,ITBA,Ingenieria,CABA,22,Full-time,Basica,,Transferencia,3,182000,20,10,Medio,SR04,1.8,1,0,0,8,1,2,,0,0,Upskiller,3,Sabado,Desktop,Safari,Verde,Tauro,X6087,5,1,1
TRAIN_01269,2025-02,Machine Learning,Universidad Partner,UTN,Ingenieria,CABA,27,Full-time,Basica,1.4,Tarjeta credito,2,265000,15,16,Medio,SR09,9.0,1,0,0,1,0,2,,1,1,Career switcher,0,Viernes,Mobile,Chrome,Violeta,Virgo,X5626,7,1,1
TRAIN_01270,2024-10,SQL,TikTok Ads,UTN,Administracion,GBA Sur,27,Freelance,,6.5,Transferencia,6,174000,5,10,Medio,SR04,16.0,0,0,0,0,4,1,,0,0,Upskiller,2,Viernes,Desktop,Safari,Azul,Aries,X4724,6,1,1
TRAIN_01271,2024-08,IA Generativa,Google Ads,,Cs Datos,Rosario,25,Busca trabajo,Intermedia,6.2,Mercado Pago,2,233000,0,18,Medio,SR11,12.0,1,1,1,2,2,1,7.3,0,0,Career switcher,5,Lunes,Desktop,Chrome,Azul,Acuario,X7459,0,0,0
TRAIN_01272,2025-03,Data Analytics,Universidad Partner,UTN,Otra,La Plata,22,No trabaja,Ninguna,1.9,Mercado Pago,3,211000,15,18,Alto,SR08,11.8,1,0,1,4,4,1,8.2,1,0,Upskiller,3,Lunes,Mobile,Safari,Azul,Capricornio,X6782,0,0,0
TRAIN_01273,2024-10,Data Analytics,Universidad Partner,UTN,Cs Datos,Otra,24,Part-time,Ninguna,0.0,Mercado Pago,6,188000,30,33,Medio,SR04,12.3,1,0,0,9,3,2,7.5,0,0,Explorer,4,Viernes,Desktop,Chrome,Azul,Acuario,X5889,8,0,0
TRAIN_01274,2025-05,Python,Universidad Partner,UBA,Cs Datos,La Plata,23,Freelance,Ninguna,6.1,Tarjeta credito,2,180000,25,17,Alto,SR06,36.5,1,1,1,4,3,0,6.6,0,0,Desempleado activo,0,Lunes,Mobile,Chrome,Naranja,Virgo,X8677,4,0,0
TRAIN_01275,2024-09,Data Analytics,Referido,UTN,Cs Datos,CABA,19,No trabaja,Ninguna,9.5,Tarjeta credito,6,242000,10,14,Medio,SR08,77.3,1,1,1,10,4,2,3.4,0,1,Explorer,1,Jueves,Desktop,Firefox,Gris,Aries,X8733,8,0,0
TRAIN_01276,2025-02,Python,Instagram Ads,UTN,Cs Datos,GBA Norte,24,Part-time,Basica,4.6,Tarjeta credito,3,191000,15,24,Medio,SR06,2.3,1,0,0,9,2,4,5.8,0,0,Desempleado activo,3,Martes,Desktop,Chrome,Rojo,Aries,X3313,8,0,0
TRAIN_01277,2025-02,SQL,Web Organico,Universidad Austral,Otra,La Plata,18,Part-time,Ninguna,7.9,Tarjeta credito,9,157000,10,18,Bajo,SR12,30.1,1,0,1,6,4,2,,0,0,Career switcher,2,Lunes,Mobile,Chrome,Gris,Piscis,X2060,8,0,0
TRAIN_01278,2025-04,Web Dev,Instagram Ads,ITBA,Ingenieria,CABA,27,Busca trabajo,Intermedia,2.7,Tarjeta debito,3,208000,15,13,Bajo,SR01,,1,0,0,6,4,0,,0,0,Upskiller,6,Lunes,Desktop,Chrome,Verde,Virgo,X6623,1,1,1
TRAIN_01279,2024-10,Python,TikTok Ads,UBA,Otra,GBA Norte,25,Part-time,,7.3,Transferencia,9,202000,15,8,Alto,SR06,19.0,1,0,0,1,1,0,,1,0,Curioso,1,Martes,Desktop,Safari,Rojo,Geminis,X1369,6,0,1
TRAIN_01280,2024-09,SQL,Google Ads,Otra,Economia,Rosario,21,Busca trabajo,Ninguna,6.3,Tarjeta credito,4,137000,25,5,Alto,SR09,5.8,1,0,0,2,3,1,9.0,0,0,Career switcher,3,Jueves,Desktop,Safari,Rojo,Capricornio,X7334,1,0,0
TRAIN_01281,2024-08,Machine Learning,Web Organico,Universidad Austral,Diseno,CABA,24,Full-time,Basica,,Tarjeta credito,2,236000,25,12,Alto,SR10,7.5,1,0,1,11,3,5,9.2,0,1,Explorer,0,Sabado,Desktop,Chrome,Violeta,Leo,X8110,0,0,0
TRAIN_01282,2025-05,IA Generativa,TikTok Ads,UTN,Cs Datos,Rosario,21,Full-time,,6.3,Mercado Pago,1,157000,15,10,Bajo,SR09,6.8,0,0,1,9,4,3,,0,0,Curioso,0,Viernes,Desktop,Chrome,Rojo,Sagitario,X1913,6,0,0
TRAIN_01283,2025-02,Data Analytics,Instagram Ads,UTN,Psicologia,Rosario,22,Part-time,Intermedia,11.0,Transferencia,6,198000,20,32,Medio,SR07,6.9,0,0,1,7,4,0,,0,0,Explorer,5,Lunes,Desktop,Edge,Verde,Piscis,X3699,5,1,1
TRAIN_01284,2025-02,IA Generativa,Universidad Partner,UTN,Economia,GBA Norte,20,Full-time,Avanzada,2.7,Tarjeta credito,3,172000,25,0,Bajo,SR04,19.7,1,1,1,9,4,2,,0,0,Desempleado activo,4,Martes,Mobile,Chrome,Violeta,Virgo,X2514,8,0,0
TRAIN_01285,2024-10,IA Generativa,Instagram Ads,UADE,Cs Datos,GBA Oeste,26,No trabaja,Intermedia,5.8,Tarjeta credito,6,158000,15,10,Medio,SR05,30.6,1,0,0,7,4,2,7.6,0,0,Career switcher,2,Miercoles,Tablet,Firefox,Verde,Capricornio,X8160,0,1,1
TRAIN_01286,2024-10,IA Generativa,Instagram Ads,UADE,Diseno,GBA Norte,32,Freelance,Ninguna,5.7,Transferencia,4,199000,15,3,Bajo,SR12,6.0,1,0,0,1,2,1,7.5,1,0,Desempleado activo,2,Miercoles,Mobile,Chrome,Violeta,Acuario,X3572,6,0,0
TRAIN_01287,2024-11,Web Dev,Instagram Ads,UTN,Economia,GBA Oeste,18,Part-time,Ninguna,3.6,Tarjeta debito,6,171000,30,15,Medio,SR10,20.7,1,0,1,10,4,2,8.1,0,0,Career switcher,2,Sabado,Desktop,Chrome,Violeta,Acuario,X9792,4,0,0
TRAIN_01288,2025-05,Data Analytics,Web Organico,UBA,Psicologia,GBA Norte,22,No trabaja,Ninguna,11.5,Tarjeta credito,3,256000,0,11,Bajo,SR12,25.9,0,0,1,6,4,4,10.0,0,1,Career switcher,4,Lunes,Mobile,Chrome,Violeta,Geminis,X2369,1,0,0
TRAIN_01289,2025-04,SQL,Google Ads,UNLP,Ingenieria,Cordoba,19,Part-time,Ninguna,4.4,,1,150000,15,30,Bajo,SR01,6.0,1,0,1,6,3,2,8.7,0,0,Desempleado activo,0,Lunes,Desktop,Chrome,Azul,Leo,X6606,2,0,0
TRAIN_01290,2024-09,Python,TikTok Ads,UTN,Ingenieria,GBA Oeste,24,Full-time,Basica,10.3,Tarjeta credito,3,151000,30,0,Alto,SR04,4.3,0,0,1,8,4,2,,0,0,Explorer,0,Miercoles,Mobile,Chrome,Verde,Geminis,X1394,5,0,1
TRAIN_01291,2025-02,Python,TikTok Ads,Otra,Otra,GBA Norte,20,Freelance,Ninguna,8.4,Transferencia,6,206000,15,9,Medio,SR08,2.8,0,0,1,8,4,3,7.6,0,1,Upskiller,0,Lunes,Mobile,Chrome,Azul,Sagitario,X1215,8,0,0
TRAIN_01292,2024-09,IA Generativa,Referido,Otra,Diseno,GBA Norte,23,Busca trabajo,Intermedia,12.4,Transferencia,3,488000,0,8,Medio,SR04,4.9,1,1,1,8,4,3,7.5,0,1,Curioso,3,Lunes,Mobile,Firefox,Gris,Virgo,X3054,6,0,0
TRAIN_01293,2024-11,Web Dev,TikTok Ads,UTN,Cs Datos,GBA Norte,25,Part-time,Basica,13.9,Transferencia,2,193000,15,22,Medio,SR05,4.0,0,1,0,6,0,0,,0,1,Explorer,5,Sabado,Tablet,Chrome,Azul,Cancer,X8758,8,1,0
TRAIN_01294,2025-04,Machine Learning,Web Organico,,Otra,CABA,29,No trabaja,Basica,7.4,Transferencia,12,304000,5,23,Medio,SR07,4.8,0,0,1,6,3,3,,0,1,Career switcher,5,Sabado,Desktop,Safari,Azul,Libra,X4623,0,0,0
TRAIN_01295,2025-03,IA Generativa,TikTok Ads,UTN,Psicologia,CABA,21,Full-time,Basica,1.1,Transferencia,6,125000,35,19,Medio,SR06,,0,0,1,6,4,2,6.5,0,1,Explorer,0,Lunes,Mobile,Chrome,Azul,Cancer,X4535,9,0,0
TRAIN_01296,2025-04,IA Generativa,Web Organico,Otra,Cs Datos,Rosario,26,Full-time,Ninguna,4.0,Transferencia,6,165000,20,15,Medio,SR09,13.7,1,0,0,0,2,0,,0,1,Explorer,0,Miercoles,Mobile,Chrome,Gris,Piscis,X2763,1,0,0
TRAIN_01297,2025-04,Web Dev,Referido,ITBA,Ingenieria,CABA,29,Busca trabajo,,6.6,Efectivo,6,199000,25,0,Medio,SR04,3.2,0,1,1,9,4,2,7.6,0,0,Upskiller,2,Viernes,Desktop,Chrome,Verde,Virgo,X8760,3,1,0
TRAIN_01298,2025-03,Web Dev,Referido,UTN,Administracion,Rosario,22,No trabaja,Avanzada,11.3,Transferencia,3,177000,30,10,Bajo,SR10,9.1,1,1,1,7,4,1,9.3,0,0,Upskiller,4,Sabado,Desktop,Chrome,Verde,Tauro,X5183,9,0,0
TRAIN_01299,2024-10,Python,Referido,UADE,Ingenieria,GBA Sur,28,Part-time,Basica,8.0,Mercado Pago,4,184000,15,3,Bajo,SR02,2.8,1,0,1,9,3,4,8.6,0,0,Career switcher,1,Viernes,Desktop,Otro,Azul,Piscis,X6159,5,0,0
TRAIN_01300,2025-04,IA Generativa,Referido,UTN,Otra,CABA,27,Full-time,Intermedia,1.0,Transferencia,3,186000,0,24,Medio,SR07,2.1,1,0,0,1,0,2,7.4,0,0,Desempleado activo,0,Viernes,Desktop,Safari,Violeta,Leo,X5098,0,0,0
TRAIN_01301,2024-08,Data Analytics,Referido,UADE,Economia,GBA Sur,27,Full-time,Intermedia,,Transferencia,9,221000,20,23,Medio,SR10,17.5,1,1,0,4,2,0,,1,0,Explorer,2,Martes,Desktop,Chrome,Rojo,Piscis,X2723,5,1,1
TRAIN_01302,2025-05,SQL,Instagram Ads,UADE,Otra,GBA Norte,27,Part-time,Basica,4.8,Mercado Pago,6,111000,30,16,Medio,SR12,2.7,1,0,0,5,2,4,,0,0,Desempleado activo,0,Jueves,Desktop,Chrome,Azul,Libra,X5694,7,1,1
TRAIN_01303,2024-08,IA Generativa,Referido,UTN,Ingenieria,CABA,19,Freelance,Intermedia,9.4,Mercado Pago,3,173000,20,30,Bajo,SR04,11.1,1,0,1,6,3,1,,0,0,Upskiller,0,Viernes,Mobile,Safari,Azul,Acuario,X4286,4,0,0
TRAIN_01304,2024-10,Data Analytics,Instagram Ads,Otra,Administracion,GBA Oeste,18,No trabaja,Basica,12.2,Tarjeta debito,3,163000,35,8,Medio,SR12,0.5,1,1,1,8,4,3,8.1,0,0,Desempleado activo,2,Miercoles,Desktop,Chrome,Naranja,Piscis,X9792,8,1,0
TRAIN_01305,2025-05,Python,Referido,UBA,Cs Datos,GBA Norte,30,No trabaja,Ninguna,13.0,Tarjeta debito,3,218000,5,10,Bajo,SR12,29.0,0,0,1,6,3,1,,0,0,Curioso,5,Martes,Mobile,Firefox,Gris,Cancer,X1441,0,0,0
TRAIN_01306,2025-04,Python,Web Organico,Otra,Ingenieria,GBA Oeste,20,Busca trabajo,Ninguna,5.6,Transferencia,12,192000,25,16,Medio,SR10,8.2,0,1,1,8,4,3,8.1,0,0,Desempleado activo,3,Lunes,Desktop,Chrome,Naranja,Tauro,X8844,2,0,0
TRAIN_01307,2025-02,Python,Google Ads,UADE,Otra,Mendoza,18,Full-time,Basica,1.0,Tarjeta credito,6,223000,15,16,Medio,SR07,4.3,1,1,1,3,3,0,7.0,0,0,Upskiller,4,Sabado,Desktop,Chrome,Rojo,Sagitario,X8626,4,0,0
TRAIN_01308,2025-03,Machine Learning,TikTok Ads,UTN,Diseno,GBA Norte,27,No trabaja,Basica,9.6,Tarjeta credito,9,295000,10,15,Medio,SR03,2.2,1,1,1,6,2,2,7.2,0,1,Explorer,3,Martes,Desktop,Edge,Violeta,Tauro,X5379,9,0,0
TRAIN_01309,2024-10,Machine Learning,Instagram Ads,UBA,Economia,GBA Sur,18,No trabaja,Ninguna,4.4,Tarjeta debito,3,177000,45,7,Alto,SR02,5.5,0,1,1,10,4,2,,0,0,Desempleado activo,0,Lunes,Mobile,Chrome,Violeta,Escorpio,X1357,7,0,0
TRAIN_01310,2024-10,IA Generativa,Universidad Partner,UADE,Administracion,Otra,24,Busca trabajo,Basica,12.5,Tarjeta debito,1,187000,5,4,Medio,SR02,18.3,1,1,1,8,4,1,10.0,0,0,Desempleado activo,7,Martes,Desktop,Chrome,Violeta,Aries,X1338,1,0,0
TRAIN_01311,2025-05,Web Dev,Instagram Ads,Otra,Ingenieria,Rosario,22,Freelance,Ninguna,10.5,Tarjeta debito,3,198000,25,3,Medio,SR11,8.0,1,0,1,8,4,2,6.0,0,0,Explorer,5,Lunes,Desktop,Firefox,Violeta,Escorpio,X3715,8,0,0
TRAIN_01312,2025-02,Web Dev,Google Ads,ITBA,Administracion,GBA Norte,30,No trabaja,Ninguna,8.4,Transferencia,3,155000,30,0,Medio,SR06,3.3,1,0,1,8,2,4,5.2,1,1,Explorer,5,Jueves,Mobile,Chrome,Violeta,Capricornio,X8380,6,0,0
TRAIN_01313,2024-09,Data Analytics,Referido,UNLP,Economia,GBA Sur,20,Part-time,Intermedia,0.0,Transferencia,6,235000,5,12,Medio,SR05,17.3,0,1,1,7,4,2,9.4,0,0,Curioso,1,Jueves,Desktop,Chrome,Violeta,Leo,X5803,7,0,0
TRAIN_01314,2025-02,Data Analytics,Google Ads,ITBA,Ingenieria,CABA,18,Freelance,Ninguna,8.0,Efectivo,4,245000,5,25,Medio,SR09,1.5,1,0,0,5,3,3,7.7,0,0,Explorer,2,Miercoles,Desktop,Chrome,Naranja,Libra,X8178,8,0,0
TRAIN_01315,2024-11,SQL,Universidad Partner,Otra,Diseno,CABA,31,Part-time,Ninguna,13.7,Mercado Pago,2,216000,0,21,Medio,SR03,25.7,1,0,1,6,4,3,5.6,0,0,Curioso,3,Martes,Desktop,Edge,Azul,Geminis,X6313,3,0,0
TRAIN_01316,2024-08,Data Analytics,Instagram Ads,UTN,Administracion,GBA Oeste,24,Part-time,Ninguna,8.8,Tarjeta credito,1,170000,35,2,Alto,SR02,13.8,1,1,1,7,3,3,8.2,0,0,Explorer,5,Viernes,Mobile,Firefox,Azul,Capricornio,X1635,8,0,0
TRAIN_01317,2025-05,IA Generativa,Web Organico,UNLP,Cs Datos,La Plata,23,No trabaja,Avanzada,7.6,,3,128000,30,23,Bajo,SR02,0.6,1,1,1,9,4,4,10.0,1,0,Explorer,0,Sabado,Mobile,Firefox,Rojo,Tauro,X7566,6,0,0
TRAIN_01318,2024-11,Web Dev,Referido,UBA,Ingenieria,GBA Sur,20,Full-time,Intermedia,,Tarjeta credito,3,221000,10,14,Medio,SR03,25.2,0,1,0,2,1,0,6.5,0,0,Desempleado activo,3,Sabado,Mobile,Chrome,Gris,Cancer,X7753,8,0,0
TRAIN_01319,2025-03,Machine Learning,Web Organico,Otra,Cs Datos,GBA Oeste,25,No trabaja,Ninguna,9.1,Mercado Pago,4,264000,15,30,Medio,SR12,3.3,1,1,1,6,2,3,6.3,1,0,Explorer,3,Martes,Mobile,Chrome,Gris,Libra,X9207,5,0,0
TRAIN_01320,2024-08,Python,Instagram Ads,UBA,Administracion,Mendoza,18,Part-time,Basica,8.8,Tarjeta credito,9,250000,0,0,Medio,SR04,1.4,1,0,0,3,2,3,8.5,0,0,Explorer,4,Martes,Desktop,Safari,Verde,Tauro,X7244,4,0,0
TRAIN_01321,2024-11,Web Dev,Google Ads,Otra,Ingenieria,GBA Norte,26,Part-time,Basica,8.8,Transferencia,4,244000,10,17,Medio,SR01,0.7,1,0,1,6,4,3,8.4,0,0,Explorer,3,Sabado,Mobile,Chrome,Verde,Capricornio,X8353,9,0,0
TRAIN_01322,2025-03,Data Analytics,Referido,UTN,Ingenieria,Rosario,18,Part-time,Ninguna,6.3,Tarjeta credito,6,223000,10,14,Bajo,SR04,11.9,1,0,1,10,4,3,7.3,0,1,Career switcher,5,Martes,Mobile,Chrome,Violeta,Sagitario,X3305,2,0,0
TRAIN_01323,2025-05,Web Dev,Instagram Ads,UTN,Administracion,Mendoza,18,Busca trabajo,Intermedia,7.2,Tarjeta credito,1,237000,0,14,Medio,SR09,11.0,1,0,1,7,4,4,8.8,0,0,Curioso,0,Sabado,Desktop,Chrome,Azul,Aries,X9167,3,0,0
TRAIN_01324,2024-08,Python,TikTok Ads,Universidad Austral,Administracion,Cordoba,28,No trabaja,Basica,9.2,Tarjeta credito,2,191000,20,22,Medio,SR10,5.7,0,0,1,6,4,0,7.7,1,0,Desempleado activo,1,Sabado,Mobile,Chrome,Gris,Geminis,X6873,1,0,0
TRAIN_01325,2024-11,Web Dev,Web Organico,UBA,Ingenieria,GBA Oeste,21,Full-time,Ninguna,,Tarjeta debito,3,222000,15,14,Alto,SR10,0.8,1,0,1,6,3,4,6.7,0,0,Explorer,1,Martes,Mobile,Safari,Naranja,Libra,X9381,0,0,0
TRAIN_01326,2024-08,Python,Google Ads,UTN,Diseno,Cordoba,24,No trabaja,Basica,10.0,Tarjeta credito,6,251000,5,9,Alto,SR08,4.7,0,0,1,4,3,0,10.0,0,0,Curioso,2,Viernes,Desktop,Otro,Gris,Aries,X8974,7,0,0
TRAIN_01327,2025-02,IA Generativa,TikTok Ads,UTN,Psicologia,Cordoba,18,No trabaja,,10.8,Tarjeta debito,2,150000,15,23,Medio,SR07,18.3,0,0,0,3,2,2,,0,0,Desempleado activo,3,Sabado,Desktop,Chrome,Gris,Aries,X2492,2,0,0
TRAIN_01328,2024-10,IA Generativa,Instagram Ads,UBA,Ingenieria,GBA Oeste,28,No trabaja,Basica,12.9,Transferencia,4,159000,20,4,Medio,SR07,,0,1,1,5,2,1,,1,1,Curioso,0,Lunes,Mobile,Chrome,Rojo,Escorpio,X4848,7,1,1
TRAIN_01329,2025-04,Web Dev,Web Organico,UTN,Psicologia,GBA Oeste,23,Freelance,Basica,1.8,Tarjeta credito,1,194000,20,22,Alto,SR08,9.1,1,0,1,6,4,3,10.0,0,0,Explorer,2,Lunes,Desktop,Chrome,Rojo,Capricornio,X2329,3,0,0
TRAIN_01330,2024-10,Machine Learning,Referido,,Economia,Mendoza,18,Part-time,Basica,10.2,Mercado Pago,3,281000,15,8,Medio,SR11,12.1,1,1,1,8,4,3,9.6,0,0,Career switcher,1,Martes,Mobile,Chrome,Rojo,Geminis,X1804,9,0,0
TRAIN_01331,2025-03,Web Dev,Google Ads,UTN,Diseno,Mendoza,22,Part-time,Basica,7.6,Tarjeta debito,4,202000,15,12,Bajo,SR02,22.2,0,0,0,8,2,2,,0,1,Curioso,1,Martes,Mobile,Safari,Verde,Virgo,X8863,9,1,1
TRAIN_01332,2025-05,Data Analytics,Universidad Partner,UTN,Otra,CABA,25,Part-time,Basica,9.7,Tarjeta credito,4,196000,25,14,Bajo,SR10,12.2,0,0,1,2,3,3,7.6,0,0,Upskiller,0,Martes,Desktop,Safari,Azul,Tauro,X2007,4,0,0
TRAIN_01333,2025-03,Python,Instagram Ads,UADE,Economia,CABA,28,Busca trabajo,Intermedia,5.7,Tarjeta credito,9,161000,40,17,Alto,SR05,6.1,1,0,1,4,3,4,8.9,1,1,Career switcher,0,Miercoles,Mobile,Firefox,Violeta,Capricornio,X1576,1,0,0
TRAIN_01334,2025-04,IA Generativa,Universidad Partner,UBA,Economia,GBA Norte,18,Full-time,Basica,5.8,Tarjeta debito,6,185000,10,26,Medio,SR12,0.1,1,1,1,7,4,3,8.8,0,0,Desempleado activo,0,Viernes,Mobile,Safari,Azul,Sagitario,X5661,8,0,0
TRAIN_01335,2025-02,Machine Learning,Instagram Ads,UBA,Economia,Cordoba,24,Full-time,Basica,0.0,Tarjeta debito,4,258000,20,20,Medio,SR10,23.8,1,0,0,5,2,2,,0,0,Career switcher,0,Viernes,Mobile,Chrome,Violeta,Sagitario,X1188,9,1,1
TRAIN_01336,2024-10,Machine Learning,Referido,UADE,Cs Datos,CABA,18,Part-time,,9.5,Tarjeta debito,3,291000,10,7,Medio,SR10,7.3,1,0,1,9,4,2,9.3,0,0,Desempleado activo,7,Miercoles,Desktop,Chrome,Rojo,Virgo,X6984,7,0,0
TRAIN_01337,2025-03,Web Dev,Instagram Ads,Universidad Austral,Otra,GBA Norte,28,Freelance,Basica,9.4,Tarjeta debito,3,199000,15,29,Bajo,SR12,13.9,1,0,1,8,4,1,10.0,0,0,Career switcher,1,Miercoles,Mobile,Chrome,Verde,Acuario,X1583,9,0,0
TRAIN_01338,2025-04,SQL,Referido,UTN,Diseno,CABA,27,Full-time,Ninguna,8.5,Mercado Pago,6,129000,15,28,Medio,SR01,14.9,1,0,0,4,2,2,5.4,0,1,Upskiller,3,Miercoles,Mobile,Chrome,Rojo,Virgo,X3146,8,0,0
TRAIN_01339,2025-04,Python,TikTok Ads,UNLP,Economia,Cordoba,22,Part-time,Intermedia,4.6,Transferencia,4,225000,10,18,Bajo,SR10,0.2,1,0,1,11,4,5,10.0,0,1,Desempleado activo,2,Sabado,Tablet,Chrome,Violeta,Acuario,X8556,3,0,0
TRAIN_01340,2025-03,Python,Instagram Ads,Universidad Austral,Otra,CABA,22,Freelance,Ninguna,11.4,Transferencia,2,232000,5,3,Alto,SR01,6.7,1,0,0,9,4,3,8.0,0,1,Desempleado activo,1,Lunes,Desktop,Chrome,Verde,Sagitario,X6361,4,1,0
TRAIN_01341,2025-03,Web Dev,Universidad Partner,ITBA,Otra,Mendoza,21,Part-time,Ninguna,8.8,Transferencia,3,254000,0,19,Medio,SR12,2.4,1,0,1,8,4,0,,0,0,Desempleado activo,4,Miercoles,Mobile,Safari,Verde,Tauro,X9755,9,0,0
TRAIN_01342,2024-09,Data Analytics,Web Organico,UNLP,Otra,CABA,27,Part-time,Ninguna,0.7,Tarjeta debito,6,249000,5,18,Medio,SR07,6.1,0,0,0,5,1,2,9.4,1,0,Upskiller,0,Lunes,Tablet,Chrome,Naranja,Sagitario,X5062,3,0,0
TRAIN_01343,2025-03,Data Analytics,Instagram Ads,Otra,Economia,GBA Sur,27,Full-time,Ninguna,8.0,Transferencia,6,137000,45,19,Medio,SR05,19.6,1,0,0,3,3,1,,0,0,Upskiller,0,Sabado,Mobile,Safari,Azul,Aries,X7767,8,0,0
TRAIN_01344,2025-03,Python,TikTok Ads,UADE,Economia,Otra,24,No trabaja,Ninguna,6.4,Efectivo,1,237000,0,12,Medio,SR05,4.7,1,0,0,6,1,0,,0,0,Career switcher,2,Lunes,Desktop,Edge,Rojo,Tauro,X6179,2,0,0
TRAIN_01345,2024-10,Data Analytics,Web Organico,Otra,Otra,La Plata,27,Part-time,Intermedia,0.0,Tarjeta credito,4,270000,0,11,Medio,SR11,2.4,1,0,1,11,4,5,10.0,0,0,Explorer,0,Lunes,Desktop,Otro,Azul,Capricornio,X5146,0,0,0
TRAIN_01346,2025-04,Machine Learning,Instagram Ads,UADE,Otra,CABA,55,No trabaja,Basica,13.0,Tarjeta debito,12,185000,40,20,Alto,SR02,9.5,1,0,1,8,4,2,,0,0,Upskiller,2,Viernes,Mobile,Chrome,Rojo,Sagitario,X8101,8,0,0
TRAIN_01347,2025-03,Python,Web Organico,Otra,Ingenieria,Rosario,28,No trabaja,Ninguna,10.8,Tarjeta credito,3,184000,20,26,Medio,SR11,6.0,1,1,1,11,4,2,10.0,0,0,Upskiller,2,Viernes,Mobile,Chrome,Gris,Libra,X6948,0,0,0
TRAIN_01348,2025-02,Data Analytics,TikTok Ads,UADE,Administracion,GBA Sur,26,Part-time,Ninguna,5.0,Tarjeta debito,1,213000,15,18,Alto,SR08,7.0,1,0,1,8,2,0,,0,1,Explorer,2,Martes,Mobile,Chrome,Violeta,Piscis,X1130,2,0,0
TRAIN_01349,2024-08,Web Dev,TikTok Ads,Otra,Cs Datos,GBA Sur,18,Part-time,Basica,6.4,Transferencia,6,120000,40,21,Medio,SR10,12.9,1,0,1,11,3,5,,0,0,Explorer,2,Miercoles,Desktop,Firefox,Violeta,Escorpio,X7263,1,1,1
TRAIN_01350,2024-10,SQL,TikTok Ads,UTN,Administracion,Otra,24,Full-time,Ninguna,0.0,Tarjeta credito,4,108000,40,5,Alto,SR04,53.3,1,0,1,8,3,4,8.0,0,0,Explorer,1,Sabado,Desktop,Firefox,Gris,Cancer,X1054,0,0,0
TRAIN_01351,2025-04,Python,Universidad Partner,UTN,Otra,Mendoza,23,Busca trabajo,Ninguna,6.5,Efectivo,4,233000,0,5,Medio,SR04,13.6,1,0,1,5,4,1,,0,1,Desempleado activo,2,Martes,Mobile,Safari,Verde,Tauro,X7246,0,1,1
TRAIN_01352,2025-04,IA Generativa,Referido,UNLP,Cs Datos,CABA,18,Busca trabajo,Basica,5.9,Transferencia,6,141000,30,0,Bajo,SR10,2.6,1,0,0,6,3,2,4.6,0,0,Career switcher,3,Jueves,Tablet,Firefox,Naranja,Geminis,X5096,0,0,0
TRAIN_01353,2025-02,Web Dev,Web Organico,UBA,Administracion,CABA,26,Part-time,Intermedia,9.9,Tarjeta credito,1,227000,10,23,,SR01,2.0,1,1,1,6,4,3,8.3,1,0,Curioso,0,Viernes,Mobile,Chrome,Verde,Aries,X8550,6,0,0
TRAIN_01354,2024-09,Python,Instagram Ads,UBA,Ingenieria,CABA,21,No trabaja,Intermedia,8.2,Mercado Pago,9,180000,20,11,Medio,SR09,0.9,1,0,1,11,4,5,9.1,0,0,Upskiller,4,Martes,Desktop,Safari,Naranja,Virgo,X4421,3,0,0
TRAIN_01355,2024-10,Python,TikTok Ads,UNLP,Cs Datos,Mendoza,20,Freelance,Avanzada,7.5,Transferencia,2,234000,5,10,Alto,SR01,4.8,1,1,1,12,4,1,8.3,0,1,Explorer,3,Sabado,Mobile,Otro,Azul,Escorpio,X2633,3,0,0
TRAIN_01356,2024-10,SQL,Referido,UBA,Ingenieria,Otra,28,Full-time,Basica,4.8,Tarjeta credito,3,143000,25,3,Bajo,SR09,5.6,1,1,0,5,1,3,,0,0,Desempleado activo,4,Martes,Mobile,Safari,Gris,Virgo,X5357,7,0,0
TRAIN_01357,2024-09,Python,Universidad Partner,UTN,Ingenieria,Mendoza,18,Full-time,,1.1,Transferencia,3,237000,0,11,Alto,SR03,,1,0,0,1,2,0,4.8,0,0,Career switcher,2,Jueves,Desktop,Chrome,Rojo,Escorpio,X8559,2,0,0
TRAIN_01358,2025-04,Data Analytics,Referido,Otra,Ingenieria,GBA Sur,21,No trabaja,Intermedia,11.1,Transferencia,6,191000,30,23,,SR07,13.6,0,0,1,7,4,0,9.7,0,0,Curioso,0,Viernes,Mobile,Chrome,Azul,Sagitario,X2020,8,0,0
TRAIN_01359,2024-11,Machine Learning,Instagram Ads,UADE,Ingenieria,Otra,27,Freelance,Intermedia,5.2,Mercado Pago,9,292000,10,7,Alto,SR02,10.8,1,0,1,7,4,3,7.6,0,0,Career switcher,1,Jueves,Desktop,Edge,Azul,Geminis,X5573,6,0,0
TRAIN_01360,2025-02,Web Dev,Google Ads,UTN,Otra,La Plata,18,Full-time,Intermedia,,Tarjeta debito,3,229000,5,30,Bajo,SR09,21.3,1,0,0,7,3,4,8.2,0,0,Career switcher,7,Sabado,Desktop,Chrome,Naranja,Acuario,X2856,6,0,0
TRAIN_01361,2024-11,Machine Learning,Instagram Ads,UTN,Economia,CABA,20,Part-time,Basica,9.0,Tarjeta credito,2,233000,25,13,Medio,SR06,13.6,1,0,0,8,4,4,7.5,0,0,Explorer,4,Sabado,Mobile,Chrome,Naranja,Capricornio,X8354,6,0,0
TRAIN_01362,2024-09,Data Analytics,TikTok Ads,UNLP,Psicologia,CABA,27,Freelance,Ninguna,8.9,Tarjeta debito,2,234000,10,5,Medio,SR06,20.4,1,0,0,7,2,2,10.0,0,0,Explorer,3,Martes,Mobile,Firefox,Rojo,Escorpio,X3985,7,0,0
TRAIN_01363,2024-09,Machine Learning,TikTok Ads,UBA,Psicologia,Rosario,22,Full-time,Intermedia,4.0,Tarjeta credito,1,215000,30,12,Bajo,SR02,1.8,1,0,1,10,4,4,7.3,0,0,Career switcher,5,Viernes,Mobile,Chrome,Violeta,Cancer,X2175,3,0,0
TRAIN_01364,2024-08,SQL,Web Organico,UBA,Economia,Otra,22,No trabaja,Intermedia,11.3,Transferencia,6,185000,0,13,Medio,SR08,10.2,1,0,1,8,4,2,11.0,0,0,Career switcher,3,Martes,Mobile,Chrome,Naranja,Tauro,X6127,9,0,0
TRAIN_01365,2024-10,IA Generativa,Universidad Partner,UTN,Psicologia,GBA Sur,29,Busca trabajo,Basica,6.2,Tarjeta credito,4,163000,25,6,,SR10,12.3,1,1,1,12,4,2,,0,0,Explorer,0,Viernes,Mobile,Chrome,Violeta,Escorpio,X8482,4,0,0
TRAIN_01366,2024-10,Web Dev,TikTok Ads,,Economia,Mendoza,25,Full-time,Avanzada,4.6,Tarjeta credito,3,204000,20,13,Alto,SR02,3.2,1,0,1,11,4,3,8.8,1,1,Career switcher,4,Viernes,Mobile,Safari,Rojo,Leo,X4863,5,0,0
TRAIN_01367,2024-09,IA Generativa,TikTok Ads,UADE,Administracion,GBA Sur,20,Full-time,Avanzada,5.2,Transferencia,2,189000,20,23,Medio,SR07,34.1,0,1,1,5,4,3,10.0,0,0,Desempleado activo,2,Sabado,Mobile,Otro,Gris,Cancer,X5400,5,0,0
TRAIN_01368,2025-02,IA Generativa,Evento,UBA,Cs Datos,CABA,26,No trabaja,Ninguna,7.8,Tarjeta credito,4,160000,30,4,Medio,SR12,65.4,1,1,1,6,4,4,9.3,0,0,Career switcher,5,Sabado,Mobile,Chrome,Azul,Virgo,X8128,8,0,0
TRAIN_01369,2025-02,Web Dev,Instagram Ads,UNLP,Diseno,GBA Norte,25,Full-time,Ninguna,3.4,Tarjeta credito,6,209000,30,9,Medio,SR03,5.3,1,1,1,7,4,3,7.3,0,1,Desempleado activo,6,Jueves,Desktop,Edge,Gris,Cancer,X4405,0,1,1
TRAIN_01370,2025-05,SQL,Evento,Universidad Austral,Otra,La Plata,23,Full-time,Basica,1.1,Tarjeta debito,6,161000,15,10,Medio,SR02,3.2,1,0,0,3,1,1,,0,0,Curioso,0,Lunes,Mobile,Chrome,Rojo,Sagitario,X1088,8,0,0
TRAIN_01371,2024-09,Python,TikTok Ads,UADE,Diseno,GBA Norte,24,Busca trabajo,Intermedia,3.9,Mercado Pago,4,243000,0,3,Medio,SR08,14.8,1,0,1,4,3,1,8.8,0,1,Career switcher,0,Miercoles,Mobile,Chrome,Gris,Tauro,X2427,6,1,1
TRAIN_01372,2025-05,Web Dev,Referido,Otra,Otra,Rosario,29,No trabaja,Ninguna,7.6,Tarjeta debito,3,266000,0,7,Alto,SR10,3.3,1,1,0,2,1,0,8.6,0,0,Career switcher,2,Miercoles,Desktop,Chrome,Violeta,Tauro,X5218,4,0,0
TRAIN_01373,2025-05,Machine Learning,Instagram Ads,UBA,Cs Datos,CABA,18,Part-time,,9.3,Tarjeta credito,1,160000,45,17,Medio,SR02,6.8,1,1,0,7,4,2,7.0,0,0,Career switcher,2,Jueves,Mobile,Chrome,Gris,Acuario,X6735,5,0,0
TRAIN_01374,2025-05,Python,Universidad Partner,UADE,Diseno,Otra,21,Busca trabajo,Basica,7.0,Mercado Pago,6,202000,20,2,Medio,SR05,30.3,1,0,0,6,1,1,,0,0,Curioso,4,Sabado,Mobile,Edge,Rojo,Capricornio,X9333,0,1,1
TRAIN_01375,2024-08,Data Analytics,Universidad Partner,UNLP,Otra,CABA,24,Freelance,Basica,6.9,Tarjeta credito,3,218000,20,21,Alto,SR10,1.3,1,1,1,10,4,2,,0,0,Upskiller,8,Jueves,Mobile,Chrome,Rojo,Piscis,X7036,9,0,0
TRAIN_01376,2024-10,Web Dev,Instagram Ads,Universidad Austral,Otra,CABA,19,Full-time,,0.0,Transferencia,6,254000,5,12,,SR10,9.8,0,1,1,6,4,1,,1,0,Upskiller,5,Viernes,Mobile,Otro,Naranja,Libra,X6340,4,0,0
TRAIN_01377,2025-05,SQL,Instagram Ads,UBA,Economia,GBA Oeste,18,No trabaja,,8.2,Tarjeta credito,3,130000,15,33,Medio,SR12,14.3,1,1,1,8,3,1,6.0,0,1,Desempleado activo,2,Jueves,Mobile,Safari,Gris,Sagitario,X7172,9,0,0
TRAIN_01378,2025-02,IA Generativa,Instagram Ads,UADE,Economia,Mendoza,20,No trabaja,Intermedia,8.3,Transferencia,12,160000,25,13,Medio,SR07,42.3,1,1,1,9,4,0,10.0,0,0,Desempleado activo,5,Sabado,Tablet,Chrome,Azul,Acuario,X3956,0,0,0
TRAIN_01379,2024-10,Web Dev,TikTok Ads,UBA,Administracion,CABA,19,Part-time,Intermedia,12.0,Transferencia,1,185000,30,23,Medio,SR02,5.0,0,0,0,3,2,1,7.8,1,0,Curioso,1,Viernes,Desktop,Chrome,Rojo,Geminis,X3474,4,0,0
TRAIN_01380,2025-05,Web Dev,Universidad Partner,UBA,Ingenieria,CABA,25,Full-time,Ninguna,8.2,Tarjeta debito,2,198000,15,11,Medio,SR02,9.5,1,1,1,7,4,3,9.6,0,0,Upskiller,6,Lunes,Desktop,Chrome,Violeta,Escorpio,X4496,0,0,0
TRAIN_01381,2024-08,Python,Instagram Ads,UADE,Ingenieria,GBA Norte,28,Full-time,Ninguna,7.6,Tarjeta credito,6,254000,0,19,Alto,SR03,2.4,0,0,0,4,1,0,,0,0,Upskiller,2,Sabado,Desktop,Chrome,Verde,Tauro,X4010,8,1,1
TRAIN_01382,2025-05,Python,Instagram Ads,ITBA,Otra,Cordoba,25,No trabaja,Intermedia,9.0,Mercado Pago,3,225000,5,29,Medio,SR05,6.6,1,1,1,9,4,4,10.0,0,0,Explorer,0,Sabado,Mobile,Chrome,Rojo,Aries,X9476,1,0,0
TRAIN_01383,2024-08,SQL,Google Ads,Otra,Otra,Cordoba,23,No trabaja,Basica,7.9,Tarjeta credito,3,168000,15,11,Alto,SR03,7.0,1,1,1,10,3,5,6.0,0,0,Career switcher,2,Viernes,Mobile,Chrome,Violeta,Sagitario,X9787,4,0,0
TRAIN_01384,2025-04,Web Dev,Instagram Ads,ITBA,Psicologia,Mendoza,27,Full-time,Ninguna,6.3,Mercado Pago,6,190000,30,17,Medio,SR11,15.2,1,1,1,9,4,1,9.7,0,1,Desempleado activo,7,Viernes,Mobile,Edge,Azul,Virgo,X3019,6,0,0
TRAIN_01385,2024-09,Data Analytics,TikTok Ads,Otra,Ingenieria,CABA,28,No trabaja,Basica,6.7,Tarjeta debito,3,224000,20,14,Medio,SR05,10.9,1,1,0,3,1,0,,0,0,Career switcher,1,Lunes,Mobile,Chrome,Violeta,Capricornio,X8745,7,0,0
TRAIN_01386,2025-04,Python,TikTok Ads,Otra,Otra,CABA,24,No trabaja,Basica,6.8,Mercado Pago,12,241000,10,24,Medio,SR01,1.5,0,0,0,10,2,3,,1,0,Curioso,8,Martes,Mobile,Edge,Naranja,Libra,X9300,1,1,1
TRAIN_01387,2025-03,Python,Web Organico,Otra,Cs Datos,Mendoza,22,Part-time,Avanzada,9.8,Tarjeta credito,6,193000,25,12,Alto,SR11,12.5,1,0,0,7,2,2,6.5,0,0,Curioso,4,Sabado,Mobile,Safari,Azul,Escorpio,X5742,3,0,0
TRAIN_01388,2025-03,Data Analytics,Google Ads,UTN,Ingenieria,Otra,22,Full-time,Ninguna,,Transferencia,3,227000,15,8,,SR03,,1,0,1,9,4,1,10.0,0,0,Explorer,4,Miercoles,Desktop,Otro,Rojo,Virgo,X2744,3,1,1
TRAIN_01389,2025-04,Python,TikTok Ads,UADE,Ingenieria,CABA,22,Part-time,,8.8,Tarjeta credito,12,167000,35,18,Medio,SR12,6.6,0,1,1,1,2,0,7.1,0,0,Desempleado activo,2,Sabado,Desktop,Chrome,Azul,Geminis,X3612,8,0,0
TRAIN_01390,2024-11,Python,Web Organico,UNLP,Administracion,Rosario,23,Busca trabajo,Ninguna,13.1,Tarjeta credito,3,349000,20,23,Alto,SR12,134.0,1,1,0,6,1,1,,0,0,Career switcher,1,Jueves,Mobile,Firefox,Naranja,Capricornio,X2000,2,0,1
TRAIN_01391,2024-09,SQL,Instagram Ads,UBA,Economia,GBA Sur,27,Busca trabajo,Ninguna,1.2,Tarjeta credito,3,168000,10,18,Alto,SR09,0.9,1,0,1,7,4,5,9.0,0,1,Desempleado activo,0,Martes,Mobile,Safari,Azul,Cancer,X8352,0,0,0
TRAIN_01392,2024-11,Machine Learning,Universidad Partner,ITBA,Economia,GBA Sur,18,Freelance,Intermedia,10.5,Tarjeta debito,12,261000,15,11,Medio,SR04,13.2,1,0,1,7,4,2,8.3,1,0,Career switcher,6,Jueves,Mobile,Chrome,Naranja,Escorpio,X4154,8,0,0
TRAIN_01393,2025-04,Python,Referido,,Otra,Otra,23,Part-time,Ninguna,9.4,Mercado Pago,12,187000,15,15,Medio,SR12,3.7,1,0,1,10,4,2,8.3,0,1,Desempleado activo,4,Miercoles,Mobile,Chrome,Gris,Libra,X4473,3,0,0
TRAIN_01394,2025-04,Python,Referido,UNLP,Psicologia,GBA Oeste,18,Part-time,Intermedia,10.4,Tarjeta credito,3,249000,0,1,Bajo,SR12,22.8,1,1,1,7,4,2,9.8,0,0,Upskiller,4,Miercoles,Desktop,Chrome,Azul,Aries,X9319,2,0,0
TRAIN_01395,2025-03,Data Analytics,Evento,UADE,Ingenieria,La Plata,24,No trabaja,Ninguna,9.0,Tarjeta credito,3,179000,30,17,Medio,SR11,78.6,1,0,1,12,4,4,,0,0,Career switcher,2,Martes,Mobile,Otro,Azul,Acuario,X7970,4,0,0
TRAIN_01396,2024-11,Web Dev,Google Ads,ITBA,Cs Datos,CABA,28,No trabaja,Basica,7.0,Tarjeta credito,4,214000,10,27,Medio,SR04,20.0,0,0,0,6,2,0,7.5,0,0,Upskiller,1,Viernes,Mobile,Chrome,Verde,Tauro,X9750,0,0,0
TRAIN_01397,2025-03,Web Dev,TikTok Ads,Universidad Austral,Ingenieria,Cordoba,29,No trabaja,Basica,13.0,Tarjeta credito,6,216000,15,21,Alto,SR07,26.1,1,1,1,3,2,3,7.6,0,0,Explorer,8,Viernes,Mobile,Otro,Gris,Virgo,X3643,0,0,0
TRAIN_01398,2024-11,Python,Referido,UADE,Otra,GBA Sur,26,Full-time,Ninguna,6.2,Transferencia,1,220000,10,23,Alto,SR12,29.7,1,0,1,10,4,2,9.0,1,0,Explorer,5,Jueves,Desktop,Chrome,Azul,Geminis,X4932,8,0,0
TRAIN_01399,2024-10,Data Analytics,Referido,Otra,Economia,La Plata,21,Part-time,Ninguna,10.4,Mercado Pago,3,191000,25,24,Medio,SR08,2.4,1,0,1,8,4,4,8.0,0,0,Upskiller,3,Lunes,Mobile,Chrome,Azul,Cancer,X1878,8,0,0
TRAIN_01400,2025-02,SQL,Referido,UNLP,Ingenieria,Cordoba,19,Full-time,Ninguna,3.2,Tarjeta credito,2,330000,25,14,Bajo,SR04,13.1,1,0,1,9,4,2,10.0,0,0,Explorer,3,Viernes,Mobile,Safari,Gris,Acuario,X9968,7,0,0
TRAIN_01401,2025-05,Python,Referido,Universidad Austral,Otra,GBA Oeste,25,Full-time,Ninguna,6.7,Tarjeta credito,1,160000,30,26,Bajo,SR07,4.5,0,0,0,1,0,2,4.2,0,0,Upskiller,5,Miercoles,Desktop,Edge,Rojo,Virgo,X7545,9,0,0
TRAIN_01402,2024-08,Data Analytics,Instagram Ads,Universidad Austral,Ingenieria,GBA Norte,23,Freelance,Ninguna,9.0,Tarjeta credito,3,256000,0,1,Medio,SR05,21.0,1,0,0,9,2,2,6.8,0,1,Explorer,4,Miercoles,Mobile,Chrome,Violeta,Escorpio,X1680,3,0,0
TRAIN_01403,2024-11,Web Dev,Google Ads,UBA,Administracion,CABA,18,Busca trabajo,Intermedia,9.6,Transferencia,6,186000,20,11,Medio,SR08,3.8,1,0,0,5,1,1,,0,0,Explorer,0,Sabado,Mobile,Chrome,Azul,Escorpio,X5692,4,0,1
TRAIN_01404,2025-03,IA Generativa,Instagram Ads,UADE,Administracion,GBA Oeste,26,Full-time,Basica,3.5,Tarjeta debito,3,224000,0,13,Alto,SR10,2.2,1,1,1,12,4,6,9.4,0,0,Career switcher,0,Lunes,Mobile,Firefox,Rojo,Leo,X7797,6,0,0
TRAIN_01405,2025-03,Data Analytics,Google Ads,Universidad Austral,Cs Datos,Cordoba,23,Full-time,Ninguna,1.5,Tarjeta credito,2,162000,30,30,Medio,SR03,29.5,0,1,1,10,4,3,9.3,0,0,Career switcher,0,Miercoles,Mobile,Chrome,Violeta,Sagitario,X1366,7,1,1
TRAIN_01406,2024-08,Machine Learning,Instagram Ads,UNLP,Diseno,CABA,18,Part-time,Ninguna,,Mercado Pago,6,271000,20,27,Bajo,SR05,3.8,1,1,1,9,4,5,6.0,0,0,Career switcher,2,Miercoles,Desktop,Otro,Verde,Tauro,X9999,4,0,0
TRAIN_01407,2024-11,SQL,Instagram Ads,UTN,Ingenieria,Mendoza,18,Full-time,Basica,0.0,Mercado Pago,6,184000,0,19,Medio,SR09,3.2,1,0,0,9,2,4,,0,0,Explorer,2,Sabado,Desktop,Safari,Verde,Cancer,X8686,1,0,0
TRAIN_01408,2025-05,SQL,TikTok Ads,Universidad Austral,Economia,CABA,25,Part-time,Basica,4.0,Tarjeta credito,6,176000,5,17,Alto,SR08,32.9,0,0,0,0,1,0,,0,0,Career switcher,1,Martes,Desktop,Chrome,Azul,Escorpio,X3698,6,1,1
TRAIN_01409,2024-11,Data Analytics,Web Organico,ITBA,Diseno,GBA Sur,19,Part-time,Intermedia,6.4,Tarjeta credito,6,235000,10,17,Medio,SR07,20.4,1,1,0,12,4,4,7.5,0,0,Upskiller,4,Martes,Mobile,Chrome,Naranja,Acuario,X8916,7,0,0
TRAIN_01410,2025-04,Data Analytics,Universidad Partner,UTN,Psicologia,La Plata,18,Part-time,Ninguna,8.3,Tarjeta debito,3,190000,30,24,Alto,SR07,2.4,1,1,0,3,3,1,,0,0,Career switcher,2,Martes,Desktop,Otro,Naranja,Virgo,X1040,2,0,0
TRAIN_01411,2025-05,Data Analytics,Universidad Partner,UNLP,Otra,CABA,30,No trabaja,Avanzada,9.4,,2,282000,0,20,Bajo,SR10,20.4,0,0,0,8,4,2,8.5,0,0,Desempleado activo,2,Martes,Mobile,Chrome,Gris,Escorpio,X5849,0,0,0
TRAIN_01412,2024-08,Data Analytics,Web Organico,UADE,Diseno,CABA,22,No trabaja,Intermedia,13.1,Mercado Pago,4,266000,5,8,Medio,SR06,11.6,1,0,1,9,4,3,8.7,0,0,Upskiller,4,Martes,Tablet,Chrome,Violeta,Piscis,X1423,9,0,0
TRAIN_01413,2025-02,IA Generativa,Google Ads,Otra,Cs Datos,GBA Oeste,20,Freelance,Basica,8.3,Tarjeta credito,4,215000,0,22,Bajo,SR04,10.3,1,0,0,0,0,2,,0,1,Career switcher,0,Miercoles,Mobile,Chrome,Gris,Libra,X2319,2,1,1
TRAIN_01414,2025-05,Python,Universidad Partner,UADE,Administracion,Otra,21,No trabaja,Intermedia,4.5,Tarjeta credito,3,187000,20,32,Alto,SR03,17.6,1,1,1,7,4,1,8.8,0,0,Upskiller,7,Miercoles,Desktop,Chrome,Violeta,Cancer,X7750,2,0,0
TRAIN_01415,2025-04,Web Dev,Universidad Partner,UBA,Administracion,GBA Norte,26,Part-time,Ninguna,10.0,Tarjeta credito,4,195000,20,0,Medio,SR12,15.2,1,0,0,7,1,2,9.3,0,0,Career switcher,1,Miercoles,Desktop,Chrome,Rojo,Cancer,X5216,3,0,0
TRAIN_01416,2025-02,IA Generativa,Google Ads,UBA,Cs Datos,CABA,23,Part-time,Ninguna,8.1,Tarjeta debito,6,196000,10,0,Bajo,SR04,12.5,1,0,1,5,4,1,9.6,0,1,Career switcher,0,Viernes,Mobile,Edge,Gris,Capricornio,X3638,4,0,0
TRAIN_01417,2025-04,Machine Learning,Universidad Partner,UTN,Administracion,GBA Norte,24,No trabaja,Ninguna,7.2,Tarjeta debito,6,311000,5,7,Medio,SR11,12.7,0,0,0,1,1,0,,0,0,Upskiller,1,Miercoles,Desktop,Chrome,Azul,Capricornio,X3703,6,1,1
TRAIN_01418,2025-02,Web Dev,Google Ads,UADE,Ingenieria,CABA,31,Full-time,Intermedia,6.4,Tarjeta credito,9,239000,5,14,Bajo,SR10,10.4,0,0,0,2,4,0,5.7,0,1,Explorer,3,Miercoles,Mobile,Safari,Gris,Cancer,X6660,6,0,0
TRAIN_01419,2025-03,Data Analytics,TikTok Ads,UBA,Cs Datos,Cordoba,21,Busca trabajo,Basica,4.9,Transferencia,4,173000,40,20,Bajo,SR12,10.0,0,0,0,5,1,3,10.0,1,1,Upskiller,0,Lunes,Desktop,Safari,Azul,Virgo,X7451,1,0,0
TRAIN_01420,2025-02,Web Dev,Instagram Ads,Otra,Ingenieria,GBA Sur,28,Freelance,Avanzada,,Tarjeta debito,6,224000,10,22,Medio,SR05,9.1,1,0,0,2,0,0,,0,0,Upskiller,2,Miercoles,Desktop,Chrome,Naranja,Libra,X2845,1,1,1
TRAIN_01421,2024-08,Data Analytics,Universidad Partner,UTN,Diseno,CABA,25,Part-time,Avanzada,5.9,Transferencia,4,194000,20,5,Medio,SR09,,1,1,1,6,4,3,9.8,0,0,Upskiller,0,Viernes,Desktop,Chrome,Gris,Escorpio,X5608,9,0,0
TRAIN_01422,2024-10,Data Analytics,Instagram Ads,UADE,Cs Datos,GBA Oeste,21,No trabaja,Basica,1.9,Mercado Pago,6,238000,15,8,Medio,SR04,0.5,1,0,1,7,4,0,4.9,0,0,Upskiller,5,Viernes,Mobile,Chrome,Naranja,Sagitario,X5743,0,0,0
TRAIN_01423,2025-02,IA Generativa,Evento,UADE,Otra,CABA,18,No trabaja,Ninguna,4.2,Tarjeta credito,1,176000,25,2,Medio,SR01,15.9,1,1,1,14,4,4,9.1,0,0,Career switcher,4,Lunes,Mobile,Chrome,Verde,Virgo,X7388,3,0,0
TRAIN_01424,2025-05,Web Dev,Instagram Ads,,Economia,GBA Norte,19,No trabaja,Ninguna,4.0,Tarjeta credito,3,222000,10,24,Alto,SR05,14.3,0,1,1,9,3,2,10.0,0,0,Upskiller,2,Viernes,Desktop,Chrome,Verde,Libra,X6980,1,0,0
TRAIN_01425,2024-11,Machine Learning,Instagram Ads,UBA,Economia,Otra,30,Busca trabajo,Ninguna,2.9,Transferencia,6,314000,0,10,Bajo,SR07,7.4,1,0,1,6,4,0,10.0,0,0,Career switcher,0,Jueves,Mobile,Firefox,Naranja,Leo,X6280,3,0,0
TRAIN_01426,2024-10,SQL,Instagram Ads,UBA,Ingenieria,GBA Sur,21,No trabaja,Basica,11.6,Transferencia,1,185000,10,14,Bajo,SR03,28.4,1,1,1,10,4,5,9.3,0,1,Explorer,4,Miercoles,Mobile,Safari,Gris,Aries,X4703,6,1,1
TRAIN_01427,2025-02,Data Analytics,Google Ads,UNLP,Diseno,GBA Oeste,24,Part-time,Ninguna,,Tarjeta credito,9,215000,15,7,Alto,SR09,1.6,1,0,1,3,2,1,6.7,0,0,Curioso,7,Sabado,Mobile,Chrome,Naranja,Libra,X4829,2,0,0
TRAIN_01428,2024-09,IA Generativa,TikTok Ads,UNLP,Economia,CABA,20,Part-time,Intermedia,10.7,Transferencia,3,209000,0,10,Medio,SR11,2.5,0,0,0,2,1,1,5.7,1,0,Upskiller,1,Viernes,Mobile,Chrome,Violeta,Leo,X7506,6,0,0
